path,true_label,pred_label,true_index,pred_index,correct,confidence,top2_label,top2_confidence,source
data\processed\test\apple_overripe\alexcj10-ripenet_0000000.jpg,apple_overripe,apple_overripe,0,0,True,0.2686524987220764,papaya_overripe,0.24841518700122833,alexcj10
data\processed\test\apple_overripe\alexcj10-ripenet_0000006.jpg,apple_overripe,mango_overripe,0,6,False,0.31518471240997314,mango_ripe,0.2825230658054352,alexcj10
data\processed\test\apple_overripe\alexcj10-ripenet_0000007.jpg,apple_overripe,apple_ripe,0,1,False,0.5723699927330017,apple_overripe,0.333229124546051,alexcj10
data\processed\test\apple_overripe\alexcj10-ripenet_0000021.jpg,apple_overripe,apple_ripe,0,1,False,0.594929039478302,mango_ripe,0.2182505577802658,alexcj10
data\processed\test\apple_overripe\alexcj10-ripenet_0000033.jpg,apple_overripe,tomato_unripe,0,20,False,0.4901302754878998,apple_unripe,0.1930731236934662,alexcj10
data\processed\test\apple_overripe\alexcj10-ripenet_0000035.jpg,apple_overripe,apple_overripe,0,0,True,0.5457606911659241,apple_ripe,0.4297589063644409,alexcj10
data\processed\test\apple_overripe\alexcj10-ripenet_0000038.jpg,apple_overripe,apple_overripe,0,0,True,0.7693631052970886,orange_overripe,0.15972071886062622,alexcj10
data\processed\test\apple_overripe\alexcj10-ripenet_0000039.jpg,apple_overripe,apple_overripe,0,0,True,0.4177184998989105,mango_overripe,0.14336535334587097,alexcj10
data\processed\test\apple_overripe\alexcj10-ripenet_0000043.jpg,apple_overripe,apple_ripe,0,1,False,0.20259347558021545,apple_overripe,0.16809789836406708,alexcj10
data\processed\test\apple_overripe\alexcj10-ripenet_0000053.jpg,apple_overripe,orange_overripe,0,9,False,0.4050300121307373,apple_overripe,0.29840171337127686,alexcj10
data\processed\test\apple_overripe\alexcj10-ripenet_0000065.jpg,apple_overripe,apple_overripe,0,0,True,0.9104763269424438,mango_overripe,0.04882124438881874,alexcj10
data\processed\test\apple_overripe\alexcj10-ripenet_0000072.jpg,apple_overripe,papaya_overripe,0,12,False,0.34504374861717224,papaya_ripe,0.23540721833705902,alexcj10
data\processed\test\apple_overripe\alexcj10-ripenet_0000079.jpg,apple_overripe,tomato_overripe,0,18,False,0.3010362982749939,apple_overripe,0.2510109841823578,alexcj10
data\processed\test\apple_overripe\alexcj10-ripenet_0000089.jpg,apple_overripe,apple_overripe,0,0,True,0.9750847220420837,mango_overripe,0.012702754698693752,alexcj10
data\processed\test\apple_overripe\alexcj10-ripenet_0000104.jpg,apple_overripe,mango_overripe,0,6,False,0.6661878824234009,apple_overripe,0.1757066547870636,alexcj10
data\processed\test\apple_overripe\alexcj10-ripenet_0000112.jpg,apple_overripe,apple_overripe,0,0,True,0.9750075340270996,pineapple_overripe,0.007227723952382803,alexcj10
data\processed\test\apple_overripe\alexcj10-ripenet_0000125.jpg,apple_overripe,apple_ripe,0,1,False,0.9716179370880127,apple_overripe,0.01541175413876772,alexcj10
data\processed\test\apple_overripe\alexcj10-ripenet_0000127.jpg,apple_overripe,apple_overripe,0,0,True,0.233106791973114,papaya_ripe,0.22333888709545135,alexcj10
data\processed\test\apple_overripe\alexcj10-ripenet_0000129.jpg,apple_overripe,mango_unripe,0,8,False,0.636545717716217,apple_unripe,0.1662280559539795,alexcj10
data\processed\test\apple_overripe\alexcj10-ripenet_0000133.jpg,apple_overripe,apple_overripe,0,0,True,0.6839263439178467,mango_overripe,0.10779691487550735,alexcj10
data\processed\test\apple_overripe\alexcj10-ripenet_0000134.jpg,apple_overripe,orange_overripe,0,9,False,0.3173142373561859,tomato_overripe,0.1500343680381775,alexcj10
data\processed\test\apple_overripe\alexcj10-ripenet_0000139.jpg,apple_overripe,apple_overripe,0,0,True,0.7839625477790833,apple_ripe,0.17214150726795197,alexcj10
data\processed\test\apple_overripe\alexcj10-ripenet_0000148.jpg,apple_overripe,apple_overripe,0,0,True,0.9953149557113647,pineapple_overripe,0.0012656748294830322,alexcj10
data\processed\test\apple_overripe\alexcj10-ripenet_0000151.jpg,apple_overripe,banana_overripe,0,3,False,0.5772606730461121,mango_overripe,0.31691697239875793,alexcj10
data\processed\test\apple_overripe\alexcj10-ripenet_0000153.jpg,apple_overripe,pineapple_overripe,0,15,False,0.2849228084087372,pineapple_ripe,0.2089213728904724,alexcj10
data\processed\test\apple_overripe\alexcj10-ripenet_0000154.jpg,apple_overripe,mango_unripe,0,8,False,0.3248991370201111,apple_unripe,0.12978185713291168,alexcj10
data\processed\test\apple_overripe\alexcj10-ripenet_0000156.jpg,apple_overripe,apple_overripe,0,0,True,0.3247430920600891,mango_overripe,0.20065753161907196,alexcj10
data\processed\test\apple_overripe\alexcj10-ripenet_0000163.jpg,apple_overripe,apple_overripe,0,0,True,0.6429107189178467,mango_overripe,0.2015955150127411,alexcj10
data\processed\test\apple_overripe\alexcj10-ripenet_0000173.jpg,apple_overripe,apple_ripe,0,1,False,0.963252067565918,apple_overripe,0.024197950959205627,alexcj10
data\processed\test\apple_overripe\alexcj10-ripenet_0000174.jpg,apple_overripe,apple_overripe,0,0,True,0.9339538216590881,pineapple_overripe,0.021369514986872673,alexcj10
data\processed\test\apple_overripe\alexcj10-ripenet_0000176.jpg,apple_overripe,tomato_overripe,0,18,False,0.4386579692363739,apple_overripe,0.38832855224609375,alexcj10
data\processed\test\apple_overripe\alexcj10-ripenet_0000178.jpg,apple_overripe,apple_overripe,0,0,True,0.7777825593948364,papaya_overripe,0.038913555443286896,alexcj10
data\processed\test\apple_overripe\alexcj10-ripenet_0000196.jpg,apple_overripe,apple_overripe,0,0,True,0.9544134736061096,apple_ripe,0.03570829704403877,alexcj10
data\processed\test\apple_overripe\alexcj10-ripenet_0000202.jpg,apple_overripe,apple_overripe,0,0,True,0.9874874353408813,mango_overripe,0.007957516238093376,alexcj10
data\processed\test\apple_overripe\alexcj10-ripenet_0000219.jpg,apple_overripe,apple_ripe,0,1,False,0.5292776823043823,mango_ripe,0.24729028344154358,alexcj10
data\processed\test\apple_overripe\alexcj10-ripenet_0000236.jpg,apple_overripe,apple_overripe,0,0,True,0.546844482421875,mango_overripe,0.16976851224899292,alexcj10
data\processed\test\apple_overripe\alexcj10-ripenet_0000238.jpg,apple_overripe,apple_ripe,0,1,False,0.5038888454437256,mango_unripe,0.15219254791736603,alexcj10
data\processed\test\apple_overripe\alexcj10-ripenet_0000241.jpg,apple_overripe,papaya_overripe,0,12,False,0.6531057953834534,orange_overripe,0.14842180907726288,alexcj10
data\processed\test\apple_overripe\alexcj10-ripenet_0000242.jpg,apple_overripe,apple_overripe,0,0,True,0.9701124429702759,mango_overripe,0.011044429615139961,alexcj10
data\processed\test\apple_overripe\alexcj10-ripenet_0000243.jpg,apple_overripe,apple_overripe,0,0,True,0.6376482844352722,pineapple_overripe,0.07346001267433167,alexcj10
data\processed\test\apple_overripe\alexcj10-ripenet_0000271.jpg,apple_overripe,mango_overripe,0,6,False,0.6642425060272217,apple_overripe,0.2627900242805481,alexcj10
data\processed\test\apple_overripe\alexcj10-ripenet_0000274.jpg,apple_overripe,apple_overripe,0,0,True,0.8834612965583801,mango_overripe,0.07301478832960129,alexcj10
data\processed\test\apple_overripe\alexcj10-ripenet_0000275.jpg,apple_overripe,papaya_overripe,0,12,False,0.48819756507873535,banana_overripe,0.11414652317762375,alexcj10
data\processed\test\apple_overripe\alexcj10-ripenet_0000278.jpg,apple_overripe,mango_unripe,0,8,False,0.19696666300296783,banana_unripe,0.19029687345027924,alexcj10
data\processed\test\apple_overripe\alexcj10-ripenet_0000281.jpg,apple_overripe,mango_overripe,0,6,False,0.608465850353241,apple_overripe,0.30447742342948914,alexcj10
data\processed\test\apple_overripe\alexcj10-ripenet_0000292.jpg,apple_overripe,apple_overripe,0,0,True,0.5292863845825195,papaya_overripe,0.14685487747192383,alexcj10
data\processed\test\apple_overripe\alexcj10-ripenet_0000302.jpg,apple_overripe,apple_overripe,0,0,True,0.7673492431640625,mango_overripe,0.1574063003063202,alexcj10
data\processed\test\apple_overripe\alexcj10-ripenet_0000306.jpg,apple_overripe,apple_overripe,0,0,True,0.6281768083572388,papaya_overripe,0.07305752485990524,alexcj10
data\processed\test\apple_overripe\alexcj10-ripenet_0000313.jpg,apple_overripe,pineapple_overripe,0,15,False,0.5441941022872925,pineapple_ripe,0.13747867941856384,alexcj10
data\processed\test\apple_overripe\alexcj10-ripenet_0000321.jpg,apple_overripe,apple_overripe,0,0,True,0.8682547211647034,mango_overripe,0.12669087946414948,alexcj10
data\processed\test\apple_overripe\alexcj10-ripenet_0000322.jpg,apple_overripe,papaya_ripe,0,13,False,0.38304194808006287,apple_overripe,0.18581001460552216,alexcj10
data\processed\test\apple_overripe\alexcj10-ripenet_0000324.jpg,apple_overripe,mango_unripe,0,8,False,0.37197020649909973,apple_unripe,0.19814182817935944,alexcj10
data\processed\test\apple_overripe\alexcj10-ripenet_0000325.jpg,apple_overripe,apple_overripe,0,0,True,0.5033808946609497,mango_overripe,0.38878270983695984,alexcj10
data\processed\test\apple_overripe\asadullahprl_0000010.jpg,apple_overripe,apple_overripe,0,0,True,0.9419679641723633,mango_overripe,0.04717414081096649,asadullahprl
data\processed\test\apple_overripe\asadullahprl_0000023.jpg,apple_overripe,apple_overripe,0,0,True,0.8289660215377808,orange_overripe,0.1022522896528244,asadullahprl
data\processed\test\apple_overripe\asadullahprl_0000088.jpg,apple_overripe,apple_overripe,0,0,True,0.44693276286125183,apple_ripe,0.3639063537120819,asadullahprl
data\processed\test\apple_overripe\asadullahprl_0000094.jpg,apple_overripe,orange_overripe,0,9,False,0.41818004846572876,mango_overripe,0.2456100583076477,asadullahprl
data\processed\test\apple_overripe\asadullahprl_0000142.jpg,apple_overripe,apple_overripe,0,0,True,0.3382468819618225,mango_overripe,0.2669924199581146,asadullahprl
data\processed\test\apple_overripe\asadullahprl_0000146.jpg,apple_overripe,apple_overripe,0,0,True,0.44977664947509766,tomato_overripe,0.18178020417690277,asadullahprl
data\processed\test\apple_overripe\asadullahprl_0000168.jpg,apple_overripe,apple_ripe,0,1,False,0.23987644910812378,mango_overripe,0.1808232218027115,asadullahprl
data\processed\test\apple_overripe\asadullahprl_0000184.jpg,apple_overripe,apple_overripe,0,0,True,0.43657997250556946,apple_ripe,0.41681602597236633,asadullahprl
data\processed\test\apple_overripe\asadullahprl_0000323.jpg,apple_overripe,apple_overripe,0,0,True,0.49389761686325073,tomato_overripe,0.21284732222557068,asadullahprl
data\processed\test\apple_overripe\asadullahprl_0000337.jpg,apple_overripe,apple_unripe,0,2,False,0.8798637986183167,orange_unripe,0.05945727974176407,asadullahprl
data\processed\test\apple_overripe\asadullahprl_0000343.jpg,apple_overripe,apple_overripe,0,0,True,0.5925716757774353,apple_ripe,0.1935359388589859,asadullahprl
data\processed\test\apple_overripe\asadullahprl_0000358.jpg,apple_overripe,apple_overripe,0,0,True,0.6406151056289673,banana_overripe,0.09390068799257278,asadullahprl
data\processed\test\apple_overripe\leftin_0000001.jpg,apple_overripe,apple_overripe,0,0,True,0.40959298610687256,mango_ripe,0.3479117751121521,leftin
data\processed\test\apple_overripe\leftin_0000002.jpg,apple_overripe,apple_overripe,0,0,True,0.9925543665885925,apple_ripe,0.006367186084389687,leftin
data\processed\test\apple_overripe\leftin_0000003.jpg,apple_overripe,apple_overripe,0,0,True,0.9786010980606079,mango_overripe,0.012833545915782452,leftin
data\processed\test\apple_overripe\leftin_0000004.jpg,apple_overripe,apple_overripe,0,0,True,0.6143012046813965,apple_ripe,0.3816821277141571,leftin
data\processed\test\apple_overripe\leftin_0000005.jpg,apple_overripe,apple_overripe,0,0,True,0.9895824193954468,orange_overripe,0.007028407417237759,leftin
data\processed\test\apple_overripe\leftin_0000008.jpg,apple_overripe,apple_overripe,0,0,True,0.997654139995575,apple_ripe,0.001669950783252716,leftin
data\processed\test\apple_overripe\leftin_0000009.jpg,apple_overripe,apple_overripe,0,0,True,0.8881710171699524,apple_ripe,0.09452132135629654,leftin
data\processed\test\apple_overripe\leftin_0000011.jpg,apple_overripe,apple_overripe,0,0,True,0.90812748670578,orange_overripe,0.02580099366605282,leftin
data\processed\test\apple_overripe\leftin_0000012.jpg,apple_overripe,apple_overripe,0,0,True,0.9742675423622131,apple_ripe,0.013673200272023678,leftin
data\processed\test\apple_overripe\leftin_0000013.jpg,apple_overripe,apple_overripe,0,0,True,0.9836400151252747,apple_ripe,0.010360723361372948,leftin
data\processed\test\apple_overripe\leftin_0000014.jpg,apple_overripe,apple_overripe,0,0,True,0.9053146839141846,orange_overripe,0.08384324610233307,leftin
data\processed\test\apple_overripe\leftin_0000015.jpg,apple_overripe,apple_overripe,0,0,True,0.9916192293167114,orange_overripe,0.006158251315355301,leftin
data\processed\test\apple_overripe\leftin_0000016.jpg,apple_overripe,apple_overripe,0,0,True,0.9982525706291199,apple_ripe,0.0010627391748130322,leftin
data\processed\test\apple_overripe\leftin_0000017.jpg,apple_overripe,apple_overripe,0,0,True,0.9994605183601379,apple_ripe,0.000272689969278872,leftin
data\processed\test\apple_overripe\leftin_0000018.jpg,apple_overripe,apple_overripe,0,0,True,0.917705774307251,apple_ripe,0.0734851062297821,leftin
data\processed\test\apple_overripe\leftin_0000019.jpg,apple_overripe,apple_overripe,0,0,True,0.9651707410812378,orange_overripe,0.027571402490139008,leftin
data\processed\test\apple_overripe\leftin_0000020.jpg,apple_overripe,apple_overripe,0,0,True,0.998353123664856,apple_ripe,0.001639018882997334,leftin
data\processed\test\apple_overripe\leftin_0000022.jpg,apple_overripe,apple_overripe,0,0,True,0.986057460308075,apple_ripe,0.005352483596652746,leftin
data\processed\test\apple_overripe\leftin_0000024.jpg,apple_overripe,apple_overripe,0,0,True,0.9335397481918335,apple_ripe,0.036823075264692307,leftin
data\processed\test\apple_overripe\leftin_0000025.jpg,apple_overripe,apple_overripe,0,0,True,0.947686493396759,apple_ripe,0.018859639763832092,leftin
data\processed\test\apple_overripe\leftin_0000026.jpg,apple_overripe,apple_overripe,0,0,True,0.9996870756149292,orange_overripe,0.00012699591752607375,leftin
data\processed\test\apple_overripe\leftin_0000027.jpg,apple_overripe,apple_overripe,0,0,True,0.9898753762245178,apple_ripe,0.008747410960495472,leftin
data\processed\test\apple_overripe\leftin_0000028.jpg,apple_overripe,apple_overripe,0,0,True,0.9998505115509033,orange_overripe,9.233587479684502e-05,leftin
data\processed\test\apple_overripe\leftin_0000029.jpg,apple_overripe,apple_overripe,0,0,True,0.9827176928520203,apple_ripe,0.0168033167719841,leftin
data\processed\test\apple_overripe\leftin_0000030.jpg,apple_overripe,apple_overripe,0,0,True,0.9768284559249878,orange_overripe,0.014065081253647804,leftin
data\processed\test\apple_overripe\leftin_0000031.jpg,apple_overripe,apple_overripe,0,0,True,0.9953334927558899,apple_ripe,0.0015950641827657819,leftin
data\processed\test\apple_overripe\leftin_0000032.jpg,apple_overripe,apple_overripe,0,0,True,0.9453727602958679,orange_overripe,0.038377027958631516,leftin
data\processed\test\apple_overripe\leftin_0000034.jpg,apple_overripe,apple_overripe,0,0,True,0.9927402138710022,apple_ripe,0.005185738671571016,leftin
data\processed\test\apple_overripe\leftin_0000036.jpg,apple_overripe,apple_overripe,0,0,True,0.9573292136192322,orange_overripe,0.030695097520947456,leftin
data\processed\test\apple_overripe\leftin_0000037.jpg,apple_overripe,apple_overripe,0,0,True,0.9994437098503113,apple_ripe,0.0002572533849161118,leftin
data\processed\test\apple_overripe\leftin_0000040.jpg,apple_overripe,apple_overripe,0,0,True,0.991746187210083,mango_overripe,0.0027297688648104668,leftin
data\processed\test\apple_overripe\leftin_0000041.jpg,apple_overripe,apple_overripe,0,0,True,0.8343197703361511,orange_overripe,0.1566123515367508,leftin
data\processed\test\apple_overripe\leftin_0000042.jpg,apple_overripe,apple_overripe,0,0,True,0.9986717700958252,orange_overripe,0.0006735934875905514,leftin
data\processed\test\apple_overripe\leftin_0000044.jpg,apple_overripe,apple_overripe,0,0,True,0.9988687634468079,tomato_overripe,0.0006027124472893775,leftin
data\processed\test\apple_overripe\leftin_0000045.jpg,apple_overripe,apple_overripe,0,0,True,0.9973449110984802,tomato_overripe,0.0014664443442597985,leftin
data\processed\test\apple_overripe\leftin_0000046.jpg,apple_overripe,apple_overripe,0,0,True,0.9801703095436096,orange_overripe,0.015971483662724495,leftin
data\processed\test\apple_overripe\leftin_0000047.jpg,apple_overripe,apple_overripe,0,0,True,0.5160055756568909,apple_ripe,0.4820503294467926,leftin
data\processed\test\apple_overripe\leftin_0000048.jpg,apple_overripe,apple_ripe,0,1,False,0.7158784866333008,apple_overripe,0.2836129367351532,leftin
data\processed\test\apple_overripe\leftin_0000049.jpg,apple_overripe,apple_overripe,0,0,True,0.9874676465988159,orange_overripe,0.0060988254845142365,leftin
data\processed\test\apple_overripe\leftin_0000050.jpg,apple_overripe,apple_overripe,0,0,True,0.863976776599884,orange_overripe,0.11799708753824234,leftin
data\processed\test\apple_overripe\leftin_0000051.jpg,apple_overripe,apple_overripe,0,0,True,0.9955008625984192,orange_overripe,0.0018845211016014218,leftin
data\processed\test\apple_overripe\leftin_0000052.jpg,apple_overripe,apple_overripe,0,0,True,0.7204095125198364,apple_ripe,0.2691526710987091,leftin
data\processed\test\apple_overripe\leftin_0000054.jpg,apple_overripe,apple_overripe,0,0,True,0.9931562542915344,orange_overripe,0.006607201881706715,leftin
data\processed\test\apple_overripe\leftin_0000055.jpg,apple_overripe,apple_overripe,0,0,True,0.9702198505401611,apple_ripe,0.026277704164385796,leftin
data\processed\test\apple_overripe\leftin_0000056.jpg,apple_overripe,apple_overripe,0,0,True,0.9990540146827698,orange_overripe,0.000756211462430656,leftin
data\processed\test\apple_overripe\leftin_0000057.jpg,apple_overripe,apple_overripe,0,0,True,0.9953281879425049,apple_ripe,0.002549261087551713,leftin
data\processed\test\apple_overripe\leftin_0000058.jpg,apple_overripe,apple_overripe,0,0,True,0.46101507544517517,papaya_overripe,0.2662484049797058,leftin
data\processed\test\apple_overripe\leftin_0000059.jpg,apple_overripe,apple_overripe,0,0,True,0.8555625677108765,apple_ripe,0.11498839408159256,leftin
data\processed\test\apple_overripe\leftin_0000060.jpg,apple_overripe,apple_ripe,0,1,False,0.7019467949867249,apple_overripe,0.29351112246513367,leftin
data\processed\test\apple_overripe\leftin_0000061.jpg,apple_overripe,apple_overripe,0,0,True,0.8794311285018921,apple_ripe,0.08897672593593597,leftin
data\processed\test\apple_overripe\leftin_0000062.jpg,apple_overripe,apple_overripe,0,0,True,0.9871089458465576,apple_ripe,0.005900021176785231,leftin
data\processed\test\apple_overripe\leftin_0000063.jpg,apple_overripe,apple_overripe,0,0,True,0.9972777962684631,apple_ripe,0.0012787547893822193,leftin
data\processed\test\apple_overripe\leftin_0000064.jpg,apple_overripe,apple_overripe,0,0,True,0.9630076885223389,apple_ripe,0.03305162489414215,leftin
data\processed\test\apple_overripe\leftin_0000066.jpg,apple_overripe,apple_overripe,0,0,True,0.9985575079917908,orange_overripe,0.0008900006650947034,leftin
data\processed\test\apple_overripe\leftin_0000067.jpg,apple_overripe,apple_overripe,0,0,True,0.9677289128303528,orange_overripe,0.01456904411315918,leftin
data\processed\test\apple_overripe\leftin_0000068.jpg,apple_overripe,apple_overripe,0,0,True,0.9994959831237793,mango_overripe,0.00022169204021338373,leftin
data\processed\test\apple_overripe\leftin_0000069.jpg,apple_overripe,apple_overripe,0,0,True,0.6134044528007507,apple_ripe,0.3637427091598511,leftin
data\processed\test\apple_overripe\leftin_0000070.jpg,apple_overripe,apple_overripe,0,0,True,0.9885199666023254,apple_ripe,0.005388055462390184,leftin
data\processed\test\apple_overripe\leftin_0000071.jpg,apple_overripe,apple_overripe,0,0,True,0.8643506765365601,tomato_overripe,0.04851352050900459,leftin
data\processed\test\apple_overripe\leftin_0000073.jpg,apple_overripe,apple_overripe,0,0,True,0.9963745474815369,apple_ripe,0.0017563269939273596,leftin
data\processed\test\apple_overripe\leftin_0000074.jpg,apple_overripe,apple_overripe,0,0,True,0.9997816681861877,orange_overripe,7.499373168684542e-05,leftin
data\processed\test\apple_overripe\leftin_0000075.jpg,apple_overripe,apple_overripe,0,0,True,0.9738856554031372,apple_ripe,0.019997257739305496,leftin
data\processed\test\apple_overripe\leftin_0000076.jpg,apple_overripe,apple_overripe,0,0,True,0.9946731925010681,apple_ripe,0.0029102670960128307,leftin
data\processed\test\apple_overripe\leftin_0000077.jpg,apple_overripe,apple_overripe,0,0,True,0.998040497303009,orange_overripe,0.0013380097225308418,leftin
data\processed\test\apple_overripe\leftin_0000078.jpg,apple_overripe,apple_overripe,0,0,True,0.9235855340957642,orange_overripe,0.03706306219100952,leftin
data\processed\test\apple_overripe\leftin_0000080.jpg,apple_overripe,apple_overripe,0,0,True,0.9976738095283508,orange_overripe,0.0015784887364134192,leftin
data\processed\test\apple_overripe\leftin_0000081.jpg,apple_overripe,apple_overripe,0,0,True,0.9966279864311218,apple_ripe,0.0031442970503121614,leftin
data\processed\test\apple_overripe\leftin_0000082.jpg,apple_overripe,apple_overripe,0,0,True,0.9991523027420044,orange_overripe,0.00044398612226359546,leftin
data\processed\test\apple_overripe\leftin_0000083.jpg,apple_overripe,apple_overripe,0,0,True,0.9994387030601501,orange_overripe,0.00026489017182029784,leftin
data\processed\test\apple_overripe\leftin_0000084.jpg,apple_overripe,apple_overripe,0,0,True,0.9919818043708801,apple_ripe,0.006559094879776239,leftin
data\processed\test\apple_overripe\leftin_0000085.jpg,apple_overripe,orange_overripe,0,9,False,0.6903569102287292,apple_overripe,0.2583722770214081,leftin
data\processed\test\apple_overripe\leftin_0000086.jpg,apple_overripe,apple_overripe,0,0,True,0.9949668049812317,apple_ripe,0.0021211174316704273,leftin
data\processed\test\apple_overripe\leftin_0000087.jpg,apple_overripe,apple_overripe,0,0,True,0.982395350933075,mango_overripe,0.007103164680302143,leftin
data\processed\test\apple_overripe\leftin_0000090.jpg,apple_overripe,apple_overripe,0,0,True,0.9885839223861694,tomato_overripe,0.006366611924022436,leftin
data\processed\test\apple_overripe\leftin_0000091.jpg,apple_overripe,apple_overripe,0,0,True,0.9952653646469116,apple_ripe,0.004267449490725994,leftin
data\processed\test\apple_overripe\leftin_0000092.jpg,apple_overripe,apple_overripe,0,0,True,0.9795629978179932,apple_ripe,0.02029181830585003,leftin
data\processed\test\apple_overripe\leftin_0000093.jpg,apple_overripe,apple_overripe,0,0,True,0.9983769655227661,mango_overripe,0.0005119040724821389,leftin
data\processed\test\apple_overripe\leftin_0000095.jpg,apple_overripe,apple_overripe,0,0,True,0.9998717308044434,orange_overripe,7.415032450808212e-05,leftin
data\processed\test\apple_overripe\leftin_0000096.jpg,apple_overripe,apple_overripe,0,0,True,0.9844732284545898,apple_ripe,0.0037200271617621183,leftin
data\processed\test\apple_overripe\leftin_0000097.jpg,apple_overripe,apple_overripe,0,0,True,0.9974664449691772,apple_ripe,0.0015803973656147718,leftin
data\processed\test\apple_overripe\leftin_0000098.jpg,apple_overripe,apple_overripe,0,0,True,0.9975253939628601,apple_ripe,0.001993217272683978,leftin
data\processed\test\apple_overripe\leftin_0000099.jpg,apple_overripe,apple_overripe,0,0,True,0.999575674533844,mango_overripe,0.00011654147238004953,leftin
data\processed\test\apple_overripe\leftin_0000100.jpg,apple_overripe,apple_ripe,0,1,False,0.4808502197265625,apple_overripe,0.47569775581359863,leftin
data\processed\test\apple_overripe\leftin_0000101.jpg,apple_overripe,apple_overripe,0,0,True,0.986178994178772,apple_ripe,0.010035744868218899,leftin
data\processed\test\apple_overripe\leftin_0000102.jpg,apple_overripe,apple_overripe,0,0,True,0.9994194507598877,apple_ripe,0.00021379481768235564,leftin
data\processed\test\apple_overripe\leftin_0000103.jpg,apple_overripe,apple_overripe,0,0,True,0.987976610660553,apple_ripe,0.010692102834582329,leftin
data\processed\test\apple_overripe\leftin_0000105.jpg,apple_overripe,apple_overripe,0,0,True,0.9896755814552307,tomato_overripe,0.0059968349523842335,leftin
data\processed\test\apple_overripe\leftin_0000106.jpg,apple_overripe,apple_overripe,0,0,True,0.9680412411689758,orange_overripe,0.023294193670153618,leftin
data\processed\test\apple_overripe\leftin_0000107.jpg,apple_overripe,apple_overripe,0,0,True,0.9991248250007629,apple_ripe,0.0007814399432390928,leftin
data\processed\test\apple_overripe\leftin_0000108.jpg,apple_overripe,apple_overripe,0,0,True,0.615657389163971,mango_overripe,0.24170127511024475,leftin
data\processed\test\apple_overripe\leftin_0000109.jpg,apple_overripe,apple_overripe,0,0,True,0.9831275939941406,apple_ripe,0.008177004754543304,leftin
data\processed\test\apple_overripe\leftin_0000110.jpg,apple_overripe,apple_overripe,0,0,True,0.9714114665985107,apple_ripe,0.027453968301415443,leftin
data\processed\test\apple_overripe\leftin_0000111.jpg,apple_overripe,apple_overripe,0,0,True,0.994875967502594,apple_ripe,0.003326702630147338,leftin
data\processed\test\apple_overripe\leftin_0000113.jpg,apple_overripe,apple_overripe,0,0,True,0.9411923885345459,orange_ripe,0.025874841958284378,leftin
data\processed\test\apple_overripe\leftin_0000114.jpg,apple_overripe,apple_overripe,0,0,True,0.9040625095367432,orange_overripe,0.08279015868902206,leftin
data\processed\test\apple_overripe\leftin_0000115.jpg,apple_overripe,apple_overripe,0,0,True,0.9884845614433289,orange_overripe,0.007307042833417654,leftin
data\processed\test\apple_overripe\leftin_0000116.jpg,apple_overripe,apple_overripe,0,0,True,0.9079670906066895,orange_overripe,0.04386912286281586,leftin
data\processed\test\apple_overripe\leftin_0000117.jpg,apple_overripe,apple_overripe,0,0,True,0.9844480752944946,orange_overripe,0.007084920071065426,leftin
data\processed\test\apple_overripe\leftin_0000118.jpg,apple_overripe,apple_overripe,0,0,True,0.9997610449790955,orange_overripe,0.0001450350828235969,leftin
data\processed\test\apple_overripe\leftin_0000119.jpg,apple_overripe,apple_overripe,0,0,True,0.992334246635437,mango_overripe,0.005760520230978727,leftin
data\processed\test\apple_overripe\leftin_0000120.jpg,apple_overripe,apple_ripe,0,1,False,0.9376089572906494,apple_overripe,0.04148933291435242,leftin
data\processed\test\apple_overripe\leftin_0000121.jpg,apple_overripe,apple_overripe,0,0,True,0.9166398048400879,apple_ripe,0.05871402099728584,leftin
data\processed\test\apple_overripe\leftin_0000122.jpg,apple_overripe,apple_overripe,0,0,True,0.9636999368667603,apple_ripe,0.03521940857172012,leftin
data\processed\test\apple_overripe\leftin_0000123.jpg,apple_overripe,apple_overripe,0,0,True,0.9967272281646729,orange_overripe,0.0009565724176354706,leftin
data\processed\test\apple_overripe\leftin_0000124.jpg,apple_overripe,apple_overripe,0,0,True,0.9845206141471863,apple_ripe,0.014186346903443336,leftin
data\processed\test\apple_overripe\leftin_0000126.jpg,apple_overripe,apple_overripe,0,0,True,0.9966204166412354,orange_overripe,0.0014740609331056476,leftin
data\processed\test\apple_overripe\leftin_0000128.jpg,apple_overripe,apple_overripe,0,0,True,0.8156569004058838,apple_ripe,0.15674583613872528,leftin
data\processed\test\apple_overripe\leftin_0000130.jpg,apple_overripe,apple_overripe,0,0,True,0.9978752136230469,pineapple_overripe,0.0008539911359548569,leftin
data\processed\test\apple_overripe\leftin_0000131.jpg,apple_overripe,apple_overripe,0,0,True,0.8667804002761841,orange_overripe,0.1195312961935997,leftin
data\processed\test\apple_overripe\leftin_0000132.jpg,apple_overripe,apple_overripe,0,0,True,0.998651921749115,banana_overripe,0.0005669884849339724,leftin
data\processed\test\apple_overripe\leftin_0000135.jpg,apple_overripe,apple_overripe,0,0,True,0.9945382475852966,banana_overripe,0.0017016821075230837,leftin
data\processed\test\apple_overripe\leftin_0000136.jpg,apple_overripe,apple_overripe,0,0,True,0.9810593724250793,apple_ripe,0.012734891846776009,leftin
data\processed\test\apple_overripe\leftin_0000137.jpg,apple_overripe,apple_overripe,0,0,True,0.9996104836463928,orange_overripe,0.0002209621452493593,leftin
data\processed\test\apple_overripe\leftin_0000138.jpg,apple_overripe,apple_overripe,0,0,True,0.9868119359016418,apple_ripe,0.011463046073913574,leftin
data\processed\test\apple_overripe\leftin_0000140.jpg,apple_overripe,apple_overripe,0,0,True,0.9646861553192139,mango_overripe,0.026550978422164917,leftin
data\processed\test\apple_overripe\leftin_0000141.jpg,apple_overripe,apple_overripe,0,0,True,0.9978582262992859,orange_overripe,0.0013447832316160202,leftin
data\processed\test\apple_overripe\leftin_0000143.jpg,apple_overripe,apple_overripe,0,0,True,0.9216712117195129,apple_ripe,0.03468003123998642,leftin
data\processed\test\apple_overripe\leftin_0000144.jpg,apple_overripe,apple_overripe,0,0,True,0.9924888610839844,mango_overripe,0.0038745608180761337,leftin
data\processed\test\apple_overripe\leftin_0000145.jpg,apple_overripe,apple_overripe,0,0,True,0.9921256899833679,tomato_overripe,0.00543486000970006,leftin
data\processed\test\apple_overripe\leftin_0000147.jpg,apple_overripe,apple_overripe,0,0,True,0.9994699358940125,apple_ripe,0.00046132097486406565,leftin
data\processed\test\apple_overripe\leftin_0000149.jpg,apple_overripe,apple_overripe,0,0,True,0.9525147676467896,orange_overripe,0.03161811828613281,leftin
data\processed\test\apple_overripe\leftin_0000150.jpg,apple_overripe,apple_overripe,0,0,True,0.9866319298744202,mango_overripe,0.007217120844870806,leftin
data\processed\test\apple_overripe\leftin_0000152.jpg,apple_overripe,apple_overripe,0,0,True,0.9953925609588623,apple_ripe,0.0045523568987846375,leftin
data\processed\test\apple_overripe\leftin_0000155.jpg,apple_overripe,apple_overripe,0,0,True,0.9972521662712097,apple_ripe,0.001082379836589098,leftin
data\processed\test\apple_overripe\leftin_0000157.jpg,apple_overripe,apple_overripe,0,0,True,0.9990692734718323,apple_ripe,0.00040775604429654777,leftin
data\processed\test\apple_overripe\leftin_0000158.jpg,apple_overripe,apple_overripe,0,0,True,0.9883900880813599,mango_overripe,0.006690131966024637,leftin
data\processed\test\apple_overripe\leftin_0000159.jpg,apple_overripe,apple_overripe,0,0,True,0.9992547631263733,apple_ripe,0.0005215497221797705,leftin
data\processed\test\apple_overripe\leftin_0000160.jpg,apple_overripe,apple_overripe,0,0,True,0.9950680732727051,orange_overripe,0.002222063485532999,leftin
data\processed\test\apple_overripe\leftin_0000161.jpg,apple_overripe,apple_overripe,0,0,True,0.8476672172546387,apple_ripe,0.14115211367607117,leftin
data\processed\test\apple_overripe\leftin_0000162.jpg,apple_overripe,apple_overripe,0,0,True,0.9909067153930664,apple_ripe,0.00819830410182476,leftin
data\processed\test\apple_overripe\leftin_0000164.jpg,apple_overripe,apple_ripe,0,1,False,0.6532292366027832,apple_overripe,0.3333719074726105,leftin
data\processed\test\apple_overripe\leftin_0000165.jpg,apple_overripe,apple_overripe,0,0,True,0.8262485265731812,apple_ripe,0.13985902070999146,leftin
data\processed\test\apple_overripe\leftin_0000166.jpg,apple_overripe,apple_overripe,0,0,True,0.945736289024353,apple_ripe,0.041086118668317795,leftin
data\processed\test\apple_overripe\leftin_0000167.jpg,apple_overripe,apple_overripe,0,0,True,0.9993320107460022,tomato_overripe,0.0005205702618695796,leftin
data\processed\test\apple_overripe\leftin_0000169.jpg,apple_overripe,apple_overripe,0,0,True,0.9990629553794861,apple_ripe,0.0005625227349810302,leftin
data\processed\test\apple_overripe\leftin_0000170.jpg,apple_overripe,apple_overripe,0,0,True,0.99989914894104,orange_overripe,3.1706629670225084e-05,leftin
data\processed\test\apple_overripe\leftin_0000171.jpg,apple_overripe,apple_overripe,0,0,True,0.9993607401847839,orange_overripe,0.000510070938616991,leftin
data\processed\test\apple_overripe\leftin_0000172.jpg,apple_overripe,apple_overripe,0,0,True,0.9128159880638123,apple_ripe,0.08537217974662781,leftin
data\processed\test\apple_overripe\leftin_0000175.jpg,apple_overripe,apple_overripe,0,0,True,0.9952561259269714,pineapple_overripe,0.0017076756339520216,leftin
data\processed\test\apple_overripe\leftin_0000177.jpg,apple_overripe,apple_overripe,0,0,True,0.941321611404419,orange_overripe,0.03540764003992081,leftin
data\processed\test\apple_overripe\leftin_0000179.jpg,apple_overripe,apple_overripe,0,0,True,0.8384519815444946,apple_ripe,0.1407615691423416,leftin
data\processed\test\apple_overripe\leftin_0000180.jpg,apple_overripe,apple_overripe,0,0,True,0.97422194480896,mango_overripe,0.010392923839390278,leftin
data\processed\test\apple_overripe\leftin_0000181.jpg,apple_overripe,apple_overripe,0,0,True,0.99901282787323,apple_ripe,0.0005024609272368252,leftin
data\processed\test\apple_overripe\leftin_0000182.jpg,apple_overripe,apple_overripe,0,0,True,0.967423677444458,mango_overripe,0.01935846172273159,leftin
data\processed\test\apple_overripe\leftin_0000183.jpg,apple_overripe,apple_overripe,0,0,True,0.9651807546615601,apple_ripe,0.0315413735806942,leftin
data\processed\test\apple_overripe\leftin_0000185.jpg,apple_overripe,apple_overripe,0,0,True,0.9682115316390991,apple_ripe,0.009907622821629047,leftin
data\processed\test\apple_overripe\leftin_0000186.jpg,apple_overripe,apple_overripe,0,0,True,0.9747291803359985,apple_ripe,0.024196447804570198,leftin
data\processed\test\apple_overripe\leftin_0000187.jpg,apple_overripe,apple_overripe,0,0,True,0.9950675964355469,apple_ripe,0.002760260598734021,leftin
data\processed\test\apple_overripe\leftin_0000188.jpg,apple_overripe,apple_overripe,0,0,True,0.9960058331489563,mango_overripe,0.0015006799949333072,leftin
data\processed\test\apple_overripe\leftin_0000189.jpg,apple_overripe,apple_overripe,0,0,True,0.9992688298225403,orange_overripe,0.0002452982298564166,leftin
data\processed\test\apple_overripe\leftin_0000190.jpg,apple_overripe,apple_overripe,0,0,True,0.9799324870109558,orange_overripe,0.009819268248975277,leftin
data\processed\test\apple_overripe\leftin_0000191.jpg,apple_overripe,apple_overripe,0,0,True,0.9918760061264038,orange_overripe,0.006469848565757275,leftin
data\processed\test\apple_overripe\leftin_0000192.jpg,apple_overripe,apple_overripe,0,0,True,0.9061710834503174,apple_ripe,0.09007523208856583,leftin
data\processed\test\apple_overripe\leftin_0000193.jpg,apple_overripe,apple_overripe,0,0,True,0.7579845786094666,apple_ripe,0.18633010983467102,leftin
data\processed\test\apple_overripe\leftin_0000194.jpg,apple_overripe,apple_overripe,0,0,True,0.9823758006095886,banana_overripe,0.005167652852833271,leftin
data\processed\test\apple_overripe\leftin_0000195.jpg,apple_overripe,apple_overripe,0,0,True,0.9942386150360107,orange_overripe,0.0035665526520460844,leftin
data\processed\test\apple_overripe\leftin_0000197.jpg,apple_overripe,apple_overripe,0,0,True,0.9204892516136169,apple_ripe,0.04158387333154678,leftin
data\processed\test\apple_overripe\leftin_0000198.jpg,apple_overripe,apple_overripe,0,0,True,0.9894096851348877,apple_ripe,0.00738226855173707,leftin
data\processed\test\apple_overripe\leftin_0000199.jpg,apple_overripe,apple_overripe,0,0,True,0.9985823631286621,apple_ripe,0.000722667551599443,leftin
data\processed\test\apple_overripe\leftin_0000200.jpg,apple_overripe,apple_overripe,0,0,True,0.9390335083007812,apple_ripe,0.03386799246072769,leftin
data\processed\test\apple_overripe\leftin_0000201.jpg,apple_overripe,apple_overripe,0,0,True,0.9891919493675232,apple_ripe,0.0073311044834554195,leftin
data\processed\test\apple_overripe\leftin_0000203.jpg,apple_overripe,apple_overripe,0,0,True,0.9990098476409912,orange_overripe,0.0006598207401111722,leftin
data\processed\test\apple_overripe\leftin_0000204.jpg,apple_overripe,apple_overripe,0,0,True,0.9991294741630554,apple_ripe,0.00038006127579137683,leftin
data\processed\test\apple_overripe\leftin_0000205.jpg,apple_overripe,apple_overripe,0,0,True,0.9998492002487183,apple_ripe,0.00010305777686880901,leftin
data\processed\test\apple_overripe\leftin_0000206.jpg,apple_overripe,apple_overripe,0,0,True,0.9255924224853516,apple_ripe,0.04620741307735443,leftin
data\processed\test\apple_overripe\leftin_0000207.jpg,apple_overripe,apple_overripe,0,0,True,0.9918286204338074,apple_ripe,0.004156236536800861,leftin
data\processed\test\apple_overripe\leftin_0000208.jpg,apple_overripe,apple_overripe,0,0,True,0.9872493147850037,apple_ripe,0.009488389827311039,leftin
data\processed\test\apple_overripe\leftin_0000209.jpg,apple_overripe,apple_overripe,0,0,True,0.9869597554206848,apple_ripe,0.01285527367144823,leftin
data\processed\test\apple_overripe\leftin_0000210.jpg,apple_overripe,apple_overripe,0,0,True,0.9211615920066833,tomato_overripe,0.03189586475491524,leftin
data\processed\test\apple_overripe\leftin_0000211.jpg,apple_overripe,orange_overripe,0,9,False,0.5745051503181458,apple_overripe,0.30597665905952454,leftin
data\processed\test\apple_overripe\leftin_0000212.jpg,apple_overripe,apple_overripe,0,0,True,0.9895053505897522,mango_overripe,0.0021220892667770386,leftin
data\processed\test\apple_overripe\leftin_0000213.jpg,apple_overripe,apple_overripe,0,0,True,0.9968563318252563,orange_overripe,0.002105973893776536,leftin
data\processed\test\apple_overripe\leftin_0000214.jpg,apple_overripe,apple_overripe,0,0,True,0.986335039138794,apple_ripe,0.009672575630247593,leftin
data\processed\test\apple_overripe\leftin_0000215.jpg,apple_overripe,apple_overripe,0,0,True,0.9151808619499207,apple_ripe,0.04318121075630188,leftin
data\processed\test\apple_overripe\leftin_0000216.jpg,apple_overripe,apple_overripe,0,0,True,0.9938474297523499,mango_overripe,0.0031922119669616222,leftin
data\processed\test\apple_overripe\leftin_0000217.jpg,apple_overripe,apple_overripe,0,0,True,0.9952617883682251,mango_overripe,0.002942856401205063,leftin
data\processed\test\apple_overripe\leftin_0000218.jpg,apple_overripe,apple_overripe,0,0,True,0.9932644367218018,apple_ripe,0.0066321431659162045,leftin
data\processed\test\apple_overripe\leftin_0000220.jpg,apple_overripe,apple_overripe,0,0,True,0.999910831451416,orange_overripe,6.7369663156569e-05,leftin
data\processed\test\apple_overripe\leftin_0000221.jpg,apple_overripe,apple_overripe,0,0,True,0.9484177231788635,orange_overripe,0.03207488730549812,leftin
data\processed\test\apple_overripe\leftin_0000222.jpg,apple_overripe,apple_overripe,0,0,True,0.9149162173271179,apple_ripe,0.04973143711686134,leftin
data\processed\test\apple_overripe\leftin_0000223.jpg,apple_overripe,apple_overripe,0,0,True,0.9244623184204102,apple_ripe,0.0683569386601448,leftin
data\processed\test\apple_overripe\leftin_0000224.jpg,apple_overripe,apple_overripe,0,0,True,0.7668545842170715,apple_ripe,0.10152170807123184,leftin
data\processed\test\apple_overripe\leftin_0000225.jpg,apple_overripe,apple_overripe,0,0,True,0.6647028923034668,apple_ripe,0.32931405305862427,leftin
data\processed\test\apple_overripe\leftin_0000226.jpg,apple_overripe,apple_overripe,0,0,True,0.988132894039154,orange_overripe,0.004199157934635878,leftin
data\processed\test\apple_overripe\leftin_0000227.jpg,apple_overripe,apple_overripe,0,0,True,0.9938783049583435,orange_overripe,0.004315434489399195,leftin
data\processed\test\apple_overripe\leftin_0000228.jpg,apple_overripe,apple_overripe,0,0,True,0.8235129714012146,apple_ripe,0.1630137413740158,leftin
data\processed\test\apple_overripe\leftin_0000229.jpg,apple_overripe,apple_overripe,0,0,True,0.999470055103302,tomato_overripe,0.0002495415974408388,leftin
data\processed\test\apple_overripe\leftin_0000230.jpg,apple_overripe,apple_overripe,0,0,True,0.9962336421012878,orange_overripe,0.0027802970726042986,leftin
data\processed\test\apple_overripe\leftin_0000231.jpg,apple_overripe,apple_overripe,0,0,True,0.9986522793769836,orange_overripe,0.0010007520904764533,leftin
data\processed\test\apple_overripe\leftin_0000232.jpg,apple_overripe,apple_overripe,0,0,True,0.99431312084198,apple_ripe,0.0035082579124718904,leftin
data\processed\test\apple_overripe\leftin_0000233.jpg,apple_overripe,apple_overripe,0,0,True,0.9932718873023987,orange_overripe,0.005656524561345577,leftin
data\processed\test\apple_overripe\leftin_0000234.jpg,apple_overripe,apple_overripe,0,0,True,0.991317868232727,banana_overripe,0.0055504413321614265,leftin
data\processed\test\apple_overripe\leftin_0000235.jpg,apple_overripe,apple_overripe,0,0,True,0.999259889125824,apple_ripe,0.00030073162633925676,leftin
data\processed\test\apple_overripe\leftin_0000237.jpg,apple_overripe,apple_overripe,0,0,True,0.9998102784156799,apple_ripe,0.00015293848991859704,leftin
data\processed\test\apple_overripe\leftin_0000239.jpg,apple_overripe,apple_overripe,0,0,True,0.9471539258956909,apple_ripe,0.0507429875433445,leftin
data\processed\test\apple_overripe\leftin_0000240.jpg,apple_overripe,apple_overripe,0,0,True,0.9986469149589539,tomato_overripe,0.0009536300785839558,leftin
data\processed\test\apple_overripe\leftin_0000244.jpg,apple_overripe,apple_overripe,0,0,True,0.9992720484733582,apple_ripe,0.0004208359750919044,leftin
data\processed\test\apple_overripe\leftin_0000245.jpg,apple_overripe,apple_overripe,0,0,True,0.9951410293579102,apple_ripe,0.0037868276704102755,leftin
data\processed\test\apple_overripe\leftin_0000246.jpg,apple_overripe,apple_overripe,0,0,True,0.939934253692627,mango_overripe,0.024835428223013878,leftin
data\processed\test\apple_overripe\leftin_0000247.jpg,apple_overripe,apple_overripe,0,0,True,0.8956556916236877,papaya_overripe,0.044712264090776443,leftin
data\processed\test\apple_overripe\leftin_0000248.jpg,apple_overripe,apple_overripe,0,0,True,0.9889773726463318,apple_ripe,0.010583371855318546,leftin
data\processed\test\apple_overripe\leftin_0000249.jpg,apple_overripe,apple_overripe,0,0,True,0.9420662522315979,orange_overripe,0.039597075432538986,leftin
data\processed\test\apple_overripe\leftin_0000250.jpg,apple_overripe,apple_overripe,0,0,True,0.9327417016029358,mango_overripe,0.03164641559123993,leftin
data\processed\test\apple_overripe\leftin_0000251.jpg,apple_overripe,apple_overripe,0,0,True,0.9817505478858948,apple_ripe,0.013769883662462234,leftin
data\processed\test\apple_overripe\leftin_0000252.jpg,apple_overripe,apple_overripe,0,0,True,0.99994957447052,apple_ripe,2.0516054064501077e-05,leftin
data\processed\test\apple_overripe\leftin_0000253.jpg,apple_overripe,apple_overripe,0,0,True,0.9972295165061951,orange_overripe,0.0022469235118478537,leftin
data\processed\test\apple_overripe\leftin_0000254.jpg,apple_overripe,apple_overripe,0,0,True,0.9712745547294617,apple_ripe,0.02853456698358059,leftin
data\processed\test\apple_overripe\leftin_0000255.jpg,apple_overripe,apple_overripe,0,0,True,0.9589003324508667,apple_ripe,0.02796187251806259,leftin
data\processed\test\apple_overripe\leftin_0000256.jpg,apple_overripe,apple_overripe,0,0,True,0.9372588992118835,orange_overripe,0.020025549456477165,leftin
data\processed\test\apple_overripe\leftin_0000257.jpg,apple_overripe,apple_overripe,0,0,True,0.9018276929855347,apple_ripe,0.0692446380853653,leftin
data\processed\test\apple_overripe\leftin_0000258.jpg,apple_overripe,apple_overripe,0,0,True,0.9714386463165283,apple_ripe,0.01440967246890068,leftin
data\processed\test\apple_overripe\leftin_0000259.jpg,apple_overripe,apple_overripe,0,0,True,0.8538738489151001,tomato_overripe,0.11729277670383453,leftin
data\processed\test\apple_overripe\leftin_0000260.jpg,apple_overripe,apple_overripe,0,0,True,0.9991342425346375,tomato_overripe,0.00045276671880856156,leftin
data\processed\test\apple_overripe\leftin_0000261.jpg,apple_overripe,apple_overripe,0,0,True,0.9988560676574707,mango_overripe,0.00029534983332268894,leftin
data\processed\test\apple_overripe\leftin_0000262.jpg,apple_overripe,apple_overripe,0,0,True,0.9983888864517212,apple_ripe,0.0013333297101780772,leftin
data\processed\test\apple_overripe\leftin_0000263.jpg,apple_overripe,apple_overripe,0,0,True,0.9972776770591736,apple_ripe,0.0012784773716703057,leftin
data\processed\test\apple_overripe\leftin_0000264.jpg,apple_overripe,apple_overripe,0,0,True,0.9677520990371704,banana_overripe,0.0238951463252306,leftin
data\processed\test\apple_overripe\leftin_0000265.jpg,apple_overripe,apple_overripe,0,0,True,0.9941144585609436,orange_overripe,0.00441066175699234,leftin
data\processed\test\apple_overripe\leftin_0000266.jpg,apple_overripe,apple_overripe,0,0,True,0.997895359992981,orange_overripe,0.000878767401445657,leftin
data\processed\test\apple_overripe\leftin_0000267.jpg,apple_overripe,apple_overripe,0,0,True,0.990720272064209,apple_ripe,0.008925295434892178,leftin
data\processed\test\apple_overripe\leftin_0000268.jpg,apple_overripe,apple_overripe,0,0,True,0.7670258283615112,apple_ripe,0.22667448222637177,leftin
data\processed\test\apple_overripe\leftin_0000269.jpg,apple_overripe,apple_overripe,0,0,True,0.960608184337616,orange_overripe,0.024556366726756096,leftin
data\processed\test\apple_overripe\leftin_0000270.jpg,apple_overripe,apple_overripe,0,0,True,0.856652557849884,papaya_overripe,0.05450769141316414,leftin
data\processed\test\apple_overripe\leftin_0000272.jpg,apple_overripe,apple_overripe,0,0,True,0.9951940178871155,mango_overripe,0.002345372922718525,leftin
data\processed\test\apple_overripe\leftin_0000273.jpg,apple_overripe,apple_overripe,0,0,True,0.9990897178649902,orange_overripe,0.00031306419987231493,leftin
data\processed\test\apple_overripe\leftin_0000276.jpg,apple_overripe,apple_overripe,0,0,True,0.9989778995513916,apple_ripe,0.000667417305521667,leftin
data\processed\test\apple_overripe\leftin_0000277.jpg,apple_overripe,apple_overripe,0,0,True,0.9997194409370422,orange_overripe,0.00025922933127731085,leftin
data\processed\test\apple_overripe\leftin_0000279.jpg,apple_overripe,apple_overripe,0,0,True,0.9473013281822205,mango_overripe,0.04489436000585556,leftin
data\processed\test\apple_overripe\leftin_0000280.jpg,apple_overripe,apple_overripe,0,0,True,0.9945002794265747,apple_ripe,0.003521939739584923,leftin
data\processed\test\apple_overripe\leftin_0000282.jpg,apple_overripe,apple_overripe,0,0,True,0.996749997138977,orange_overripe,0.002231395337730646,leftin
data\processed\test\apple_overripe\leftin_0000283.jpg,apple_overripe,apple_overripe,0,0,True,0.9981677532196045,orange_overripe,0.001163735636509955,leftin
data\processed\test\apple_overripe\leftin_0000284.jpg,apple_overripe,apple_overripe,0,0,True,0.9972459077835083,orange_overripe,0.0014750577975064516,leftin
data\processed\test\apple_overripe\leftin_0000285.jpg,apple_overripe,apple_overripe,0,0,True,0.9977596998214722,apple_ripe,0.000978820025920868,leftin
data\processed\test\apple_overripe\leftin_0000286.jpg,apple_overripe,apple_overripe,0,0,True,0.9991984963417053,pineapple_overripe,0.00033659921609796584,leftin
data\processed\test\apple_overripe\leftin_0000287.jpg,apple_overripe,apple_overripe,0,0,True,0.9985639452934265,orange_overripe,0.0011763168731704354,leftin
data\processed\test\apple_overripe\leftin_0000288.jpg,apple_overripe,apple_overripe,0,0,True,0.8854241967201233,orange_overripe,0.04838767647743225,leftin
data\processed\test\apple_overripe\leftin_0000289.jpg,apple_overripe,orange_overripe,0,9,False,0.4461362957954407,apple_overripe,0.4070604145526886,leftin
data\processed\test\apple_overripe\leftin_0000290.jpg,apple_overripe,apple_overripe,0,0,True,0.9116417169570923,mango_overripe,0.07469453662633896,leftin
data\processed\test\apple_overripe\leftin_0000291.jpg,apple_overripe,apple_overripe,0,0,True,0.9889966249465942,apple_ripe,0.008889615535736084,leftin
data\processed\test\apple_overripe\leftin_0000293.jpg,apple_overripe,apple_overripe,0,0,True,0.9866229891777039,orange_overripe,0.00767135014757514,leftin
data\processed\test\apple_overripe\leftin_0000294.jpg,apple_overripe,apple_overripe,0,0,True,0.9187347888946533,pineapple_overripe,0.02100011520087719,leftin
data\processed\test\apple_overripe\leftin_0000295.jpg,apple_overripe,apple_overripe,0,0,True,0.9990220069885254,tomato_overripe,0.00037822709418833256,leftin
data\processed\test\apple_overripe\leftin_0000296.jpg,apple_overripe,apple_overripe,0,0,True,0.8498613238334656,apple_ripe,0.1475774645805359,leftin
data\processed\test\apple_overripe\leftin_0000297.jpg,apple_overripe,apple_overripe,0,0,True,0.9571998119354248,apple_ripe,0.027917975559830666,leftin
data\processed\test\apple_overripe\leftin_0000298.jpg,apple_overripe,apple_overripe,0,0,True,0.9960178732872009,apple_ripe,0.0022285571321845055,leftin
data\processed\test\apple_overripe\leftin_0000299.jpg,apple_overripe,papaya_overripe,0,12,False,0.3433856964111328,apple_overripe,0.2705983817577362,leftin
data\processed\test\apple_overripe\leftin_0000300.jpg,apple_overripe,apple_overripe,0,0,True,0.8129445910453796,mango_overripe,0.10568069666624069,leftin
data\processed\test\apple_overripe\leftin_0000301.jpg,apple_overripe,apple_overripe,0,0,True,0.9989190101623535,orange_overripe,0.000594044104218483,leftin
data\processed\test\apple_overripe\leftin_0000303.jpg,apple_overripe,apple_ripe,0,1,False,0.6924797296524048,apple_overripe,0.3071117103099823,leftin
data\processed\test\apple_overripe\leftin_0000304.jpg,apple_overripe,apple_overripe,0,0,True,0.5399138927459717,apple_ripe,0.4387912154197693,leftin
data\processed\test\apple_overripe\leftin_0000305.jpg,apple_overripe,apple_overripe,0,0,True,0.9774845242500305,orange_overripe,0.015341909602284431,leftin
data\processed\test\apple_overripe\leftin_0000307.jpg,apple_overripe,apple_overripe,0,0,True,0.8819016814231873,apple_ripe,0.05979974567890167,leftin
data\processed\test\apple_overripe\leftin_0000308.jpg,apple_overripe,apple_overripe,0,0,True,0.9971994161605835,apple_ripe,0.0025072144344449043,leftin
data\processed\test\apple_overripe\leftin_0000309.jpg,apple_overripe,apple_overripe,0,0,True,0.964597761631012,apple_ripe,0.0331808403134346,leftin
data\processed\test\apple_overripe\leftin_0000310.jpg,apple_overripe,apple_overripe,0,0,True,0.8833518624305725,banana_overripe,0.08258531242609024,leftin
data\processed\test\apple_overripe\leftin_0000311.jpg,apple_overripe,apple_overripe,0,0,True,0.9991191029548645,orange_overripe,0.0005918454844504595,leftin
data\processed\test\apple_overripe\leftin_0000312.jpg,apple_overripe,apple_overripe,0,0,True,0.6197831034660339,apple_ripe,0.36571043729782104,leftin
data\processed\test\apple_overripe\leftin_0000314.jpg,apple_overripe,apple_overripe,0,0,True,0.9843248128890991,apple_ripe,0.013554397039115429,leftin
data\processed\test\apple_overripe\leftin_0000315.jpg,apple_overripe,apple_overripe,0,0,True,0.9418833255767822,apple_ripe,0.029984859749674797,leftin
data\processed\test\apple_overripe\leftin_0000316.jpg,apple_overripe,apple_overripe,0,0,True,0.9992095232009888,apple_ripe,0.0007586973370052874,leftin
data\processed\test\apple_overripe\leftin_0000317.jpg,apple_overripe,apple_overripe,0,0,True,0.9995576739311218,orange_overripe,0.0003614077577367425,leftin
data\processed\test\apple_overripe\leftin_0000318.jpg,apple_overripe,apple_overripe,0,0,True,0.933138906955719,apple_ripe,0.051805634051561356,leftin
data\processed\test\apple_overripe\leftin_0000319.jpg,apple_overripe,apple_overripe,0,0,True,0.7077531814575195,apple_ripe,0.246714249253273,leftin
data\processed\test\apple_overripe\leftin_0000320.jpg,apple_overripe,apple_overripe,0,0,True,0.9903026223182678,orange_overripe,0.004187454469501972,leftin
data\processed\test\apple_overripe\leftin_0000326.jpg,apple_overripe,apple_overripe,0,0,True,0.993370771408081,apple_ripe,0.005456389859318733,leftin
data\processed\test\apple_overripe\leftin_0000327.jpg,apple_overripe,apple_overripe,0,0,True,0.7715834379196167,orange_ripe,0.08441977202892303,leftin
data\processed\test\apple_overripe\leftin_0000328.jpg,apple_overripe,apple_overripe,0,0,True,0.6226947903633118,apple_ripe,0.3663158714771271,leftin
data\processed\test\apple_overripe\leftin_0000329.jpg,apple_overripe,apple_overripe,0,0,True,0.8240653872489929,apple_ripe,0.16733434796333313,leftin
data\processed\test\apple_overripe\leftin_0000330.jpg,apple_overripe,apple_overripe,0,0,True,0.9917397499084473,orange_overripe,0.007357616443186998,leftin
data\processed\test\apple_overripe\leftin_0000331.jpg,apple_overripe,apple_overripe,0,0,True,0.9952359795570374,apple_ripe,0.002607092959806323,leftin
data\processed\test\apple_overripe\leftin_0000332.jpg,apple_overripe,apple_ripe,0,1,False,0.8117947578430176,apple_overripe,0.09370176494121552,leftin
data\processed\test\apple_overripe\leftin_0000333.jpg,apple_overripe,apple_overripe,0,0,True,0.9320307970046997,mango_overripe,0.031364262104034424,leftin
data\processed\test\apple_overripe\leftin_0000334.jpg,apple_overripe,apple_overripe,0,0,True,0.9945583343505859,mango_overripe,0.002219623886048794,leftin
data\processed\test\apple_overripe\leftin_0000335.jpg,apple_overripe,apple_overripe,0,0,True,0.7088961005210876,apple_ripe,0.2880846858024597,leftin
data\processed\test\apple_overripe\leftin_0000336.jpg,apple_overripe,apple_overripe,0,0,True,0.8785374760627747,apple_ripe,0.10607163608074188,leftin
data\processed\test\apple_overripe\leftin_0000338.jpg,apple_overripe,apple_overripe,0,0,True,0.884231686592102,orange_overripe,0.11177624762058258,leftin
data\processed\test\apple_overripe\leftin_0000339.jpg,apple_overripe,apple_overripe,0,0,True,0.9935123324394226,apple_ripe,0.004038949031382799,leftin
data\processed\test\apple_overripe\leftin_0000340.jpg,apple_overripe,apple_overripe,0,0,True,0.9907106757164001,apple_ripe,0.007804326247423887,leftin
data\processed\test\apple_overripe\leftin_0000341.jpg,apple_overripe,apple_overripe,0,0,True,0.8175737261772156,apple_ripe,0.07974891364574432,leftin
data\processed\test\apple_overripe\leftin_0000342.jpg,apple_overripe,apple_overripe,0,0,True,0.9974024891853333,apple_ripe,0.0013647554442286491,leftin
data\processed\test\apple_overripe\leftin_0000344.jpg,apple_overripe,apple_overripe,0,0,True,0.9928826093673706,apple_ripe,0.0064648655243217945,leftin
data\processed\test\apple_overripe\leftin_0000345.jpg,apple_overripe,apple_overripe,0,0,True,0.8663196563720703,banana_ripe,0.057353876531124115,leftin
data\processed\test\apple_overripe\leftin_0000346.jpg,apple_overripe,apple_overripe,0,0,True,0.974433422088623,orange_overripe,0.014470059424638748,leftin
data\processed\test\apple_overripe\leftin_0000347.jpg,apple_overripe,apple_overripe,0,0,True,0.8910608291625977,apple_ripe,0.07005927711725235,leftin
data\processed\test\apple_overripe\leftin_0000348.jpg,apple_overripe,apple_overripe,0,0,True,0.8596147298812866,apple_ripe,0.13403315842151642,leftin
data\processed\test\apple_overripe\leftin_0000349.jpg,apple_overripe,apple_ripe,0,1,False,0.5909343957901001,apple_unripe,0.14160537719726562,leftin
data\processed\test\apple_overripe\leftin_0000350.jpg,apple_overripe,apple_overripe,0,0,True,0.9986842274665833,orange_overripe,0.0011724494397640228,leftin
data\processed\test\apple_overripe\leftin_0000351.jpg,apple_overripe,apple_overripe,0,0,True,0.993402898311615,orange_overripe,0.002563031390309334,leftin
data\processed\test\apple_overripe\leftin_0000352.jpg,apple_overripe,apple_overripe,0,0,True,0.9974578022956848,orange_overripe,0.0016445054206997156,leftin
data\processed\test\apple_overripe\leftin_0000353.jpg,apple_overripe,apple_overripe,0,0,True,0.9865984916687012,orange_overripe,0.009961976669728756,leftin
data\processed\test\apple_overripe\leftin_0000354.jpg,apple_overripe,apple_overripe,0,0,True,0.9990457892417908,orange_overripe,0.00047629655455239117,leftin
data\processed\test\apple_overripe\leftin_0000355.jpg,apple_overripe,apple_overripe,0,0,True,0.9949459433555603,apple_ripe,0.002091711387038231,leftin
data\processed\test\apple_overripe\leftin_0000356.jpg,apple_overripe,apple_overripe,0,0,True,0.999875545501709,orange_overripe,0.00010086578549817204,leftin
data\processed\test\apple_overripe\leftin_0000357.jpg,apple_overripe,apple_overripe,0,0,True,0.9879980087280273,orange_overripe,0.009676084853708744,leftin
data\processed\test\apple_overripe\leftin_0000359.jpg,apple_overripe,apple_overripe,0,0,True,0.9995121955871582,orange_overripe,0.0002088419278152287,leftin
data\processed\test\apple_overripe\leftin_0000360.jpg,apple_overripe,apple_overripe,0,0,True,0.7498319745063782,tomato_overripe,0.10003460943698883,leftin
data\processed\test\apple_ripe\alexcj10-ripenet_0000371.jpg,apple_ripe,mango_unripe,1,8,False,0.4280652403831482,orange_unripe,0.2660024166107178,alexcj10
data\processed\test\apple_ripe\alexcj10-ripenet_0000385.jpg,apple_ripe,apple_ripe,1,1,True,0.574740469455719,pineapple_ripe,0.0992223396897316,alexcj10
data\processed\test\apple_ripe\alexcj10-ripenet_0000391.jpg,apple_ripe,apple_ripe,1,1,True,0.7762356400489807,apple_unripe,0.18364302814006805,alexcj10
data\processed\test\apple_ripe\alexcj10-ripenet_0000394.jpg,apple_ripe,apple_ripe,1,1,True,0.9867129325866699,apple_unripe,0.007067213766276836,alexcj10
data\processed\test\apple_ripe\alexcj10-ripenet_0000419.jpg,apple_ripe,mango_unripe,1,8,False,0.36227667331695557,papaya_unripe,0.22911225259304047,alexcj10
data\processed\test\apple_ripe\alexcj10-ripenet_0000421.jpg,apple_ripe,apple_ripe,1,1,True,0.7726374268531799,apple_overripe,0.19636547565460205,alexcj10
data\processed\test\apple_ripe\alexcj10-ripenet_0000433.jpg,apple_ripe,apple_ripe,1,1,True,0.669405996799469,apple_overripe,0.14775830507278442,alexcj10
data\processed\test\apple_ripe\alexcj10-ripenet_0000437.jpg,apple_ripe,apple_ripe,1,1,True,0.7414224743843079,apple_unripe,0.21324816346168518,alexcj10
data\processed\test\apple_ripe\alexcj10-ripenet_0000446.jpg,apple_ripe,apple_ripe,1,1,True,0.9085976481437683,apple_unripe,0.0513400137424469,alexcj10
data\processed\test\apple_ripe\alexcj10-ripenet_0000453.jpg,apple_ripe,mango_ripe,1,7,False,0.6626996994018555,mango_unripe,0.20602694153785706,alexcj10
data\processed\test\apple_ripe\alexcj10-ripenet_0000459.jpg,apple_ripe,apple_ripe,1,1,True,0.9321907162666321,apple_overripe,0.03195706382393837,alexcj10
data\processed\test\apple_ripe\alexcj10-ripenet_0000466.jpg,apple_ripe,mango_ripe,1,7,False,0.6472548246383667,apple_ripe,0.13268105685710907,alexcj10
data\processed\test\apple_ripe\alexcj10-ripenet_0000470.jpg,apple_ripe,apple_ripe,1,1,True,0.6721725463867188,mango_unripe,0.06786306947469711,alexcj10
data\processed\test\apple_ripe\alexcj10-ripenet_0000479.jpg,apple_ripe,apple_ripe,1,1,True,0.6185914874076843,apple_unripe,0.32115334272384644,alexcj10
data\processed\test\apple_ripe\alexcj10-ripenet_0000491.jpg,apple_ripe,apple_ripe,1,1,True,0.764778196811676,apple_overripe,0.1581300050020218,alexcj10
data\processed\test\apple_ripe\alexcj10-ripenet_0000493.jpg,apple_ripe,apple_ripe,1,1,True,0.36095091700553894,mango_ripe,0.34565064311027527,alexcj10
data\processed\test\apple_ripe\alexcj10-ripenet_0000500.jpg,apple_ripe,apple_unripe,1,2,False,0.4830934703350067,apple_ripe,0.2602262794971466,alexcj10
data\processed\test\apple_ripe\alexcj10-ripenet_0000506.jpg,apple_ripe,mango_ripe,1,7,False,0.7902838587760925,orange_ripe,0.053615134209394455,alexcj10
data\processed\test\apple_ripe\alexcj10-ripenet_0000525.jpg,apple_ripe,apple_ripe,1,1,True,0.6257887482643127,mango_ripe,0.151014506816864,alexcj10
data\processed\test\apple_ripe\alexcj10-ripenet_0000526.jpg,apple_ripe,mango_ripe,1,7,False,0.40939122438430786,banana_ripe,0.40283477306365967,alexcj10
data\processed\test\apple_ripe\alexcj10-ripenet_0000529.jpg,apple_ripe,mango_unripe,1,8,False,0.5097049474716187,papaya_unripe,0.3985179662704468,alexcj10
data\processed\test\apple_ripe\alexcj10-ripenet_0000530.jpg,apple_ripe,apple_ripe,1,1,True,0.4265437126159668,apple_unripe,0.39087414741516113,alexcj10
data\processed\test\apple_ripe\alexcj10-ripenet_0000541.jpg,apple_ripe,apple_ripe,1,1,True,0.7234256863594055,tomato_ripe,0.05810372531414032,alexcj10
data\processed\test\apple_ripe\alexcj10-ripenet_0000542.jpg,apple_ripe,apple_ripe,1,1,True,0.7590599060058594,apple_unripe,0.05902765691280365,alexcj10
data\processed\test\apple_ripe\alexcj10-ripenet_0000543.jpg,apple_ripe,apple_ripe,1,1,True,0.8287742733955383,apple_overripe,0.06104156747460365,alexcj10
data\processed\test\apple_ripe\alexcj10-ripenet_0000547.jpg,apple_ripe,apple_ripe,1,1,True,0.8013401031494141,apple_unripe,0.1009417250752449,alexcj10
data\processed\test\apple_ripe\alexcj10-ripenet_0000556.jpg,apple_ripe,mango_ripe,1,7,False,0.30101674795150757,apple_ripe,0.2864583134651184,alexcj10
data\processed\test\apple_ripe\alexcj10-ripenet_0000559.jpg,apple_ripe,apple_ripe,1,1,True,0.3469787836074829,apple_overripe,0.3119247257709503,alexcj10
data\processed\test\apple_ripe\alexcj10-ripenet_0000565.jpg,apple_ripe,apple_ripe,1,1,True,0.9628925323486328,apple_unripe,0.028398999944329262,alexcj10
data\processed\test\apple_ripe\alexcj10-ripenet_0000580.jpg,apple_ripe,apple_ripe,1,1,True,0.5424044132232666,apple_unripe,0.26204875111579895,alexcj10
data\processed\test\apple_ripe\alexcj10-ripenet_0000592.jpg,apple_ripe,apple_overripe,1,0,False,0.4460451006889343,apple_ripe,0.38559848070144653,alexcj10
data\processed\test\apple_ripe\alexcj10-ripenet_0000593.jpg,apple_ripe,apple_ripe,1,1,True,0.9621908664703369,apple_unripe,0.027262214571237564,alexcj10
data\processed\test\apple_ripe\alexcj10-ripenet_0000601.jpg,apple_ripe,apple_ripe,1,1,True,0.8645000457763672,mango_ripe,0.08520182967185974,alexcj10
data\processed\test\apple_ripe\alexcj10-ripenet_0000606.jpg,apple_ripe,apple_ripe,1,1,True,0.7923052310943604,apple_unripe,0.1323893815279007,alexcj10
data\processed\test\apple_ripe\alexcj10-ripenet_0000610.jpg,apple_ripe,apple_unripe,1,2,False,0.6630167961120605,mango_unripe,0.1801179051399231,alexcj10
data\processed\test\apple_ripe\alexcj10-ripenet_0000612.jpg,apple_ripe,apple_ripe,1,1,True,0.40443891286849976,mango_ripe,0.3745969533920288,alexcj10
data\processed\test\apple_ripe\alexcj10-ripenet_0000614.jpg,apple_ripe,apple_ripe,1,1,True,0.4047880172729492,apple_unripe,0.3608831763267517,alexcj10
data\processed\test\apple_ripe\alexcj10-ripenet_0000615.jpg,apple_ripe,apple_unripe,1,2,False,0.3104091286659241,papaya_unripe,0.2399044930934906,alexcj10
data\processed\test\apple_ripe\alexcj10-ripenet_0000616.jpg,apple_ripe,tomato_ripe,1,19,False,0.6629362106323242,tomato_overripe,0.16941052675247192,alexcj10
data\processed\test\apple_ripe\alexcj10-ripenet_0000620.jpg,apple_ripe,apple_ripe,1,1,True,0.7062202095985413,tomato_ripe,0.07909124344587326,alexcj10
data\processed\test\apple_ripe\alexcj10-ripenet_0000635.jpg,apple_ripe,apple_ripe,1,1,True,0.9685500264167786,apple_unripe,0.0177295058965683,alexcj10
data\processed\test\apple_ripe\alexcj10-ripenet_0000636.jpg,apple_ripe,apple_ripe,1,1,True,0.7734320163726807,apple_overripe,0.08088478446006775,alexcj10
data\processed\test\apple_ripe\alexcj10-ripenet_0000639.jpg,apple_ripe,papaya_ripe,1,13,False,0.17794018983840942,papaya_overripe,0.17291061580181122,alexcj10
data\processed\test\apple_ripe\alexcj10-ripenet_0000644.jpg,apple_ripe,apple_ripe,1,1,True,0.7776856422424316,tomato_ripe,0.15388961136341095,alexcj10
data\processed\test\apple_ripe\alexcj10-ripenet_0000645.jpg,apple_ripe,apple_ripe,1,1,True,0.576007604598999,apple_unripe,0.40123191475868225,alexcj10
data\processed\test\apple_ripe\asadullahprl_0000376.jpg,apple_ripe,apple_ripe,1,1,True,0.6942429542541504,apple_overripe,0.08717923611402512,asadullahprl
data\processed\test\apple_ripe\asadullahprl_0000389.jpg,apple_ripe,apple_ripe,1,1,True,0.9155694842338562,apple_unripe,0.04302610084414482,asadullahprl
data\processed\test\apple_ripe\asadullahprl_0000392.jpg,apple_ripe,apple_ripe,1,1,True,0.8692573308944702,apple_unripe,0.10946065187454224,asadullahprl
data\processed\test\apple_ripe\asadullahprl_0000405.jpg,apple_ripe,apple_ripe,1,1,True,0.3068538308143616,apple_unripe,0.27545005083084106,asadullahprl
data\processed\test\apple_ripe\asadullahprl_0000409.jpg,apple_ripe,apple_ripe,1,1,True,0.8061111569404602,apple_overripe,0.09826985746622086,asadullahprl
data\processed\test\apple_ripe\asadullahprl_0000418.jpg,apple_ripe,apple_ripe,1,1,True,0.8910258412361145,apple_unripe,0.10674566775560379,asadullahprl
data\processed\test\apple_ripe\asadullahprl_0000420.jpg,apple_ripe,apple_ripe,1,1,True,0.8294657468795776,apple_overripe,0.09810591489076614,asadullahprl
data\processed\test\apple_ripe\asadullahprl_0000425.jpg,apple_ripe,apple_unripe,1,2,False,0.6207360625267029,mango_ripe,0.24718628823757172,asadullahprl
data\processed\test\apple_ripe\asadullahprl_0000427.jpg,apple_ripe,tomato_overripe,1,18,False,0.9162352085113525,apple_ripe,0.0480472594499588,asadullahprl
data\processed\test\apple_ripe\asadullahprl_0000443.jpg,apple_ripe,tomato_overripe,1,18,False,0.2995236814022064,tomato_ripe,0.24939283728599548,asadullahprl
data\processed\test\apple_ripe\asadullahprl_0000451.jpg,apple_ripe,apple_ripe,1,1,True,0.5666225552558899,apple_overripe,0.3853408098220825,asadullahprl
data\processed\test\apple_ripe\asadullahprl_0000457.jpg,apple_ripe,apple_ripe,1,1,True,0.7876366376876831,apple_overripe,0.19990132749080658,asadullahprl
data\processed\test\apple_ripe\asadullahprl_0000462.jpg,apple_ripe,apple_overripe,1,0,False,0.47488972544670105,apple_ripe,0.3898501396179199,asadullahprl
data\processed\test\apple_ripe\asadullahprl_0000472.jpg,apple_ripe,apple_unripe,1,2,False,0.658413290977478,apple_ripe,0.20534449815750122,asadullahprl
data\processed\test\apple_ripe\asadullahprl_0000478.jpg,apple_ripe,apple_ripe,1,1,True,0.7803363800048828,apple_unripe,0.1449403613805771,asadullahprl
data\processed\test\apple_ripe\asadullahprl_0000480.jpg,apple_ripe,apple_ripe,1,1,True,0.5674389004707336,apple_unripe,0.3207911550998688,asadullahprl
data\processed\test\apple_ripe\asadullahprl_0000481.jpg,apple_ripe,tomato_overripe,1,18,False,0.4245697855949402,apple_unripe,0.14650462567806244,asadullahprl
data\processed\test\apple_ripe\asadullahprl_0000482.jpg,apple_ripe,apple_ripe,1,1,True,0.6193144917488098,apple_overripe,0.24727602303028107,asadullahprl
data\processed\test\apple_ripe\asadullahprl_0000494.jpg,apple_ripe,apple_overripe,1,0,False,0.41936591267585754,apple_ripe,0.383514940738678,asadullahprl
data\processed\test\apple_ripe\asadullahprl_0000499.jpg,apple_ripe,apple_ripe,1,1,True,0.4799020290374756,apple_overripe,0.4664296507835388,asadullahprl
data\processed\test\apple_ripe\asadullahprl_0000503.jpg,apple_ripe,apple_ripe,1,1,True,0.6268725395202637,apple_unripe,0.22166529297828674,asadullahprl
data\processed\test\apple_ripe\asadullahprl_0000508.jpg,apple_ripe,tomato_overripe,1,18,False,0.8250958323478699,tomato_ripe,0.1491311639547348,asadullahprl
data\processed\test\apple_ripe\asadullahprl_0000520.jpg,apple_ripe,apple_unripe,1,2,False,0.6295822858810425,tomato_overripe,0.17222921550273895,asadullahprl
data\processed\test\apple_ripe\asadullahprl_0000522.jpg,apple_ripe,apple_ripe,1,1,True,0.6289012432098389,apple_unripe,0.2987563908100128,asadullahprl
data\processed\test\apple_ripe\asadullahprl_0000528.jpg,apple_ripe,apple_ripe,1,1,True,0.8977363109588623,apple_overripe,0.04688050225377083,asadullahprl
data\processed\test\apple_ripe\asadullahprl_0000536.jpg,apple_ripe,apple_ripe,1,1,True,0.7737714648246765,apple_overripe,0.07991985231637955,asadullahprl
data\processed\test\apple_ripe\asadullahprl_0000540.jpg,apple_ripe,apple_ripe,1,1,True,0.7925400137901306,apple_unripe,0.14635704457759857,asadullahprl
data\processed\test\apple_ripe\asadullahprl_0000551.jpg,apple_ripe,apple_ripe,1,1,True,0.3570288419723511,apple_overripe,0.27958425879478455,asadullahprl
data\processed\test\apple_ripe\asadullahprl_0000569.jpg,apple_ripe,apple_ripe,1,1,True,0.8587237596511841,apple_overripe,0.07298344373703003,asadullahprl
data\processed\test\apple_ripe\asadullahprl_0000570.jpg,apple_ripe,apple_ripe,1,1,True,0.6731059551239014,apple_unripe,0.22474807500839233,asadullahprl
data\processed\test\apple_ripe\asadullahprl_0000573.jpg,apple_ripe,apple_ripe,1,1,True,0.4448695480823517,apple_unripe,0.3864273726940155,asadullahprl
data\processed\test\apple_ripe\asadullahprl_0000574.jpg,apple_ripe,apple_ripe,1,1,True,0.8338020443916321,apple_overripe,0.11214378476142883,asadullahprl
data\processed\test\apple_ripe\asadullahprl_0000576.jpg,apple_ripe,apple_unripe,1,2,False,0.5640431642532349,apple_ripe,0.2189667969942093,asadullahprl
data\processed\test\apple_ripe\asadullahprl_0000577.jpg,apple_ripe,apple_ripe,1,1,True,0.5237360000610352,apple_overripe,0.2775430977344513,asadullahprl
data\processed\test\apple_ripe\asadullahprl_0000589.jpg,apple_ripe,apple_ripe,1,1,True,0.4888186454772949,apple_unripe,0.28645139932632446,asadullahprl
data\processed\test\apple_ripe\asadullahprl_0000591.jpg,apple_ripe,apple_overripe,1,0,False,0.5252267718315125,apple_ripe,0.42811593413352966,asadullahprl
data\processed\test\apple_ripe\asadullahprl_0000600.jpg,apple_ripe,apple_ripe,1,1,True,0.6763398051261902,apple_overripe,0.16841931641101837,asadullahprl
data\processed\test\apple_ripe\asadullahprl_0000611.jpg,apple_ripe,apple_ripe,1,1,True,0.6671385169029236,apple_unripe,0.17130784690380096,asadullahprl
data\processed\test\apple_ripe\asadullahprl_0000646.jpg,apple_ripe,orange_overripe,1,9,False,0.17299576103687286,apple_ripe,0.16739307343959808,asadullahprl
data\processed\test\apple_ripe\asadullahprl_0000649.jpg,apple_ripe,apple_ripe,1,1,True,0.8072038888931274,apple_unripe,0.1314103603363037,asadullahprl
data\processed\test\apple_ripe\leftin_0000361.jpg,apple_ripe,apple_ripe,1,1,True,0.87992262840271,apple_overripe,0.11786837875843048,leftin
data\processed\test\apple_ripe\leftin_0000362.jpg,apple_ripe,apple_ripe,1,1,True,0.9483354091644287,apple_overripe,0.04997125640511513,leftin
data\processed\test\apple_ripe\leftin_0000363.jpg,apple_ripe,apple_ripe,1,1,True,0.941770613193512,apple_unripe,0.050546735525131226,leftin
data\processed\test\apple_ripe\leftin_0000364.jpg,apple_ripe,apple_ripe,1,1,True,0.9851502776145935,apple_unripe,0.004825393203645945,leftin
data\processed\test\apple_ripe\leftin_0000365.jpg,apple_ripe,apple_ripe,1,1,True,0.9936112761497498,apple_unripe,0.00422937236726284,leftin
data\processed\test\apple_ripe\leftin_0000366.jpg,apple_ripe,apple_ripe,1,1,True,0.9854021072387695,apple_overripe,0.011376763693988323,leftin
data\processed\test\apple_ripe\leftin_0000367.jpg,apple_ripe,apple_ripe,1,1,True,0.984941840171814,apple_unripe,0.010391462594270706,leftin
data\processed\test\apple_ripe\leftin_0000368.jpg,apple_ripe,apple_ripe,1,1,True,0.9639645218849182,apple_unripe,0.01583927497267723,leftin
data\processed\test\apple_ripe\leftin_0000369.jpg,apple_ripe,apple_ripe,1,1,True,0.9239709973335266,apple_unripe,0.06182025000452995,leftin
data\processed\test\apple_ripe\leftin_0000370.jpg,apple_ripe,apple_ripe,1,1,True,0.936133086681366,apple_unripe,0.028548918664455414,leftin
data\processed\test\apple_ripe\leftin_0000372.jpg,apple_ripe,apple_ripe,1,1,True,0.8109245896339417,apple_unripe,0.14535260200500488,leftin
data\processed\test\apple_ripe\leftin_0000373.jpg,apple_ripe,apple_unripe,1,2,False,0.4588589668273926,apple_ripe,0.4168519675731659,leftin
data\processed\test\apple_ripe\leftin_0000374.jpg,apple_ripe,apple_ripe,1,1,True,0.9905374646186829,apple_unripe,0.005555764771997929,leftin
data\processed\test\apple_ripe\leftin_0000375.jpg,apple_ripe,apple_ripe,1,1,True,0.998832643032074,apple_unripe,0.0008247130317613482,leftin
data\processed\test\apple_ripe\leftin_0000377.jpg,apple_ripe,apple_ripe,1,1,True,0.9780107140541077,apple_unripe,0.006370339076966047,leftin
data\processed\test\apple_ripe\leftin_0000378.jpg,apple_ripe,apple_ripe,1,1,True,0.9921867847442627,apple_overripe,0.006396914832293987,leftin
data\processed\test\apple_ripe\leftin_0000379.jpg,apple_ripe,apple_ripe,1,1,True,0.9789611101150513,apple_unripe,0.01676151156425476,leftin
data\processed\test\apple_ripe\leftin_0000380.jpg,apple_ripe,apple_ripe,1,1,True,0.995439350605011,apple_overripe,0.002854391699656844,leftin
data\processed\test\apple_ripe\leftin_0000381.jpg,apple_ripe,apple_ripe,1,1,True,0.9829991459846497,apple_overripe,0.005469025112688541,leftin
data\processed\test\apple_ripe\leftin_0000382.jpg,apple_ripe,apple_overripe,1,0,False,0.6569207310676575,apple_ripe,0.25995177030563354,leftin
data\processed\test\apple_ripe\leftin_0000383.jpg,apple_ripe,apple_ripe,1,1,True,0.990544319152832,apple_overripe,0.006254178937524557,leftin
data\processed\test\apple_ripe\leftin_0000384.jpg,apple_ripe,apple_ripe,1,1,True,0.8431833982467651,apple_overripe,0.08182906359434128,leftin
data\processed\test\apple_ripe\leftin_0000386.jpg,apple_ripe,apple_ripe,1,1,True,0.9975119829177856,apple_overripe,0.002290080301463604,leftin
data\processed\test\apple_ripe\leftin_0000387.jpg,apple_ripe,apple_ripe,1,1,True,0.9427862763404846,apple_overripe,0.021002147346735,leftin
data\processed\test\apple_ripe\leftin_0000388.jpg,apple_ripe,apple_ripe,1,1,True,0.9492974281311035,apple_unripe,0.025165043771266937,leftin
data\processed\test\apple_ripe\leftin_0000390.jpg,apple_ripe,apple_ripe,1,1,True,0.9669417142868042,apple_unripe,0.016381122171878815,leftin
data\processed\test\apple_ripe\leftin_0000393.jpg,apple_ripe,apple_ripe,1,1,True,0.9748492240905762,papaya_unripe,0.007609671913087368,leftin
data\processed\test\apple_ripe\leftin_0000395.jpg,apple_ripe,apple_ripe,1,1,True,0.7884848713874817,apple_unripe,0.14849989116191864,leftin
data\processed\test\apple_ripe\leftin_0000396.jpg,apple_ripe,apple_ripe,1,1,True,0.9140404462814331,apple_unripe,0.08095531910657883,leftin
data\processed\test\apple_ripe\leftin_0000397.jpg,apple_ripe,apple_ripe,1,1,True,0.9601845145225525,apple_unripe,0.03101447783410549,leftin
data\processed\test\apple_ripe\leftin_0000398.jpg,apple_ripe,apple_ripe,1,1,True,0.7886016368865967,apple_unripe,0.17694617807865143,leftin
data\processed\test\apple_ripe\leftin_0000399.jpg,apple_ripe,apple_ripe,1,1,True,0.998304009437561,apple_overripe,0.0008071695920079947,leftin
data\processed\test\apple_ripe\leftin_0000400.jpg,apple_ripe,apple_ripe,1,1,True,0.8803397417068481,apple_unripe,0.10579259693622589,leftin
data\processed\test\apple_ripe\leftin_0000401.jpg,apple_ripe,apple_ripe,1,1,True,0.9328187108039856,papaya_unripe,0.03147836774587631,leftin
data\processed\test\apple_ripe\leftin_0000402.jpg,apple_ripe,apple_ripe,1,1,True,0.8984852433204651,tomato_ripe,0.07117282599210739,leftin
data\processed\test\apple_ripe\leftin_0000403.jpg,apple_ripe,apple_ripe,1,1,True,0.978797197341919,apple_unripe,0.015043796971440315,leftin
data\processed\test\apple_ripe\leftin_0000404.jpg,apple_ripe,apple_ripe,1,1,True,0.9549650549888611,papaya_unripe,0.017001505941152573,leftin
data\processed\test\apple_ripe\leftin_0000406.jpg,apple_ripe,apple_ripe,1,1,True,0.9926691055297852,apple_overripe,0.005723198875784874,leftin
data\processed\test\apple_ripe\leftin_0000407.jpg,apple_ripe,apple_ripe,1,1,True,0.9769038558006287,apple_unripe,0.018022920936346054,leftin
data\processed\test\apple_ripe\leftin_0000408.jpg,apple_ripe,apple_ripe,1,1,True,0.9783188700675964,apple_overripe,0.015050159767270088,leftin
data\processed\test\apple_ripe\leftin_0000410.jpg,apple_ripe,apple_ripe,1,1,True,0.950019896030426,apple_unripe,0.029161237180233,leftin
data\processed\test\apple_ripe\leftin_0000411.jpg,apple_ripe,apple_ripe,1,1,True,0.9238536953926086,apple_unripe,0.06010102853178978,leftin
data\processed\test\apple_ripe\leftin_0000412.jpg,apple_ripe,apple_ripe,1,1,True,0.994486391544342,apple_overripe,0.003393503138795495,leftin
data\processed\test\apple_ripe\leftin_0000413.jpg,apple_ripe,apple_ripe,1,1,True,0.9008519053459167,apple_unripe,0.033526789397001266,leftin
data\processed\test\apple_ripe\leftin_0000414.jpg,apple_ripe,apple_ripe,1,1,True,0.9695370197296143,apple_unripe,0.027484919875860214,leftin
data\processed\test\apple_ripe\leftin_0000415.jpg,apple_ripe,apple_ripe,1,1,True,0.9712239503860474,apple_unripe,0.01759382337331772,leftin
data\processed\test\apple_ripe\leftin_0000416.jpg,apple_ripe,apple_ripe,1,1,True,0.9307723045349121,orange_ripe,0.03511279448866844,leftin
data\processed\test\apple_ripe\leftin_0000417.jpg,apple_ripe,apple_ripe,1,1,True,0.9970982074737549,apple_overripe,0.0019988592248409986,leftin
data\processed\test\apple_ripe\leftin_0000422.jpg,apple_ripe,apple_ripe,1,1,True,0.9397633671760559,apple_overripe,0.05877765640616417,leftin
data\processed\test\apple_ripe\leftin_0000423.jpg,apple_ripe,apple_ripe,1,1,True,0.35038384795188904,orange_unripe,0.28725069761276245,leftin
data\processed\test\apple_ripe\leftin_0000424.jpg,apple_ripe,apple_ripe,1,1,True,0.8301520347595215,apple_overripe,0.046677034348249435,leftin
data\processed\test\apple_ripe\leftin_0000426.jpg,apple_ripe,apple_ripe,1,1,True,0.9744074940681458,apple_unripe,0.018971683457493782,leftin
data\processed\test\apple_ripe\leftin_0000428.jpg,apple_ripe,apple_ripe,1,1,True,0.6409511566162109,apple_unripe,0.21764642000198364,leftin
data\processed\test\apple_ripe\leftin_0000429.jpg,apple_ripe,apple_ripe,1,1,True,0.9985318183898926,apple_overripe,0.0009720424422994256,leftin
data\processed\test\apple_ripe\leftin_0000430.jpg,apple_ripe,apple_ripe,1,1,True,0.9751744866371155,apple_unripe,0.02184763178229332,leftin
data\processed\test\apple_ripe\leftin_0000431.jpg,apple_ripe,apple_ripe,1,1,True,0.9985139966011047,apple_overripe,0.0010556295746937394,leftin
data\processed\test\apple_ripe\leftin_0000432.jpg,apple_ripe,apple_ripe,1,1,True,0.9525958895683289,apple_unripe,0.04263605177402496,leftin
data\processed\test\apple_ripe\leftin_0000434.jpg,apple_ripe,apple_ripe,1,1,True,0.9871357083320618,apple_unripe,0.005812059622257948,leftin
data\processed\test\apple_ripe\leftin_0000435.jpg,apple_ripe,apple_ripe,1,1,True,0.9528740048408508,apple_overripe,0.03549990803003311,leftin
data\processed\test\apple_ripe\leftin_0000436.jpg,apple_ripe,apple_ripe,1,1,True,0.9976984858512878,apple_overripe,0.0011198831489309669,leftin
data\processed\test\apple_ripe\leftin_0000438.jpg,apple_ripe,apple_ripe,1,1,True,0.9910350441932678,apple_unripe,0.004356324672698975,leftin
data\processed\test\apple_ripe\leftin_0000439.jpg,apple_ripe,apple_ripe,1,1,True,0.5475544929504395,mango_ripe,0.15261921286582947,leftin
data\processed\test\apple_ripe\leftin_0000440.jpg,apple_ripe,apple_ripe,1,1,True,0.943467915058136,orange_ripe,0.02657296508550644,leftin
data\processed\test\apple_ripe\leftin_0000441.jpg,apple_ripe,apple_ripe,1,1,True,0.9978160858154297,apple_overripe,0.0013297762488946319,leftin
data\processed\test\apple_ripe\leftin_0000442.jpg,apple_ripe,apple_ripe,1,1,True,0.9848257899284363,apple_unripe,0.005061805248260498,leftin
data\processed\test\apple_ripe\leftin_0000444.jpg,apple_ripe,apple_ripe,1,1,True,0.9752138257026672,apple_overripe,0.016597885638475418,leftin
data\processed\test\apple_ripe\leftin_0000445.jpg,apple_ripe,apple_ripe,1,1,True,0.9380318522453308,apple_unripe,0.057753659784793854,leftin
data\processed\test\apple_ripe\leftin_0000447.jpg,apple_ripe,apple_ripe,1,1,True,0.9170825481414795,papaya_unripe,0.018509892746806145,leftin
data\processed\test\apple_ripe\leftin_0000448.jpg,apple_ripe,apple_ripe,1,1,True,0.983032763004303,apple_unripe,0.008737663738429546,leftin
data\processed\test\apple_ripe\leftin_0000449.jpg,apple_ripe,apple_ripe,1,1,True,0.9844864010810852,apple_unripe,0.013630146160721779,leftin
data\processed\test\apple_ripe\leftin_0000450.jpg,apple_ripe,apple_ripe,1,1,True,0.5305625796318054,apple_unripe,0.3931948244571686,leftin
data\processed\test\apple_ripe\leftin_0000452.jpg,apple_ripe,apple_ripe,1,1,True,0.9888457655906677,apple_overripe,0.009368722327053547,leftin
data\processed\test\apple_ripe\leftin_0000454.jpg,apple_ripe,apple_ripe,1,1,True,0.9391999244689941,tomato_ripe,0.031190380454063416,leftin
data\processed\test\apple_ripe\leftin_0000455.jpg,apple_ripe,apple_ripe,1,1,True,0.9876165986061096,orange_ripe,0.0036223193164914846,leftin
data\processed\test\apple_ripe\leftin_0000456.jpg,apple_ripe,apple_ripe,1,1,True,0.9774006009101868,apple_overripe,0.022474005818367004,leftin
data\processed\test\apple_ripe\leftin_0000458.jpg,apple_ripe,apple_ripe,1,1,True,0.9870914220809937,apple_overripe,0.008161164820194244,leftin
data\processed\test\apple_ripe\leftin_0000460.jpg,apple_ripe,apple_ripe,1,1,True,0.9875763654708862,apple_unripe,0.009280669502913952,leftin
data\processed\test\apple_ripe\leftin_0000461.jpg,apple_ripe,apple_ripe,1,1,True,0.6139439344406128,apple_unripe,0.24027183651924133,leftin
data\processed\test\apple_ripe\leftin_0000463.jpg,apple_ripe,apple_ripe,1,1,True,0.9858568906784058,apple_overripe,0.013317586854100227,leftin
data\processed\test\apple_ripe\leftin_0000464.jpg,apple_ripe,apple_ripe,1,1,True,0.9743331670761108,apple_overripe,0.02488127537071705,leftin
data\processed\test\apple_ripe\leftin_0000465.jpg,apple_ripe,apple_ripe,1,1,True,0.9021055102348328,orange_ripe,0.03140846639871597,leftin
data\processed\test\apple_ripe\leftin_0000467.jpg,apple_ripe,apple_ripe,1,1,True,0.8708627223968506,apple_overripe,0.11534938961267471,leftin
data\processed\test\apple_ripe\leftin_0000468.jpg,apple_ripe,apple_ripe,1,1,True,0.9882395267486572,apple_overripe,0.011390338651835918,leftin
data\processed\test\apple_ripe\leftin_0000469.jpg,apple_ripe,apple_ripe,1,1,True,0.9491971731185913,apple_unripe,0.03981535881757736,leftin
data\processed\test\apple_ripe\leftin_0000471.jpg,apple_ripe,apple_ripe,1,1,True,0.8760964870452881,apple_unripe,0.11628362536430359,leftin
data\processed\test\apple_ripe\leftin_0000473.jpg,apple_ripe,apple_ripe,1,1,True,0.9946712851524353,apple_unripe,0.003895470406860113,leftin
data\processed\test\apple_ripe\leftin_0000474.jpg,apple_ripe,apple_ripe,1,1,True,0.9900261163711548,apple_unripe,0.008663387969136238,leftin
data\processed\test\apple_ripe\leftin_0000475.jpg,apple_ripe,apple_ripe,1,1,True,0.9892136454582214,apple_overripe,0.006627991329878569,leftin
data\processed\test\apple_ripe\leftin_0000476.jpg,apple_ripe,apple_ripe,1,1,True,0.982424795627594,apple_overripe,0.01712483912706375,leftin
data\processed\test\apple_ripe\leftin_0000477.jpg,apple_ripe,apple_ripe,1,1,True,0.8568319082260132,apple_overripe,0.0501924529671669,leftin
data\processed\test\apple_ripe\leftin_0000483.jpg,apple_ripe,apple_ripe,1,1,True,0.6258612275123596,apple_unripe,0.27617117762565613,leftin
data\processed\test\apple_ripe\leftin_0000484.jpg,apple_ripe,apple_ripe,1,1,True,0.9982345104217529,apple_overripe,0.0016944732051342726,leftin
data\processed\test\apple_ripe\leftin_0000485.jpg,apple_ripe,apple_ripe,1,1,True,0.9236227869987488,apple_overripe,0.07521042972803116,leftin
data\processed\test\apple_ripe\leftin_0000486.jpg,apple_ripe,apple_ripe,1,1,True,0.5575365424156189,apple_unripe,0.2091713696718216,leftin
data\processed\test\apple_ripe\leftin_0000487.jpg,apple_ripe,apple_ripe,1,1,True,0.9890579581260681,orange_ripe,0.003132853889837861,leftin
data\processed\test\apple_ripe\leftin_0000488.jpg,apple_ripe,apple_ripe,1,1,True,0.9478322267532349,apple_overripe,0.03947053849697113,leftin
data\processed\test\apple_ripe\leftin_0000489.jpg,apple_ripe,apple_ripe,1,1,True,0.9610281586647034,tomato_overripe,0.021760933101177216,leftin
data\processed\test\apple_ripe\leftin_0000490.jpg,apple_ripe,apple_ripe,1,1,True,0.9977315068244934,apple_unripe,0.001226463122293353,leftin
data\processed\test\apple_ripe\leftin_0000492.jpg,apple_ripe,apple_ripe,1,1,True,0.7119549512863159,apple_unripe,0.21630780398845673,leftin
data\processed\test\apple_ripe\leftin_0000495.jpg,apple_ripe,apple_ripe,1,1,True,0.4247659146785736,mango_ripe,0.3157637119293213,leftin
data\processed\test\apple_ripe\leftin_0000496.jpg,apple_ripe,apple_ripe,1,1,True,0.7539764642715454,apple_unripe,0.20794016122817993,leftin
data\processed\test\apple_ripe\leftin_0000497.jpg,apple_ripe,apple_ripe,1,1,True,0.8654910922050476,apple_unripe,0.0587499663233757,leftin
data\processed\test\apple_ripe\leftin_0000498.jpg,apple_ripe,apple_ripe,1,1,True,0.755605936050415,apple_overripe,0.0997471883893013,leftin
data\processed\test\apple_ripe\leftin_0000501.jpg,apple_ripe,apple_ripe,1,1,True,0.8597011566162109,apple_unripe,0.05520458146929741,leftin
data\processed\test\apple_ripe\leftin_0000502.jpg,apple_ripe,apple_ripe,1,1,True,0.5734276175498962,apple_overripe,0.41564515233039856,leftin
data\processed\test\apple_ripe\leftin_0000504.jpg,apple_ripe,apple_ripe,1,1,True,0.9662967920303345,apple_overripe,0.019369173794984818,leftin
data\processed\test\apple_ripe\leftin_0000505.jpg,apple_ripe,apple_ripe,1,1,True,0.9803722500801086,apple_unripe,0.015187756158411503,leftin
data\processed\test\apple_ripe\leftin_0000507.jpg,apple_ripe,apple_ripe,1,1,True,0.9996052384376526,apple_overripe,0.00021437260147649795,leftin
data\processed\test\apple_ripe\leftin_0000509.jpg,apple_ripe,apple_ripe,1,1,True,0.9883344173431396,apple_unripe,0.010954750701785088,leftin
data\processed\test\apple_ripe\leftin_0000510.jpg,apple_ripe,apple_overripe,1,0,False,0.6694168448448181,apple_ripe,0.27148544788360596,leftin
data\processed\test\apple_ripe\leftin_0000511.jpg,apple_ripe,apple_ripe,1,1,True,0.967871367931366,apple_overripe,0.03146414831280708,leftin
data\processed\test\apple_ripe\leftin_0000512.jpg,apple_ripe,apple_ripe,1,1,True,0.7431951761245728,orange_ripe,0.061803314834833145,leftin
data\processed\test\apple_ripe\leftin_0000513.jpg,apple_ripe,apple_ripe,1,1,True,0.8796796202659607,apple_unripe,0.10753577202558517,leftin
data\processed\test\apple_ripe\leftin_0000514.jpg,apple_ripe,apple_ripe,1,1,True,0.9727188944816589,apple_unripe,0.012386839836835861,leftin
data\processed\test\apple_ripe\leftin_0000515.jpg,apple_ripe,apple_ripe,1,1,True,0.9928458333015442,apple_unripe,0.006700277328491211,leftin
data\processed\test\apple_ripe\leftin_0000516.jpg,apple_ripe,apple_ripe,1,1,True,0.941835880279541,apple_unripe,0.038998398929834366,leftin
data\processed\test\apple_ripe\leftin_0000517.jpg,apple_ripe,apple_ripe,1,1,True,0.9975709319114685,apple_overripe,0.0016767835477367043,leftin
data\processed\test\apple_ripe\leftin_0000518.jpg,apple_ripe,apple_ripe,1,1,True,0.7382880449295044,apple_unripe,0.11698910593986511,leftin
data\processed\test\apple_ripe\leftin_0000519.jpg,apple_ripe,apple_ripe,1,1,True,0.8372189998626709,apple_unripe,0.14828331768512726,leftin
data\processed\test\apple_ripe\leftin_0000521.jpg,apple_ripe,apple_ripe,1,1,True,0.9709236025810242,apple_overripe,0.013034525327384472,leftin
data\processed\test\apple_ripe\leftin_0000523.jpg,apple_ripe,apple_ripe,1,1,True,0.99396812915802,apple_overripe,0.0042248680256307125,leftin
data\processed\test\apple_ripe\leftin_0000524.jpg,apple_ripe,apple_ripe,1,1,True,0.9326361417770386,apple_overripe,0.05176076292991638,leftin
data\processed\test\apple_ripe\leftin_0000527.jpg,apple_ripe,apple_overripe,1,0,False,0.9540318250656128,orange_overripe,0.04025406017899513,leftin
data\processed\test\apple_ripe\leftin_0000531.jpg,apple_ripe,apple_ripe,1,1,True,0.984084963798523,apple_overripe,0.009085952304303646,leftin
data\processed\test\apple_ripe\leftin_0000532.jpg,apple_ripe,apple_ripe,1,1,True,0.976924479007721,apple_overripe,0.019640950486063957,leftin
data\processed\test\apple_ripe\leftin_0000533.jpg,apple_ripe,apple_ripe,1,1,True,0.9781613349914551,apple_unripe,0.013379733078181744,leftin
data\processed\test\apple_ripe\leftin_0000534.jpg,apple_ripe,apple_ripe,1,1,True,0.9986684322357178,apple_overripe,0.0006428423803299665,leftin
data\processed\test\apple_ripe\leftin_0000535.jpg,apple_ripe,apple_ripe,1,1,True,0.9812968373298645,orange_ripe,0.009948106482625008,leftin
data\processed\test\apple_ripe\leftin_0000537.jpg,apple_ripe,apple_ripe,1,1,True,0.9974892139434814,apple_overripe,0.0022065534722059965,leftin
data\processed\test\apple_ripe\leftin_0000538.jpg,apple_ripe,apple_ripe,1,1,True,0.9846231341362,apple_unripe,0.0069900439120829105,leftin
data\processed\test\apple_ripe\leftin_0000539.jpg,apple_ripe,apple_ripe,1,1,True,0.9479531645774841,apple_unripe,0.02821567840874195,leftin
data\processed\test\apple_ripe\leftin_0000544.jpg,apple_ripe,apple_ripe,1,1,True,0.9933736324310303,apple_unripe,0.004209897946566343,leftin
data\processed\test\apple_ripe\leftin_0000545.jpg,apple_ripe,apple_ripe,1,1,True,0.995597779750824,apple_overripe,0.004213730338960886,leftin
data\processed\test\apple_ripe\leftin_0000546.jpg,apple_ripe,apple_ripe,1,1,True,0.9993056058883667,apple_overripe,0.0004542059323284775,leftin
data\processed\test\apple_ripe\leftin_0000548.jpg,apple_ripe,apple_ripe,1,1,True,0.9263530969619751,apple_unripe,0.05696490779519081,leftin
data\processed\test\apple_ripe\leftin_0000549.jpg,apple_ripe,apple_ripe,1,1,True,0.9965946078300476,apple_overripe,0.00257533835247159,leftin
data\processed\test\apple_ripe\leftin_0000550.jpg,apple_ripe,apple_ripe,1,1,True,0.7972065210342407,apple_unripe,0.09970832616090775,leftin
data\processed\test\apple_ripe\leftin_0000552.jpg,apple_ripe,apple_ripe,1,1,True,0.9761260747909546,apple_unripe,0.008317174389958382,leftin
data\processed\test\apple_ripe\leftin_0000553.jpg,apple_ripe,apple_ripe,1,1,True,0.9967681169509888,apple_unripe,0.002141673816367984,leftin
data\processed\test\apple_ripe\leftin_0000554.jpg,apple_ripe,apple_ripe,1,1,True,0.6127744913101196,tomato_unripe,0.12698622047901154,leftin
data\processed\test\apple_ripe\leftin_0000555.jpg,apple_ripe,apple_ripe,1,1,True,0.8705098628997803,apple_overripe,0.05206006392836571,leftin
data\processed\test\apple_ripe\leftin_0000557.jpg,apple_ripe,apple_ripe,1,1,True,0.9836371541023254,apple_unripe,0.013899678364396095,leftin
data\processed\test\apple_ripe\leftin_0000558.jpg,apple_ripe,apple_ripe,1,1,True,0.7762600183486938,apple_unripe,0.17899273335933685,leftin
data\processed\test\apple_ripe\leftin_0000560.jpg,apple_ripe,apple_ripe,1,1,True,0.9890690445899963,apple_overripe,0.008446049876511097,leftin
data\processed\test\apple_ripe\leftin_0000561.jpg,apple_ripe,apple_ripe,1,1,True,0.9753323197364807,apple_overripe,0.01890014298260212,leftin
data\processed\test\apple_ripe\leftin_0000562.jpg,apple_ripe,apple_ripe,1,1,True,0.9897554516792297,apple_overripe,0.005312805064022541,leftin
data\processed\test\apple_ripe\leftin_0000563.jpg,apple_ripe,apple_ripe,1,1,True,0.9361551403999329,apple_unripe,0.026653600856661797,leftin
data\processed\test\apple_ripe\leftin_0000564.jpg,apple_ripe,apple_ripe,1,1,True,0.9661486744880676,apple_overripe,0.019349513575434685,leftin
data\processed\test\apple_ripe\leftin_0000566.jpg,apple_ripe,apple_ripe,1,1,True,0.9875679016113281,apple_overripe,0.008919371291995049,leftin
data\processed\test\apple_ripe\leftin_0000567.jpg,apple_ripe,apple_ripe,1,1,True,0.9265494346618652,apple_unripe,0.06449326872825623,leftin
data\processed\test\apple_ripe\leftin_0000568.jpg,apple_ripe,apple_ripe,1,1,True,0.9884881377220154,apple_overripe,0.011180125176906586,leftin
data\processed\test\apple_ripe\leftin_0000571.jpg,apple_ripe,apple_overripe,1,0,False,0.9206169247627258,orange_overripe,0.06154489889740944,leftin
data\processed\test\apple_ripe\leftin_0000572.jpg,apple_ripe,apple_ripe,1,1,True,0.9917733073234558,apple_unripe,0.004388592671602964,leftin
data\processed\test\apple_ripe\leftin_0000575.jpg,apple_ripe,apple_unripe,1,2,False,0.57208651304245,apple_ripe,0.33883851766586304,leftin
data\processed\test\apple_ripe\leftin_0000578.jpg,apple_ripe,apple_ripe,1,1,True,0.9378272891044617,apple_unripe,0.04804251343011856,leftin
data\processed\test\apple_ripe\leftin_0000579.jpg,apple_ripe,apple_ripe,1,1,True,0.9040452837944031,apple_unripe,0.07303479313850403,leftin
data\processed\test\apple_ripe\leftin_0000581.jpg,apple_ripe,apple_ripe,1,1,True,0.9555510878562927,apple_unripe,0.0314529724419117,leftin
data\processed\test\apple_ripe\leftin_0000582.jpg,apple_ripe,apple_ripe,1,1,True,0.9954273700714111,apple_overripe,0.004252362530678511,leftin
data\processed\test\apple_ripe\leftin_0000583.jpg,apple_ripe,apple_ripe,1,1,True,0.9855443835258484,apple_overripe,0.01109352894127369,leftin
data\processed\test\apple_ripe\leftin_0000584.jpg,apple_ripe,apple_ripe,1,1,True,0.9250802993774414,apple_unripe,0.05154230445623398,leftin
data\processed\test\apple_ripe\leftin_0000585.jpg,apple_ripe,apple_ripe,1,1,True,0.9333419799804688,apple_overripe,0.06127927079796791,leftin
data\processed\test\apple_ripe\leftin_0000586.jpg,apple_ripe,apple_ripe,1,1,True,0.9780449271202087,apple_overripe,0.013259966857731342,leftin
data\processed\test\apple_ripe\leftin_0000587.jpg,apple_ripe,apple_ripe,1,1,True,0.8570078611373901,mango_unripe,0.04460162669420242,leftin
data\processed\test\apple_ripe\leftin_0000588.jpg,apple_ripe,apple_ripe,1,1,True,0.9964470267295837,apple_unripe,0.0019135319162160158,leftin
data\processed\test\apple_ripe\leftin_0000590.jpg,apple_ripe,apple_ripe,1,1,True,0.9772368669509888,apple_overripe,0.018717346712946892,leftin
data\processed\test\apple_ripe\leftin_0000594.jpg,apple_ripe,apple_unripe,1,2,False,0.5937851667404175,apple_ripe,0.27842068672180176,leftin
data\processed\test\apple_ripe\leftin_0000595.jpg,apple_ripe,apple_ripe,1,1,True,0.9892555475234985,apple_overripe,0.00990609172731638,leftin
data\processed\test\apple_ripe\leftin_0000596.jpg,apple_ripe,apple_ripe,1,1,True,0.9888020753860474,apple_unripe,0.007500313222408295,leftin
data\processed\test\apple_ripe\leftin_0000597.jpg,apple_ripe,apple_ripe,1,1,True,0.9950892329216003,apple_unripe,0.0022837992291897535,leftin
data\processed\test\apple_ripe\leftin_0000598.jpg,apple_ripe,apple_ripe,1,1,True,0.7563343644142151,apple_overripe,0.10383392125368118,leftin
data\processed\test\apple_ripe\leftin_0000599.jpg,apple_ripe,apple_ripe,1,1,True,0.9990291595458984,apple_overripe,0.0008196569979190826,leftin
data\processed\test\apple_ripe\leftin_0000602.jpg,apple_ripe,apple_ripe,1,1,True,0.9665719270706177,apple_unripe,0.015254168771207333,leftin
data\processed\test\apple_ripe\leftin_0000603.jpg,apple_ripe,apple_ripe,1,1,True,0.9973280429840088,apple_overripe,0.001967396354302764,leftin
data\processed\test\apple_ripe\leftin_0000604.jpg,apple_ripe,apple_ripe,1,1,True,0.9888155460357666,apple_overripe,0.006873371545225382,leftin
data\processed\test\apple_ripe\leftin_0000605.jpg,apple_ripe,apple_unripe,1,2,False,0.535099983215332,apple_ripe,0.4460868537425995,leftin
data\processed\test\apple_ripe\leftin_0000607.jpg,apple_ripe,apple_ripe,1,1,True,0.9908604621887207,apple_overripe,0.004690596833825111,leftin
data\processed\test\apple_ripe\leftin_0000608.jpg,apple_ripe,apple_ripe,1,1,True,0.9864555597305298,apple_overripe,0.010516427457332611,leftin
data\processed\test\apple_ripe\leftin_0000609.jpg,apple_ripe,apple_ripe,1,1,True,0.9974580407142639,apple_unripe,0.0016337152337655425,leftin
data\processed\test\apple_ripe\leftin_0000613.jpg,apple_ripe,apple_ripe,1,1,True,0.991202712059021,apple_unripe,0.004571625031530857,leftin
data\processed\test\apple_ripe\leftin_0000617.jpg,apple_ripe,apple_ripe,1,1,True,0.988878071308136,apple_unripe,0.007186933420598507,leftin
data\processed\test\apple_ripe\leftin_0000618.jpg,apple_ripe,apple_ripe,1,1,True,0.9884492754936218,apple_overripe,0.010857305489480495,leftin
data\processed\test\apple_ripe\leftin_0000619.jpg,apple_ripe,apple_ripe,1,1,True,0.9981821775436401,apple_overripe,0.0015996177680790424,leftin
data\processed\test\apple_ripe\leftin_0000621.jpg,apple_ripe,apple_ripe,1,1,True,0.8229150176048279,apple_unripe,0.05318179726600647,leftin
data\processed\test\apple_ripe\leftin_0000622.jpg,apple_ripe,apple_ripe,1,1,True,0.991025984287262,apple_overripe,0.004944331478327513,leftin
data\processed\test\apple_ripe\leftin_0000623.jpg,apple_ripe,apple_ripe,1,1,True,0.9863641858100891,apple_unripe,0.006543355993926525,leftin
data\processed\test\apple_ripe\leftin_0000624.jpg,apple_ripe,apple_ripe,1,1,True,0.9406923651695251,apple_unripe,0.047755125910043716,leftin
data\processed\test\apple_ripe\leftin_0000625.jpg,apple_ripe,apple_ripe,1,1,True,0.9614405035972595,apple_unripe,0.01441884320229292,leftin
data\processed\test\apple_ripe\leftin_0000626.jpg,apple_ripe,apple_ripe,1,1,True,0.997973620891571,apple_overripe,0.001100523630157113,leftin
data\processed\test\apple_ripe\leftin_0000627.jpg,apple_ripe,apple_ripe,1,1,True,0.9686734080314636,apple_overripe,0.030758697539567947,leftin
data\processed\test\apple_ripe\leftin_0000628.jpg,apple_ripe,apple_ripe,1,1,True,0.871898353099823,apple_unripe,0.0623423270881176,leftin
data\processed\test\apple_ripe\leftin_0000629.jpg,apple_ripe,apple_ripe,1,1,True,0.9979269504547119,apple_overripe,0.0017273316625505686,leftin
data\processed\test\apple_ripe\leftin_0000630.jpg,apple_ripe,apple_ripe,1,1,True,0.9419951438903809,apple_unripe,0.04037630558013916,leftin
data\processed\test\apple_ripe\leftin_0000631.jpg,apple_ripe,apple_ripe,1,1,True,0.9880583882331848,apple_overripe,0.009923693723976612,leftin
data\processed\test\apple_ripe\leftin_0000632.jpg,apple_ripe,apple_ripe,1,1,True,0.9811464548110962,papaya_unripe,0.006983624305576086,leftin
data\processed\test\apple_ripe\leftin_0000633.jpg,apple_ripe,apple_ripe,1,1,True,0.986674964427948,apple_overripe,0.010518406517803669,leftin
data\processed\test\apple_ripe\leftin_0000634.jpg,apple_ripe,apple_ripe,1,1,True,0.9768597483634949,apple_unripe,0.013596930541098118,leftin
data\processed\test\apple_ripe\leftin_0000637.jpg,apple_ripe,apple_ripe,1,1,True,0.9554710984230042,apple_unripe,0.028337720781564713,leftin
data\processed\test\apple_ripe\leftin_0000638.jpg,apple_ripe,apple_ripe,1,1,True,0.8865541219711304,apple_unripe,0.0851249173283577,leftin
data\processed\test\apple_ripe\leftin_0000640.jpg,apple_ripe,apple_ripe,1,1,True,0.9995803236961365,apple_unripe,0.00023396113829221576,leftin
data\processed\test\apple_ripe\leftin_0000641.jpg,apple_ripe,apple_ripe,1,1,True,0.9978365302085876,apple_overripe,0.0007000394398346543,leftin
data\processed\test\apple_ripe\leftin_0000642.jpg,apple_ripe,apple_ripe,1,1,True,0.9913192391395569,apple_unripe,0.0033535687252879143,leftin
data\processed\test\apple_ripe\leftin_0000643.jpg,apple_ripe,apple_ripe,1,1,True,0.5679140090942383,apple_overripe,0.22985303401947021,leftin
data\processed\test\apple_ripe\leftin_0000647.jpg,apple_ripe,apple_ripe,1,1,True,0.9867867231369019,apple_unripe,0.012029005214571953,leftin
data\processed\test\apple_ripe\leftin_0000648.jpg,apple_ripe,apple_ripe,1,1,True,0.9743652939796448,apple_unripe,0.018882228061556816,leftin
data\processed\test\apple_unripe\alexcj10-ripenet_0000652.jpg,apple_unripe,apple_unripe,2,2,True,0.570667028427124,mango_unripe,0.3070695400238037,alexcj10
data\processed\test\apple_unripe\alexcj10-ripenet_0000657.jpg,apple_unripe,apple_unripe,2,2,True,0.353606253862381,mango_unripe,0.24148692190647125,alexcj10
data\processed\test\apple_unripe\alexcj10-ripenet_0000664.jpg,apple_unripe,mango_ripe,2,7,False,0.21683381497859955,banana_ripe,0.1764587163925171,alexcj10
data\processed\test\apple_unripe\alexcj10-ripenet_0000673.jpg,apple_unripe,apple_unripe,2,2,True,0.5949095487594604,mango_unripe,0.3639363944530487,alexcj10
data\processed\test\apple_unripe\alexcj10-ripenet_0000674.jpg,apple_unripe,apple_ripe,2,1,False,0.6919559240341187,apple_unripe,0.26051297783851624,alexcj10
data\processed\test\apple_unripe\alexcj10-ripenet_0000689.jpg,apple_unripe,apple_unripe,2,2,True,0.487846314907074,apple_ripe,0.3259908854961395,alexcj10
data\processed\test\apple_unripe\alexcj10-ripenet_0000690.jpg,apple_unripe,apple_unripe,2,2,True,0.86002516746521,orange_unripe,0.11305724829435349,alexcj10
data\processed\test\apple_unripe\alexcj10-ripenet_0000694.jpg,apple_unripe,mango_unripe,2,8,False,0.37920665740966797,papaya_unripe,0.19999296963214874,alexcj10
data\processed\test\apple_unripe\alexcj10-ripenet_0000697.jpg,apple_unripe,apple_unripe,2,2,True,0.9160153865814209,apple_ripe,0.055129747837781906,alexcj10
data\processed\test\apple_unripe\alexcj10-ripenet_0000701.jpg,apple_unripe,apple_ripe,2,1,False,0.8675258755683899,apple_unripe,0.12259577214717865,alexcj10
data\processed\test\apple_unripe\alexcj10-ripenet_0000702.jpg,apple_unripe,mango_unripe,2,8,False,0.7903006672859192,apple_unripe,0.06968732923269272,alexcj10
data\processed\test\apple_unripe\alexcj10-ripenet_0000721.jpg,apple_unripe,apple_unripe,2,2,True,0.21333740651607513,apple_ripe,0.13247042894363403,alexcj10
data\processed\test\apple_unripe\alexcj10-ripenet_0000728.jpg,apple_unripe,apple_unripe,2,2,True,0.5658708214759827,apple_ripe,0.25841936469078064,alexcj10
data\processed\test\apple_unripe\alexcj10-ripenet_0000730.jpg,apple_unripe,apple_unripe,2,2,True,0.5238673686981201,mango_unripe,0.2408381551504135,alexcj10
data\processed\test\apple_unripe\alexcj10-ripenet_0000731.jpg,apple_unripe,orange_unripe,2,11,False,0.447575181722641,papaya_unripe,0.2702043056488037,alexcj10
data\processed\test\apple_unripe\alexcj10-ripenet_0000747.jpg,apple_unripe,apple_unripe,2,2,True,0.5294580459594727,mango_unripe,0.2916592061519623,alexcj10
data\processed\test\apple_unripe\alexcj10-ripenet_0000748.jpg,apple_unripe,apple_ripe,2,1,False,0.5017015337944031,apple_unripe,0.28632572293281555,alexcj10
data\processed\test\apple_unripe\alexcj10-ripenet_0000749.jpg,apple_unripe,mango_unripe,2,8,False,0.5640294551849365,apple_unripe,0.2172526866197586,alexcj10
data\processed\test\apple_unripe\alexcj10-ripenet_0000755.jpg,apple_unripe,papaya_unripe,2,14,False,0.8559874892234802,orange_unripe,0.06300938874483109,alexcj10
data\processed\test\apple_unripe\alexcj10-ripenet_0000771.jpg,apple_unripe,mango_unripe,2,8,False,0.5373460054397583,apple_unripe,0.35810792446136475,alexcj10
data\processed\test\apple_unripe\alexcj10-ripenet_0000772.jpg,apple_unripe,mango_unripe,2,8,False,0.7946057915687561,mango_overripe,0.07052668184041977,alexcj10
data\processed\test\apple_unripe\alexcj10-ripenet_0000778.jpg,apple_unripe,mango_unripe,2,8,False,0.4127119779586792,papaya_unripe,0.28278908133506775,alexcj10
data\processed\test\apple_unripe\alexcj10-ripenet_0000782.jpg,apple_unripe,apple_unripe,2,2,True,0.3006838858127594,papaya_unripe,0.19762106239795685,alexcj10
data\processed\test\apple_unripe\alexcj10-ripenet_0000783.jpg,apple_unripe,apple_ripe,2,1,False,0.8362433314323425,apple_unripe,0.130918949842453,alexcj10
data\processed\test\apple_unripe\alexcj10-ripenet_0000787.jpg,apple_unripe,apple_ripe,2,1,False,0.374225914478302,apple_unripe,0.313575804233551,alexcj10
data\processed\test\apple_unripe\alexcj10-ripenet_0000800.jpg,apple_unripe,orange_unripe,2,11,False,0.4540099799633026,mango_unripe,0.31273263692855835,alexcj10
data\processed\test\apple_unripe\alexcj10-ripenet_0000806.jpg,apple_unripe,apple_unripe,2,2,True,0.5908700823783875,orange_unripe,0.18609534204006195,alexcj10
data\processed\test\apple_unripe\alexcj10-ripenet_0000807.jpg,apple_unripe,apple_unripe,2,2,True,0.22404757142066956,mango_unripe,0.2082751840353012,alexcj10
data\processed\test\apple_unripe\alexcj10-ripenet_0000809.jpg,apple_unripe,apple_unripe,2,2,True,0.9379661083221436,mango_unripe,0.031947582960128784,alexcj10
data\processed\test\apple_unripe\alexcj10-ripenet_0000812.jpg,apple_unripe,mango_unripe,2,8,False,0.6132140159606934,tomato_unripe,0.1452440470457077,alexcj10
data\processed\test\apple_unripe\alexcj10-ripenet_0000819.jpg,apple_unripe,apple_unripe,2,2,True,0.7187997698783875,orange_unripe,0.1401578038930893,alexcj10
data\processed\test\apple_unripe\alexcj10-ripenet_0000824.jpg,apple_unripe,apple_unripe,2,2,True,0.30460211634635925,orange_unripe,0.27692192792892456,alexcj10
data\processed\test\apple_unripe\alexcj10-ripenet_0000825.jpg,apple_unripe,apple_ripe,2,1,False,0.3487994372844696,mango_unripe,0.23289836943149567,alexcj10
data\processed\test\apple_unripe\alexcj10-ripenet_0000829.jpg,apple_unripe,tomato_ripe,2,19,False,0.48175105452537537,apple_ripe,0.34499770402908325,alexcj10
data\processed\test\apple_unripe\alexcj10-ripenet_0000833.jpg,apple_unripe,apple_unripe,2,2,True,0.6919435262680054,mango_unripe,0.16720648109912872,alexcj10
data\processed\test\apple_unripe\alexcj10-ripenet_0000847.jpg,apple_unripe,apple_unripe,2,2,True,0.4113883078098297,mango_unripe,0.31474000215530396,alexcj10
data\processed\test\apple_unripe\alexcj10-ripenet_0000850.jpg,apple_unripe,apple_ripe,2,1,False,0.7737346887588501,tomato_ripe,0.11479585617780685,alexcj10
data\processed\test\apple_unripe\alexcj10-ripenet_0000853.jpg,apple_unripe,papaya_unripe,2,14,False,0.8740654587745667,apple_ripe,0.039313994348049164,alexcj10
data\processed\test\apple_unripe\alexcj10-ripenet_0000856.jpg,apple_unripe,apple_unripe,2,2,True,0.4325167238712311,papaya_unripe,0.2523977756500244,alexcj10
data\processed\test\apple_unripe\alexcj10-ripenet_0000875.jpg,apple_unripe,apple_ripe,2,1,False,0.9129584431648254,apple_unripe,0.07987649738788605,alexcj10
data\processed\test\apple_unripe\alexcj10-ripenet_0000877.jpg,apple_unripe,apple_unripe,2,2,True,0.3522520661354065,mango_unripe,0.31035399436950684,alexcj10
data\processed\test\apple_unripe\alexcj10-ripenet_0000879.jpg,apple_unripe,apple_unripe,2,2,True,0.35824325680732727,mango_unripe,0.2625233232975006,alexcj10
data\processed\test\apple_unripe\alexcj10-ripenet_0000888.jpg,apple_unripe,apple_unripe,2,2,True,0.5707616806030273,orange_unripe,0.1428433507680893,alexcj10
data\processed\test\apple_unripe\alexcj10-ripenet_0000900.jpg,apple_unripe,apple_unripe,2,2,True,0.46572035551071167,orange_unripe,0.4518158435821533,alexcj10
data\processed\test\apple_unripe\alexcj10-ripenet_0000905.jpg,apple_unripe,apple_unripe,2,2,True,0.5454893112182617,mango_unripe,0.3187783658504486,alexcj10
data\processed\test\apple_unripe\alexcj10-ripenet_0000910.jpg,apple_unripe,apple_unripe,2,2,True,0.705568253993988,orange_unripe,0.1772528886795044,alexcj10
data\processed\test\apple_unripe\alexcj10-ripenet_0000911.jpg,apple_unripe,apple_ripe,2,1,False,0.9172880053520203,apple_unripe,0.022260192781686783,alexcj10
data\processed\test\apple_unripe\alexcj10-ripenet_0000912.jpg,apple_unripe,tomato_unripe,2,20,False,0.8037949204444885,banana_unripe,0.07692378759384155,alexcj10
data\processed\test\apple_unripe\alexcj10-ripenet_0000913.jpg,apple_unripe,apple_unripe,2,2,True,0.33341747522354126,orange_unripe,0.2803891897201538,alexcj10
data\processed\test\apple_unripe\alexcj10-ripenet_0000917.jpg,apple_unripe,apple_unripe,2,2,True,0.7511268258094788,mango_unripe,0.14563213288784027,alexcj10
data\processed\test\apple_unripe\alexcj10-ripenet_0000922.jpg,apple_unripe,apple_unripe,2,2,True,0.4647274911403656,mango_unripe,0.2550108730792999,alexcj10
data\processed\test\apple_unripe\alexcj10-ripenet_0000930.jpg,apple_unripe,apple_unripe,2,2,True,0.5003021955490112,mango_unripe,0.39638522267341614,alexcj10
data\processed\test\apple_unripe\alexcj10-ripenet_0000934.jpg,apple_unripe,apple_ripe,2,1,False,0.9536406993865967,apple_unripe,0.04412725940346718,alexcj10
data\processed\test\apple_unripe\alexcj10-ripenet_0000935.jpg,apple_unripe,apple_unripe,2,2,True,0.6383955478668213,orange_unripe,0.30701738595962524,alexcj10
data\processed\test\apple_unripe\alexcj10-ripenet_0000936.jpg,apple_unripe,mango_unripe,2,8,False,0.3128225803375244,apple_unripe,0.29718780517578125,alexcj10
data\processed\test\apple_unripe\alexcj10-ripenet_0000938.jpg,apple_unripe,apple_unripe,2,2,True,0.5039090514183044,apple_ripe,0.37604978680610657,alexcj10
data\processed\test\apple_unripe\alexcj10-ripenet_0000943.jpg,apple_unripe,apple_unripe,2,2,True,0.7654674053192139,apple_ripe,0.10905670374631882,alexcj10
data\processed\test\apple_unripe\alexcj10-ripenet_0000949.jpg,apple_unripe,apple_ripe,2,1,False,0.5264315009117126,apple_unripe,0.20506541430950165,alexcj10
data\processed\test\apple_unripe\alexcj10-ripenet_0000957.jpg,apple_unripe,papaya_unripe,2,14,False,0.6780916452407837,mango_unripe,0.13112963736057281,alexcj10
data\processed\test\apple_unripe\alexcj10-ripenet_0000965.jpg,apple_unripe,apple_ripe,2,1,False,0.4163609445095062,apple_unripe,0.29164743423461914,alexcj10
data\processed\test\apple_unripe\asadullahprl_0000656.jpg,apple_unripe,apple_unripe,2,2,True,0.9773937463760376,apple_ripe,0.01927485503256321,asadullahprl
data\processed\test\apple_unripe\asadullahprl_0000665.jpg,apple_unripe,apple_unripe,2,2,True,0.5218154788017273,mango_overripe,0.23753446340560913,asadullahprl
data\processed\test\apple_unripe\asadullahprl_0000683.jpg,apple_unripe,apple_unripe,2,2,True,0.6064332723617554,apple_ripe,0.3543035089969635,asadullahprl
data\processed\test\apple_unripe\asadullahprl_0000714.jpg,apple_unripe,apple_unripe,2,2,True,0.9652871489524841,apple_ripe,0.02617555297911167,asadullahprl
data\processed\test\apple_unripe\asadullahprl_0000719.jpg,apple_unripe,orange_unripe,2,11,False,0.4967006742954254,apple_unripe,0.3710583448410034,asadullahprl
data\processed\test\apple_unripe\asadullahprl_0000724.jpg,apple_unripe,apple_unripe,2,2,True,0.8283321261405945,mango_ripe,0.09900064766407013,asadullahprl
data\processed\test\apple_unripe\asadullahprl_0000729.jpg,apple_unripe,apple_unripe,2,2,True,0.9470967054367065,apple_ripe,0.0315193273127079,asadullahprl
data\processed\test\apple_unripe\asadullahprl_0000741.jpg,apple_unripe,apple_unripe,2,2,True,0.9823833703994751,mango_unripe,0.004997086711227894,asadullahprl
data\processed\test\apple_unripe\asadullahprl_0000752.jpg,apple_unripe,apple_unripe,2,2,True,0.9911764860153198,orange_unripe,0.003896465990692377,asadullahprl
data\processed\test\apple_unripe\asadullahprl_0000759.jpg,apple_unripe,orange_unripe,2,11,False,0.44174060225486755,apple_unripe,0.23824840784072876,asadullahprl
data\processed\test\apple_unripe\asadullahprl_0000761.jpg,apple_unripe,apple_unripe,2,2,True,0.8806286454200745,apple_ripe,0.05976491421461105,asadullahprl
data\processed\test\apple_unripe\asadullahprl_0000779.jpg,apple_unripe,apple_unripe,2,2,True,0.5266624093055725,mango_overripe,0.2032545506954193,asadullahprl
data\processed\test\apple_unripe\asadullahprl_0000781.jpg,apple_unripe,apple_ripe,2,1,False,0.692268431186676,apple_overripe,0.20295709371566772,asadullahprl
data\processed\test\apple_unripe\asadullahprl_0000793.jpg,apple_unripe,apple_unripe,2,2,True,0.5647512078285217,orange_unripe,0.14941707253456116,asadullahprl
data\processed\test\apple_unripe\asadullahprl_0000815.jpg,apple_unripe,apple_unripe,2,2,True,0.994882345199585,apple_ripe,0.0032852571457624435,asadullahprl
data\processed\test\apple_unripe\asadullahprl_0000854.jpg,apple_unripe,apple_unripe,2,2,True,0.8106885552406311,apple_ripe,0.10579883307218552,asadullahprl
data\processed\test\apple_unripe\asadullahprl_0000863.jpg,apple_unripe,apple_ripe,2,1,False,0.7342672348022461,apple_unripe,0.13152456283569336,asadullahprl
data\processed\test\apple_unripe\asadullahprl_0000867.jpg,apple_unripe,apple_unripe,2,2,True,0.9028241634368896,apple_ripe,0.080409936606884,asadullahprl
data\processed\test\apple_unripe\asadullahprl_0000886.jpg,apple_unripe,apple_unripe,2,2,True,0.3961370289325714,apple_ripe,0.3533591330051422,asadullahprl
data\processed\test\apple_unripe\asadullahprl_0000887.jpg,apple_unripe,apple_unripe,2,2,True,0.6964429616928101,apple_ripe,0.1421562135219574,asadullahprl
data\processed\test\apple_unripe\asadullahprl_0000894.jpg,apple_unripe,apple_unripe,2,2,True,0.7561091780662537,apple_ripe,0.15833401679992676,asadullahprl
data\processed\test\apple_unripe\asadullahprl_0000907.jpg,apple_unripe,tomato_unripe,2,20,False,0.5862876176834106,apple_unripe,0.2362133264541626,asadullahprl
data\processed\test\apple_unripe\asadullahprl_0000915.jpg,apple_unripe,apple_unripe,2,2,True,0.929417073726654,apple_ripe,0.0499066561460495,asadullahprl
data\processed\test\apple_unripe\asadullahprl_0000916.jpg,apple_unripe,apple_unripe,2,2,True,0.8662758469581604,orange_unripe,0.10456795245409012,asadullahprl
data\processed\test\apple_unripe\asadullahprl_0000919.jpg,apple_unripe,apple_unripe,2,2,True,0.9440138339996338,apple_ripe,0.03789796307682991,asadullahprl
data\processed\test\apple_unripe\asadullahprl_0000925.jpg,apple_unripe,apple_unripe,2,2,True,0.8852558135986328,apple_ripe,0.10662013292312622,asadullahprl
data\processed\test\apple_unripe\asadullahprl_0000928.jpg,apple_unripe,apple_unripe,2,2,True,0.9743098616600037,apple_ripe,0.01609792746603489,asadullahprl
data\processed\test\apple_unripe\asadullahprl_0000933.jpg,apple_unripe,apple_ripe,2,1,False,0.3871876299381256,tomato_overripe,0.38033193349838257,asadullahprl
data\processed\test\apple_unripe\asadullahprl_0000952.jpg,apple_unripe,apple_unripe,2,2,True,0.5740078687667847,tomato_unripe,0.12505674362182617,asadullahprl
data\processed\test\apple_unripe\asadullahprl_0000959.jpg,apple_unripe,banana_unripe,2,5,False,0.3444567918777466,mango_ripe,0.2734145522117615,asadullahprl
data\processed\test\apple_unripe\asadullahprl_0000964.jpg,apple_unripe,apple_unripe,2,2,True,0.9585369229316711,apple_ripe,0.0369257889688015,asadullahprl
data\processed\test\apple_unripe\leftin_0000650.jpg,apple_unripe,apple_unripe,2,2,True,0.3836927115917206,tomato_ripe,0.2214079350233078,leftin
data\processed\test\apple_unripe\leftin_0000651.jpg,apple_unripe,apple_unripe,2,2,True,0.5284360647201538,orange_unripe,0.46116143465042114,leftin
data\processed\test\apple_unripe\leftin_0000653.jpg,apple_unripe,apple_unripe,2,2,True,0.8595046401023865,orange_unripe,0.13591623306274414,leftin
data\processed\test\apple_unripe\leftin_0000654.jpg,apple_unripe,apple_unripe,2,2,True,0.9389402866363525,orange_unripe,0.02145850658416748,leftin
data\processed\test\apple_unripe\leftin_0000655.jpg,apple_unripe,orange_unripe,2,11,False,0.7896836400032043,apple_unripe,0.18645182251930237,leftin
data\processed\test\apple_unripe\leftin_0000658.jpg,apple_unripe,apple_unripe,2,2,True,0.8662298321723938,orange_unripe,0.10782989114522934,leftin
data\processed\test\apple_unripe\leftin_0000659.jpg,apple_unripe,apple_unripe,2,2,True,0.9761655926704407,apple_ripe,0.022356877103447914,leftin
data\processed\test\apple_unripe\leftin_0000660.jpg,apple_unripe,orange_unripe,2,11,False,0.8803210854530334,apple_unripe,0.11791658401489258,leftin
data\processed\test\apple_unripe\leftin_0000661.jpg,apple_unripe,banana_unripe,2,5,False,0.5509838461875916,orange_unripe,0.2852357029914856,leftin
data\processed\test\apple_unripe\leftin_0000662.jpg,apple_unripe,orange_unripe,2,11,False,0.5137725472450256,apple_unripe,0.42978933453559875,leftin
data\processed\test\apple_unripe\leftin_0000663.jpg,apple_unripe,apple_unripe,2,2,True,0.843089759349823,orange_unripe,0.14389635622501373,leftin
data\processed\test\apple_unripe\leftin_0000666.jpg,apple_unripe,orange_unripe,2,11,False,0.47584593296051025,banana_unripe,0.42233383655548096,leftin
data\processed\test\apple_unripe\leftin_0000667.jpg,apple_unripe,orange_unripe,2,11,False,0.7953644394874573,apple_unripe,0.20237751305103302,leftin
data\processed\test\apple_unripe\leftin_0000668.jpg,apple_unripe,banana_unripe,2,5,False,0.6817110776901245,banana_ripe,0.16985931992530823,leftin
data\processed\test\apple_unripe\leftin_0000669.jpg,apple_unripe,apple_unripe,2,2,True,0.7479430437088013,tomato_overripe,0.1817983090877533,leftin
data\processed\test\apple_unripe\leftin_0000670.jpg,apple_unripe,apple_unripe,2,2,True,0.6046159267425537,tomato_overripe,0.21478094160556793,leftin
data\processed\test\apple_unripe\leftin_0000671.jpg,apple_unripe,apple_unripe,2,2,True,0.9375155568122864,orange_unripe,0.05869172513484955,leftin
data\processed\test\apple_unripe\leftin_0000672.jpg,apple_unripe,apple_unripe,2,2,True,0.9032472372055054,orange_unripe,0.04458273947238922,leftin
data\processed\test\apple_unripe\leftin_0000675.jpg,apple_unripe,apple_unripe,2,2,True,0.5862786769866943,orange_unripe,0.3987768888473511,leftin
data\processed\test\apple_unripe\leftin_0000676.jpg,apple_unripe,apple_unripe,2,2,True,0.8030549883842468,apple_ripe,0.09247265011072159,leftin
data\processed\test\apple_unripe\leftin_0000677.jpg,apple_unripe,apple_unripe,2,2,True,0.9427957534790039,banana_unripe,0.025940066203475,leftin
data\processed\test\apple_unripe\leftin_0000678.jpg,apple_unripe,apple_unripe,2,2,True,0.9343322515487671,orange_unripe,0.0356440506875515,leftin
data\processed\test\apple_unripe\leftin_0000679.jpg,apple_unripe,orange_unripe,2,11,False,0.8176863789558411,apple_unripe,0.17911706864833832,leftin
data\processed\test\apple_unripe\leftin_0000680.jpg,apple_unripe,apple_unripe,2,2,True,0.9941281080245972,orange_unripe,0.0035182670690119267,leftin
data\processed\test\apple_unripe\leftin_0000681.jpg,apple_unripe,apple_unripe,2,2,True,0.9727086424827576,orange_unripe,0.024214742705225945,leftin
data\processed\test\apple_unripe\leftin_0000682.jpg,apple_unripe,apple_unripe,2,2,True,0.5276937484741211,banana_unripe,0.43075865507125854,leftin
data\processed\test\apple_unripe\leftin_0000684.jpg,apple_unripe,apple_unripe,2,2,True,0.7500302791595459,orange_unripe,0.23538587987422943,leftin
data\processed\test\apple_unripe\leftin_0000685.jpg,apple_unripe,apple_unripe,2,2,True,0.907832682132721,orange_unripe,0.05354686826467514,leftin
data\processed\test\apple_unripe\leftin_0000686.jpg,apple_unripe,apple_unripe,2,2,True,0.9930683374404907,orange_unripe,0.0037424801848828793,leftin
data\processed\test\apple_unripe\leftin_0000687.jpg,apple_unripe,apple_unripe,2,2,True,0.8776457905769348,orange_unripe,0.10059212148189545,leftin
data\processed\test\apple_unripe\leftin_0000688.jpg,apple_unripe,tomato_overripe,2,18,False,0.3289578855037689,apple_unripe,0.2780180275440216,leftin
data\processed\test\apple_unripe\leftin_0000691.jpg,apple_unripe,apple_unripe,2,2,True,0.873239278793335,orange_unripe,0.12437839061021805,leftin
data\processed\test\apple_unripe\leftin_0000692.jpg,apple_unripe,apple_unripe,2,2,True,0.8845430016517639,orange_unripe,0.10116012394428253,leftin
data\processed\test\apple_unripe\leftin_0000693.jpg,apple_unripe,orange_unripe,2,11,False,0.6817248463630676,apple_unripe,0.31168195605278015,leftin
data\processed\test\apple_unripe\leftin_0000695.jpg,apple_unripe,apple_unripe,2,2,True,0.9739757776260376,apple_ripe,0.018358204513788223,leftin
data\processed\test\apple_unripe\leftin_0000696.jpg,apple_unripe,apple_unripe,2,2,True,0.44441667199134827,orange_unripe,0.3506813049316406,leftin
data\processed\test\apple_unripe\leftin_0000698.jpg,apple_unripe,banana_unripe,2,5,False,0.48827487230300903,apple_unripe,0.4765672981739044,leftin
data\processed\test\apple_unripe\leftin_0000699.jpg,apple_unripe,apple_unripe,2,2,True,0.6750446557998657,banana_unripe,0.1801445633172989,leftin
data\processed\test\apple_unripe\leftin_0000700.jpg,apple_unripe,apple_unripe,2,2,True,0.718219518661499,orange_unripe,0.2718178927898407,leftin
data\processed\test\apple_unripe\leftin_0000703.jpg,apple_unripe,apple_unripe,2,2,True,0.9107462763786316,banana_unripe,0.07096698135137558,leftin
data\processed\test\apple_unripe\leftin_0000704.jpg,apple_unripe,apple_unripe,2,2,True,0.45273157954216003,orange_unripe,0.4431993067264557,leftin
data\processed\test\apple_unripe\leftin_0000705.jpg,apple_unripe,apple_unripe,2,2,True,0.871504545211792,banana_unripe,0.09007181972265244,leftin
data\processed\test\apple_unripe\leftin_0000706.jpg,apple_unripe,apple_unripe,2,2,True,0.9607825875282288,banana_unripe,0.022942818701267242,leftin
data\processed\test\apple_unripe\leftin_0000707.jpg,apple_unripe,apple_unripe,2,2,True,0.7443053722381592,banana_unripe,0.2350309193134308,leftin
data\processed\test\apple_unripe\leftin_0000708.jpg,apple_unripe,apple_unripe,2,2,True,0.9873998165130615,banana_unripe,0.006725735031068325,leftin
data\processed\test\apple_unripe\leftin_0000709.jpg,apple_unripe,apple_unripe,2,2,True,0.62858647108078,orange_unripe,0.36042162775993347,leftin
data\processed\test\apple_unripe\leftin_0000710.jpg,apple_unripe,banana_unripe,2,5,False,0.5574221611022949,apple_unripe,0.33003923296928406,leftin
data\processed\test\apple_unripe\leftin_0000711.jpg,apple_unripe,apple_unripe,2,2,True,0.6349393725395203,banana_unripe,0.2744532823562622,leftin
data\processed\test\apple_unripe\leftin_0000712.jpg,apple_unripe,orange_unripe,2,11,False,0.5694223642349243,apple_unripe,0.41943806409835815,leftin
data\processed\test\apple_unripe\leftin_0000713.jpg,apple_unripe,apple_unripe,2,2,True,0.517733097076416,orange_unripe,0.46511828899383545,leftin
data\processed\test\apple_unripe\leftin_0000715.jpg,apple_unripe,orange_unripe,2,11,False,0.89397794008255,apple_unripe,0.10457024723291397,leftin
data\processed\test\apple_unripe\leftin_0000716.jpg,apple_unripe,apple_unripe,2,2,True,0.7896902561187744,banana_unripe,0.1048990935087204,leftin
data\processed\test\apple_unripe\leftin_0000717.jpg,apple_unripe,apple_unripe,2,2,True,0.8289994597434998,orange_unripe,0.149726003408432,leftin
data\processed\test\apple_unripe\leftin_0000718.jpg,apple_unripe,apple_unripe,2,2,True,0.796058177947998,orange_unripe,0.20152607560157776,leftin
data\processed\test\apple_unripe\leftin_0000720.jpg,apple_unripe,apple_unripe,2,2,True,0.8838057518005371,orange_unripe,0.041009556502103806,leftin
data\processed\test\apple_unripe\leftin_0000722.jpg,apple_unripe,apple_unripe,2,2,True,0.92035311460495,orange_unripe,0.07841528207063675,leftin
data\processed\test\apple_unripe\leftin_0000723.jpg,apple_unripe,orange_unripe,2,11,False,0.910690188407898,apple_unripe,0.0789313092827797,leftin
data\processed\test\apple_unripe\leftin_0000725.jpg,apple_unripe,apple_unripe,2,2,True,0.8893166184425354,orange_unripe,0.05774465948343277,leftin
data\processed\test\apple_unripe\leftin_0000726.jpg,apple_unripe,apple_unripe,2,2,True,0.9696463942527771,banana_unripe,0.02450641430914402,leftin
data\processed\test\apple_unripe\leftin_0000727.jpg,apple_unripe,apple_unripe,2,2,True,0.8783074021339417,orange_unripe,0.10764455050230026,leftin
data\processed\test\apple_unripe\leftin_0000732.jpg,apple_unripe,apple_unripe,2,2,True,0.9643861651420593,apple_ripe,0.022633101791143417,leftin
data\processed\test\apple_unripe\leftin_0000733.jpg,apple_unripe,banana_unripe,2,5,False,0.6012779474258423,apple_unripe,0.2916232943534851,leftin
data\processed\test\apple_unripe\leftin_0000734.jpg,apple_unripe,apple_unripe,2,2,True,0.4855796992778778,orange_unripe,0.46964800357818604,leftin
data\processed\test\apple_unripe\leftin_0000735.jpg,apple_unripe,apple_unripe,2,2,True,0.6528450846672058,orange_unripe,0.2046232968568802,leftin
data\processed\test\apple_unripe\leftin_0000736.jpg,apple_unripe,apple_unripe,2,2,True,0.8654120564460754,orange_unripe,0.12704125046730042,leftin
data\processed\test\apple_unripe\leftin_0000737.jpg,apple_unripe,orange_unripe,2,11,False,0.7993705868721008,banana_unripe,0.09750049561262131,leftin
data\processed\test\apple_unripe\leftin_0000738.jpg,apple_unripe,apple_unripe,2,2,True,0.603074312210083,orange_unripe,0.3885039985179901,leftin
data\processed\test\apple_unripe\leftin_0000739.jpg,apple_unripe,apple_unripe,2,2,True,0.9777872562408447,orange_unripe,0.014967413619160652,leftin
data\processed\test\apple_unripe\leftin_0000740.jpg,apple_unripe,apple_unripe,2,2,True,0.5432666540145874,orange_unripe,0.4500066637992859,leftin
data\processed\test\apple_unripe\leftin_0000742.jpg,apple_unripe,orange_unripe,2,11,False,0.9107623100280762,apple_unripe,0.08189710229635239,leftin
data\processed\test\apple_unripe\leftin_0000743.jpg,apple_unripe,orange_unripe,2,11,False,0.5930883884429932,apple_unripe,0.37870335578918457,leftin
data\processed\test\apple_unripe\leftin_0000744.jpg,apple_unripe,apple_unripe,2,2,True,0.6728034019470215,orange_unripe,0.2599118947982788,leftin
data\processed\test\apple_unripe\leftin_0000745.jpg,apple_unripe,apple_unripe,2,2,True,0.7463629841804504,orange_unripe,0.23400139808654785,leftin
data\processed\test\apple_unripe\leftin_0000746.jpg,apple_unripe,apple_unripe,2,2,True,0.8125909566879272,banana_unripe,0.05887997895479202,leftin
data\processed\test\apple_unripe\leftin_0000750.jpg,apple_unripe,apple_unripe,2,2,True,0.9770413041114807,orange_unripe,0.010497858747839928,leftin
data\processed\test\apple_unripe\leftin_0000751.jpg,apple_unripe,orange_unripe,2,11,False,0.6320322155952454,apple_unripe,0.3352433443069458,leftin
data\processed\test\apple_unripe\leftin_0000753.jpg,apple_unripe,apple_unripe,2,2,True,0.9733613133430481,orange_unripe,0.017335830256342888,leftin
data\processed\test\apple_unripe\leftin_0000754.jpg,apple_unripe,banana_unripe,2,5,False,0.760145366191864,apple_unripe,0.17543387413024902,leftin
data\processed\test\apple_unripe\leftin_0000756.jpg,apple_unripe,apple_unripe,2,2,True,0.9069459438323975,banana_unripe,0.06980665773153305,leftin
data\processed\test\apple_unripe\leftin_0000757.jpg,apple_unripe,apple_unripe,2,2,True,0.9849008321762085,orange_unripe,0.010807810351252556,leftin
data\processed\test\apple_unripe\leftin_0000758.jpg,apple_unripe,apple_unripe,2,2,True,0.8708318471908569,orange_unripe,0.12608854472637177,leftin
data\processed\test\apple_unripe\leftin_0000760.jpg,apple_unripe,apple_unripe,2,2,True,0.7552980184555054,tomato_overripe,0.1402730494737625,leftin
data\processed\test\apple_unripe\leftin_0000762.jpg,apple_unripe,apple_unripe,2,2,True,0.6756944060325623,orange_unripe,0.3154992163181305,leftin
data\processed\test\apple_unripe\leftin_0000763.jpg,apple_unripe,apple_unripe,2,2,True,0.8741821050643921,orange_unripe,0.06078716740012169,leftin
data\processed\test\apple_unripe\leftin_0000764.jpg,apple_unripe,orange_unripe,2,11,False,0.8383452296257019,apple_unripe,0.16010646522045135,leftin
data\processed\test\apple_unripe\leftin_0000765.jpg,apple_unripe,apple_unripe,2,2,True,0.9462049007415771,orange_unripe,0.05237870663404465,leftin
data\processed\test\apple_unripe\leftin_0000766.jpg,apple_unripe,apple_unripe,2,2,True,0.8532702326774597,orange_unripe,0.11963685601949692,leftin
data\processed\test\apple_unripe\leftin_0000767.jpg,apple_unripe,orange_unripe,2,11,False,0.7231901288032532,apple_unripe,0.27355894446372986,leftin
data\processed\test\apple_unripe\leftin_0000768.jpg,apple_unripe,apple_unripe,2,2,True,0.9993058443069458,orange_unripe,0.00041645861347205937,leftin
data\processed\test\apple_unripe\leftin_0000769.jpg,apple_unripe,orange_unripe,2,11,False,0.5127028822898865,apple_unripe,0.4855964779853821,leftin
data\processed\test\apple_unripe\leftin_0000770.jpg,apple_unripe,apple_unripe,2,2,True,0.9576506614685059,orange_unripe,0.02054816111922264,leftin
data\processed\test\apple_unripe\leftin_0000773.jpg,apple_unripe,apple_unripe,2,2,True,0.9435791969299316,orange_unripe,0.05361590161919594,leftin
data\processed\test\apple_unripe\leftin_0000774.jpg,apple_unripe,orange_unripe,2,11,False,0.8045003414154053,apple_unripe,0.19367527961730957,leftin
data\processed\test\apple_unripe\leftin_0000775.jpg,apple_unripe,orange_unripe,2,11,False,0.568615198135376,apple_unripe,0.42866718769073486,leftin
data\processed\test\apple_unripe\leftin_0000776.jpg,apple_unripe,apple_unripe,2,2,True,0.5680552124977112,orange_unripe,0.4317720830440521,leftin
data\processed\test\apple_unripe\leftin_0000777.jpg,apple_unripe,apple_unripe,2,2,True,0.8692633509635925,orange_unripe,0.12600845098495483,leftin
data\processed\test\apple_unripe\leftin_0000780.jpg,apple_unripe,apple_unripe,2,2,True,0.7932465672492981,banana_unripe,0.10873254388570786,leftin
data\processed\test\apple_unripe\leftin_0000784.jpg,apple_unripe,orange_unripe,2,11,False,0.7092268466949463,apple_unripe,0.28974518179893494,leftin
data\processed\test\apple_unripe\leftin_0000785.jpg,apple_unripe,apple_unripe,2,2,True,0.8534683585166931,orange_unripe,0.09542275220155716,leftin
data\processed\test\apple_unripe\leftin_0000786.jpg,apple_unripe,apple_unripe,2,2,True,0.5776257514953613,orange_unripe,0.4089476764202118,leftin
data\processed\test\apple_unripe\leftin_0000788.jpg,apple_unripe,apple_unripe,2,2,True,0.7898687720298767,orange_unripe,0.13441689312458038,leftin
data\processed\test\apple_unripe\leftin_0000789.jpg,apple_unripe,apple_unripe,2,2,True,0.8405404686927795,orange_unripe,0.14091500639915466,leftin
data\processed\test\apple_unripe\leftin_0000790.jpg,apple_unripe,orange_unripe,2,11,False,0.5524793863296509,apple_unripe,0.4340217411518097,leftin
data\processed\test\apple_unripe\leftin_0000791.jpg,apple_unripe,orange_unripe,2,11,False,0.8181695938110352,apple_unripe,0.1630154699087143,leftin
data\processed\test\apple_unripe\leftin_0000792.jpg,apple_unripe,apple_unripe,2,2,True,0.8837323188781738,orange_unripe,0.0737239271402359,leftin
data\processed\test\apple_unripe\leftin_0000794.jpg,apple_unripe,apple_unripe,2,2,True,0.8582186102867126,orange_unripe,0.0965978354215622,leftin
data\processed\test\apple_unripe\leftin_0000795.jpg,apple_unripe,orange_unripe,2,11,False,0.5664693117141724,apple_unripe,0.27408501505851746,leftin
data\processed\test\apple_unripe\leftin_0000796.jpg,apple_unripe,apple_unripe,2,2,True,0.8805097937583923,orange_unripe,0.08140053600072861,leftin
data\processed\test\apple_unripe\leftin_0000797.jpg,apple_unripe,orange_unripe,2,11,False,0.5003791451454163,apple_unripe,0.47884315252304077,leftin
data\processed\test\apple_unripe\leftin_0000798.jpg,apple_unripe,apple_unripe,2,2,True,0.9995096921920776,apple_ripe,0.00031219530501402915,leftin
data\processed\test\apple_unripe\leftin_0000799.jpg,apple_unripe,apple_unripe,2,2,True,0.9486469626426697,orange_unripe,0.029586201533675194,leftin
data\processed\test\apple_unripe\leftin_0000801.jpg,apple_unripe,apple_unripe,2,2,True,0.9720872044563293,apple_ripe,0.018283389508724213,leftin
data\processed\test\apple_unripe\leftin_0000802.jpg,apple_unripe,apple_unripe,2,2,True,0.9527847766876221,banana_unripe,0.03901220113039017,leftin
data\processed\test\apple_unripe\leftin_0000803.jpg,apple_unripe,apple_unripe,2,2,True,0.7268463969230652,orange_unripe,0.25960612297058105,leftin
data\processed\test\apple_unripe\leftin_0000804.jpg,apple_unripe,apple_unripe,2,2,True,0.6571913957595825,orange_unripe,0.2700486183166504,leftin
data\processed\test\apple_unripe\leftin_0000805.jpg,apple_unripe,apple_unripe,2,2,True,0.8819916248321533,banana_unripe,0.10818101465702057,leftin
data\processed\test\apple_unripe\leftin_0000808.jpg,apple_unripe,tomato_overripe,2,18,False,0.5517453551292419,apple_unripe,0.3565635085105896,leftin
data\processed\test\apple_unripe\leftin_0000810.jpg,apple_unripe,apple_unripe,2,2,True,0.8426452875137329,orange_unripe,0.1442745178937912,leftin
data\processed\test\apple_unripe\leftin_0000811.jpg,apple_unripe,orange_unripe,2,11,False,0.6748030781745911,apple_unripe,0.3004390597343445,leftin
data\processed\test\apple_unripe\leftin_0000813.jpg,apple_unripe,apple_unripe,2,2,True,0.8924459218978882,orange_unripe,0.0477631539106369,leftin
data\processed\test\apple_unripe\leftin_0000814.jpg,apple_unripe,apple_unripe,2,2,True,0.9292939305305481,orange_unripe,0.05029737576842308,leftin
data\processed\test\apple_unripe\leftin_0000816.jpg,apple_unripe,banana_unripe,2,5,False,0.6256440281867981,banana_ripe,0.3307165801525116,leftin
data\processed\test\apple_unripe\leftin_0000817.jpg,apple_unripe,apple_unripe,2,2,True,0.9771650433540344,orange_unripe,0.014742519706487656,leftin
data\processed\test\apple_unripe\leftin_0000818.jpg,apple_unripe,apple_unripe,2,2,True,0.9423037171363831,banana_unripe,0.031004760414361954,leftin
data\processed\test\apple_unripe\leftin_0000820.jpg,apple_unripe,apple_unripe,2,2,True,0.5580119490623474,banana_unripe,0.2354450225830078,leftin
data\processed\test\apple_unripe\leftin_0000821.jpg,apple_unripe,apple_unripe,2,2,True,0.9534059166908264,orange_unripe,0.03708972409367561,leftin
data\processed\test\apple_unripe\leftin_0000822.jpg,apple_unripe,apple_unripe,2,2,True,0.8553101420402527,orange_unripe,0.12433549761772156,leftin
data\processed\test\apple_unripe\leftin_0000823.jpg,apple_unripe,apple_unripe,2,2,True,0.8568466901779175,orange_unripe,0.08789876848459244,leftin
data\processed\test\apple_unripe\leftin_0000826.jpg,apple_unripe,banana_unripe,2,5,False,0.8227144479751587,apple_unripe,0.0910230502486229,leftin
data\processed\test\apple_unripe\leftin_0000827.jpg,apple_unripe,apple_unripe,2,2,True,0.8900337219238281,orange_unripe,0.09546943008899689,leftin
data\processed\test\apple_unripe\leftin_0000828.jpg,apple_unripe,apple_unripe,2,2,True,0.9401999711990356,orange_unripe,0.058317918330430984,leftin
data\processed\test\apple_unripe\leftin_0000830.jpg,apple_unripe,banana_unripe,2,5,False,0.6521053314208984,apple_unripe,0.21231356263160706,leftin
data\processed\test\apple_unripe\leftin_0000831.jpg,apple_unripe,orange_unripe,2,11,False,0.8190996050834656,apple_unripe,0.17719204723834991,leftin
data\processed\test\apple_unripe\leftin_0000832.jpg,apple_unripe,apple_unripe,2,2,True,0.8759223818778992,orange_unripe,0.12010286748409271,leftin
data\processed\test\apple_unripe\leftin_0000834.jpg,apple_unripe,apple_unripe,2,2,True,0.8108941316604614,orange_unripe,0.18566906452178955,leftin
data\processed\test\apple_unripe\leftin_0000835.jpg,apple_unripe,apple_unripe,2,2,True,0.8451367020606995,banana_unripe,0.13320618867874146,leftin
data\processed\test\apple_unripe\leftin_0000836.jpg,apple_unripe,apple_unripe,2,2,True,0.8485373258590698,orange_unripe,0.13947366178035736,leftin
data\processed\test\apple_unripe\leftin_0000837.jpg,apple_unripe,apple_unripe,2,2,True,0.8928520083427429,orange_unripe,0.04588441178202629,leftin
data\processed\test\apple_unripe\leftin_0000838.jpg,apple_unripe,apple_unripe,2,2,True,0.9780207276344299,orange_unripe,0.015662141144275665,leftin
data\processed\test\apple_unripe\leftin_0000839.jpg,apple_unripe,apple_unripe,2,2,True,0.5617825388908386,orange_unripe,0.3348678946495056,leftin
data\processed\test\apple_unripe\leftin_0000840.jpg,apple_unripe,apple_unripe,2,2,True,0.8426271677017212,banana_unripe,0.12880980968475342,leftin
data\processed\test\apple_unripe\leftin_0000841.jpg,apple_unripe,apple_unripe,2,2,True,0.8409371376037598,orange_unripe,0.09135209769010544,leftin
data\processed\test\apple_unripe\leftin_0000842.jpg,apple_unripe,apple_unripe,2,2,True,0.9351325035095215,orange_unripe,0.026525383815169334,leftin
data\processed\test\apple_unripe\leftin_0000843.jpg,apple_unripe,apple_unripe,2,2,True,0.9828420281410217,banana_unripe,0.0070730047300457954,leftin
data\processed\test\apple_unripe\leftin_0000844.jpg,apple_unripe,apple_unripe,2,2,True,0.9441838264465332,orange_unripe,0.040554195642471313,leftin
data\processed\test\apple_unripe\leftin_0000845.jpg,apple_unripe,apple_unripe,2,2,True,0.978192150592804,orange_unripe,0.01947309635579586,leftin
data\processed\test\apple_unripe\leftin_0000846.jpg,apple_unripe,orange_unripe,2,11,False,0.6733551025390625,apple_unripe,0.314679890871048,leftin
data\processed\test\apple_unripe\leftin_0000848.jpg,apple_unripe,apple_unripe,2,2,True,0.9026767015457153,banana_unripe,0.07622544467449188,leftin
data\processed\test\apple_unripe\leftin_0000849.jpg,apple_unripe,apple_unripe,2,2,True,0.874423623085022,orange_unripe,0.11753533780574799,leftin
data\processed\test\apple_unripe\leftin_0000851.jpg,apple_unripe,apple_unripe,2,2,True,0.9041953086853027,orange_unripe,0.06974560022354126,leftin
data\processed\test\apple_unripe\leftin_0000852.jpg,apple_unripe,banana_unripe,2,5,False,0.5621576309204102,apple_unripe,0.3367833197116852,leftin
data\processed\test\apple_unripe\leftin_0000855.jpg,apple_unripe,apple_unripe,2,2,True,0.9176647067070007,orange_unripe,0.07983233034610748,leftin
data\processed\test\apple_unripe\leftin_0000857.jpg,apple_unripe,apple_unripe,2,2,True,0.7509856820106506,orange_unripe,0.24895213544368744,leftin
data\processed\test\apple_unripe\leftin_0000858.jpg,apple_unripe,apple_unripe,2,2,True,0.9698857665061951,orange_unripe,0.028178002685308456,leftin
data\processed\test\apple_unripe\leftin_0000859.jpg,apple_unripe,apple_unripe,2,2,True,0.9421800971031189,apple_ripe,0.020781738683581352,leftin
data\processed\test\apple_unripe\leftin_0000860.jpg,apple_unripe,apple_unripe,2,2,True,0.9728444218635559,orange_unripe,0.008561095222830772,leftin
data\processed\test\apple_unripe\leftin_0000861.jpg,apple_unripe,apple_unripe,2,2,True,0.9325295686721802,orange_unripe,0.03504174202680588,leftin
data\processed\test\apple_unripe\leftin_0000862.jpg,apple_unripe,apple_unripe,2,2,True,0.9807696342468262,orange_unripe,0.01864667236804962,leftin
data\processed\test\apple_unripe\leftin_0000864.jpg,apple_unripe,apple_unripe,2,2,True,0.9621165990829468,orange_unripe,0.03640177473425865,leftin
data\processed\test\apple_unripe\leftin_0000865.jpg,apple_unripe,apple_unripe,2,2,True,0.4832165837287903,orange_unripe,0.4175325930118561,leftin
data\processed\test\apple_unripe\leftin_0000866.jpg,apple_unripe,apple_unripe,2,2,True,0.9216212630271912,orange_unripe,0.05194702744483948,leftin
data\processed\test\apple_unripe\leftin_0000868.jpg,apple_unripe,apple_unripe,2,2,True,0.5993779301643372,orange_unripe,0.2739448845386505,leftin
data\processed\test\apple_unripe\leftin_0000869.jpg,apple_unripe,orange_unripe,2,11,False,0.6308460235595703,apple_unripe,0.36092567443847656,leftin
data\processed\test\apple_unripe\leftin_0000870.jpg,apple_unripe,apple_unripe,2,2,True,0.8285795450210571,orange_unripe,0.13434018194675446,leftin
data\processed\test\apple_unripe\leftin_0000871.jpg,apple_unripe,banana_unripe,2,5,False,0.9361023902893066,apple_unripe,0.053138427436351776,leftin
data\processed\test\apple_unripe\leftin_0000872.jpg,apple_unripe,apple_unripe,2,2,True,0.9328224062919617,orange_unripe,0.06574523448944092,leftin
data\processed\test\apple_unripe\leftin_0000873.jpg,apple_unripe,apple_unripe,2,2,True,0.9128308892250061,orange_unripe,0.043531548231840134,leftin
data\processed\test\apple_unripe\leftin_0000874.jpg,apple_unripe,orange_unripe,2,11,False,0.8531275391578674,apple_unripe,0.13980546593666077,leftin
data\processed\test\apple_unripe\leftin_0000876.jpg,apple_unripe,banana_unripe,2,5,False,0.8244514465332031,apple_unripe,0.13140574097633362,leftin
data\processed\test\apple_unripe\leftin_0000878.jpg,apple_unripe,apple_unripe,2,2,True,0.9271194338798523,orange_unripe,0.045009490102529526,leftin
data\processed\test\apple_unripe\leftin_0000880.jpg,apple_unripe,apple_unripe,2,2,True,0.8756321668624878,orange_unripe,0.09840817749500275,leftin
data\processed\test\apple_unripe\leftin_0000881.jpg,apple_unripe,apple_unripe,2,2,True,0.7218405604362488,orange_unripe,0.27476686239242554,leftin
data\processed\test\apple_unripe\leftin_0000882.jpg,apple_unripe,orange_unripe,2,11,False,0.47225505113601685,apple_unripe,0.3563743829727173,leftin
data\processed\test\apple_unripe\leftin_0000883.jpg,apple_unripe,banana_unripe,2,5,False,0.5119698643684387,apple_unripe,0.37475115060806274,leftin
data\processed\test\apple_unripe\leftin_0000884.jpg,apple_unripe,apple_unripe,2,2,True,0.6955083608627319,orange_unripe,0.268807053565979,leftin
data\processed\test\apple_unripe\leftin_0000885.jpg,apple_unripe,apple_unripe,2,2,True,0.9636725783348083,orange_unripe,0.03571995720267296,leftin
data\processed\test\apple_unripe\leftin_0000889.jpg,apple_unripe,tomato_overripe,2,18,False,0.7134028673171997,apple_unripe,0.1770656853914261,leftin
data\processed\test\apple_unripe\leftin_0000890.jpg,apple_unripe,orange_unripe,2,11,False,0.5886562466621399,apple_unripe,0.4068182408809662,leftin
data\processed\test\apple_unripe\leftin_0000891.jpg,apple_unripe,apple_unripe,2,2,True,0.6954258680343628,orange_unripe,0.2939574718475342,leftin
data\processed\test\apple_unripe\leftin_0000892.jpg,apple_unripe,apple_unripe,2,2,True,0.9108539819717407,orange_unripe,0.07893673330545425,leftin
data\processed\test\apple_unripe\leftin_0000893.jpg,apple_unripe,banana_unripe,2,5,False,0.5747702121734619,apple_unripe,0.35335826873779297,leftin
data\processed\test\apple_unripe\leftin_0000895.jpg,apple_unripe,apple_unripe,2,2,True,0.9995699524879456,orange_unripe,0.00016094859165605158,leftin
data\processed\test\apple_unripe\leftin_0000896.jpg,apple_unripe,apple_unripe,2,2,True,0.6944356560707092,orange_unripe,0.27017971873283386,leftin
data\processed\test\apple_unripe\leftin_0000897.jpg,apple_unripe,apple_unripe,2,2,True,0.5012295842170715,orange_unripe,0.4901439845561981,leftin
data\processed\test\apple_unripe\leftin_0000898.jpg,apple_unripe,apple_unripe,2,2,True,0.4973328709602356,orange_unripe,0.2833223044872284,leftin
data\processed\test\apple_unripe\leftin_0000899.jpg,apple_unripe,apple_unripe,2,2,True,0.5389207005500793,orange_unripe,0.38971322774887085,leftin
data\processed\test\apple_unripe\leftin_0000901.jpg,apple_unripe,orange_unripe,2,11,False,0.8758410215377808,banana_unripe,0.06325666606426239,leftin
data\processed\test\apple_unripe\leftin_0000902.jpg,apple_unripe,apple_unripe,2,2,True,0.8273223638534546,orange_unripe,0.08545631915330887,leftin
data\processed\test\apple_unripe\leftin_0000903.jpg,apple_unripe,orange_unripe,2,11,False,0.832343578338623,apple_unripe,0.1653502881526947,leftin
data\processed\test\apple_unripe\leftin_0000904.jpg,apple_unripe,orange_unripe,2,11,False,0.6379824876785278,apple_unripe,0.3400135338306427,leftin
data\processed\test\apple_unripe\leftin_0000906.jpg,apple_unripe,orange_unripe,2,11,False,0.8892400860786438,apple_unripe,0.08697885274887085,leftin
data\processed\test\apple_unripe\leftin_0000908.jpg,apple_unripe,apple_unripe,2,2,True,0.8886474370956421,orange_unripe,0.06748513877391815,leftin
data\processed\test\apple_unripe\leftin_0000909.jpg,apple_unripe,apple_unripe,2,2,True,0.9276683330535889,orange_unripe,0.057954948395490646,leftin
data\processed\test\apple_unripe\leftin_0000914.jpg,apple_unripe,apple_unripe,2,2,True,0.9849417209625244,orange_unripe,0.008366493508219719,leftin
data\processed\test\apple_unripe\leftin_0000918.jpg,apple_unripe,orange_unripe,2,11,False,0.8248031735420227,apple_unripe,0.16982315480709076,leftin
data\processed\test\apple_unripe\leftin_0000920.jpg,apple_unripe,apple_unripe,2,2,True,0.8589337468147278,orange_unripe,0.1368621438741684,leftin
data\processed\test\apple_unripe\leftin_0000921.jpg,apple_unripe,apple_unripe,2,2,True,0.7499995231628418,orange_unripe,0.24552087485790253,leftin
data\processed\test\apple_unripe\leftin_0000923.jpg,apple_unripe,orange_unripe,2,11,False,0.5526546239852905,apple_unripe,0.437301903963089,leftin
data\processed\test\apple_unripe\leftin_0000924.jpg,apple_unripe,apple_unripe,2,2,True,0.8907797932624817,orange_unripe,0.10599801689386368,leftin
data\processed\test\apple_unripe\leftin_0000926.jpg,apple_unripe,apple_unripe,2,2,True,0.9962106943130493,orange_unripe,0.0028489045798778534,leftin
data\processed\test\apple_unripe\leftin_0000927.jpg,apple_unripe,apple_unripe,2,2,True,0.4742695689201355,orange_unripe,0.4648190140724182,leftin
data\processed\test\apple_unripe\leftin_0000929.jpg,apple_unripe,apple_unripe,2,2,True,0.9353525042533875,banana_unripe,0.0408460833132267,leftin
data\processed\test\apple_unripe\leftin_0000931.jpg,apple_unripe,apple_unripe,2,2,True,0.9241968989372253,orange_unripe,0.06059325858950615,leftin
data\processed\test\apple_unripe\leftin_0000932.jpg,apple_unripe,apple_unripe,2,2,True,0.8267948627471924,banana_unripe,0.08674909919500351,leftin
data\processed\test\apple_unripe\leftin_0000937.jpg,apple_unripe,apple_unripe,2,2,True,0.5523216128349304,tomato_overripe,0.1782350391149521,leftin
data\processed\test\apple_unripe\leftin_0000939.jpg,apple_unripe,apple_unripe,2,2,True,0.9510918259620667,tomato_unripe,0.01802077703177929,leftin
data\processed\test\apple_unripe\leftin_0000940.jpg,apple_unripe,apple_unripe,2,2,True,0.9254143238067627,orange_unripe,0.058421336114406586,leftin
data\processed\test\apple_unripe\leftin_0000941.jpg,apple_unripe,apple_unripe,2,2,True,0.9885650277137756,apple_ripe,0.009411642327904701,leftin
data\processed\test\apple_unripe\leftin_0000942.jpg,apple_unripe,apple_unripe,2,2,True,0.9484137892723083,banana_unripe,0.02628888376057148,leftin
data\processed\test\apple_unripe\leftin_0000944.jpg,apple_unripe,apple_unripe,2,2,True,0.8156877756118774,orange_unripe,0.10933741182088852,leftin
data\processed\test\apple_unripe\leftin_0000945.jpg,apple_unripe,apple_unripe,2,2,True,0.9373303651809692,banana_unripe,0.048899900168180466,leftin
data\processed\test\apple_unripe\leftin_0000946.jpg,apple_unripe,orange_unripe,2,11,False,0.7921043038368225,apple_unripe,0.16837361454963684,leftin
data\processed\test\apple_unripe\leftin_0000947.jpg,apple_unripe,apple_unripe,2,2,True,0.5781747698783875,orange_unripe,0.40713152289390564,leftin
data\processed\test\apple_unripe\leftin_0000948.jpg,apple_unripe,apple_unripe,2,2,True,0.7210776209831238,orange_unripe,0.2664652466773987,leftin
data\processed\test\apple_unripe\leftin_0000950.jpg,apple_unripe,apple_unripe,2,2,True,0.8550485968589783,orange_unripe,0.1227710098028183,leftin
data\processed\test\apple_unripe\leftin_0000951.jpg,apple_unripe,apple_unripe,2,2,True,0.6967450976371765,tomato_overripe,0.190945565700531,leftin
data\processed\test\apple_unripe\leftin_0000953.jpg,apple_unripe,orange_unripe,2,11,False,0.526605486869812,apple_unripe,0.25247031450271606,leftin
data\processed\test\apple_unripe\leftin_0000954.jpg,apple_unripe,apple_unripe,2,2,True,0.7556586265563965,banana_unripe,0.18486110866069794,leftin
data\processed\test\apple_unripe\leftin_0000955.jpg,apple_unripe,orange_unripe,2,11,False,0.5461832880973816,apple_unripe,0.42965805530548096,leftin
data\processed\test\apple_unripe\leftin_0000956.jpg,apple_unripe,orange_unripe,2,11,False,0.8856675028800964,apple_unripe,0.10402067005634308,leftin
data\processed\test\apple_unripe\leftin_0000958.jpg,apple_unripe,apple_unripe,2,2,True,0.845215916633606,orange_unripe,0.14663073420524597,leftin
data\processed\test\apple_unripe\leftin_0000960.jpg,apple_unripe,orange_unripe,2,11,False,0.6219266057014465,apple_unripe,0.2517019510269165,leftin
data\processed\test\apple_unripe\leftin_0000961.jpg,apple_unripe,apple_unripe,2,2,True,0.9504140019416809,apple_ripe,0.02952069230377674,leftin
data\processed\test\apple_unripe\leftin_0000962.jpg,apple_unripe,apple_unripe,2,2,True,0.6903792023658752,orange_unripe,0.29814910888671875,leftin
data\processed\test\apple_unripe\leftin_0000963.jpg,apple_unripe,apple_unripe,2,2,True,0.6503291726112366,orange_unripe,0.3377472758293152,leftin
data\processed\test\apple_unripe\leftin_0000966.jpg,apple_unripe,apple_unripe,2,2,True,0.7868083715438843,orange_unripe,0.1421779841184616,leftin
data\processed\test\banana_overripe\alexcj10-ripenet_0000968.jpg,banana_overripe,banana_overripe,3,3,True,0.7930640578269958,banana_ripe,0.20359791815280914,alexcj10
data\processed\test\banana_overripe\alexcj10-ripenet_0000974.jpg,banana_overripe,banana_overripe,3,3,True,0.9818728566169739,banana_ripe,0.01575101539492607,alexcj10
data\processed\test\banana_overripe\alexcj10-ripenet_0000975.jpg,banana_overripe,banana_overripe,3,3,True,0.9984474778175354,banana_ripe,0.0011946398299187422,alexcj10
data\processed\test\banana_overripe\alexcj10-ripenet_0000986.jpg,banana_overripe,banana_overripe,3,3,True,0.9987558126449585,mango_overripe,0.0005732150748372078,alexcj10
data\processed\test\banana_overripe\alexcj10-ripenet_0000997.jpg,banana_overripe,banana_overripe,3,3,True,0.7216717004776001,pineapple_overripe,0.094793900847435,alexcj10
data\processed\test\banana_overripe\alexcj10-ripenet_0001018.jpg,banana_overripe,banana_overripe,3,3,True,0.7594501376152039,banana_ripe,0.15900713205337524,alexcj10
data\processed\test\banana_overripe\alexcj10-ripenet_0001020.jpg,banana_overripe,banana_unripe,3,5,False,0.242012158036232,pineapple_ripe,0.20279774069786072,alexcj10
data\processed\test\banana_overripe\alexcj10-ripenet_0001028.jpg,banana_overripe,banana_overripe,3,3,True,0.9939435124397278,banana_ripe,0.005625058431178331,alexcj10
data\processed\test\banana_overripe\alexcj10-ripenet_0001031.jpg,banana_overripe,banana_ripe,3,4,False,0.6702282428741455,banana_overripe,0.2868254780769348,alexcj10
data\processed\test\banana_overripe\alexcj10-ripenet_0001032.jpg,banana_overripe,banana_overripe,3,3,True,0.9033769369125366,banana_ripe,0.06605950742959976,alexcj10
data\processed\test\banana_overripe\alexcj10-ripenet_0001042.jpg,banana_overripe,banana_overripe,3,3,True,0.9680352210998535,banana_ripe,0.029220283031463623,alexcj10
data\processed\test\banana_overripe\alexcj10-ripenet_0001046.jpg,banana_overripe,banana_overripe,3,3,True,0.8055498600006104,mango_overripe,0.11202047765254974,alexcj10
data\processed\test\banana_overripe\alexcj10-ripenet_0001050.jpg,banana_overripe,banana_overripe,3,3,True,0.9807807803153992,banana_ripe,0.009939074516296387,alexcj10
data\processed\test\banana_overripe\alexcj10-ripenet_0001061.jpg,banana_overripe,banana_overripe,3,3,True,0.9833967089653015,papaya_overripe,0.005834945943206549,alexcj10
data\processed\test\banana_overripe\alexcj10-ripenet_0001062.jpg,banana_overripe,banana_overripe,3,3,True,0.9452896118164062,mango_overripe,0.04274864122271538,alexcj10
data\processed\test\banana_overripe\alexcj10-ripenet_0001063.jpg,banana_overripe,banana_overripe,3,3,True,0.9829872846603394,papaya_overripe,0.010377533733844757,alexcj10
data\processed\test\banana_overripe\alexcj10-ripenet_0001070.jpg,banana_overripe,banana_overripe,3,3,True,0.3911050856113434,mango_overripe,0.3532886803150177,alexcj10
data\processed\test\banana_overripe\alexcj10-ripenet_0001072.jpg,banana_overripe,banana_overripe,3,3,True,0.9997038245201111,banana_ripe,0.0002740004565566778,alexcj10
data\processed\test\banana_overripe\alexcj10-ripenet_0001075.jpg,banana_overripe,banana_overripe,3,3,True,0.9335618615150452,mango_overripe,0.03829420357942581,alexcj10
data\processed\test\banana_overripe\alexcj10-ripenet_0001080.jpg,banana_overripe,papaya_overripe,3,12,False,0.8551293611526489,banana_overripe,0.07658152282238007,alexcj10
data\processed\test\banana_overripe\alexcj10-ripenet_0001094.jpg,banana_overripe,banana_overripe,3,3,True,0.9703283309936523,banana_ripe,0.014217503368854523,alexcj10
data\processed\test\banana_overripe\alexcj10-ripenet_0001097.jpg,banana_overripe,banana_overripe,3,3,True,0.960561990737915,banana_ripe,0.01624555140733719,alexcj10
data\processed\test\banana_overripe\alexcj10-ripenet_0001123.jpg,banana_overripe,banana_overripe,3,3,True,0.7762891054153442,papaya_overripe,0.09202118963003159,alexcj10
data\processed\test\banana_overripe\alexcj10-ripenet_0001124.jpg,banana_overripe,banana_ripe,3,4,False,0.7270094156265259,banana_overripe,0.1828937828540802,alexcj10
data\processed\test\banana_overripe\alexcj10-ripenet_0001138.jpg,banana_overripe,banana_overripe,3,3,True,0.9864850044250488,banana_ripe,0.010375223122537136,alexcj10
data\processed\test\banana_overripe\alexcj10-ripenet_0001153.jpg,banana_overripe,banana_ripe,3,4,False,0.6466572284698486,banana_overripe,0.3310367166996002,alexcj10
data\processed\test\banana_overripe\alexcj10-ripenet_0001161.jpg,banana_overripe,banana_overripe,3,3,True,0.9871450066566467,banana_ripe,0.012529278174042702,alexcj10
data\processed\test\banana_overripe\alexcj10-ripenet_0001168.jpg,banana_overripe,banana_overripe,3,3,True,0.9945991039276123,banana_ripe,0.0038218526169657707,alexcj10
data\processed\test\banana_overripe\alexcj10-ripenet_0001180.jpg,banana_overripe,banana_overripe,3,3,True,0.8322790265083313,mango_overripe,0.06666664034128189,alexcj10
data\processed\test\banana_overripe\alexcj10-ripenet_0001181.jpg,banana_overripe,banana_overripe,3,3,True,0.9908527731895447,mango_overripe,0.0022715164814144373,alexcj10
data\processed\test\banana_overripe\alexcj10-ripenet_0001183.jpg,banana_overripe,banana_overripe,3,3,True,0.577698290348053,pineapple_overripe,0.13932566344738007,alexcj10
data\processed\test\banana_overripe\alexcj10-ripenet_0001221.jpg,banana_overripe,banana_overripe,3,3,True,0.945902943611145,banana_ripe,0.03603902459144592,alexcj10
data\processed\test\banana_overripe\alexcj10-ripenet_0001227.jpg,banana_overripe,banana_overripe,3,3,True,0.9949318766593933,mango_overripe,0.0014581606956198812,alexcj10
data\processed\test\banana_overripe\alexcj10-ripenet_0001233.jpg,banana_overripe,banana_overripe,3,3,True,0.5513026118278503,mango_overripe,0.2179836481809616,alexcj10
data\processed\test\banana_overripe\alexcj10-ripenet_0001244.jpg,banana_overripe,banana_overripe,3,3,True,0.8710947036743164,papaya_overripe,0.05973748117685318,alexcj10
data\processed\test\banana_overripe\alexcj10-ripenet_0001251.jpg,banana_overripe,banana_overripe,3,3,True,0.6806343197822571,banana_ripe,0.31206974387168884,alexcj10
data\processed\test\banana_overripe\alexcj10-ripenet_0001257.jpg,banana_overripe,banana_overripe,3,3,True,0.6060945987701416,mango_overripe,0.2492053359746933,alexcj10
data\processed\test\banana_overripe\alexcj10-ripenet_0001259.jpg,banana_overripe,banana_overripe,3,3,True,0.9966643452644348,papaya_overripe,0.0013576982310041785,alexcj10
data\processed\test\banana_overripe\alexcj10-ripenet_0001264.jpg,banana_overripe,pineapple_ripe,3,16,False,0.17531484365463257,banana_unripe,0.15923024713993073,alexcj10
data\processed\test\banana_overripe\alexcj10-ripenet_0001272.jpg,banana_overripe,banana_overripe,3,3,True,0.9826523065567017,banana_ripe,0.01672726310789585,alexcj10
data\processed\test\banana_overripe\alexcj10-ripenet_0001280.jpg,banana_overripe,banana_overripe,3,3,True,0.7643432021141052,mango_overripe,0.12869523465633392,alexcj10
data\processed\test\banana_overripe\alexcj10-ripenet_0001284.jpg,banana_overripe,banana_ripe,3,4,False,0.6684383749961853,banana_unripe,0.20456217229366302,alexcj10
data\processed\test\banana_overripe\alexcj10-ripenet_0001286.jpg,banana_overripe,banana_overripe,3,3,True,0.9970619082450867,banana_ripe,0.0025999611243605614,alexcj10
data\processed\test\banana_overripe\alexcj10-ripenet_0001311.jpg,banana_overripe,banana_overripe,3,3,True,0.8795800805091858,banana_ripe,0.03253445774316788,alexcj10
data\processed\test\banana_overripe\alexcj10-ripenet_0001314.jpg,banana_overripe,banana_overripe,3,3,True,0.9889717698097229,banana_ripe,0.010360169224441051,alexcj10
data\processed\test\banana_overripe\alexcj10-ripenet_0001326.jpg,banana_overripe,banana_overripe,3,3,True,0.4558306038379669,banana_ripe,0.4305015504360199,alexcj10
data\processed\test\banana_overripe\alexcj10-ripenet_0001337.jpg,banana_overripe,banana_overripe,3,3,True,0.9781448245048523,banana_ripe,0.01900613121688366,alexcj10
data\processed\test\banana_overripe\alexcj10-ripenet_0001348.jpg,banana_overripe,banana_overripe,3,3,True,0.9885451197624207,banana_ripe,0.010226285085082054,alexcj10
data\processed\test\banana_overripe\asadullahprl_0000976.jpg,banana_overripe,banana_overripe,3,3,True,0.7276942133903503,banana_ripe,0.23559188842773438,asadullahprl
data\processed\test\banana_overripe\asadullahprl_0000978.jpg,banana_overripe,banana_overripe,3,3,True,0.9310344457626343,mango_overripe,0.043939750641584396,asadullahprl
data\processed\test\banana_overripe\asadullahprl_0000982.jpg,banana_overripe,banana_overripe,3,3,True,0.7760394811630249,banana_ripe,0.15020033717155457,asadullahprl
data\processed\test\banana_overripe\asadullahprl_0000993.jpg,banana_overripe,banana_overripe,3,3,True,0.5441805720329285,banana_ripe,0.34453722834587097,asadullahprl
data\processed\test\banana_overripe\asadullahprl_0000994.jpg,banana_overripe,banana_overripe,3,3,True,0.90047287940979,banana_ripe,0.09277959913015366,asadullahprl
data\processed\test\banana_overripe\asadullahprl_0001001.jpg,banana_overripe,banana_overripe,3,3,True,0.5587478876113892,banana_ripe,0.4397166073322296,asadullahprl
data\processed\test\banana_overripe\asadullahprl_0001034.jpg,banana_overripe,banana_overripe,3,3,True,0.7156378626823425,banana_ripe,0.08862118422985077,asadullahprl
data\processed\test\banana_overripe\asadullahprl_0001039.jpg,banana_overripe,banana_overripe,3,3,True,0.913256824016571,banana_ripe,0.042255330830812454,asadullahprl
data\processed\test\banana_overripe\asadullahprl_0001055.jpg,banana_overripe,banana_overripe,3,3,True,0.37372422218322754,banana_ripe,0.2244543433189392,asadullahprl
data\processed\test\banana_overripe\asadullahprl_0001056.jpg,banana_overripe,banana_overripe,3,3,True,0.9798983335494995,banana_ripe,0.01536788884550333,asadullahprl
data\processed\test\banana_overripe\asadullahprl_0001064.jpg,banana_overripe,banana_overripe,3,3,True,0.5627347230911255,banana_ripe,0.25206637382507324,asadullahprl
data\processed\test\banana_overripe\asadullahprl_0001065.jpg,banana_overripe,banana_overripe,3,3,True,0.9564197063446045,mango_overripe,0.019775593653321266,asadullahprl
data\processed\test\banana_overripe\asadullahprl_0001081.jpg,banana_overripe,banana_overripe,3,3,True,0.9532074928283691,banana_ripe,0.026814399287104607,asadullahprl
data\processed\test\banana_overripe\asadullahprl_0001101.jpg,banana_overripe,banana_overripe,3,3,True,0.9909800887107849,banana_ripe,0.005230665672570467,asadullahprl
data\processed\test\banana_overripe\asadullahprl_0001103.jpg,banana_overripe,banana_overripe,3,3,True,0.5569167733192444,banana_ripe,0.320831298828125,asadullahprl
data\processed\test\banana_overripe\asadullahprl_0001108.jpg,banana_overripe,banana_ripe,3,4,False,0.5377591848373413,banana_overripe,0.374118834733963,asadullahprl
data\processed\test\banana_overripe\asadullahprl_0001122.jpg,banana_overripe,banana_ripe,3,4,False,0.8299524188041687,banana_overripe,0.13734079897403717,asadullahprl
data\processed\test\banana_overripe\asadullahprl_0001134.jpg,banana_overripe,banana_ripe,3,4,False,0.6734673380851746,banana_overripe,0.2369614839553833,asadullahprl
data\processed\test\banana_overripe\asadullahprl_0001136.jpg,banana_overripe,banana_overripe,3,3,True,0.7340500950813293,mango_overripe,0.14513404667377472,asadullahprl
data\processed\test\banana_overripe\asadullahprl_0001140.jpg,banana_overripe,banana_overripe,3,3,True,0.9189474582672119,banana_ripe,0.04251670837402344,asadullahprl
data\processed\test\banana_overripe\asadullahprl_0001162.jpg,banana_overripe,banana_ripe,3,4,False,0.4279480576515198,banana_overripe,0.3823778033256531,asadullahprl
data\processed\test\banana_overripe\asadullahprl_0001167.jpg,banana_overripe,banana_overripe,3,3,True,0.9803178310394287,banana_ripe,0.006009347271174192,asadullahprl
data\processed\test\banana_overripe\asadullahprl_0001170.jpg,banana_overripe,banana_overripe,3,3,True,0.9685481190681458,banana_ripe,0.025220142677426338,asadullahprl
data\processed\test\banana_overripe\asadullahprl_0001177.jpg,banana_overripe,banana_overripe,3,3,True,0.9914286732673645,mango_overripe,0.00413958914577961,asadullahprl
data\processed\test\banana_overripe\asadullahprl_0001188.jpg,banana_overripe,banana_overripe,3,3,True,0.5154397487640381,banana_ripe,0.39980271458625793,asadullahprl
data\processed\test\banana_overripe\asadullahprl_0001193.jpg,banana_overripe,banana_overripe,3,3,True,0.9971252083778381,banana_ripe,0.0015159797621890903,asadullahprl
data\processed\test\banana_overripe\asadullahprl_0001200.jpg,banana_overripe,banana_overripe,3,3,True,0.8111754059791565,banana_ripe,0.14299824833869934,asadullahprl
data\processed\test\banana_overripe\asadullahprl_0001206.jpg,banana_overripe,banana_overripe,3,3,True,0.965502142906189,mango_overripe,0.03088400326669216,asadullahprl
data\processed\test\banana_overripe\asadullahprl_0001218.jpg,banana_overripe,banana_ripe,3,4,False,0.7027758359909058,banana_overripe,0.26317083835601807,asadullahprl
data\processed\test\banana_overripe\asadullahprl_0001229.jpg,banana_overripe,banana_overripe,3,3,True,0.9263826608657837,banana_ripe,0.041682466864585876,asadullahprl
data\processed\test\banana_overripe\asadullahprl_0001271.jpg,banana_overripe,banana_overripe,3,3,True,0.9686645865440369,banana_ripe,0.021861929446458817,asadullahprl
data\processed\test\banana_overripe\asadullahprl_0001273.jpg,banana_overripe,banana_overripe,3,3,True,0.6007146239280701,mango_overripe,0.1448504626750946,asadullahprl
data\processed\test\banana_overripe\asadullahprl_0001277.jpg,banana_overripe,banana_overripe,3,3,True,0.9872545599937439,mango_overripe,0.0061700791120529175,asadullahprl
data\processed\test\banana_overripe\asadullahprl_0001287.jpg,banana_overripe,banana_overripe,3,3,True,0.7313287854194641,banana_ripe,0.2515498101711273,asadullahprl
data\processed\test\banana_overripe\asadullahprl_0001294.jpg,banana_overripe,banana_overripe,3,3,True,0.9875631332397461,banana_ripe,0.004909672308713198,asadullahprl
data\processed\test\banana_overripe\asadullahprl_0001304.jpg,banana_overripe,banana_overripe,3,3,True,0.9699403643608093,mango_overripe,0.027058828622102737,asadullahprl
data\processed\test\banana_overripe\asadullahprl_0001319.jpg,banana_overripe,banana_ripe,3,4,False,0.5964980125427246,banana_overripe,0.39506521821022034,asadullahprl
data\processed\test\banana_overripe\bananaimagebd_0000981.jpg,banana_overripe,banana_overripe,3,3,True,0.5984321236610413,banana_ripe,0.38776886463165283,bananaimagebd
data\processed\test\banana_overripe\bananaimagebd_0000985.jpg,banana_overripe,banana_overripe,3,3,True,0.9952954649925232,banana_ripe,0.0043160393834114075,bananaimagebd
data\processed\test\banana_overripe\bananaimagebd_0001019.jpg,banana_overripe,banana_overripe,3,3,True,0.9929560422897339,mango_overripe,0.0028774470556527376,bananaimagebd
data\processed\test\banana_overripe\bananaimagebd_0001071.jpg,banana_overripe,banana_overripe,3,3,True,0.46124184131622314,banana_ripe,0.45494118332862854,bananaimagebd
data\processed\test\banana_overripe\bananaimagebd_0001076.jpg,banana_overripe,banana_overripe,3,3,True,0.9975360631942749,banana_ripe,0.0017479966627433896,bananaimagebd
data\processed\test\banana_overripe\bananaimagebd_0001087.jpg,banana_overripe,banana_overripe,3,3,True,0.8580309152603149,banana_ripe,0.1406332105398178,bananaimagebd
data\processed\test\banana_overripe\bananaimagebd_0001090.jpg,banana_overripe,banana_overripe,3,3,True,0.9543625116348267,banana_ripe,0.019300410524010658,bananaimagebd
data\processed\test\banana_overripe\bananaimagebd_0001147.jpg,banana_overripe,banana_overripe,3,3,True,0.9975444674491882,mango_overripe,0.0013419631868600845,bananaimagebd
data\processed\test\banana_overripe\bananaimagebd_0001176.jpg,banana_overripe,banana_overripe,3,3,True,0.9284249544143677,banana_unripe,0.036551687866449356,bananaimagebd
data\processed\test\banana_overripe\bananaimagebd_0001186.jpg,banana_overripe,banana_overripe,3,3,True,0.9896743893623352,banana_ripe,0.008855032734572887,bananaimagebd
data\processed\test\banana_overripe\bananaimagebd_0001214.jpg,banana_overripe,banana_overripe,3,3,True,0.9978474378585815,banana_ripe,0.0016161504900082946,bananaimagebd
data\processed\test\banana_overripe\bananaimagebd_0001215.jpg,banana_overripe,banana_overripe,3,3,True,0.9919213056564331,banana_ripe,0.007809263188391924,bananaimagebd
data\processed\test\banana_overripe\bananaimagebd_0001240.jpg,banana_overripe,banana_ripe,3,4,False,0.9153888821601868,banana_overripe,0.0801030769944191,bananaimagebd
data\processed\test\banana_overripe\bananaimagebd_0001249.jpg,banana_overripe,banana_overripe,3,3,True,0.9743743538856506,banana_ripe,0.016156410798430443,bananaimagebd
data\processed\test\banana_overripe\bananaimagebd_0001254.jpg,banana_overripe,banana_overripe,3,3,True,0.9374766945838928,banana_ripe,0.05987675487995148,bananaimagebd
data\processed\test\banana_overripe\bananaimagebd_0001262.jpg,banana_overripe,banana_overripe,3,3,True,0.9076618552207947,banana_ripe,0.08561825007200241,bananaimagebd
data\processed\test\banana_overripe\bananaimagebd_0001290.jpg,banana_overripe,banana_overripe,3,3,True,0.998563826084137,banana_ripe,0.0010077721672132611,bananaimagebd
data\processed\test\banana_overripe\bananaimagebd_0001293.jpg,banana_overripe,banana_overripe,3,3,True,0.9994333386421204,banana_ripe,0.0002851370081771165,bananaimagebd
data\processed\test\banana_overripe\leftin_0000967.jpg,banana_overripe,banana_overripe,3,3,True,0.9932507872581482,papaya_overripe,0.003058708505704999,leftin
data\processed\test\banana_overripe\leftin_0000969.jpg,banana_overripe,banana_overripe,3,3,True,0.99909508228302,banana_ripe,0.0005414568586274981,leftin
data\processed\test\banana_overripe\leftin_0000970.jpg,banana_overripe,banana_overripe,3,3,True,0.9890018701553345,papaya_overripe,0.002551106968894601,leftin
data\processed\test\banana_overripe\leftin_0000971.jpg,banana_overripe,banana_overripe,3,3,True,0.9962353110313416,apple_overripe,0.0016198684461414814,leftin
data\processed\test\banana_overripe\leftin_0000972.jpg,banana_overripe,banana_overripe,3,3,True,0.9984728693962097,apple_overripe,0.0005332664004527032,leftin
data\processed\test\banana_overripe\leftin_0000973.jpg,banana_overripe,banana_overripe,3,3,True,0.9983927607536316,pineapple_overripe,0.0007717243861407042,leftin
data\processed\test\banana_overripe\leftin_0000977.jpg,banana_overripe,pineapple_overripe,3,15,False,0.3131199777126312,banana_overripe,0.19462347030639648,leftin
data\processed\test\banana_overripe\leftin_0000979.jpg,banana_overripe,banana_overripe,3,3,True,0.9990442395210266,banana_ripe,0.0007821090403012931,leftin
data\processed\test\banana_overripe\leftin_0000980.jpg,banana_overripe,banana_overripe,3,3,True,0.9849674105644226,banana_ripe,0.012059132568538189,leftin
data\processed\test\banana_overripe\leftin_0000983.jpg,banana_overripe,banana_overripe,3,3,True,0.995186984539032,papaya_overripe,0.0011842309031635523,leftin
data\processed\test\banana_overripe\leftin_0000984.jpg,banana_overripe,banana_overripe,3,3,True,0.9917281866073608,banana_ripe,0.0025071250274777412,leftin
data\processed\test\banana_overripe\leftin_0000987.jpg,banana_overripe,banana_overripe,3,3,True,0.9993646740913391,banana_ripe,0.00036944166640751064,leftin
data\processed\test\banana_overripe\leftin_0000988.jpg,banana_overripe,banana_overripe,3,3,True,0.9865760803222656,papaya_overripe,0.010495854541659355,leftin
data\processed\test\banana_overripe\leftin_0000989.jpg,banana_overripe,banana_overripe,3,3,True,0.9960203766822815,banana_ripe,0.002062099287286401,leftin
data\processed\test\banana_overripe\leftin_0000990.jpg,banana_overripe,banana_overripe,3,3,True,0.989501416683197,banana_ripe,0.007940287701785564,leftin
data\processed\test\banana_overripe\leftin_0000991.jpg,banana_overripe,banana_overripe,3,3,True,0.99534672498703,banana_ripe,0.004135055001825094,leftin
data\processed\test\banana_overripe\leftin_0000992.jpg,banana_overripe,banana_overripe,3,3,True,0.9874482750892639,orange_unripe,0.0026988405734300613,leftin
data\processed\test\banana_overripe\leftin_0000995.jpg,banana_overripe,banana_overripe,3,3,True,0.9972123503684998,banana_ripe,0.0014755273004993796,leftin
data\processed\test\banana_overripe\leftin_0000996.jpg,banana_overripe,banana_overripe,3,3,True,0.998670220375061,banana_ripe,0.000571796961594373,leftin
data\processed\test\banana_overripe\leftin_0000998.jpg,banana_overripe,banana_overripe,3,3,True,0.9977800250053406,banana_ripe,0.0018542995676398277,leftin
data\processed\test\banana_overripe\leftin_0000999.jpg,banana_overripe,banana_overripe,3,3,True,0.9957907795906067,papaya_overripe,0.002750539919361472,leftin
data\processed\test\banana_overripe\leftin_0001000.jpg,banana_overripe,banana_overripe,3,3,True,0.999160885810852,mango_overripe,0.0003321059048175812,leftin
data\processed\test\banana_overripe\leftin_0001002.jpg,banana_overripe,banana_overripe,3,3,True,0.895146369934082,papaya_overripe,0.0475296676158905,leftin
data\processed\test\banana_overripe\leftin_0001003.jpg,banana_overripe,banana_overripe,3,3,True,0.9918435215950012,banana_ripe,0.004849424120038748,leftin
data\processed\test\banana_overripe\leftin_0001004.jpg,banana_overripe,banana_overripe,3,3,True,0.9861961603164673,banana_ripe,0.013385375030338764,leftin
data\processed\test\banana_overripe\leftin_0001005.jpg,banana_overripe,banana_overripe,3,3,True,0.9896203279495239,banana_ripe,0.009848229587078094,leftin
data\processed\test\banana_overripe\leftin_0001006.jpg,banana_overripe,banana_overripe,3,3,True,0.9994242191314697,banana_ripe,0.0005419865483418107,leftin
data\processed\test\banana_overripe\leftin_0001007.jpg,banana_overripe,banana_overripe,3,3,True,0.9883960485458374,banana_ripe,0.003334583481773734,leftin
data\processed\test\banana_overripe\leftin_0001008.jpg,banana_overripe,banana_overripe,3,3,True,0.9978159666061401,papaya_overripe,0.000771550287026912,leftin
data\processed\test\banana_overripe\leftin_0001009.jpg,banana_overripe,banana_overripe,3,3,True,0.9976303577423096,banana_ripe,0.0009086832869797945,leftin
data\processed\test\banana_overripe\leftin_0001010.jpg,banana_overripe,banana_overripe,3,3,True,0.9996115565299988,mango_overripe,0.0001530145964352414,leftin
data\processed\test\banana_overripe\leftin_0001011.jpg,banana_overripe,banana_overripe,3,3,True,0.7774372696876526,papaya_overripe,0.15117381513118744,leftin
data\processed\test\banana_overripe\leftin_0001012.jpg,banana_overripe,banana_overripe,3,3,True,0.9981309771537781,banana_ripe,0.0015626067761331797,leftin
data\processed\test\banana_overripe\leftin_0001013.jpg,banana_overripe,banana_overripe,3,3,True,0.9814198613166809,banana_ripe,0.006529627367854118,leftin
data\processed\test\banana_overripe\leftin_0001014.jpg,banana_overripe,banana_overripe,3,3,True,0.9881622195243835,banana_ripe,0.0037686540745198727,leftin
data\processed\test\banana_overripe\leftin_0001015.jpg,banana_overripe,banana_overripe,3,3,True,0.9940853118896484,banana_ripe,0.003669462166726589,leftin
data\processed\test\banana_overripe\leftin_0001016.jpg,banana_overripe,banana_overripe,3,3,True,0.998532772064209,banana_ripe,0.0011795447207987309,leftin
data\processed\test\banana_overripe\leftin_0001017.jpg,banana_overripe,banana_overripe,3,3,True,0.9961519837379456,papaya_overripe,0.002303266664966941,leftin
data\processed\test\banana_overripe\leftin_0001021.jpg,banana_overripe,banana_overripe,3,3,True,0.9975934624671936,banana_ripe,0.00188816012814641,leftin
data\processed\test\banana_overripe\leftin_0001022.jpg,banana_overripe,banana_overripe,3,3,True,0.9331838488578796,banana_ripe,0.03707136586308479,leftin
data\processed\test\banana_overripe\leftin_0001023.jpg,banana_overripe,banana_overripe,3,3,True,0.9847688674926758,banana_ripe,0.013811638578772545,leftin
data\processed\test\banana_overripe\leftin_0001024.jpg,banana_overripe,banana_overripe,3,3,True,0.9992982149124146,banana_ripe,0.0004372908442746848,leftin
data\processed\test\banana_overripe\leftin_0001025.jpg,banana_overripe,banana_overripe,3,3,True,0.9987861514091492,banana_ripe,0.0007529843715019524,leftin
data\processed\test\banana_overripe\leftin_0001026.jpg,banana_overripe,banana_overripe,3,3,True,0.9726117253303528,banana_unripe,0.021065589040517807,leftin
data\processed\test\banana_overripe\leftin_0001027.jpg,banana_overripe,banana_overripe,3,3,True,0.9985221028327942,banana_ripe,0.0010272624203935266,leftin
data\processed\test\banana_overripe\leftin_0001029.jpg,banana_overripe,banana_overripe,3,3,True,0.9658749103546143,banana_ripe,0.0330490805208683,leftin
data\processed\test\banana_overripe\leftin_0001030.jpg,banana_overripe,banana_overripe,3,3,True,0.997940719127655,mango_overripe,0.0006684504332952201,leftin
data\processed\test\banana_overripe\leftin_0001033.jpg,banana_overripe,banana_overripe,3,3,True,0.9843572974205017,papaya_overripe,0.011521908454596996,leftin
data\processed\test\banana_overripe\leftin_0001035.jpg,banana_overripe,banana_overripe,3,3,True,0.9540845155715942,papaya_unripe,0.01789345219731331,leftin
data\processed\test\banana_overripe\leftin_0001036.jpg,banana_overripe,banana_overripe,3,3,True,0.9995817542076111,banana_ripe,0.00032765488140285015,leftin
data\processed\test\banana_overripe\leftin_0001037.jpg,banana_overripe,banana_overripe,3,3,True,0.9990332126617432,mango_overripe,0.00031950982520356774,leftin
data\processed\test\banana_overripe\leftin_0001038.jpg,banana_overripe,banana_overripe,3,3,True,0.990667998790741,banana_ripe,0.006909403949975967,leftin
data\processed\test\banana_overripe\leftin_0001040.jpg,banana_overripe,banana_overripe,3,3,True,0.9991788268089294,banana_ripe,0.0005970270722173154,leftin
data\processed\test\banana_overripe\leftin_0001041.jpg,banana_overripe,banana_overripe,3,3,True,0.9562464356422424,banana_ripe,0.04299117252230644,leftin
data\processed\test\banana_overripe\leftin_0001043.jpg,banana_overripe,banana_overripe,3,3,True,0.9992283582687378,banana_ripe,0.000325568049447611,leftin
data\processed\test\banana_overripe\leftin_0001044.jpg,banana_overripe,banana_overripe,3,3,True,0.9974984526634216,banana_ripe,0.002117113210260868,leftin
data\processed\test\banana_overripe\leftin_0001045.jpg,banana_overripe,banana_overripe,3,3,True,0.9969967603683472,banana_unripe,0.0014606867916882038,leftin
data\processed\test\banana_overripe\leftin_0001047.jpg,banana_overripe,banana_overripe,3,3,True,0.9909616112709045,banana_ripe,0.0067498646676540375,leftin
data\processed\test\banana_overripe\leftin_0001048.jpg,banana_overripe,banana_overripe,3,3,True,0.991401731967926,banana_ripe,0.005544276442378759,leftin
data\processed\test\banana_overripe\leftin_0001049.jpg,banana_overripe,banana_overripe,3,3,True,0.997641921043396,banana_ripe,0.001998419873416424,leftin
data\processed\test\banana_overripe\leftin_0001051.jpg,banana_overripe,banana_overripe,3,3,True,0.9903194904327393,mango_overripe,0.006994697730988264,leftin
data\processed\test\banana_overripe\leftin_0001052.jpg,banana_overripe,banana_overripe,3,3,True,0.9743578433990479,papaya_overripe,0.006036496255546808,leftin
data\processed\test\banana_overripe\leftin_0001053.jpg,banana_overripe,banana_overripe,3,3,True,0.9977869987487793,banana_ripe,0.001868471154011786,leftin
data\processed\test\banana_overripe\leftin_0001054.jpg,banana_overripe,banana_overripe,3,3,True,0.9986124038696289,banana_ripe,0.0010716237593442202,leftin
data\processed\test\banana_overripe\leftin_0001057.jpg,banana_overripe,banana_overripe,3,3,True,0.967545747756958,banana_ripe,0.030514005571603775,leftin
data\processed\test\banana_overripe\leftin_0001058.jpg,banana_overripe,banana_overripe,3,3,True,0.9934123158454895,banana_ripe,0.0035684960894286633,leftin
data\processed\test\banana_overripe\leftin_0001059.jpg,banana_overripe,banana_overripe,3,3,True,0.9965640902519226,mango_overripe,0.0016806372441351414,leftin
data\processed\test\banana_overripe\leftin_0001060.jpg,banana_overripe,banana_overripe,3,3,True,0.9827379584312439,banana_ripe,0.0064530884847044945,leftin
data\processed\test\banana_overripe\leftin_0001066.jpg,banana_overripe,banana_overripe,3,3,True,0.9997969269752502,mango_overripe,0.00015110583626665175,leftin
data\processed\test\banana_overripe\leftin_0001067.jpg,banana_overripe,banana_overripe,3,3,True,0.9973958730697632,banana_ripe,0.002226560842245817,leftin
data\processed\test\banana_overripe\leftin_0001068.jpg,banana_overripe,banana_overripe,3,3,True,0.9991656541824341,banana_ripe,0.0007154189515858889,leftin
data\processed\test\banana_overripe\leftin_0001069.jpg,banana_overripe,banana_overripe,3,3,True,0.9864009022712708,banana_ripe,0.007856087759137154,leftin
data\processed\test\banana_overripe\leftin_0001073.jpg,banana_overripe,banana_overripe,3,3,True,0.925586998462677,banana_ripe,0.07363229244947433,leftin
data\processed\test\banana_overripe\leftin_0001074.jpg,banana_overripe,banana_overripe,3,3,True,0.9809312224388123,banana_ripe,0.015718286857008934,leftin
data\processed\test\banana_overripe\leftin_0001077.jpg,banana_overripe,banana_overripe,3,3,True,0.9887329339981079,banana_ripe,0.005972656887024641,leftin
data\processed\test\banana_overripe\leftin_0001078.jpg,banana_overripe,banana_overripe,3,3,True,0.999135434627533,banana_ripe,0.000807328091468662,leftin
data\processed\test\banana_overripe\leftin_0001079.jpg,banana_overripe,banana_overripe,3,3,True,0.9833616614341736,mango_overripe,0.00745015311986208,leftin
data\processed\test\banana_overripe\leftin_0001082.jpg,banana_overripe,banana_overripe,3,3,True,0.9999513626098633,banana_ripe,2.934974145318847e-05,leftin
data\processed\test\banana_overripe\leftin_0001083.jpg,banana_overripe,banana_overripe,3,3,True,0.9743262529373169,apple_overripe,0.02127787284553051,leftin
data\processed\test\banana_overripe\leftin_0001084.jpg,banana_overripe,banana_overripe,3,3,True,0.884632408618927,mango_overripe,0.03889022767543793,leftin
data\processed\test\banana_overripe\leftin_0001085.jpg,banana_overripe,banana_overripe,3,3,True,0.9985736608505249,papaya_overripe,0.0006222515366971493,leftin
data\processed\test\banana_overripe\leftin_0001086.jpg,banana_overripe,banana_overripe,3,3,True,0.9986804127693176,mango_overripe,0.0005954734515398741,leftin
data\processed\test\banana_overripe\leftin_0001088.jpg,banana_overripe,banana_overripe,3,3,True,0.998563826084137,mango_overripe,0.00037419202271848917,leftin
data\processed\test\banana_overripe\leftin_0001089.jpg,banana_overripe,banana_overripe,3,3,True,0.9871810078620911,banana_ripe,0.012652162462472916,leftin
data\processed\test\banana_overripe\leftin_0001091.jpg,banana_overripe,banana_overripe,3,3,True,0.9669103026390076,banana_ripe,0.02728818915784359,leftin
data\processed\test\banana_overripe\leftin_0001092.jpg,banana_overripe,banana_overripe,3,3,True,0.9825849533081055,banana_ripe,0.017083674669265747,leftin
data\processed\test\banana_overripe\leftin_0001093.jpg,banana_overripe,banana_overripe,3,3,True,0.9974021911621094,banana_ripe,0.002509212354198098,leftin
data\processed\test\banana_overripe\leftin_0001095.jpg,banana_overripe,banana_overripe,3,3,True,0.9542837142944336,mango_overripe,0.026492133736610413,leftin
data\processed\test\banana_overripe\leftin_0001096.jpg,banana_overripe,banana_overripe,3,3,True,0.9979404807090759,apple_overripe,0.0005496453959494829,leftin
data\processed\test\banana_overripe\leftin_0001098.jpg,banana_overripe,banana_overripe,3,3,True,0.9696944952011108,papaya_overripe,0.008829033002257347,leftin
data\processed\test\banana_overripe\leftin_0001099.jpg,banana_overripe,banana_overripe,3,3,True,0.9995617270469666,pineapple_overripe,0.00021565075439866632,leftin
data\processed\test\banana_overripe\leftin_0001100.jpg,banana_overripe,banana_overripe,3,3,True,0.9547601938247681,banana_ripe,0.04238799214363098,leftin
data\processed\test\banana_overripe\leftin_0001102.jpg,banana_overripe,banana_overripe,3,3,True,0.9996854066848755,papaya_overripe,0.00010797027789521962,leftin
data\processed\test\banana_overripe\leftin_0001104.jpg,banana_overripe,banana_overripe,3,3,True,0.9954708814620972,papaya_overripe,0.002296035410836339,leftin
data\processed\test\banana_overripe\leftin_0001105.jpg,banana_overripe,banana_overripe,3,3,True,0.7446014881134033,pineapple_overripe,0.056646112352609634,leftin
data\processed\test\banana_overripe\leftin_0001106.jpg,banana_overripe,banana_overripe,3,3,True,0.9996823072433472,banana_ripe,0.0002792912709992379,leftin
data\processed\test\banana_overripe\leftin_0001107.jpg,banana_overripe,banana_overripe,3,3,True,0.9763087630271912,banana_ripe,0.021588340401649475,leftin
data\processed\test\banana_overripe\leftin_0001109.jpg,banana_overripe,banana_overripe,3,3,True,0.9960041642189026,mango_overripe,0.000798411201685667,leftin
data\processed\test\banana_overripe\leftin_0001110.jpg,banana_overripe,banana_overripe,3,3,True,0.9936184883117676,banana_ripe,0.005677200388163328,leftin
data\processed\test\banana_overripe\leftin_0001111.jpg,banana_overripe,banana_overripe,3,3,True,0.9998588562011719,banana_ripe,8.76060948939994e-05,leftin
data\processed\test\banana_overripe\leftin_0001112.jpg,banana_overripe,banana_overripe,3,3,True,0.9910871386528015,papaya_overripe,0.00476605910807848,leftin
data\processed\test\banana_overripe\leftin_0001113.jpg,banana_overripe,banana_overripe,3,3,True,0.9992994070053101,banana_ripe,0.00026104069547727704,leftin
data\processed\test\banana_overripe\leftin_0001114.jpg,banana_overripe,banana_overripe,3,3,True,0.9305242300033569,papaya_overripe,0.028682891279459,leftin
data\processed\test\banana_overripe\leftin_0001115.jpg,banana_overripe,banana_overripe,3,3,True,0.9989019632339478,mango_overripe,0.00042242673225700855,leftin
data\processed\test\banana_overripe\leftin_0001116.jpg,banana_overripe,banana_overripe,3,3,True,0.9577217102050781,papaya_overripe,0.028113847598433495,leftin
data\processed\test\banana_overripe\leftin_0001117.jpg,banana_overripe,banana_overripe,3,3,True,0.9998897314071655,banana_ripe,5.24733004567679e-05,leftin
data\processed\test\banana_overripe\leftin_0001118.jpg,banana_overripe,banana_overripe,3,3,True,0.9970721006393433,banana_ripe,0.0016338651767000556,leftin
data\processed\test\banana_overripe\leftin_0001119.jpg,banana_overripe,banana_overripe,3,3,True,0.9929248094558716,banana_ripe,0.0056212604977190495,leftin
data\processed\test\banana_overripe\leftin_0001120.jpg,banana_overripe,banana_overripe,3,3,True,0.8117592334747314,banana_ripe,0.15354637801647186,leftin
data\processed\test\banana_overripe\leftin_0001121.jpg,banana_overripe,banana_overripe,3,3,True,0.9990425705909729,banana_ripe,0.0006992339040152729,leftin
data\processed\test\banana_overripe\leftin_0001125.jpg,banana_overripe,banana_overripe,3,3,True,0.9979946613311768,banana_ripe,0.000907663197722286,leftin
data\processed\test\banana_overripe\leftin_0001126.jpg,banana_overripe,banana_overripe,3,3,True,0.9997790455818176,banana_ripe,0.00014085904695093632,leftin
data\processed\test\banana_overripe\leftin_0001127.jpg,banana_overripe,banana_overripe,3,3,True,0.9972876310348511,banana_ripe,0.001343293464742601,leftin
data\processed\test\banana_overripe\leftin_0001128.jpg,banana_overripe,banana_overripe,3,3,True,0.992361307144165,banana_ripe,0.006891676690429449,leftin
data\processed\test\banana_overripe\leftin_0001129.jpg,banana_overripe,banana_overripe,3,3,True,0.9995439648628235,mango_overripe,0.00017222230962943286,leftin
data\processed\test\banana_overripe\leftin_0001130.jpg,banana_overripe,banana_overripe,3,3,True,0.9953923225402832,banana_ripe,0.0018777642399072647,leftin
data\processed\test\banana_overripe\leftin_0001131.jpg,banana_overripe,banana_overripe,3,3,True,0.9979124665260315,papaya_overripe,0.000720200187060982,leftin
data\processed\test\banana_overripe\leftin_0001132.jpg,banana_overripe,banana_overripe,3,3,True,0.9273114800453186,papaya_overripe,0.03380525857210159,leftin
data\processed\test\banana_overripe\leftin_0001133.jpg,banana_overripe,banana_overripe,3,3,True,0.9805313944816589,papaya_overripe,0.01339772529900074,leftin
data\processed\test\banana_overripe\leftin_0001135.jpg,banana_overripe,banana_overripe,3,3,True,0.9988428354263306,banana_ripe,0.0010259185219183564,leftin
data\processed\test\banana_overripe\leftin_0001137.jpg,banana_overripe,banana_overripe,3,3,True,0.9878647923469543,banana_ripe,0.005286993458867073,leftin
data\processed\test\banana_overripe\leftin_0001139.jpg,banana_overripe,banana_overripe,3,3,True,0.998026430606842,banana_ripe,0.0015724535332992673,leftin
data\processed\test\banana_overripe\leftin_0001141.jpg,banana_overripe,banana_overripe,3,3,True,0.9985674619674683,banana_ripe,0.0013833338161930442,leftin
data\processed\test\banana_overripe\leftin_0001142.jpg,banana_overripe,banana_overripe,3,3,True,0.9728315472602844,papaya_overripe,0.012732673436403275,leftin
data\processed\test\banana_overripe\leftin_0001143.jpg,banana_overripe,banana_overripe,3,3,True,0.9975348711013794,papaya_overripe,0.0015118076698854566,leftin
data\processed\test\banana_overripe\leftin_0001144.jpg,banana_overripe,banana_overripe,3,3,True,0.8429518938064575,papaya_overripe,0.09353787451982498,leftin
data\processed\test\banana_overripe\leftin_0001145.jpg,banana_overripe,banana_overripe,3,3,True,0.9995504021644592,mango_overripe,0.00022837989672552794,leftin
data\processed\test\banana_overripe\leftin_0001146.jpg,banana_overripe,banana_overripe,3,3,True,0.9342158436775208,banana_ripe,0.05349375680088997,leftin
data\processed\test\banana_overripe\leftin_0001148.jpg,banana_overripe,banana_overripe,3,3,True,0.9861590266227722,banana_ripe,0.01180534902960062,leftin
data\processed\test\banana_overripe\leftin_0001149.jpg,banana_overripe,banana_overripe,3,3,True,0.9481631517410278,mango_overripe,0.03693672642111778,leftin
data\processed\test\banana_overripe\leftin_0001150.jpg,banana_overripe,banana_overripe,3,3,True,0.9997518658638,banana_ripe,0.00023283084738068283,leftin
data\processed\test\banana_overripe\leftin_0001151.jpg,banana_overripe,banana_overripe,3,3,True,0.9813193082809448,banana_ripe,0.017888903617858887,leftin
data\processed\test\banana_overripe\leftin_0001152.jpg,banana_overripe,banana_overripe,3,3,True,0.9979185461997986,banana_ripe,0.0010323355672881007,leftin
data\processed\test\banana_overripe\leftin_0001154.jpg,banana_overripe,banana_overripe,3,3,True,0.9992998838424683,mango_overripe,0.00026667871861718595,leftin
data\processed\test\banana_overripe\leftin_0001155.jpg,banana_overripe,banana_overripe,3,3,True,0.9981356859207153,banana_ripe,0.001776469754986465,leftin
data\processed\test\banana_overripe\leftin_0001156.jpg,banana_overripe,banana_overripe,3,3,True,0.9995118379592896,banana_ripe,0.0002513850631657988,leftin
data\processed\test\banana_overripe\leftin_0001157.jpg,banana_overripe,banana_overripe,3,3,True,0.9750160574913025,banana_ripe,0.010971643961966038,leftin
data\processed\test\banana_overripe\leftin_0001158.jpg,banana_overripe,banana_overripe,3,3,True,0.9979259967803955,mango_overripe,0.0017188919009640813,leftin
data\processed\test\banana_overripe\leftin_0001159.jpg,banana_overripe,banana_overripe,3,3,True,0.9987121820449829,banana_ripe,0.0011957607930526137,leftin
data\processed\test\banana_overripe\leftin_0001160.jpg,banana_overripe,banana_overripe,3,3,True,0.9888655543327332,banana_ripe,0.010674015618860722,leftin
data\processed\test\banana_overripe\leftin_0001163.jpg,banana_overripe,banana_overripe,3,3,True,0.9983702301979065,banana_ripe,0.0007226811721920967,leftin
data\processed\test\banana_overripe\leftin_0001164.jpg,banana_overripe,banana_overripe,3,3,True,0.9891162514686584,mango_overripe,0.006153357680886984,leftin
data\processed\test\banana_overripe\leftin_0001165.jpg,banana_overripe,banana_overripe,3,3,True,0.999882698059082,banana_ripe,5.8631867432268336e-05,leftin
data\processed\test\banana_overripe\leftin_0001166.jpg,banana_overripe,banana_overripe,3,3,True,0.9975207448005676,banana_ripe,0.0022820010781288147,leftin
data\processed\test\banana_overripe\leftin_0001169.jpg,banana_overripe,banana_overripe,3,3,True,0.999937891960144,mango_overripe,2.71216340479441e-05,leftin
data\processed\test\banana_overripe\leftin_0001171.jpg,banana_overripe,banana_overripe,3,3,True,0.9887818694114685,papaya_overripe,0.0030394485220313072,leftin
data\processed\test\banana_overripe\leftin_0001172.jpg,banana_overripe,banana_overripe,3,3,True,0.9949038028717041,papaya_overripe,0.0027744947001338005,leftin
data\processed\test\banana_overripe\leftin_0001173.jpg,banana_overripe,banana_overripe,3,3,True,0.9807132482528687,mango_overripe,0.009674985893070698,leftin
data\processed\test\banana_overripe\leftin_0001174.jpg,banana_overripe,banana_overripe,3,3,True,0.9984276294708252,banana_ripe,0.0005797642515972257,leftin
data\processed\test\banana_overripe\leftin_0001175.jpg,banana_overripe,banana_overripe,3,3,True,0.9975087642669678,mango_overripe,0.0007525491528213024,leftin
data\processed\test\banana_overripe\leftin_0001178.jpg,banana_overripe,banana_overripe,3,3,True,0.8469902276992798,papaya_overripe,0.09405171871185303,leftin
data\processed\test\banana_overripe\leftin_0001179.jpg,banana_overripe,banana_overripe,3,3,True,0.9971250891685486,banana_ripe,0.0016218891832977533,leftin
data\processed\test\banana_overripe\leftin_0001182.jpg,banana_overripe,banana_overripe,3,3,True,0.9995384216308594,banana_ripe,0.0003778362297452986,leftin
data\processed\test\banana_overripe\leftin_0001184.jpg,banana_overripe,banana_overripe,3,3,True,0.9428505301475525,papaya_overripe,0.0284976027905941,leftin
data\processed\test\banana_overripe\leftin_0001185.jpg,banana_overripe,banana_overripe,3,3,True,0.9973307847976685,banana_ripe,0.0023456013295799494,leftin
data\processed\test\banana_overripe\leftin_0001187.jpg,banana_overripe,banana_overripe,3,3,True,0.9992687106132507,mango_overripe,0.00043368100887164474,leftin
data\processed\test\banana_overripe\leftin_0001189.jpg,banana_overripe,banana_overripe,3,3,True,0.8513451218605042,mango_overripe,0.07797009497880936,leftin
data\processed\test\banana_overripe\leftin_0001190.jpg,banana_overripe,banana_overripe,3,3,True,0.9389827251434326,banana_ripe,0.0601222962141037,leftin
data\processed\test\banana_overripe\leftin_0001191.jpg,banana_overripe,banana_overripe,3,3,True,0.9531811475753784,banana_unripe,0.02452028915286064,leftin
data\processed\test\banana_overripe\leftin_0001192.jpg,banana_overripe,banana_overripe,3,3,True,0.9729577302932739,banana_ripe,0.024101413786411285,leftin
data\processed\test\banana_overripe\leftin_0001194.jpg,banana_overripe,banana_overripe,3,3,True,0.9467482566833496,papaya_overripe,0.015881987288594246,leftin
data\processed\test\banana_overripe\leftin_0001195.jpg,banana_overripe,banana_overripe,3,3,True,0.9993553757667542,banana_ripe,0.00032182331779040396,leftin
data\processed\test\banana_overripe\leftin_0001196.jpg,banana_overripe,banana_ripe,3,4,False,0.5005823373794556,banana_overripe,0.4916798174381256,leftin
data\processed\test\banana_overripe\leftin_0001197.jpg,banana_overripe,banana_overripe,3,3,True,0.9983863830566406,banana_ripe,0.001381222391501069,leftin
data\processed\test\banana_overripe\leftin_0001198.jpg,banana_overripe,banana_overripe,3,3,True,0.9987632036209106,papaya_overripe,0.0005647795624099672,leftin
data\processed\test\banana_overripe\leftin_0001199.jpg,banana_overripe,banana_overripe,3,3,True,0.9611031413078308,papaya_overripe,0.016081929206848145,leftin
data\processed\test\banana_overripe\leftin_0001201.jpg,banana_overripe,banana_overripe,3,3,True,0.9975464940071106,papaya_overripe,0.0006019173888489604,leftin
data\processed\test\banana_overripe\leftin_0001202.jpg,banana_overripe,banana_overripe,3,3,True,0.971354067325592,banana_ripe,0.02678161859512329,leftin
data\processed\test\banana_overripe\leftin_0001203.jpg,banana_overripe,banana_overripe,3,3,True,0.9864860773086548,banana_ripe,0.0059409430250525475,leftin
data\processed\test\banana_overripe\leftin_0001204.jpg,banana_overripe,banana_overripe,3,3,True,0.959456741809845,banana_ripe,0.036340050399303436,leftin
data\processed\test\banana_overripe\leftin_0001205.jpg,banana_overripe,banana_overripe,3,3,True,0.9991081357002258,mango_overripe,0.0005766674294136465,leftin
data\processed\test\banana_overripe\leftin_0001207.jpg,banana_overripe,banana_overripe,3,3,True,0.9779376983642578,papaya_overripe,0.010581261478364468,leftin
data\processed\test\banana_overripe\leftin_0001208.jpg,banana_overripe,banana_overripe,3,3,True,0.9998377561569214,papaya_overripe,6.715416384395212e-05,leftin
data\processed\test\banana_overripe\leftin_0001209.jpg,banana_overripe,banana_overripe,3,3,True,0.9964996576309204,banana_ripe,0.0031736870296299458,leftin
data\processed\test\banana_overripe\leftin_0001210.jpg,banana_overripe,banana_overripe,3,3,True,0.964358925819397,apple_overripe,0.01614062488079071,leftin
data\processed\test\banana_overripe\leftin_0001211.jpg,banana_overripe,banana_overripe,3,3,True,0.9967918992042542,banana_ripe,0.0013623774284496903,leftin
data\processed\test\banana_overripe\leftin_0001212.jpg,banana_overripe,banana_overripe,3,3,True,0.9032267332077026,banana_ripe,0.09364904463291168,leftin
data\processed\test\banana_overripe\leftin_0001213.jpg,banana_overripe,banana_overripe,3,3,True,0.9997621178627014,banana_ripe,0.00016235602379310876,leftin
data\processed\test\banana_overripe\leftin_0001216.jpg,banana_overripe,banana_overripe,3,3,True,0.9932851791381836,papaya_overripe,0.0037003657780587673,leftin
data\processed\test\banana_overripe\leftin_0001217.jpg,banana_overripe,banana_overripe,3,3,True,0.8471717238426208,banana_ripe,0.13502073287963867,leftin
data\processed\test\banana_overripe\leftin_0001219.jpg,banana_overripe,banana_overripe,3,3,True,0.9733226895332336,banana_ripe,0.024328112602233887,leftin
data\processed\test\banana_overripe\leftin_0001220.jpg,banana_overripe,banana_overripe,3,3,True,0.9899663925170898,papaya_overripe,0.002643854357302189,leftin
data\processed\test\banana_overripe\leftin_0001222.jpg,banana_overripe,banana_overripe,3,3,True,0.9922043085098267,banana_ripe,0.0048845987766981125,leftin
data\processed\test\banana_overripe\leftin_0001223.jpg,banana_overripe,banana_overripe,3,3,True,0.993077278137207,mango_overripe,0.0030914824455976486,leftin
data\processed\test\banana_overripe\leftin_0001224.jpg,banana_overripe,banana_overripe,3,3,True,0.9882612824440002,papaya_overripe,0.004709214437752962,leftin
data\processed\test\banana_overripe\leftin_0001225.jpg,banana_overripe,banana_overripe,3,3,True,0.9985746145248413,banana_ripe,0.0009435114916414022,leftin
data\processed\test\banana_overripe\leftin_0001226.jpg,banana_overripe,banana_overripe,3,3,True,0.99381023645401,banana_ripe,0.005267275031656027,leftin
data\processed\test\banana_overripe\leftin_0001228.jpg,banana_overripe,banana_overripe,3,3,True,0.9868196845054626,banana_ripe,0.01270616240799427,leftin
data\processed\test\banana_overripe\leftin_0001230.jpg,banana_overripe,banana_overripe,3,3,True,0.9894500374794006,banana_ripe,0.009694511070847511,leftin
data\processed\test\banana_overripe\leftin_0001231.jpg,banana_overripe,banana_overripe,3,3,True,0.999903678894043,banana_ripe,9.495187987340614e-05,leftin
data\processed\test\banana_overripe\leftin_0001232.jpg,banana_overripe,banana_overripe,3,3,True,0.9851232171058655,papaya_overripe,0.011871821247041225,leftin
data\processed\test\banana_overripe\leftin_0001234.jpg,banana_overripe,banana_overripe,3,3,True,0.9784083366394043,banana_ripe,0.013259406201541424,leftin
data\processed\test\banana_overripe\leftin_0001235.jpg,banana_overripe,banana_overripe,3,3,True,0.9997959733009338,papaya_overripe,5.3818766900803894e-05,leftin
data\processed\test\banana_overripe\leftin_0001236.jpg,banana_overripe,banana_overripe,3,3,True,0.9313542246818542,papaya_overripe,0.029597358778119087,leftin
data\processed\test\banana_overripe\leftin_0001237.jpg,banana_overripe,banana_overripe,3,3,True,0.9804710149765015,mango_overripe,0.007625658065080643,leftin
data\processed\test\banana_overripe\leftin_0001238.jpg,banana_overripe,banana_overripe,3,3,True,0.9980987906455994,banana_ripe,0.0012592728016898036,leftin
data\processed\test\banana_overripe\leftin_0001239.jpg,banana_overripe,banana_overripe,3,3,True,0.9982531666755676,banana_ripe,0.001187252695672214,leftin
data\processed\test\banana_overripe\leftin_0001241.jpg,banana_overripe,banana_overripe,3,3,True,0.9769620895385742,banana_ripe,0.02062581665813923,leftin
data\processed\test\banana_overripe\leftin_0001242.jpg,banana_overripe,banana_overripe,3,3,True,0.9982011318206787,banana_ripe,0.0004084311076439917,leftin
data\processed\test\banana_overripe\leftin_0001243.jpg,banana_overripe,banana_overripe,3,3,True,0.9921116828918457,mango_overripe,0.003666440024971962,leftin
data\processed\test\banana_overripe\leftin_0001245.jpg,banana_overripe,banana_overripe,3,3,True,0.9860888123512268,banana_ripe,0.012380987405776978,leftin
data\processed\test\banana_overripe\leftin_0001246.jpg,banana_overripe,banana_overripe,3,3,True,0.9967955946922302,banana_ripe,0.0016085293609648943,leftin
data\processed\test\banana_overripe\leftin_0001247.jpg,banana_overripe,banana_overripe,3,3,True,0.9925227761268616,papaya_overripe,0.003586849197745323,leftin
data\processed\test\banana_overripe\leftin_0001248.jpg,banana_overripe,banana_overripe,3,3,True,0.9998906850814819,papaya_overripe,6.406224565580487e-05,leftin
data\processed\test\banana_overripe\leftin_0001250.jpg,banana_overripe,banana_overripe,3,3,True,0.9974068999290466,papaya_overripe,0.0010005993535742164,leftin
data\processed\test\banana_overripe\leftin_0001252.jpg,banana_overripe,banana_overripe,3,3,True,0.998840868473053,pineapple_overripe,0.0006555660511367023,leftin
data\processed\test\banana_overripe\leftin_0001253.jpg,banana_overripe,banana_overripe,3,3,True,0.993217408657074,papaya_overripe,0.005829234141856432,leftin
data\processed\test\banana_overripe\leftin_0001255.jpg,banana_overripe,banana_overripe,3,3,True,0.9973891377449036,banana_ripe,0.002327882219105959,leftin
data\processed\test\banana_overripe\leftin_0001256.jpg,banana_overripe,banana_overripe,3,3,True,0.9827782511711121,papaya_overripe,0.008643439039587975,leftin
data\processed\test\banana_overripe\leftin_0001258.jpg,banana_overripe,banana_overripe,3,3,True,0.9482669234275818,banana_ripe,0.03097403235733509,leftin
data\processed\test\banana_overripe\leftin_0001260.jpg,banana_overripe,banana_overripe,3,3,True,0.9998421669006348,banana_ripe,0.00012493795657064766,leftin
data\processed\test\banana_overripe\leftin_0001261.jpg,banana_overripe,banana_overripe,3,3,True,0.9297377467155457,banana_ripe,0.06946659088134766,leftin
data\processed\test\banana_overripe\leftin_0001263.jpg,banana_overripe,banana_overripe,3,3,True,0.9983314871788025,mango_overripe,0.0010159892262890935,leftin
data\processed\test\banana_overripe\leftin_0001265.jpg,banana_overripe,banana_overripe,3,3,True,0.951896071434021,mango_overripe,0.015895670279860497,leftin
data\processed\test\banana_overripe\leftin_0001266.jpg,banana_overripe,banana_overripe,3,3,True,0.997825026512146,mango_overripe,0.0014139754930511117,leftin
data\processed\test\banana_overripe\leftin_0001267.jpg,banana_overripe,banana_overripe,3,3,True,0.999064028263092,mango_overripe,0.0004895890015177429,leftin
data\processed\test\banana_overripe\leftin_0001268.jpg,banana_overripe,banana_overripe,3,3,True,0.8675676584243774,banana_ripe,0.09013193845748901,leftin
data\processed\test\banana_overripe\leftin_0001269.jpg,banana_overripe,banana_overripe,3,3,True,0.6284557580947876,mango_overripe,0.1285863220691681,leftin
data\processed\test\banana_overripe\leftin_0001270.jpg,banana_overripe,banana_overripe,3,3,True,0.8791064023971558,apple_overripe,0.07207062840461731,leftin
data\processed\test\banana_overripe\leftin_0001274.jpg,banana_overripe,banana_overripe,3,3,True,0.9891769289970398,mango_overripe,0.007748711388558149,leftin
data\processed\test\banana_overripe\leftin_0001275.jpg,banana_overripe,banana_overripe,3,3,True,0.9853501319885254,mango_overripe,0.009138933382928371,leftin
data\processed\test\banana_overripe\leftin_0001276.jpg,banana_overripe,banana_overripe,3,3,True,0.9993300437927246,papaya_overripe,0.0002962294965982437,leftin
data\processed\test\banana_overripe\leftin_0001278.jpg,banana_overripe,banana_overripe,3,3,True,0.9983327984809875,mango_overripe,0.000815132400020957,leftin
data\processed\test\banana_overripe\leftin_0001279.jpg,banana_overripe,banana_overripe,3,3,True,0.9861224293708801,banana_ripe,0.011719060130417347,leftin
data\processed\test\banana_overripe\leftin_0001281.jpg,banana_overripe,banana_overripe,3,3,True,0.9401022791862488,mango_overripe,0.05378483235836029,leftin
data\processed\test\banana_overripe\leftin_0001282.jpg,banana_overripe,banana_overripe,3,3,True,0.9970212578773499,banana_ripe,0.002705390565097332,leftin
data\processed\test\banana_overripe\leftin_0001283.jpg,banana_overripe,banana_overripe,3,3,True,0.9962577819824219,banana_ripe,0.003296953858807683,leftin
data\processed\test\banana_overripe\leftin_0001285.jpg,banana_overripe,banana_overripe,3,3,True,0.9997314810752869,papaya_overripe,0.00013040882186032832,leftin
data\processed\test\banana_overripe\leftin_0001288.jpg,banana_overripe,banana_overripe,3,3,True,0.9999496936798096,banana_ripe,2.9442009690683335e-05,leftin
data\processed\test\banana_overripe\leftin_0001289.jpg,banana_overripe,banana_overripe,3,3,True,0.8920866847038269,banana_ripe,0.09034361690282822,leftin
data\processed\test\banana_overripe\leftin_0001291.jpg,banana_overripe,banana_overripe,3,3,True,0.9999234676361084,papaya_overripe,3.9276081224670634e-05,leftin
data\processed\test\banana_overripe\leftin_0001292.jpg,banana_overripe,banana_overripe,3,3,True,0.9985853433609009,mango_overripe,0.0007307983469218016,leftin
data\processed\test\banana_overripe\leftin_0001295.jpg,banana_overripe,banana_overripe,3,3,True,0.8738357424736023,banana_ripe,0.0945109948515892,leftin
data\processed\test\banana_overripe\leftin_0001296.jpg,banana_overripe,banana_overripe,3,3,True,0.9981513619422913,papaya_overripe,0.0007590113673359156,leftin
data\processed\test\banana_overripe\leftin_0001297.jpg,banana_overripe,banana_overripe,3,3,True,0.9757174849510193,banana_ripe,0.019814383238554,leftin
data\processed\test\banana_overripe\leftin_0001298.jpg,banana_overripe,banana_overripe,3,3,True,0.9495793581008911,banana_ripe,0.044788822531700134,leftin
data\processed\test\banana_overripe\leftin_0001299.jpg,banana_overripe,banana_overripe,3,3,True,0.9919208288192749,mango_overripe,0.005661852192133665,leftin
data\processed\test\banana_overripe\leftin_0001300.jpg,banana_overripe,banana_overripe,3,3,True,0.9959141612052917,mango_overripe,0.0014407146954908967,leftin
data\processed\test\banana_overripe\leftin_0001301.jpg,banana_overripe,banana_overripe,3,3,True,0.9452247619628906,mango_overripe,0.04746003448963165,leftin
data\processed\test\banana_overripe\leftin_0001302.jpg,banana_overripe,banana_overripe,3,3,True,0.9994059801101685,banana_ripe,0.00046538159949705005,leftin
data\processed\test\banana_overripe\leftin_0001303.jpg,banana_overripe,banana_overripe,3,3,True,0.9726358652114868,banana_ripe,0.027233589440584183,leftin
data\processed\test\banana_overripe\leftin_0001305.jpg,banana_overripe,banana_overripe,3,3,True,0.9866868257522583,banana_ripe,0.012704026885330677,leftin
data\processed\test\banana_overripe\leftin_0001306.jpg,banana_overripe,banana_overripe,3,3,True,0.9993057250976562,banana_ripe,0.0006176417809911072,leftin
data\processed\test\banana_overripe\leftin_0001307.jpg,banana_overripe,banana_overripe,3,3,True,0.9932131767272949,mango_overripe,0.004331960808485746,leftin
data\processed\test\banana_overripe\leftin_0001308.jpg,banana_overripe,banana_overripe,3,3,True,0.9766901135444641,banana_ripe,0.009588451124727726,leftin
data\processed\test\banana_overripe\leftin_0001309.jpg,banana_overripe,banana_overripe,3,3,True,0.9938915967941284,banana_ripe,0.005330751184374094,leftin
data\processed\test\banana_overripe\leftin_0001310.jpg,banana_overripe,banana_overripe,3,3,True,0.9994977712631226,papaya_overripe,0.0002678291348274797,leftin
data\processed\test\banana_overripe\leftin_0001312.jpg,banana_overripe,banana_overripe,3,3,True,0.9824663400650024,banana_ripe,0.017025277018547058,leftin
data\processed\test\banana_overripe\leftin_0001313.jpg,banana_overripe,banana_overripe,3,3,True,0.9302054643630981,papaya_overripe,0.02287054806947708,leftin
data\processed\test\banana_overripe\leftin_0001315.jpg,banana_overripe,banana_overripe,3,3,True,0.9988993406295776,mango_overripe,0.0007471209391951561,leftin
data\processed\test\banana_overripe\leftin_0001316.jpg,banana_overripe,banana_overripe,3,3,True,0.9785096049308777,banana_ripe,0.00760794710367918,leftin
data\processed\test\banana_overripe\leftin_0001317.jpg,banana_overripe,banana_overripe,3,3,True,0.9219979047775269,banana_ripe,0.07723253965377808,leftin
data\processed\test\banana_overripe\leftin_0001318.jpg,banana_overripe,banana_overripe,3,3,True,0.9863761067390442,mango_overripe,0.011861146427690983,leftin
data\processed\test\banana_overripe\leftin_0001320.jpg,banana_overripe,banana_overripe,3,3,True,0.9122871160507202,mango_overripe,0.04816676303744316,leftin
data\processed\test\banana_overripe\leftin_0001321.jpg,banana_overripe,banana_overripe,3,3,True,0.9905619025230408,banana_ripe,0.007051408290863037,leftin
data\processed\test\banana_overripe\leftin_0001322.jpg,banana_overripe,banana_overripe,3,3,True,0.9968018531799316,banana_ripe,0.0016520667122676969,leftin
data\processed\test\banana_overripe\leftin_0001323.jpg,banana_overripe,banana_overripe,3,3,True,0.9724683165550232,banana_ripe,0.025239305570721626,leftin
data\processed\test\banana_overripe\leftin_0001324.jpg,banana_overripe,banana_overripe,3,3,True,0.9885947704315186,banana_ripe,0.010288369841873646,leftin
data\processed\test\banana_overripe\leftin_0001325.jpg,banana_overripe,banana_overripe,3,3,True,0.5917443633079529,mango_overripe,0.26238417625427246,leftin
data\processed\test\banana_overripe\leftin_0001327.jpg,banana_overripe,banana_overripe,3,3,True,0.9918659329414368,banana_ripe,0.003048313781619072,leftin
data\processed\test\banana_overripe\leftin_0001328.jpg,banana_overripe,banana_overripe,3,3,True,0.99894779920578,banana_ripe,0.0008684849017299712,leftin
data\processed\test\banana_overripe\leftin_0001329.jpg,banana_overripe,banana_overripe,3,3,True,0.9917741417884827,pineapple_overripe,0.003934322856366634,leftin
data\processed\test\banana_overripe\leftin_0001330.jpg,banana_overripe,banana_overripe,3,3,True,0.9999300241470337,papaya_overripe,3.068541991524398e-05,leftin
data\processed\test\banana_overripe\leftin_0001331.jpg,banana_overripe,banana_overripe,3,3,True,0.9963701963424683,banana_ripe,0.0019910151604562998,leftin
data\processed\test\banana_overripe\leftin_0001332.jpg,banana_overripe,banana_overripe,3,3,True,0.999517560005188,banana_ripe,0.0002519909176044166,leftin
data\processed\test\banana_overripe\leftin_0001333.jpg,banana_overripe,banana_overripe,3,3,True,0.9856573343276978,papaya_overripe,0.008213113062083721,leftin
data\processed\test\banana_overripe\leftin_0001334.jpg,banana_overripe,banana_overripe,3,3,True,0.9945986270904541,pineapple_overripe,0.002063128398731351,leftin
data\processed\test\banana_overripe\leftin_0001335.jpg,banana_overripe,banana_overripe,3,3,True,0.8270613551139832,pineapple_overripe,0.06467480212450027,leftin
data\processed\test\banana_overripe\leftin_0001336.jpg,banana_overripe,banana_overripe,3,3,True,0.6998294591903687,banana_ripe,0.20551757514476776,leftin
data\processed\test\banana_overripe\leftin_0001338.jpg,banana_overripe,banana_overripe,3,3,True,0.9977506995201111,banana_ripe,0.0019150135340169072,leftin
data\processed\test\banana_overripe\leftin_0001339.jpg,banana_overripe,banana_overripe,3,3,True,0.9968405961990356,banana_ripe,0.0028874340932816267,leftin
data\processed\test\banana_overripe\leftin_0001340.jpg,banana_overripe,banana_overripe,3,3,True,0.9067996144294739,papaya_overripe,0.08254671096801758,leftin
data\processed\test\banana_overripe\leftin_0001341.jpg,banana_overripe,banana_overripe,3,3,True,0.9902175068855286,mango_overripe,0.00464986776933074,leftin
data\processed\test\banana_overripe\leftin_0001342.jpg,banana_overripe,banana_overripe,3,3,True,0.9971858859062195,banana_ripe,0.001647023018449545,leftin
data\processed\test\banana_overripe\leftin_0001343.jpg,banana_overripe,banana_overripe,3,3,True,0.9990667700767517,banana_ripe,0.0007424563518725336,leftin
data\processed\test\banana_overripe\leftin_0001344.jpg,banana_overripe,banana_overripe,3,3,True,0.9984082579612732,banana_unripe,0.0006398031255230308,leftin
data\processed\test\banana_overripe\leftin_0001345.jpg,banana_overripe,banana_overripe,3,3,True,0.9989858269691467,papaya_overripe,0.0005218592123128474,leftin
data\processed\test\banana_overripe\leftin_0001346.jpg,banana_overripe,banana_overripe,3,3,True,0.9975057244300842,banana_ripe,0.0012129020178690553,leftin
data\processed\test\banana_overripe\leftin_0001347.jpg,banana_overripe,banana_overripe,3,3,True,0.998970627784729,banana_ripe,0.0005866618594154716,leftin
data\processed\test\banana_ripe\alexcj10-ripenet_0001358.jpg,banana_ripe,banana_ripe,4,4,True,0.5164318680763245,mango_ripe,0.1816837191581726,alexcj10
data\processed\test\banana_ripe\alexcj10-ripenet_0001371.jpg,banana_ripe,banana_ripe,4,4,True,0.38459765911102295,banana_overripe,0.354931503534317,alexcj10
data\processed\test\banana_ripe\alexcj10-ripenet_0001375.jpg,banana_ripe,banana_ripe,4,4,True,0.948943018913269,banana_unripe,0.0319666862487793,alexcj10
data\processed\test\banana_ripe\alexcj10-ripenet_0001390.jpg,banana_ripe,banana_ripe,4,4,True,0.9943587183952332,banana_unripe,0.0027719037607312202,alexcj10
data\processed\test\banana_ripe\alexcj10-ripenet_0001391.jpg,banana_ripe,banana_ripe,4,4,True,0.8744312524795532,mango_ripe,0.05284561216831207,alexcj10
data\processed\test\banana_ripe\alexcj10-ripenet_0001395.jpg,banana_ripe,banana_ripe,4,4,True,0.5563949942588806,banana_overripe,0.15560199320316315,alexcj10
data\processed\test\banana_ripe\alexcj10-ripenet_0001398.jpg,banana_ripe,banana_ripe,4,4,True,0.8985452055931091,banana_unripe,0.0625203400850296,alexcj10
data\processed\test\banana_ripe\alexcj10-ripenet_0001406.jpg,banana_ripe,banana_ripe,4,4,True,0.9705995917320251,banana_overripe,0.014429254457354546,alexcj10
data\processed\test\banana_ripe\alexcj10-ripenet_0001408.jpg,banana_ripe,banana_overripe,4,3,False,0.4500998556613922,papaya_overripe,0.18609842658042908,alexcj10
data\processed\test\banana_ripe\alexcj10-ripenet_0001412.jpg,banana_ripe,banana_ripe,4,4,True,0.9323065280914307,banana_unripe,0.033709362149238586,alexcj10
data\processed\test\banana_ripe\alexcj10-ripenet_0001413.jpg,banana_ripe,banana_ripe,4,4,True,0.8847060799598694,banana_overripe,0.0931171402335167,alexcj10
data\processed\test\banana_ripe\alexcj10-ripenet_0001415.jpg,banana_ripe,banana_ripe,4,4,True,0.33418184518814087,papaya_ripe,0.32818251848220825,alexcj10
data\processed\test\banana_ripe\alexcj10-ripenet_0001425.jpg,banana_ripe,banana_ripe,4,4,True,0.561279833316803,banana_unripe,0.12087429314851761,alexcj10
data\processed\test\banana_ripe\alexcj10-ripenet_0001431.jpg,banana_ripe,mango_ripe,4,7,False,0.6045944094657898,apple_ripe,0.17398156225681305,alexcj10
data\processed\test\banana_ripe\alexcj10-ripenet_0001434.jpg,banana_ripe,banana_overripe,4,3,False,0.40811800956726074,mango_overripe,0.1674942672252655,alexcj10
data\processed\test\banana_ripe\alexcj10-ripenet_0001441.jpg,banana_ripe,banana_ripe,4,4,True,0.8710014224052429,banana_unripe,0.089936263859272,alexcj10
data\processed\test\banana_ripe\alexcj10-ripenet_0001450.jpg,banana_ripe,pineapple_ripe,4,16,False,0.22799603641033173,banana_ripe,0.14474867284297943,alexcj10
data\processed\test\banana_ripe\alexcj10-ripenet_0001451.jpg,banana_ripe,banana_ripe,4,4,True,0.868155300617218,banana_unripe,0.12802712619304657,alexcj10
data\processed\test\banana_ripe\alexcj10-ripenet_0001454.jpg,banana_ripe,banana_ripe,4,4,True,0.9473147988319397,banana_unripe,0.025898661464452744,alexcj10
data\processed\test\banana_ripe\alexcj10-ripenet_0001456.jpg,banana_ripe,banana_ripe,4,4,True,0.7415934801101685,banana_overripe,0.2206162065267563,alexcj10
data\processed\test\banana_ripe\alexcj10-ripenet_0001463.jpg,banana_ripe,banana_ripe,4,4,True,0.739832878112793,banana_unripe,0.2521263062953949,alexcj10
data\processed\test\banana_ripe\alexcj10-ripenet_0001464.jpg,banana_ripe,banana_ripe,4,4,True,0.6579262614250183,banana_unripe,0.09878596663475037,alexcj10
data\processed\test\banana_ripe\alexcj10-ripenet_0001485.jpg,banana_ripe,banana_ripe,4,4,True,0.7550919055938721,banana_unripe,0.11621280014514923,alexcj10
data\processed\test\banana_ripe\alexcj10-ripenet_0001495.jpg,banana_ripe,banana_ripe,4,4,True,0.9043181538581848,banana_unripe,0.0525711327791214,alexcj10
data\processed\test\banana_ripe\alexcj10-ripenet_0001512.jpg,banana_ripe,pineapple_ripe,4,16,False,0.4947480261325836,pineapple_overripe,0.2132726013660431,alexcj10
data\processed\test\banana_ripe\alexcj10-ripenet_0001523.jpg,banana_ripe,banana_ripe,4,4,True,0.8414669632911682,banana_unripe,0.11526418477296829,alexcj10
data\processed\test\banana_ripe\alexcj10-ripenet_0001525.jpg,banana_ripe,banana_ripe,4,4,True,0.9142995476722717,papaya_ripe,0.01835017465054989,alexcj10
data\processed\test\banana_ripe\alexcj10-ripenet_0001530.jpg,banana_ripe,banana_unripe,4,5,False,0.2372819483280182,apple_unripe,0.14197731018066406,alexcj10
data\processed\test\banana_ripe\alexcj10-ripenet_0001572.jpg,banana_ripe,banana_ripe,4,4,True,0.940841019153595,banana_unripe,0.05100148171186447,alexcj10
data\processed\test\banana_ripe\alexcj10-ripenet_0001576.jpg,banana_ripe,banana_ripe,4,4,True,0.941948413848877,banana_overripe,0.048273999243974686,alexcj10
data\processed\test\banana_ripe\alexcj10-ripenet_0001584.jpg,banana_ripe,banana_ripe,4,4,True,0.7717105150222778,banana_unripe,0.1951695829629898,alexcj10
data\processed\test\banana_ripe\alexcj10-ripenet_0001592.jpg,banana_ripe,banana_ripe,4,4,True,0.7142052054405212,banana_overripe,0.20152981579303741,alexcj10
data\processed\test\banana_ripe\alexcj10-ripenet_0001596.jpg,banana_ripe,banana_ripe,4,4,True,0.9269924759864807,banana_unripe,0.028177013620734215,alexcj10
data\processed\test\banana_ripe\alexcj10-ripenet_0001602.jpg,banana_ripe,banana_ripe,4,4,True,0.5977116227149963,banana_overripe,0.3761327564716339,alexcj10
data\processed\test\banana_ripe\alexcj10-ripenet_0001615.jpg,banana_ripe,banana_ripe,4,4,True,0.4111894965171814,banana_overripe,0.1870153695344925,alexcj10
data\processed\test\banana_ripe\alexcj10-ripenet_0001616.jpg,banana_ripe,pineapple_overripe,4,15,False,0.35978150367736816,pineapple_ripe,0.34634193778038025,alexcj10
data\processed\test\banana_ripe\alexcj10-ripenet_0001623.jpg,banana_ripe,banana_unripe,4,5,False,0.8130707740783691,banana_ripe,0.08398965746164322,alexcj10
data\processed\test\banana_ripe\alexcj10-ripenet_0001634.jpg,banana_ripe,banana_ripe,4,4,True,0.8574636578559875,banana_unripe,0.13505996763706207,alexcj10
data\processed\test\banana_ripe\alexcj10-ripenet_0001638.jpg,banana_ripe,banana_ripe,4,4,True,0.9551970958709717,banana_unripe,0.01776578649878502,alexcj10
data\processed\test\banana_ripe\alexcj10-ripenet_0001641.jpg,banana_ripe,banana_ripe,4,4,True,0.3818299472332001,pineapple_ripe,0.24668098986148834,alexcj10
data\processed\test\banana_ripe\alexcj10-ripenet_0001663.jpg,banana_ripe,mango_overripe,4,6,False,0.313801109790802,mango_ripe,0.18830598890781403,alexcj10
data\processed\test\banana_ripe\alexcj10-ripenet_0001664.jpg,banana_ripe,banana_overripe,4,3,False,0.5670800805091858,banana_ripe,0.31949660181999207,alexcj10
data\processed\test\banana_ripe\alexcj10-ripenet_0001675.jpg,banana_ripe,banana_ripe,4,4,True,0.9651569128036499,banana_unripe,0.021370474249124527,alexcj10
data\processed\test\banana_ripe\alexcj10-ripenet_0001681.jpg,banana_ripe,banana_ripe,4,4,True,0.9832773208618164,banana_unripe,0.009987877681851387,alexcj10
data\processed\test\banana_ripe\alexcj10-ripenet_0001685.jpg,banana_ripe,pineapple_overripe,4,15,False,0.4578128457069397,pineapple_ripe,0.43408605456352234,alexcj10
data\processed\test\banana_ripe\asadullahprl_0001352.jpg,banana_ripe,banana_ripe,4,4,True,0.8998314142227173,banana_unripe,0.09699184447526932,asadullahprl
data\processed\test\banana_ripe\asadullahprl_0001357.jpg,banana_ripe,banana_ripe,4,4,True,0.7372909188270569,banana_unripe,0.18545284867286682,asadullahprl
data\processed\test\banana_ripe\asadullahprl_0001359.jpg,banana_ripe,banana_ripe,4,4,True,0.9653686881065369,banana_unripe,0.02846488729119301,asadullahprl
data\processed\test\banana_ripe\asadullahprl_0001361.jpg,banana_ripe,banana_ripe,4,4,True,0.5641646981239319,banana_overripe,0.3770428001880646,asadullahprl
data\processed\test\banana_ripe\asadullahprl_0001364.jpg,banana_ripe,banana_unripe,4,5,False,0.9443287253379822,banana_ripe,0.033915404230356216,asadullahprl
data\processed\test\banana_ripe\asadullahprl_0001366.jpg,banana_ripe,banana_ripe,4,4,True,0.8714272379875183,banana_unripe,0.07140675187110901,asadullahprl
data\processed\test\banana_ripe\asadullahprl_0001384.jpg,banana_ripe,banana_ripe,4,4,True,0.7068626880645752,banana_overripe,0.15361464023590088,asadullahprl
data\processed\test\banana_ripe\asadullahprl_0001388.jpg,banana_ripe,banana_ripe,4,4,True,0.8944117426872253,mango_overripe,0.046506091952323914,asadullahprl
data\processed\test\banana_ripe\asadullahprl_0001397.jpg,banana_ripe,banana_ripe,4,4,True,0.9003271460533142,banana_overripe,0.07314035296440125,asadullahprl
data\processed\test\banana_ripe\asadullahprl_0001399.jpg,banana_ripe,banana_ripe,4,4,True,0.972013533115387,banana_unripe,0.02563079260289669,asadullahprl
data\processed\test\banana_ripe\asadullahprl_0001400.jpg,banana_ripe,banana_ripe,4,4,True,0.9819784760475159,banana_unripe,0.00902182050049305,asadullahprl
data\processed\test\banana_ripe\asadullahprl_0001403.jpg,banana_ripe,banana_ripe,4,4,True,0.8801087737083435,banana_unripe,0.10575798153877258,asadullahprl
data\processed\test\banana_ripe\asadullahprl_0001404.jpg,banana_ripe,banana_ripe,4,4,True,0.9747762680053711,banana_overripe,0.01317585352808237,asadullahprl
data\processed\test\banana_ripe\asadullahprl_0001410.jpg,banana_ripe,banana_ripe,4,4,True,0.8594627976417542,banana_overripe,0.11451123654842377,asadullahprl
data\processed\test\banana_ripe\asadullahprl_0001420.jpg,banana_ripe,banana_unripe,4,5,False,0.6205747723579407,banana_ripe,0.36427751183509827,asadullahprl
data\processed\test\banana_ripe\asadullahprl_0001422.jpg,banana_ripe,banana_ripe,4,4,True,0.8404217958450317,banana_unripe,0.13539230823516846,asadullahprl
data\processed\test\banana_ripe\asadullahprl_0001426.jpg,banana_ripe,banana_ripe,4,4,True,0.9749539494514465,banana_unripe,0.019322331994771957,asadullahprl
data\processed\test\banana_ripe\asadullahprl_0001427.jpg,banana_ripe,banana_ripe,4,4,True,0.9157482981681824,banana_unripe,0.08390713483095169,asadullahprl
data\processed\test\banana_ripe\asadullahprl_0001428.jpg,banana_ripe,banana_ripe,4,4,True,0.8822764754295349,banana_overripe,0.1017712727189064,asadullahprl
data\processed\test\banana_ripe\asadullahprl_0001437.jpg,banana_ripe,banana_ripe,4,4,True,0.404507040977478,banana_overripe,0.3798350691795349,asadullahprl
data\processed\test\banana_ripe\asadullahprl_0001452.jpg,banana_ripe,banana_ripe,4,4,True,0.8688238263130188,banana_overripe,0.08003341406583786,asadullahprl
data\processed\test\banana_ripe\asadullahprl_0001458.jpg,banana_ripe,banana_ripe,4,4,True,0.9467251896858215,banana_unripe,0.033502135425806046,asadullahprl
data\processed\test\banana_ripe\asadullahprl_0001469.jpg,banana_ripe,banana_ripe,4,4,True,0.9734976887702942,banana_overripe,0.016910690814256668,asadullahprl
data\processed\test\banana_ripe\asadullahprl_0001480.jpg,banana_ripe,banana_ripe,4,4,True,0.9675512313842773,banana_unripe,0.017778925597667694,asadullahprl
data\processed\test\banana_ripe\asadullahprl_0001487.jpg,banana_ripe,banana_ripe,4,4,True,0.6312381029129028,banana_unripe,0.3208980858325958,asadullahprl
data\processed\test\banana_ripe\asadullahprl_0001493.jpg,banana_ripe,banana_ripe,4,4,True,0.9940990209579468,banana_unripe,0.00537797762081027,asadullahprl
data\processed\test\banana_ripe\asadullahprl_0001496.jpg,banana_ripe,pineapple_unripe,4,17,False,0.343781054019928,pineapple_ripe,0.24625450372695923,asadullahprl
data\processed\test\banana_ripe\asadullahprl_0001499.jpg,banana_ripe,banana_ripe,4,4,True,0.9286208152770996,banana_overripe,0.02159319445490837,asadullahprl
data\processed\test\banana_ripe\asadullahprl_0001502.jpg,banana_ripe,banana_ripe,4,4,True,0.9984160661697388,banana_unripe,0.0009623679216019809,asadullahprl
data\processed\test\banana_ripe\asadullahprl_0001503.jpg,banana_ripe,banana_unripe,4,5,False,0.5347843170166016,banana_ripe,0.39114058017730713,asadullahprl
data\processed\test\banana_ripe\asadullahprl_0001507.jpg,banana_ripe,banana_ripe,4,4,True,0.9050068259239197,banana_unripe,0.060784321278333664,asadullahprl
data\processed\test\banana_ripe\asadullahprl_0001516.jpg,banana_ripe,banana_ripe,4,4,True,0.6105677485466003,banana_overripe,0.24760256707668304,asadullahprl
data\processed\test\banana_ripe\asadullahprl_0001531.jpg,banana_ripe,banana_ripe,4,4,True,0.8490501046180725,banana_overripe,0.12191006541252136,asadullahprl
data\processed\test\banana_ripe\asadullahprl_0001533.jpg,banana_ripe,banana_ripe,4,4,True,0.3958998918533325,mango_ripe,0.3330572247505188,asadullahprl
data\processed\test\banana_ripe\asadullahprl_0001535.jpg,banana_ripe,banana_ripe,4,4,True,0.8178401589393616,banana_unripe,0.1558847576379776,asadullahprl
data\processed\test\banana_ripe\asadullahprl_0001537.jpg,banana_ripe,banana_ripe,4,4,True,0.8939239978790283,banana_unripe,0.10261270403862,asadullahprl
data\processed\test\banana_ripe\asadullahprl_0001550.jpg,banana_ripe,banana_ripe,4,4,True,0.9287006258964539,banana_unripe,0.0553065687417984,asadullahprl
data\processed\test\banana_ripe\asadullahprl_0001551.jpg,banana_ripe,banana_ripe,4,4,True,0.9594030976295471,banana_unripe,0.031760990619659424,asadullahprl
data\processed\test\banana_ripe\asadullahprl_0001555.jpg,banana_ripe,banana_ripe,4,4,True,0.8469623327255249,banana_unripe,0.13969016075134277,asadullahprl
data\processed\test\banana_ripe\asadullahprl_0001557.jpg,banana_ripe,banana_ripe,4,4,True,0.8622177839279175,banana_overripe,0.12867331504821777,asadullahprl
data\processed\test\banana_ripe\asadullahprl_0001560.jpg,banana_ripe,banana_ripe,4,4,True,0.5093087553977966,banana_overripe,0.42649269104003906,asadullahprl
data\processed\test\banana_ripe\asadullahprl_0001562.jpg,banana_ripe,banana_ripe,4,4,True,0.9708442687988281,banana_unripe,0.019268371164798737,asadullahprl
data\processed\test\banana_ripe\asadullahprl_0001565.jpg,banana_ripe,banana_ripe,4,4,True,0.7702023386955261,banana_unripe,0.2232019156217575,asadullahprl
data\processed\test\banana_ripe\asadullahprl_0001566.jpg,banana_ripe,banana_ripe,4,4,True,0.7997228503227234,banana_overripe,0.1797723025083542,asadullahprl
data\processed\test\banana_ripe\asadullahprl_0001567.jpg,banana_ripe,banana_ripe,4,4,True,0.8789070844650269,banana_unripe,0.0830402821302414,asadullahprl
data\processed\test\banana_ripe\asadullahprl_0001573.jpg,banana_ripe,banana_ripe,4,4,True,0.7891649007797241,banana_unripe,0.2041342854499817,asadullahprl
data\processed\test\banana_ripe\asadullahprl_0001582.jpg,banana_ripe,banana_ripe,4,4,True,0.9205276966094971,banana_unripe,0.05010209232568741,asadullahprl
data\processed\test\banana_ripe\asadullahprl_0001586.jpg,banana_ripe,banana_ripe,4,4,True,0.8734875917434692,banana_unripe,0.12214481830596924,asadullahprl
data\processed\test\banana_ripe\asadullahprl_0001590.jpg,banana_ripe,banana_ripe,4,4,True,0.9773749709129333,banana_unripe,0.01621355302631855,asadullahprl
data\processed\test\banana_ripe\asadullahprl_0001597.jpg,banana_ripe,banana_ripe,4,4,True,0.9378713965415955,banana_unripe,0.02221149578690529,asadullahprl
data\processed\test\banana_ripe\asadullahprl_0001598.jpg,banana_ripe,banana_overripe,4,3,False,0.5050888657569885,banana_ripe,0.3980984091758728,asadullahprl
data\processed\test\banana_ripe\asadullahprl_0001604.jpg,banana_ripe,banana_unripe,4,5,False,0.6573939323425293,banana_ripe,0.3380688726902008,asadullahprl
data\processed\test\banana_ripe\asadullahprl_0001607.jpg,banana_ripe,banana_ripe,4,4,True,0.9385941028594971,banana_overripe,0.04115987569093704,asadullahprl
data\processed\test\banana_ripe\asadullahprl_0001610.jpg,banana_ripe,banana_ripe,4,4,True,0.9124233722686768,banana_unripe,0.04843511804938316,asadullahprl
data\processed\test\banana_ripe\asadullahprl_0001611.jpg,banana_ripe,banana_ripe,4,4,True,0.7956181764602661,banana_overripe,0.13971544802188873,asadullahprl
data\processed\test\banana_ripe\asadullahprl_0001612.jpg,banana_ripe,banana_ripe,4,4,True,0.6895377039909363,banana_unripe,0.13618743419647217,asadullahprl
data\processed\test\banana_ripe\asadullahprl_0001618.jpg,banana_ripe,banana_ripe,4,4,True,0.7434884309768677,mango_ripe,0.21510063111782074,asadullahprl
data\processed\test\banana_ripe\asadullahprl_0001621.jpg,banana_ripe,banana_ripe,4,4,True,0.9370660781860352,banana_unripe,0.02926495671272278,asadullahprl
data\processed\test\banana_ripe\asadullahprl_0001624.jpg,banana_ripe,banana_ripe,4,4,True,0.8847801685333252,banana_unripe,0.09798210859298706,asadullahprl
data\processed\test\banana_ripe\asadullahprl_0001629.jpg,banana_ripe,banana_ripe,4,4,True,0.5194101333618164,mango_overripe,0.279121071100235,asadullahprl
data\processed\test\banana_ripe\asadullahprl_0001637.jpg,banana_ripe,banana_ripe,4,4,True,0.6829902529716492,banana_overripe,0.2604675889015198,asadullahprl
data\processed\test\banana_ripe\asadullahprl_0001639.jpg,banana_ripe,banana_ripe,4,4,True,0.9654597043991089,banana_unripe,0.022399183362722397,asadullahprl
data\processed\test\banana_ripe\asadullahprl_0001642.jpg,banana_ripe,banana_ripe,4,4,True,0.9756483435630798,banana_unripe,0.02232234738767147,asadullahprl
data\processed\test\banana_ripe\asadullahprl_0001644.jpg,banana_ripe,banana_ripe,4,4,True,0.9863061904907227,banana_unripe,0.012599075213074684,asadullahprl
data\processed\test\banana_ripe\asadullahprl_0001660.jpg,banana_ripe,banana_ripe,4,4,True,0.9746317863464355,banana_unripe,0.014004914090037346,asadullahprl
data\processed\test\banana_ripe\asadullahprl_0001661.jpg,banana_ripe,banana_ripe,4,4,True,0.7344187498092651,banana_unripe,0.22854942083358765,asadullahprl
data\processed\test\banana_ripe\asadullahprl_0001672.jpg,banana_ripe,banana_overripe,4,3,False,0.5251580476760864,banana_ripe,0.4588867127895355,asadullahprl
data\processed\test\banana_ripe\asadullahprl_0001678.jpg,banana_ripe,banana_ripe,4,4,True,0.8889132738113403,banana_unripe,0.04206185042858124,asadullahprl
data\processed\test\banana_ripe\asadullahprl_0001683.jpg,banana_ripe,banana_ripe,4,4,True,0.749398946762085,banana_unripe,0.24524731934070587,asadullahprl
data\processed\test\banana_ripe\bananaimagebd_0001349.jpg,banana_ripe,banana_ripe,4,4,True,0.9870882034301758,banana_unripe,0.007151758763939142,bananaimagebd
data\processed\test\banana_ripe\bananaimagebd_0001362.jpg,banana_ripe,banana_ripe,4,4,True,0.7198529243469238,banana_unripe,0.2444579303264618,bananaimagebd
data\processed\test\banana_ripe\bananaimagebd_0001363.jpg,banana_ripe,banana_ripe,4,4,True,0.8452416062355042,banana_overripe,0.13900290429592133,bananaimagebd
data\processed\test\banana_ripe\bananaimagebd_0001383.jpg,banana_ripe,banana_ripe,4,4,True,0.7215911746025085,banana_overripe,0.21053051948547363,bananaimagebd
data\processed\test\banana_ripe\bananaimagebd_0001387.jpg,banana_ripe,banana_ripe,4,4,True,0.8093909621238708,banana_overripe,0.18324773013591766,bananaimagebd
data\processed\test\banana_ripe\bananaimagebd_0001392.jpg,banana_ripe,banana_ripe,4,4,True,0.9584131836891174,banana_overripe,0.034487489610910416,bananaimagebd
data\processed\test\banana_ripe\bananaimagebd_0001418.jpg,banana_ripe,banana_ripe,4,4,True,0.7283798456192017,banana_overripe,0.253033310174942,bananaimagebd
data\processed\test\banana_ripe\bananaimagebd_0001421.jpg,banana_ripe,banana_ripe,4,4,True,0.9892996549606323,banana_overripe,0.007782375440001488,bananaimagebd
data\processed\test\banana_ripe\bananaimagebd_0001436.jpg,banana_ripe,banana_ripe,4,4,True,0.7710776925086975,mango_overripe,0.17675472795963287,bananaimagebd
data\processed\test\banana_ripe\bananaimagebd_0001440.jpg,banana_ripe,banana_ripe,4,4,True,0.6743744015693665,banana_unripe,0.2954064607620239,bananaimagebd
data\processed\test\banana_ripe\bananaimagebd_0001443.jpg,banana_ripe,banana_ripe,4,4,True,0.7423644065856934,banana_overripe,0.11858190596103668,bananaimagebd
data\processed\test\banana_ripe\bananaimagebd_0001446.jpg,banana_ripe,banana_ripe,4,4,True,0.9755579233169556,banana_unripe,0.0205441452562809,bananaimagebd
data\processed\test\banana_ripe\bananaimagebd_0001455.jpg,banana_ripe,banana_ripe,4,4,True,0.8420565724372864,banana_unripe,0.11053583025932312,bananaimagebd
data\processed\test\banana_ripe\bananaimagebd_0001459.jpg,banana_ripe,banana_ripe,4,4,True,0.7795988917350769,banana_overripe,0.21981966495513916,bananaimagebd
data\processed\test\banana_ripe\bananaimagebd_0001467.jpg,banana_ripe,banana_ripe,4,4,True,0.950793445110321,banana_unripe,0.03492506965994835,bananaimagebd
data\processed\test\banana_ripe\bananaimagebd_0001473.jpg,banana_ripe,banana_ripe,4,4,True,0.9639473557472229,banana_overripe,0.03582393750548363,bananaimagebd
data\processed\test\banana_ripe\bananaimagebd_0001483.jpg,banana_ripe,banana_ripe,4,4,True,0.8416637778282166,banana_overripe,0.15182875096797943,bananaimagebd
data\processed\test\banana_ripe\bananaimagebd_0001490.jpg,banana_ripe,banana_ripe,4,4,True,0.7101457118988037,banana_overripe,0.2698553204536438,bananaimagebd
data\processed\test\banana_ripe\bananaimagebd_0001491.jpg,banana_ripe,banana_ripe,4,4,True,0.6428928375244141,banana_unripe,0.32348036766052246,bananaimagebd
data\processed\test\banana_ripe\bananaimagebd_0001492.jpg,banana_ripe,banana_ripe,4,4,True,0.8676297664642334,banana_overripe,0.07707833498716354,bananaimagebd
data\processed\test\banana_ripe\bananaimagebd_0001508.jpg,banana_ripe,banana_ripe,4,4,True,0.9267038106918335,mango_overripe,0.0583442822098732,bananaimagebd
data\processed\test\banana_ripe\bananaimagebd_0001517.jpg,banana_ripe,banana_ripe,4,4,True,0.9532824158668518,banana_overripe,0.0348900631070137,bananaimagebd
data\processed\test\banana_ripe\bananaimagebd_0001524.jpg,banana_ripe,banana_ripe,4,4,True,0.982712984085083,banana_unripe,0.013372333720326424,bananaimagebd
data\processed\test\banana_ripe\bananaimagebd_0001529.jpg,banana_ripe,banana_ripe,4,4,True,0.99540114402771,banana_unripe,0.0025858881417661905,bananaimagebd
data\processed\test\banana_ripe\bananaimagebd_0001534.jpg,banana_ripe,banana_unripe,4,5,False,0.34699639678001404,banana_overripe,0.3463079631328583,bananaimagebd
data\processed\test\banana_ripe\bananaimagebd_0001539.jpg,banana_ripe,banana_ripe,4,4,True,0.9848666787147522,banana_overripe,0.012863771058619022,bananaimagebd
data\processed\test\banana_ripe\bananaimagebd_0001541.jpg,banana_ripe,banana_ripe,4,4,True,0.5795734524726868,banana_overripe,0.35277724266052246,bananaimagebd
data\processed\test\banana_ripe\bananaimagebd_0001569.jpg,banana_ripe,banana_ripe,4,4,True,0.9684568047523499,mango_ripe,0.018627937883138657,bananaimagebd
data\processed\test\banana_ripe\bananaimagebd_0001574.jpg,banana_ripe,banana_ripe,4,4,True,0.9688578844070435,banana_overripe,0.01823660172522068,bananaimagebd
data\processed\test\banana_ripe\bananaimagebd_0001579.jpg,banana_ripe,banana_ripe,4,4,True,0.9537872076034546,banana_overripe,0.025366544723510742,bananaimagebd
data\processed\test\banana_ripe\bananaimagebd_0001580.jpg,banana_ripe,banana_ripe,4,4,True,0.8413574695587158,banana_unripe,0.15299004316329956,bananaimagebd
data\processed\test\banana_ripe\bananaimagebd_0001589.jpg,banana_ripe,banana_overripe,4,3,False,0.5626159906387329,banana_ripe,0.43198642134666443,bananaimagebd
data\processed\test\banana_ripe\bananaimagebd_0001591.jpg,banana_ripe,banana_ripe,4,4,True,0.9378901720046997,banana_overripe,0.03554942458868027,bananaimagebd
data\processed\test\banana_ripe\bananaimagebd_0001594.jpg,banana_ripe,banana_ripe,4,4,True,0.9868695139884949,banana_unripe,0.008810835890471935,bananaimagebd
data\processed\test\banana_ripe\bananaimagebd_0001600.jpg,banana_ripe,banana_ripe,4,4,True,0.9796885848045349,banana_overripe,0.019409963861107826,bananaimagebd
data\processed\test\banana_ripe\bananaimagebd_0001608.jpg,banana_ripe,banana_ripe,4,4,True,0.7980126738548279,banana_unripe,0.13843758404254913,bananaimagebd
data\processed\test\banana_ripe\bananaimagebd_0001619.jpg,banana_ripe,banana_ripe,4,4,True,0.9780262112617493,banana_overripe,0.01365225575864315,bananaimagebd
data\processed\test\banana_ripe\bananaimagebd_0001653.jpg,banana_ripe,banana_ripe,4,4,True,0.5484042763710022,banana_overripe,0.44698619842529297,bananaimagebd
data\processed\test\banana_ripe\bananaimagebd_0001654.jpg,banana_ripe,banana_overripe,4,3,False,0.7063430547714233,banana_ripe,0.2883586585521698,bananaimagebd
data\processed\test\banana_ripe\bananaimagebd_0001657.jpg,banana_ripe,banana_ripe,4,4,True,0.9248358607292175,banana_overripe,0.0625389814376831,bananaimagebd
data\processed\test\banana_ripe\bananaimagebd_0001669.jpg,banana_ripe,banana_ripe,4,4,True,0.8964438438415527,banana_unripe,0.0239839106798172,bananaimagebd
data\processed\test\banana_ripe\bananaimagebd_0001682.jpg,banana_ripe,banana_ripe,4,4,True,0.8490912318229675,banana_overripe,0.14715394377708435,bananaimagebd
data\processed\test\banana_ripe\bananaimagebd_0001687.jpg,banana_ripe,banana_ripe,4,4,True,0.9974748492240906,banana_overripe,0.0015921439044177532,bananaimagebd
data\processed\test\banana_ripe\leftin_0001350.jpg,banana_ripe,banana_ripe,4,4,True,0.9880372285842896,banana_overripe,0.009006575681269169,leftin
data\processed\test\banana_ripe\leftin_0001351.jpg,banana_ripe,banana_ripe,4,4,True,0.9849668145179749,banana_unripe,0.006432018242776394,leftin
data\processed\test\banana_ripe\leftin_0001353.jpg,banana_ripe,banana_ripe,4,4,True,0.9681037068367004,banana_overripe,0.026487477123737335,leftin
data\processed\test\banana_ripe\leftin_0001354.jpg,banana_ripe,banana_ripe,4,4,True,0.9944614171981812,banana_overripe,0.0034278924576938152,leftin
data\processed\test\banana_ripe\leftin_0001355.jpg,banana_ripe,banana_ripe,4,4,True,0.9980252981185913,banana_overripe,0.0017058125231415033,leftin
data\processed\test\banana_ripe\leftin_0001356.jpg,banana_ripe,banana_ripe,4,4,True,0.9848946928977966,banana_overripe,0.014298862777650356,leftin
data\processed\test\banana_ripe\leftin_0001360.jpg,banana_ripe,banana_ripe,4,4,True,0.9907873272895813,banana_overripe,0.008539887145161629,leftin
data\processed\test\banana_ripe\leftin_0001365.jpg,banana_ripe,banana_ripe,4,4,True,0.9511126279830933,banana_unripe,0.026152903214097023,leftin
data\processed\test\banana_ripe\leftin_0001367.jpg,banana_ripe,banana_ripe,4,4,True,0.9920782446861267,banana_overripe,0.006787821184843779,leftin
data\processed\test\banana_ripe\leftin_0001368.jpg,banana_ripe,banana_ripe,4,4,True,0.9520545601844788,banana_unripe,0.03542797267436981,leftin
data\processed\test\banana_ripe\leftin_0001369.jpg,banana_ripe,banana_ripe,4,4,True,0.9967548251152039,banana_overripe,0.001952392514795065,leftin
data\processed\test\banana_ripe\leftin_0001370.jpg,banana_ripe,banana_ripe,4,4,True,0.9937688708305359,banana_overripe,0.00373269384726882,leftin
data\processed\test\banana_ripe\leftin_0001372.jpg,banana_ripe,banana_ripe,4,4,True,0.9737234711647034,banana_overripe,0.02346646599471569,leftin
data\processed\test\banana_ripe\leftin_0001373.jpg,banana_ripe,banana_ripe,4,4,True,0.9870505332946777,banana_overripe,0.006631946656852961,leftin
data\processed\test\banana_ripe\leftin_0001374.jpg,banana_ripe,banana_ripe,4,4,True,0.9920810461044312,banana_overripe,0.0066063618287444115,leftin
data\processed\test\banana_ripe\leftin_0001376.jpg,banana_ripe,banana_ripe,4,4,True,0.9888611435890198,banana_unripe,0.004633503500372171,leftin
data\processed\test\banana_ripe\leftin_0001377.jpg,banana_ripe,banana_ripe,4,4,True,0.8029807806015015,banana_overripe,0.13278023898601532,leftin
data\processed\test\banana_ripe\leftin_0001378.jpg,banana_ripe,banana_ripe,4,4,True,0.9920084476470947,banana_overripe,0.004651233088225126,leftin
data\processed\test\banana_ripe\leftin_0001379.jpg,banana_ripe,banana_ripe,4,4,True,0.8662227988243103,pineapple_ripe,0.03793394938111305,leftin
data\processed\test\banana_ripe\leftin_0001380.jpg,banana_ripe,banana_ripe,4,4,True,0.9805967211723328,banana_unripe,0.01807340793311596,leftin
data\processed\test\banana_ripe\leftin_0001381.jpg,banana_ripe,banana_ripe,4,4,True,0.9842920303344727,banana_unripe,0.007828175090253353,leftin
data\processed\test\banana_ripe\leftin_0001382.jpg,banana_ripe,banana_ripe,4,4,True,0.9976183772087097,banana_unripe,0.0018147433875128627,leftin
data\processed\test\banana_ripe\leftin_0001385.jpg,banana_ripe,banana_ripe,4,4,True,0.9861056208610535,banana_overripe,0.013557490892708302,leftin
data\processed\test\banana_ripe\leftin_0001386.jpg,banana_ripe,banana_ripe,4,4,True,0.9960840940475464,banana_unripe,0.0015232142759487033,leftin
data\processed\test\banana_ripe\leftin_0001389.jpg,banana_ripe,banana_ripe,4,4,True,0.9993021488189697,banana_overripe,0.0003348904720041901,leftin
data\processed\test\banana_ripe\leftin_0001393.jpg,banana_ripe,banana_ripe,4,4,True,0.9989239573478699,banana_unripe,0.0008154154056683183,leftin
data\processed\test\banana_ripe\leftin_0001394.jpg,banana_ripe,banana_ripe,4,4,True,0.997080385684967,banana_overripe,0.0008689712267369032,leftin
data\processed\test\banana_ripe\leftin_0001396.jpg,banana_ripe,banana_ripe,4,4,True,0.9951222538948059,banana_overripe,0.0037601408548653126,leftin
data\processed\test\banana_ripe\leftin_0001401.jpg,banana_ripe,banana_ripe,4,4,True,0.9866744875907898,banana_overripe,0.010295968502759933,leftin
data\processed\test\banana_ripe\leftin_0001402.jpg,banana_ripe,banana_ripe,4,4,True,0.9723103046417236,banana_unripe,0.019530372694134712,leftin
data\processed\test\banana_ripe\leftin_0001405.jpg,banana_ripe,pineapple_ripe,4,16,False,0.20786605775356293,banana_ripe,0.20331981778144836,leftin
data\processed\test\banana_ripe\leftin_0001407.jpg,banana_ripe,banana_ripe,4,4,True,0.910658597946167,banana_overripe,0.03231331706047058,leftin
data\processed\test\banana_ripe\leftin_0001409.jpg,banana_ripe,banana_ripe,4,4,True,0.7945135235786438,banana_overripe,0.1695709079504013,leftin
data\processed\test\banana_ripe\leftin_0001411.jpg,banana_ripe,banana_ripe,4,4,True,0.9743052124977112,banana_unripe,0.020384656265378,leftin
data\processed\test\banana_ripe\leftin_0001414.jpg,banana_ripe,banana_ripe,4,4,True,0.9928573369979858,banana_unripe,0.004850648809224367,leftin
data\processed\test\banana_ripe\leftin_0001416.jpg,banana_ripe,banana_ripe,4,4,True,0.9457032084465027,banana_unripe,0.04664844274520874,leftin
data\processed\test\banana_ripe\leftin_0001417.jpg,banana_ripe,banana_ripe,4,4,True,0.9588575959205627,banana_overripe,0.020181799307465553,leftin
data\processed\test\banana_ripe\leftin_0001419.jpg,banana_ripe,banana_ripe,4,4,True,0.9531273245811462,banana_unripe,0.01733323000371456,leftin
data\processed\test\banana_ripe\leftin_0001423.jpg,banana_ripe,banana_ripe,4,4,True,0.9515646696090698,banana_unripe,0.03298834711313248,leftin
data\processed\test\banana_ripe\leftin_0001424.jpg,banana_ripe,banana_ripe,4,4,True,0.9955303072929382,banana_overripe,0.003610111540183425,leftin
data\processed\test\banana_ripe\leftin_0001429.jpg,banana_ripe,banana_ripe,4,4,True,0.9709082841873169,banana_overripe,0.00827061664313078,leftin
data\processed\test\banana_ripe\leftin_0001430.jpg,banana_ripe,banana_ripe,4,4,True,0.9842931628227234,banana_unripe,0.013387010432779789,leftin
data\processed\test\banana_ripe\leftin_0001432.jpg,banana_ripe,banana_ripe,4,4,True,0.9981637597084045,banana_overripe,0.0010315843392163515,leftin
data\processed\test\banana_ripe\leftin_0001433.jpg,banana_ripe,banana_ripe,4,4,True,0.9078572392463684,banana_unripe,0.06762754917144775,leftin
data\processed\test\banana_ripe\leftin_0001435.jpg,banana_ripe,banana_ripe,4,4,True,0.938535749912262,banana_unripe,0.02716636098921299,leftin
data\processed\test\banana_ripe\leftin_0001438.jpg,banana_ripe,banana_ripe,4,4,True,0.9800493717193604,banana_overripe,0.01930900290608406,leftin
data\processed\test\banana_ripe\leftin_0001439.jpg,banana_ripe,banana_ripe,4,4,True,0.9969335794448853,banana_unripe,0.002558496780693531,leftin
data\processed\test\banana_ripe\leftin_0001442.jpg,banana_ripe,banana_ripe,4,4,True,0.9992663264274597,banana_overripe,0.0003896185662597418,leftin
data\processed\test\banana_ripe\leftin_0001444.jpg,banana_ripe,banana_ripe,4,4,True,0.98104327917099,banana_unripe,0.015871113166213036,leftin
data\processed\test\banana_ripe\leftin_0001445.jpg,banana_ripe,banana_ripe,4,4,True,0.9740216135978699,banana_overripe,0.023139595985412598,leftin
data\processed\test\banana_ripe\leftin_0001447.jpg,banana_ripe,banana_ripe,4,4,True,0.9940251708030701,banana_unripe,0.004257078282535076,leftin
data\processed\test\banana_ripe\leftin_0001448.jpg,banana_ripe,banana_ripe,4,4,True,0.9773628115653992,banana_overripe,0.018466390669345856,leftin
data\processed\test\banana_ripe\leftin_0001449.jpg,banana_ripe,banana_ripe,4,4,True,0.9773032069206238,banana_overripe,0.0164277832955122,leftin
data\processed\test\banana_ripe\leftin_0001453.jpg,banana_ripe,banana_ripe,4,4,True,0.9732660055160522,banana_overripe,0.025117015466094017,leftin
data\processed\test\banana_ripe\leftin_0001457.jpg,banana_ripe,banana_ripe,4,4,True,0.998537540435791,banana_overripe,0.0008474598289467394,leftin
data\processed\test\banana_ripe\leftin_0001460.jpg,banana_ripe,banana_ripe,4,4,True,0.9772182106971741,banana_unripe,0.014537752605974674,leftin
data\processed\test\banana_ripe\leftin_0001461.jpg,banana_ripe,banana_ripe,4,4,True,0.9867699146270752,banana_unripe,0.011728445068001747,leftin
data\processed\test\banana_ripe\leftin_0001462.jpg,banana_ripe,banana_ripe,4,4,True,0.9958090782165527,banana_unripe,0.002546510426327586,leftin
data\processed\test\banana_ripe\leftin_0001465.jpg,banana_ripe,banana_ripe,4,4,True,0.9909052848815918,banana_overripe,0.008883809670805931,leftin
data\processed\test\banana_ripe\leftin_0001466.jpg,banana_ripe,banana_ripe,4,4,True,0.9918020367622375,banana_overripe,0.006863613147288561,leftin
data\processed\test\banana_ripe\leftin_0001468.jpg,banana_ripe,banana_ripe,4,4,True,0.9963904023170471,banana_unripe,0.001727940863929689,leftin
data\processed\test\banana_ripe\leftin_0001470.jpg,banana_ripe,banana_ripe,4,4,True,0.9897814989089966,banana_unripe,0.006787436082959175,leftin
data\processed\test\banana_ripe\leftin_0001471.jpg,banana_ripe,banana_ripe,4,4,True,0.9955853223800659,banana_unripe,0.0016467241803184152,leftin
data\processed\test\banana_ripe\leftin_0001472.jpg,banana_ripe,banana_ripe,4,4,True,0.9872767329216003,banana_overripe,0.010158974677324295,leftin
data\processed\test\banana_ripe\leftin_0001474.jpg,banana_ripe,banana_ripe,4,4,True,0.974847674369812,banana_overripe,0.02235814742743969,leftin
data\processed\test\banana_ripe\leftin_0001475.jpg,banana_ripe,banana_ripe,4,4,True,0.9940078258514404,banana_unripe,0.005415341816842556,leftin
data\processed\test\banana_ripe\leftin_0001476.jpg,banana_ripe,banana_ripe,4,4,True,0.9960924983024597,banana_overripe,0.0016399091109633446,leftin
data\processed\test\banana_ripe\leftin_0001477.jpg,banana_ripe,banana_ripe,4,4,True,0.9842275977134705,banana_unripe,0.010685615241527557,leftin
data\processed\test\banana_ripe\leftin_0001478.jpg,banana_ripe,banana_ripe,4,4,True,0.9708285331726074,banana_overripe,0.0199565589427948,leftin
data\processed\test\banana_ripe\leftin_0001479.jpg,banana_ripe,banana_ripe,4,4,True,0.9962460398674011,banana_overripe,0.0028306569438427687,leftin
data\processed\test\banana_ripe\leftin_0001481.jpg,banana_ripe,banana_ripe,4,4,True,0.9653534889221191,banana_overripe,0.021742379292845726,leftin
data\processed\test\banana_ripe\leftin_0001482.jpg,banana_ripe,banana_ripe,4,4,True,0.9895999431610107,banana_overripe,0.00865023210644722,leftin
data\processed\test\banana_ripe\leftin_0001484.jpg,banana_ripe,banana_ripe,4,4,True,0.9719236493110657,banana_unripe,0.02483981102705002,leftin
data\processed\test\banana_ripe\leftin_0001486.jpg,banana_ripe,banana_ripe,4,4,True,0.9714312553405762,banana_overripe,0.009021717123687267,leftin
data\processed\test\banana_ripe\leftin_0001488.jpg,banana_ripe,banana_ripe,4,4,True,0.9966652989387512,banana_overripe,0.0026081870310008526,leftin
data\processed\test\banana_ripe\leftin_0001489.jpg,banana_ripe,banana_ripe,4,4,True,0.8959394097328186,banana_unripe,0.09263209998607635,leftin
data\processed\test\banana_ripe\leftin_0001494.jpg,banana_ripe,banana_ripe,4,4,True,0.9828831553459167,mango_ripe,0.002716856775805354,leftin
data\processed\test\banana_ripe\leftin_0001497.jpg,banana_ripe,banana_ripe,4,4,True,0.9958808422088623,banana_overripe,0.0028076525777578354,leftin
data\processed\test\banana_ripe\leftin_0001498.jpg,banana_ripe,banana_ripe,4,4,True,0.9832595586776733,banana_unripe,0.00936995167285204,leftin
data\processed\test\banana_ripe\leftin_0001500.jpg,banana_ripe,banana_ripe,4,4,True,0.5150701403617859,banana_overripe,0.14620326459407806,leftin
data\processed\test\banana_ripe\leftin_0001501.jpg,banana_ripe,banana_ripe,4,4,True,0.9488236904144287,banana_overripe,0.04946306720376015,leftin
data\processed\test\banana_ripe\leftin_0001504.jpg,banana_ripe,banana_ripe,4,4,True,0.977384626865387,banana_overripe,0.019266458228230476,leftin
data\processed\test\banana_ripe\leftin_0001505.jpg,banana_ripe,banana_ripe,4,4,True,0.9939393997192383,banana_overripe,0.003373708575963974,leftin
data\processed\test\banana_ripe\leftin_0001506.jpg,banana_ripe,banana_ripe,4,4,True,0.9827359914779663,banana_unripe,0.0097943264991045,leftin
data\processed\test\banana_ripe\leftin_0001509.jpg,banana_ripe,banana_ripe,4,4,True,0.9737038016319275,mango_ripe,0.008255965076386929,leftin
data\processed\test\banana_ripe\leftin_0001510.jpg,banana_ripe,banana_ripe,4,4,True,0.9938165545463562,banana_overripe,0.004536064341664314,leftin
data\processed\test\banana_ripe\leftin_0001511.jpg,banana_ripe,banana_ripe,4,4,True,0.9910361766815186,banana_overripe,0.007283320650458336,leftin
data\processed\test\banana_ripe\leftin_0001513.jpg,banana_ripe,banana_ripe,4,4,True,0.9993378520011902,banana_unripe,0.00019242856069467962,leftin
data\processed\test\banana_ripe\leftin_0001514.jpg,banana_ripe,banana_ripe,4,4,True,0.7702813148498535,banana_unripe,0.17841604351997375,leftin
data\processed\test\banana_ripe\leftin_0001515.jpg,banana_ripe,banana_ripe,4,4,True,0.9723754525184631,mango_ripe,0.012019647285342216,leftin
data\processed\test\banana_ripe\leftin_0001518.jpg,banana_ripe,banana_ripe,4,4,True,0.983820915222168,banana_overripe,0.012741693295538425,leftin
data\processed\test\banana_ripe\leftin_0001519.jpg,banana_ripe,banana_ripe,4,4,True,0.9927829504013062,banana_overripe,0.007023298181593418,leftin
data\processed\test\banana_ripe\leftin_0001520.jpg,banana_ripe,banana_ripe,4,4,True,0.9750537872314453,banana_unripe,0.014611703343689442,leftin
data\processed\test\banana_ripe\leftin_0001521.jpg,banana_ripe,banana_ripe,4,4,True,0.7347705960273743,banana_overripe,0.2604338228702545,leftin
data\processed\test\banana_ripe\leftin_0001522.jpg,banana_ripe,banana_ripe,4,4,True,0.9473676681518555,banana_unripe,0.03222472593188286,leftin
data\processed\test\banana_ripe\leftin_0001526.jpg,banana_ripe,banana_ripe,4,4,True,0.9970154762268066,banana_unripe,0.0026076368521898985,leftin
data\processed\test\banana_ripe\leftin_0001527.jpg,banana_ripe,banana_ripe,4,4,True,0.9879205226898193,banana_unripe,0.003175503108650446,leftin
data\processed\test\banana_ripe\leftin_0001528.jpg,banana_ripe,banana_ripe,4,4,True,0.977520763874054,banana_unripe,0.02218429185450077,leftin
data\processed\test\banana_ripe\leftin_0001532.jpg,banana_ripe,banana_ripe,4,4,True,0.9900621175765991,banana_overripe,0.004694788716733456,leftin
data\processed\test\banana_ripe\leftin_0001536.jpg,banana_ripe,banana_ripe,4,4,True,0.9942664504051208,banana_overripe,0.002484593540430069,leftin
data\processed\test\banana_ripe\leftin_0001538.jpg,banana_ripe,banana_ripe,4,4,True,0.9764363765716553,banana_unripe,0.016003234311938286,leftin
data\processed\test\banana_ripe\leftin_0001540.jpg,banana_ripe,banana_ripe,4,4,True,0.9485658407211304,banana_overripe,0.04129687696695328,leftin
data\processed\test\banana_ripe\leftin_0001542.jpg,banana_ripe,banana_ripe,4,4,True,0.9711744785308838,banana_unripe,0.025236057117581367,leftin
data\processed\test\banana_ripe\leftin_0001543.jpg,banana_ripe,banana_ripe,4,4,True,0.9978060126304626,banana_overripe,0.0010924121597781777,leftin
data\processed\test\banana_ripe\leftin_0001544.jpg,banana_ripe,banana_ripe,4,4,True,0.9631831645965576,banana_unripe,0.026718629524111748,leftin
data\processed\test\banana_ripe\leftin_0001545.jpg,banana_ripe,banana_ripe,4,4,True,0.9589477181434631,banana_unripe,0.03577671945095062,leftin
data\processed\test\banana_ripe\leftin_0001546.jpg,banana_ripe,banana_ripe,4,4,True,0.9543712139129639,banana_overripe,0.01634798012673855,leftin
data\processed\test\banana_ripe\leftin_0001547.jpg,banana_ripe,banana_ripe,4,4,True,0.9929783940315247,banana_unripe,0.0039079878479242325,leftin
data\processed\test\banana_ripe\leftin_0001548.jpg,banana_ripe,banana_ripe,4,4,True,0.976538360118866,banana_unripe,0.010576916858553886,leftin
data\processed\test\banana_ripe\leftin_0001549.jpg,banana_ripe,banana_ripe,4,4,True,0.99576735496521,banana_overripe,0.00309965293854475,leftin
data\processed\test\banana_ripe\leftin_0001552.jpg,banana_ripe,banana_ripe,4,4,True,0.9960882663726807,banana_overripe,0.0028162458911538124,leftin
data\processed\test\banana_ripe\leftin_0001553.jpg,banana_ripe,banana_ripe,4,4,True,0.9926478862762451,banana_overripe,0.005310299806296825,leftin
data\processed\test\banana_ripe\leftin_0001554.jpg,banana_ripe,banana_ripe,4,4,True,0.9605406522750854,banana_unripe,0.030635034665465355,leftin
data\processed\test\banana_ripe\leftin_0001556.jpg,banana_ripe,banana_ripe,4,4,True,0.9961387515068054,banana_overripe,0.002466551959514618,leftin
data\processed\test\banana_ripe\leftin_0001558.jpg,banana_ripe,banana_ripe,4,4,True,0.9609496593475342,banana_unripe,0.01988615095615387,leftin
data\processed\test\banana_ripe\leftin_0001559.jpg,banana_ripe,banana_ripe,4,4,True,0.8872604370117188,banana_unripe,0.09254608303308487,leftin
data\processed\test\banana_ripe\leftin_0001561.jpg,banana_ripe,banana_ripe,4,4,True,0.9911676645278931,banana_unripe,0.007180734071880579,leftin
data\processed\test\banana_ripe\leftin_0001563.jpg,banana_ripe,banana_ripe,4,4,True,0.9486720561981201,mango_ripe,0.027331916615366936,leftin
data\processed\test\banana_ripe\leftin_0001564.jpg,banana_ripe,banana_ripe,4,4,True,0.9894132614135742,banana_overripe,0.009115580469369888,leftin
data\processed\test\banana_ripe\leftin_0001568.jpg,banana_ripe,banana_ripe,4,4,True,0.996075451374054,banana_overripe,0.0028184824623167515,leftin
data\processed\test\banana_ripe\leftin_0001570.jpg,banana_ripe,banana_ripe,4,4,True,0.9800662994384766,banana_overripe,0.018505822867155075,leftin
data\processed\test\banana_ripe\leftin_0001571.jpg,banana_ripe,banana_ripe,4,4,True,0.7204492092132568,banana_unripe,0.21359294652938843,leftin
data\processed\test\banana_ripe\leftin_0001575.jpg,banana_ripe,banana_ripe,4,4,True,0.9962666630744934,banana_overripe,0.0028308266773819923,leftin
data\processed\test\banana_ripe\leftin_0001577.jpg,banana_ripe,banana_ripe,4,4,True,0.9936702251434326,banana_unripe,0.004650581162422895,leftin
data\processed\test\banana_ripe\leftin_0001578.jpg,banana_ripe,banana_ripe,4,4,True,0.9268894195556641,banana_overripe,0.07028279453516006,leftin
data\processed\test\banana_ripe\leftin_0001581.jpg,banana_ripe,banana_ripe,4,4,True,0.9884139895439148,banana_unripe,0.004717946518212557,leftin
data\processed\test\banana_ripe\leftin_0001583.jpg,banana_ripe,banana_ripe,4,4,True,0.9855888485908508,banana_overripe,0.01064969040453434,leftin
data\processed\test\banana_ripe\leftin_0001585.jpg,banana_ripe,banana_ripe,4,4,True,0.9948829412460327,banana_unripe,0.0028438528534024954,leftin
data\processed\test\banana_ripe\leftin_0001587.jpg,banana_ripe,banana_ripe,4,4,True,0.8819721937179565,banana_unripe,0.0927245244383812,leftin
data\processed\test\banana_ripe\leftin_0001588.jpg,banana_ripe,banana_ripe,4,4,True,0.9985333681106567,banana_overripe,0.0007816669531166553,leftin
data\processed\test\banana_ripe\leftin_0001593.jpg,banana_ripe,banana_ripe,4,4,True,0.9934513568878174,banana_unripe,0.004367804154753685,leftin
data\processed\test\banana_ripe\leftin_0001595.jpg,banana_ripe,banana_ripe,4,4,True,0.989230215549469,banana_overripe,0.007126618642359972,leftin
data\processed\test\banana_ripe\leftin_0001599.jpg,banana_ripe,banana_ripe,4,4,True,0.9973074197769165,banana_unripe,0.002000616630539298,leftin
data\processed\test\banana_ripe\leftin_0001601.jpg,banana_ripe,banana_ripe,4,4,True,0.991391658782959,banana_unripe,0.004444521851837635,leftin
data\processed\test\banana_ripe\leftin_0001603.jpg,banana_ripe,banana_ripe,4,4,True,0.9946699738502502,banana_overripe,0.004430045839399099,leftin
data\processed\test\banana_ripe\leftin_0001605.jpg,banana_ripe,banana_ripe,4,4,True,0.9889376163482666,banana_unripe,0.009531565941870213,leftin
data\processed\test\banana_ripe\leftin_0001606.jpg,banana_ripe,banana_ripe,4,4,True,0.9972883462905884,banana_overripe,0.0017659865552559495,leftin
data\processed\test\banana_ripe\leftin_0001609.jpg,banana_ripe,banana_ripe,4,4,True,0.9974989295005798,banana_overripe,0.0015536153223365545,leftin
data\processed\test\banana_ripe\leftin_0001613.jpg,banana_ripe,banana_ripe,4,4,True,0.9935426712036133,banana_overripe,0.003984198439866304,leftin
data\processed\test\banana_ripe\leftin_0001614.jpg,banana_ripe,banana_ripe,4,4,True,0.990692675113678,banana_unripe,0.007650979794561863,leftin
data\processed\test\banana_ripe\leftin_0001617.jpg,banana_ripe,banana_ripe,4,4,True,0.9125886559486389,banana_unripe,0.0803963840007782,leftin
data\processed\test\banana_ripe\leftin_0001620.jpg,banana_ripe,banana_ripe,4,4,True,0.9972521662712097,banana_unripe,0.0011064031859859824,leftin
data\processed\test\banana_ripe\leftin_0001622.jpg,banana_ripe,banana_ripe,4,4,True,0.9945553541183472,banana_overripe,0.002193089807406068,leftin
data\processed\test\banana_ripe\leftin_0001625.jpg,banana_ripe,banana_ripe,4,4,True,0.995053231716156,banana_overripe,0.004290170036256313,leftin
data\processed\test\banana_ripe\leftin_0001626.jpg,banana_ripe,banana_ripe,4,4,True,0.9178693294525146,banana_overripe,0.06647127866744995,leftin
data\processed\test\banana_ripe\leftin_0001627.jpg,banana_ripe,banana_ripe,4,4,True,0.9485958814620972,banana_overripe,0.04180679842829704,leftin
data\processed\test\banana_ripe\leftin_0001628.jpg,banana_ripe,banana_ripe,4,4,True,0.9977733492851257,banana_unripe,0.0011825741967186332,leftin
data\processed\test\banana_ripe\leftin_0001630.jpg,banana_ripe,banana_ripe,4,4,True,0.9301196932792664,banana_overripe,0.06813619285821915,leftin
data\processed\test\banana_ripe\leftin_0001631.jpg,banana_ripe,banana_ripe,4,4,True,0.9962900876998901,banana_unripe,0.0028423669282346964,leftin
data\processed\test\banana_ripe\leftin_0001632.jpg,banana_ripe,banana_ripe,4,4,True,0.9909176230430603,banana_overripe,0.0053360057063400745,leftin
data\processed\test\banana_ripe\leftin_0001633.jpg,banana_ripe,banana_ripe,4,4,True,0.9897457361221313,banana_overripe,0.009215442463755608,leftin
data\processed\test\banana_ripe\leftin_0001635.jpg,banana_ripe,banana_ripe,4,4,True,0.9975332021713257,banana_unripe,0.0012532122200354934,leftin
data\processed\test\banana_ripe\leftin_0001636.jpg,banana_ripe,banana_ripe,4,4,True,0.9942774176597595,banana_unripe,0.004597055725753307,leftin
data\processed\test\banana_ripe\leftin_0001640.jpg,banana_ripe,banana_ripe,4,4,True,0.977741003036499,banana_unripe,0.007955598644912243,leftin
data\processed\test\banana_ripe\leftin_0001643.jpg,banana_ripe,banana_ripe,4,4,True,0.854826033115387,banana_unripe,0.09260293841362,leftin
data\processed\test\banana_ripe\leftin_0001645.jpg,banana_ripe,banana_ripe,4,4,True,0.9835571050643921,banana_overripe,0.00932698231190443,leftin
data\processed\test\banana_ripe\leftin_0001646.jpg,banana_ripe,banana_ripe,4,4,True,0.9947934746742249,banana_overripe,0.0028647547587752342,leftin
data\processed\test\banana_ripe\leftin_0001647.jpg,banana_ripe,banana_ripe,4,4,True,0.9717249274253845,banana_unripe,0.009482340887188911,leftin
data\processed\test\banana_ripe\leftin_0001648.jpg,banana_ripe,banana_ripe,4,4,True,0.9875059127807617,banana_overripe,0.010226482525467873,leftin
data\processed\test\banana_ripe\leftin_0001649.jpg,banana_ripe,banana_ripe,4,4,True,0.9886577725410461,mango_ripe,0.0024714909959584475,leftin
data\processed\test\banana_ripe\leftin_0001650.jpg,banana_ripe,banana_ripe,4,4,True,0.9647148847579956,pineapple_ripe,0.012064456939697266,leftin
data\processed\test\banana_ripe\leftin_0001651.jpg,banana_ripe,banana_ripe,4,4,True,0.9884253740310669,banana_unripe,0.009904191829264164,leftin
data\processed\test\banana_ripe\leftin_0001652.jpg,banana_ripe,banana_ripe,4,4,True,0.9827411770820618,banana_overripe,0.013133020140230656,leftin
data\processed\test\banana_ripe\leftin_0001655.jpg,banana_ripe,banana_ripe,4,4,True,0.9945040941238403,banana_unripe,0.0029708559159189463,leftin
data\processed\test\banana_ripe\leftin_0001656.jpg,banana_ripe,banana_ripe,4,4,True,0.9974373579025269,banana_overripe,0.001978442771360278,leftin
data\processed\test\banana_ripe\leftin_0001658.jpg,banana_ripe,banana_ripe,4,4,True,0.9794173836708069,banana_overripe,0.015606448985636234,leftin
data\processed\test\banana_ripe\leftin_0001659.jpg,banana_ripe,banana_ripe,4,4,True,0.9964700937271118,banana_unripe,0.0026685374323278666,leftin
data\processed\test\banana_ripe\leftin_0001662.jpg,banana_ripe,banana_ripe,4,4,True,0.9890662431716919,banana_unripe,0.006415101699531078,leftin
data\processed\test\banana_ripe\leftin_0001665.jpg,banana_ripe,banana_ripe,4,4,True,0.9809191823005676,banana_overripe,0.01408634427934885,leftin
data\processed\test\banana_ripe\leftin_0001666.jpg,banana_ripe,banana_ripe,4,4,True,0.866449773311615,banana_overripe,0.12857408821582794,leftin
data\processed\test\banana_ripe\leftin_0001667.jpg,banana_ripe,banana_ripe,4,4,True,0.9783209562301636,banana_unripe,0.010748513974249363,leftin
data\processed\test\banana_ripe\leftin_0001668.jpg,banana_ripe,banana_ripe,4,4,True,0.9801772832870483,banana_overripe,0.016297267749905586,leftin
data\processed\test\banana_ripe\leftin_0001670.jpg,banana_ripe,banana_ripe,4,4,True,0.9916236996650696,banana_overripe,0.007995303720235825,leftin
data\processed\test\banana_ripe\leftin_0001671.jpg,banana_ripe,banana_ripe,4,4,True,0.9929511547088623,banana_overripe,0.005836651660501957,leftin
data\processed\test\banana_ripe\leftin_0001673.jpg,banana_ripe,banana_ripe,4,4,True,0.9780705571174622,banana_overripe,0.017145760357379913,leftin
data\processed\test\banana_ripe\leftin_0001674.jpg,banana_ripe,banana_ripe,4,4,True,0.840765118598938,banana_unripe,0.1218612939119339,leftin
data\processed\test\banana_ripe\leftin_0001676.jpg,banana_ripe,banana_ripe,4,4,True,0.9943087697029114,banana_overripe,0.003921904601156712,leftin
data\processed\test\banana_ripe\leftin_0001677.jpg,banana_ripe,banana_ripe,4,4,True,0.992774248123169,banana_unripe,0.0031821702141314745,leftin
data\processed\test\banana_ripe\leftin_0001679.jpg,banana_ripe,banana_ripe,4,4,True,0.981240451335907,banana_overripe,0.014254583977162838,leftin
data\processed\test\banana_ripe\leftin_0001680.jpg,banana_ripe,banana_ripe,4,4,True,0.9736314415931702,banana_overripe,0.017216265201568604,leftin
data\processed\test\banana_ripe\leftin_0001684.jpg,banana_ripe,banana_ripe,4,4,True,0.9042017459869385,banana_unripe,0.040221523493528366,leftin
data\processed\test\banana_ripe\leftin_0001686.jpg,banana_ripe,banana_ripe,4,4,True,0.8424172401428223,pineapple_ripe,0.06585080921649933,leftin
data\processed\test\banana_ripe\leftin_0001688.jpg,banana_ripe,banana_ripe,4,4,True,0.9762901067733765,banana_overripe,0.016775961965322495,leftin
data\processed\test\banana_ripe\leftin_0001689.jpg,banana_ripe,banana_ripe,4,4,True,0.990734338760376,banana_overripe,0.005484971217811108,leftin
data\processed\test\banana_ripe\leftin_0001690.jpg,banana_ripe,banana_ripe,4,4,True,0.9994058609008789,banana_unripe,0.0002567152550909668,leftin
data\processed\test\banana_ripe\leftin_0001691.jpg,banana_ripe,banana_ripe,4,4,True,0.9980067610740662,banana_overripe,0.0013683649012818933,leftin
data\processed\test\banana_ripe\leftin_0001692.jpg,banana_ripe,banana_ripe,4,4,True,0.9944190382957458,banana_unripe,0.005216734483838081,leftin
data\processed\test\banana_ripe\leftin_0001693.jpg,banana_ripe,banana_ripe,4,4,True,0.9857901334762573,banana_overripe,0.01110056135803461,leftin
data\processed\test\banana_ripe\leftin_0001694.jpg,banana_ripe,banana_ripe,4,4,True,0.9955108165740967,banana_unripe,0.0025462431367486715,leftin
data\processed\test\banana_unripe\alexcj10-ripenet_0001695.jpg,banana_unripe,banana_unripe,5,5,True,0.9253673553466797,banana_ripe,0.06630868464708328,alexcj10
data\processed\test\banana_unripe\alexcj10-ripenet_0001706.jpg,banana_unripe,banana_unripe,5,5,True,0.9138869643211365,banana_ripe,0.07365823537111282,alexcj10
data\processed\test\banana_unripe\alexcj10-ripenet_0001738.jpg,banana_unripe,banana_unripe,5,5,True,0.9933695197105408,apple_unripe,0.0032655305694788694,alexcj10
data\processed\test\banana_unripe\alexcj10-ripenet_0001740.jpg,banana_unripe,banana_unripe,5,5,True,0.9838972687721252,papaya_unripe,0.005695082247257233,alexcj10
data\processed\test\banana_unripe\alexcj10-ripenet_0001742.jpg,banana_unripe,banana_unripe,5,5,True,0.8739025592803955,banana_ripe,0.12000447511672974,alexcj10
data\processed\test\banana_unripe\alexcj10-ripenet_0001744.jpg,banana_unripe,pineapple_unripe,5,17,False,0.4357054829597473,banana_unripe,0.14632368087768555,alexcj10
data\processed\test\banana_unripe\alexcj10-ripenet_0001756.jpg,banana_unripe,banana_unripe,5,5,True,0.7404587864875793,pineapple_unripe,0.10102948546409607,alexcj10
data\processed\test\banana_unripe\alexcj10-ripenet_0001776.jpg,banana_unripe,banana_unripe,5,5,True,0.9474489688873291,papaya_unripe,0.028008507564663887,alexcj10
data\processed\test\banana_unripe\alexcj10-ripenet_0001780.jpg,banana_unripe,banana_ripe,5,4,False,0.9311094284057617,banana_overripe,0.05232430249452591,alexcj10
data\processed\test\banana_unripe\alexcj10-ripenet_0001790.jpg,banana_unripe,banana_unripe,5,5,True,0.7800324559211731,papaya_unripe,0.14257380366325378,alexcj10
data\processed\test\banana_unripe\alexcj10-ripenet_0001796.jpg,banana_unripe,banana_unripe,5,5,True,0.48859086632728577,pineapple_ripe,0.19633114337921143,alexcj10
data\processed\test\banana_unripe\alexcj10-ripenet_0001807.jpg,banana_unripe,banana_unripe,5,5,True,0.9345913529396057,banana_ripe,0.060948148369789124,alexcj10
data\processed\test\banana_unripe\alexcj10-ripenet_0001817.jpg,banana_unripe,banana_unripe,5,5,True,0.9625797271728516,tomato_unripe,0.020483698695898056,alexcj10
data\processed\test\banana_unripe\alexcj10-ripenet_0001820.jpg,banana_unripe,banana_ripe,5,4,False,0.38748666644096375,banana_unripe,0.35784420371055603,alexcj10
data\processed\test\banana_unripe\alexcj10-ripenet_0001839.jpg,banana_unripe,banana_ripe,5,4,False,0.8802822828292847,banana_overripe,0.06634962558746338,alexcj10
data\processed\test\banana_unripe\alexcj10-ripenet_0001843.jpg,banana_unripe,banana_unripe,5,5,True,0.5076085329055786,pineapple_unripe,0.18371649086475372,alexcj10
data\processed\test\banana_unripe\alexcj10-ripenet_0001850.jpg,banana_unripe,banana_ripe,5,4,False,0.48962876200675964,mango_ripe,0.12059386819601059,alexcj10
data\processed\test\banana_unripe\alexcj10-ripenet_0001852.jpg,banana_unripe,banana_unripe,5,5,True,0.7536963820457458,papaya_unripe,0.20682278275489807,alexcj10
data\processed\test\banana_unripe\alexcj10-ripenet_0001854.jpg,banana_unripe,banana_unripe,5,5,True,0.7894613742828369,papaya_unripe,0.13939081132411957,alexcj10
data\processed\test\banana_unripe\alexcj10-ripenet_0001862.jpg,banana_unripe,banana_unripe,5,5,True,0.9618138074874878,banana_ripe,0.02627423405647278,alexcj10
data\processed\test\banana_unripe\alexcj10-ripenet_0001873.jpg,banana_unripe,banana_ripe,5,4,False,0.591396689414978,pineapple_overripe,0.09498550742864609,alexcj10
data\processed\test\banana_unripe\alexcj10-ripenet_0001889.jpg,banana_unripe,banana_ripe,5,4,False,0.8876702189445496,banana_unripe,0.10694972425699234,alexcj10
data\processed\test\banana_unripe\alexcj10-ripenet_0001902.jpg,banana_unripe,banana_unripe,5,5,True,0.9966292977333069,banana_ripe,0.002462244825437665,alexcj10
data\processed\test\banana_unripe\alexcj10-ripenet_0001907.jpg,banana_unripe,banana_unripe,5,5,True,0.6321308016777039,banana_ripe,0.3491940498352051,alexcj10
data\processed\test\banana_unripe\alexcj10-ripenet_0001912.jpg,banana_unripe,banana_unripe,5,5,True,0.6564594507217407,papaya_unripe,0.30404502153396606,alexcj10
data\processed\test\banana_unripe\alexcj10-ripenet_0001914.jpg,banana_unripe,banana_unripe,5,5,True,0.8817192316055298,banana_ripe,0.09066782891750336,alexcj10
data\processed\test\banana_unripe\alexcj10-ripenet_0001915.jpg,banana_unripe,banana_unripe,5,5,True,0.9051908254623413,banana_ripe,0.08466581255197525,alexcj10
data\processed\test\banana_unripe\alexcj10-ripenet_0001916.jpg,banana_unripe,banana_unripe,5,5,True,0.7789759635925293,banana_ripe,0.15064629912376404,alexcj10
data\processed\test\banana_unripe\alexcj10-ripenet_0001918.jpg,banana_unripe,banana_unripe,5,5,True,0.9915211200714111,banana_ripe,0.00440454576164484,alexcj10
data\processed\test\banana_unripe\alexcj10-ripenet_0001930.jpg,banana_unripe,banana_unripe,5,5,True,0.9049559831619263,banana_ripe,0.08876441419124603,alexcj10
data\processed\test\banana_unripe\alexcj10-ripenet_0001935.jpg,banana_unripe,banana_unripe,5,5,True,0.5344876646995544,pineapple_unripe,0.11517826467752457,alexcj10
data\processed\test\banana_unripe\alexcj10-ripenet_0001936.jpg,banana_unripe,banana_unripe,5,5,True,0.992021381855011,banana_ripe,0.007409591693431139,alexcj10
data\processed\test\banana_unripe\alexcj10-ripenet_0001938.jpg,banana_unripe,banana_unripe,5,5,True,0.60822594165802,banana_ripe,0.3312620520591736,alexcj10
data\processed\test\banana_unripe\alexcj10-ripenet_0001943.jpg,banana_unripe,banana_unripe,5,5,True,0.6445839405059814,banana_ripe,0.12944546341896057,alexcj10
data\processed\test\banana_unripe\alexcj10-ripenet_0001958.jpg,banana_unripe,banana_unripe,5,5,True,0.5286694765090942,papaya_unripe,0.34622061252593994,alexcj10
data\processed\test\banana_unripe\alexcj10-ripenet_0001961.jpg,banana_unripe,banana_unripe,5,5,True,0.9679102301597595,pineapple_unripe,0.016189901158213615,alexcj10
data\processed\test\banana_unripe\alexcj10-ripenet_0001967.jpg,banana_unripe,banana_unripe,5,5,True,0.43242013454437256,banana_overripe,0.24252915382385254,alexcj10
data\processed\test\banana_unripe\alexcj10-ripenet_0001970.jpg,banana_unripe,papaya_unripe,5,14,False,0.5695590972900391,pineapple_unripe,0.1283358633518219,alexcj10
data\processed\test\banana_unripe\alexcj10-ripenet_0001981.jpg,banana_unripe,banana_ripe,5,4,False,0.9477249979972839,banana_unripe,0.04644576087594032,alexcj10
data\processed\test\banana_unripe\alexcj10-ripenet_0001983.jpg,banana_unripe,banana_unripe,5,5,True,0.22893115878105164,mango_unripe,0.18201152980327606,alexcj10
data\processed\test\banana_unripe\alexcj10-ripenet_0002003.jpg,banana_unripe,banana_ripe,5,4,False,0.8122005462646484,banana_unripe,0.17300541698932648,alexcj10
data\processed\test\banana_unripe\alexcj10-ripenet_0002005.jpg,banana_unripe,banana_unripe,5,5,True,0.9950154423713684,papaya_unripe,0.0021159055177122355,alexcj10
data\processed\test\banana_unripe\alexcj10-ripenet_0002011.jpg,banana_unripe,banana_unripe,5,5,True,0.4820622503757477,papaya_unripe,0.19914200901985168,alexcj10
data\processed\test\banana_unripe\alexcj10-ripenet_0002012.jpg,banana_unripe,banana_unripe,5,5,True,0.35655784606933594,papaya_unripe,0.29917868971824646,alexcj10
data\processed\test\banana_unripe\alexcj10-ripenet_0002016.jpg,banana_unripe,banana_ripe,5,4,False,0.8818339109420776,banana_unripe,0.08467574417591095,alexcj10
data\processed\test\banana_unripe\alexcj10-ripenet_0002017.jpg,banana_unripe,banana_unripe,5,5,True,0.9165629744529724,papaya_unripe,0.05478961765766144,alexcj10
data\processed\test\banana_unripe\alexcj10-ripenet_0002040.jpg,banana_unripe,banana_unripe,5,5,True,0.7457066178321838,banana_ripe,0.23916015028953552,alexcj10
data\processed\test\banana_unripe\asadullahprl_0001696.jpg,banana_unripe,banana_unripe,5,5,True,0.488972008228302,banana_ripe,0.47103193402290344,asadullahprl
data\processed\test\banana_unripe\asadullahprl_0001708.jpg,banana_unripe,banana_unripe,5,5,True,0.9752494096755981,papaya_unripe,0.007038318086415529,asadullahprl
data\processed\test\banana_unripe\asadullahprl_0001717.jpg,banana_unripe,banana_unripe,5,5,True,0.6565762758255005,papaya_unripe,0.24347257614135742,asadullahprl
data\processed\test\banana_unripe\asadullahprl_0001723.jpg,banana_unripe,banana_unripe,5,5,True,0.9442558884620667,banana_ripe,0.05078281834721565,asadullahprl
data\processed\test\banana_unripe\asadullahprl_0001732.jpg,banana_unripe,banana_unripe,5,5,True,0.9805058240890503,pineapple_unripe,0.007694816682487726,asadullahprl
data\processed\test\banana_unripe\asadullahprl_0001734.jpg,banana_unripe,banana_unripe,5,5,True,0.7832439541816711,banana_ripe,0.1968853622674942,asadullahprl
data\processed\test\banana_unripe\asadullahprl_0001743.jpg,banana_unripe,banana_unripe,5,5,True,0.6530663371086121,banana_ripe,0.3273938000202179,asadullahprl
data\processed\test\banana_unripe\asadullahprl_0001754.jpg,banana_unripe,banana_unripe,5,5,True,0.5066565871238708,banana_ripe,0.4751010835170746,asadullahprl
data\processed\test\banana_unripe\asadullahprl_0001757.jpg,banana_unripe,banana_unripe,5,5,True,0.495646208524704,banana_overripe,0.19565092027187347,asadullahprl
data\processed\test\banana_unripe\asadullahprl_0001760.jpg,banana_unripe,banana_unripe,5,5,True,0.9858500361442566,banana_ripe,0.013078862801194191,asadullahprl
data\processed\test\banana_unripe\asadullahprl_0001766.jpg,banana_unripe,banana_unripe,5,5,True,0.9782604575157166,banana_ripe,0.01735982671380043,asadullahprl
data\processed\test\banana_unripe\asadullahprl_0001772.jpg,banana_unripe,banana_unripe,5,5,True,0.9984745383262634,banana_ripe,0.0014064983697608113,asadullahprl
data\processed\test\banana_unripe\asadullahprl_0001794.jpg,banana_unripe,banana_unripe,5,5,True,0.9539408683776855,banana_ripe,0.03979622945189476,asadullahprl
data\processed\test\banana_unripe\asadullahprl_0001801.jpg,banana_unripe,banana_unripe,5,5,True,0.9862812161445618,banana_ripe,0.00888205599039793,asadullahprl
data\processed\test\banana_unripe\asadullahprl_0001809.jpg,banana_unripe,banana_ripe,5,4,False,0.6972114443778992,banana_unripe,0.28718847036361694,asadullahprl
data\processed\test\banana_unripe\asadullahprl_0001813.jpg,banana_unripe,banana_unripe,5,5,True,0.9991631507873535,apple_unripe,0.00031711754854768515,asadullahprl
data\processed\test\banana_unripe\asadullahprl_0001823.jpg,banana_unripe,banana_unripe,5,5,True,0.9870291948318481,pineapple_unripe,0.004373557865619659,asadullahprl
data\processed\test\banana_unripe\asadullahprl_0001858.jpg,banana_unripe,banana_unripe,5,5,True,0.8083584308624268,banana_ripe,0.15956920385360718,asadullahprl
data\processed\test\banana_unripe\asadullahprl_0001859.jpg,banana_unripe,banana_unripe,5,5,True,0.9351714849472046,orange_unripe,0.0396404042840004,asadullahprl
data\processed\test\banana_unripe\asadullahprl_0001867.jpg,banana_unripe,banana_unripe,5,5,True,0.6054939031600952,banana_ripe,0.13643787801265717,asadullahprl
data\processed\test\banana_unripe\asadullahprl_0001875.jpg,banana_unripe,banana_unripe,5,5,True,0.5583063960075378,banana_ripe,0.42590463161468506,asadullahprl
data\processed\test\banana_unripe\asadullahprl_0001886.jpg,banana_unripe,banana_unripe,5,5,True,0.8572573065757751,banana_ripe,0.1347588449716568,asadullahprl
data\processed\test\banana_unripe\asadullahprl_0001892.jpg,banana_unripe,banana_ripe,5,4,False,0.5848774909973145,banana_unripe,0.40316519141197205,asadullahprl
data\processed\test\banana_unripe\asadullahprl_0001893.jpg,banana_unripe,banana_unripe,5,5,True,0.5918006896972656,banana_ripe,0.2666949927806854,asadullahprl
data\processed\test\banana_unripe\asadullahprl_0001895.jpg,banana_unripe,banana_ripe,5,4,False,0.7753928899765015,banana_unripe,0.11953455209732056,asadullahprl
data\processed\test\banana_unripe\asadullahprl_0001905.jpg,banana_unripe,banana_unripe,5,5,True,0.972282886505127,banana_ripe,0.011216336861252785,asadullahprl
data\processed\test\banana_unripe\asadullahprl_0001909.jpg,banana_unripe,banana_unripe,5,5,True,0.9288715124130249,banana_ripe,0.06609778851270676,asadullahprl
data\processed\test\banana_unripe\asadullahprl_0001925.jpg,banana_unripe,banana_unripe,5,5,True,0.9378695487976074,banana_ripe,0.04293135181069374,asadullahprl
data\processed\test\banana_unripe\asadullahprl_0001927.jpg,banana_unripe,banana_unripe,5,5,True,0.7071878910064697,banana_overripe,0.0864642933011055,asadullahprl
data\processed\test\banana_unripe\asadullahprl_0001954.jpg,banana_unripe,banana_unripe,5,5,True,0.5363255143165588,banana_ripe,0.4616655707359314,asadullahprl
data\processed\test\banana_unripe\asadullahprl_0001963.jpg,banana_unripe,banana_unripe,5,5,True,0.9539044499397278,banana_ripe,0.035722214728593826,asadullahprl
data\processed\test\banana_unripe\asadullahprl_0001965.jpg,banana_unripe,banana_unripe,5,5,True,0.8745748400688171,banana_ripe,0.11958570033311844,asadullahprl
data\processed\test\banana_unripe\asadullahprl_0001976.jpg,banana_unripe,banana_unripe,5,5,True,0.9936271905899048,banana_ripe,0.005650905892252922,asadullahprl
data\processed\test\banana_unripe\asadullahprl_0002007.jpg,banana_unripe,banana_unripe,5,5,True,0.9738010764122009,banana_ripe,0.025515520945191383,asadullahprl
data\processed\test\banana_unripe\asadullahprl_0002009.jpg,banana_unripe,banana_unripe,5,5,True,0.8112595081329346,banana_ripe,0.1807413250207901,asadullahprl
data\processed\test\banana_unripe\asadullahprl_0002036.jpg,banana_unripe,banana_ripe,5,4,False,0.6922288537025452,banana_unripe,0.2980983853340149,asadullahprl
data\processed\test\banana_unripe\asadullahprl_0002041.jpg,banana_unripe,banana_unripe,5,5,True,0.9545748233795166,papaya_unripe,0.02336207590997219,asadullahprl
data\processed\test\banana_unripe\asadullahprl_0002045.jpg,banana_unripe,banana_unripe,5,5,True,0.989387035369873,banana_ripe,0.0034490113612264395,asadullahprl
data\processed\test\banana_unripe\asadullahprl_0002046.jpg,banana_unripe,banana_unripe,5,5,True,0.8573576807975769,mango_unripe,0.05976518616080284,asadullahprl
data\processed\test\banana_unripe\bananaimagebd_0001710.jpg,banana_unripe,banana_unripe,5,5,True,0.9555175304412842,banana_ripe,0.03546448424458504,bananaimagebd
data\processed\test\banana_unripe\bananaimagebd_0001736.jpg,banana_unripe,banana_unripe,5,5,True,0.9167852401733398,banana_ripe,0.07666590809822083,bananaimagebd
data\processed\test\banana_unripe\bananaimagebd_0001748.jpg,banana_unripe,banana_unripe,5,5,True,0.9762184619903564,banana_ripe,0.017231730744242668,bananaimagebd
data\processed\test\banana_unripe\bananaimagebd_0001755.jpg,banana_unripe,banana_unripe,5,5,True,0.9808738827705383,banana_ripe,0.005759483203291893,bananaimagebd
data\processed\test\banana_unripe\bananaimagebd_0001785.jpg,banana_unripe,banana_unripe,5,5,True,0.8519214391708374,banana_ripe,0.13234975934028625,bananaimagebd
data\processed\test\banana_unripe\bananaimagebd_0001786.jpg,banana_unripe,banana_unripe,5,5,True,0.9937977194786072,banana_ripe,0.004685217048972845,bananaimagebd
data\processed\test\banana_unripe\bananaimagebd_0001789.jpg,banana_unripe,banana_unripe,5,5,True,0.6130338907241821,banana_ripe,0.2898489832878113,bananaimagebd
data\processed\test\banana_unripe\bananaimagebd_0001808.jpg,banana_unripe,banana_unripe,5,5,True,0.517004668712616,banana_ripe,0.3995005488395691,bananaimagebd
data\processed\test\banana_unripe\bananaimagebd_0001811.jpg,banana_unripe,banana_unripe,5,5,True,0.8769112825393677,banana_ripe,0.11898216605186462,bananaimagebd
data\processed\test\banana_unripe\bananaimagebd_0001824.jpg,banana_unripe,banana_unripe,5,5,True,0.9930641055107117,banana_ripe,0.004394100978970528,bananaimagebd
data\processed\test\banana_unripe\bananaimagebd_0001827.jpg,banana_unripe,banana_unripe,5,5,True,0.5041905641555786,banana_ripe,0.38210391998291016,bananaimagebd
data\processed\test\banana_unripe\bananaimagebd_0001832.jpg,banana_unripe,banana_unripe,5,5,True,0.7022982239723206,banana_ripe,0.24562382698059082,bananaimagebd
data\processed\test\banana_unripe\bananaimagebd_0001866.jpg,banana_unripe,banana_unripe,5,5,True,0.9706794619560242,banana_ripe,0.02496684342622757,bananaimagebd
data\processed\test\banana_unripe\bananaimagebd_0001869.jpg,banana_unripe,banana_unripe,5,5,True,0.9731854200363159,banana_ripe,0.024169092997908592,bananaimagebd
data\processed\test\banana_unripe\bananaimagebd_0001876.jpg,banana_unripe,banana_unripe,5,5,True,0.7036365270614624,banana_ripe,0.2274472713470459,bananaimagebd
data\processed\test\banana_unripe\bananaimagebd_0001883.jpg,banana_unripe,banana_ripe,5,4,False,0.8252560496330261,banana_unripe,0.09612210094928741,bananaimagebd
data\processed\test\banana_unripe\bananaimagebd_0001896.jpg,banana_unripe,banana_ripe,5,4,False,0.8626744747161865,banana_unripe,0.10573987662792206,bananaimagebd
data\processed\test\banana_unripe\bananaimagebd_0001910.jpg,banana_unripe,banana_unripe,5,5,True,0.9916424751281738,banana_ripe,0.0029512778855860233,bananaimagebd
data\processed\test\banana_unripe\bananaimagebd_0001947.jpg,banana_unripe,banana_ripe,5,4,False,0.5449848771095276,banana_unripe,0.42906665802001953,bananaimagebd
data\processed\test\banana_unripe\bananaimagebd_0001959.jpg,banana_unripe,banana_unripe,5,5,True,0.9882446527481079,papaya_unripe,0.0033777356147766113,bananaimagebd
data\processed\test\banana_unripe\bananaimagebd_0002018.jpg,banana_unripe,banana_ripe,5,4,False,0.5921223759651184,banana_unripe,0.39559507369995117,bananaimagebd
data\processed\test\banana_unripe\leftin_0001697.jpg,banana_unripe,banana_unripe,5,5,True,0.9868773818016052,orange_unripe,0.009735547006130219,leftin
data\processed\test\banana_unripe\leftin_0001698.jpg,banana_unripe,banana_unripe,5,5,True,0.8415642976760864,banana_overripe,0.07125281542539597,leftin
data\processed\test\banana_unripe\leftin_0001699.jpg,banana_unripe,banana_unripe,5,5,True,0.9928823709487915,apple_unripe,0.006696576252579689,leftin
data\processed\test\banana_unripe\leftin_0001700.jpg,banana_unripe,banana_unripe,5,5,True,0.9940563440322876,apple_unripe,0.0036753718741238117,leftin
data\processed\test\banana_unripe\leftin_0001701.jpg,banana_unripe,banana_unripe,5,5,True,0.9571084976196289,orange_unripe,0.02060615085065365,leftin
data\processed\test\banana_unripe\leftin_0001702.jpg,banana_unripe,banana_unripe,5,5,True,0.754436194896698,orange_unripe,0.15457336604595184,leftin
data\processed\test\banana_unripe\leftin_0001703.jpg,banana_unripe,banana_unripe,5,5,True,0.9979351758956909,apple_unripe,0.0011302516795694828,leftin
data\processed\test\banana_unripe\leftin_0001704.jpg,banana_unripe,banana_unripe,5,5,True,0.8520861268043518,apple_unripe,0.09638257324695587,leftin
data\processed\test\banana_unripe\leftin_0001705.jpg,banana_unripe,banana_unripe,5,5,True,0.9159132838249207,apple_unripe,0.06879672408103943,leftin
data\processed\test\banana_unripe\leftin_0001707.jpg,banana_unripe,banana_unripe,5,5,True,0.991083025932312,apple_unripe,0.002922558458521962,leftin
data\processed\test\banana_unripe\leftin_0001709.jpg,banana_unripe,banana_unripe,5,5,True,0.9833768606185913,orange_unripe,0.01026869472116232,leftin
data\processed\test\banana_unripe\leftin_0001711.jpg,banana_unripe,banana_unripe,5,5,True,0.9835661053657532,apple_unripe,0.015238090418279171,leftin
data\processed\test\banana_unripe\leftin_0001712.jpg,banana_unripe,banana_unripe,5,5,True,0.9983135461807251,orange_unripe,0.0009439032291993499,leftin
data\processed\test\banana_unripe\leftin_0001713.jpg,banana_unripe,banana_unripe,5,5,True,0.9996559619903564,apple_unripe,0.000277083512628451,leftin
data\processed\test\banana_unripe\leftin_0001714.jpg,banana_unripe,banana_unripe,5,5,True,0.984258770942688,banana_ripe,0.008110107854008675,leftin
data\processed\test\banana_unripe\leftin_0001715.jpg,banana_unripe,banana_unripe,5,5,True,0.9991276860237122,apple_unripe,0.0006143055506981909,leftin
data\processed\test\banana_unripe\leftin_0001716.jpg,banana_unripe,banana_unripe,5,5,True,0.8469170928001404,apple_unripe,0.06504298001527786,leftin
data\processed\test\banana_unripe\leftin_0001718.jpg,banana_unripe,banana_unripe,5,5,True,0.7183745503425598,apple_unripe,0.18341130018234253,leftin
data\processed\test\banana_unripe\leftin_0001719.jpg,banana_unripe,banana_unripe,5,5,True,0.9916660189628601,apple_unripe,0.006145112682133913,leftin
data\processed\test\banana_unripe\leftin_0001720.jpg,banana_unripe,banana_unripe,5,5,True,0.9871654510498047,apple_unripe,0.012662260793149471,leftin
data\processed\test\banana_unripe\leftin_0001721.jpg,banana_unripe,banana_unripe,5,5,True,0.9731420278549194,banana_ripe,0.022789765149354935,leftin
data\processed\test\banana_unripe\leftin_0001722.jpg,banana_unripe,banana_unripe,5,5,True,0.9421374201774597,apple_unripe,0.040610019117593765,leftin
data\processed\test\banana_unripe\leftin_0001724.jpg,banana_unripe,banana_unripe,5,5,True,0.935096025466919,banana_ripe,0.04483679309487343,leftin
data\processed\test\banana_unripe\leftin_0001725.jpg,banana_unripe,banana_unripe,5,5,True,0.8985279202461243,apple_unripe,0.069220632314682,leftin
data\processed\test\banana_unripe\leftin_0001726.jpg,banana_unripe,banana_unripe,5,5,True,0.9215846061706543,apple_unripe,0.0465741865336895,leftin
data\processed\test\banana_unripe\leftin_0001727.jpg,banana_unripe,banana_unripe,5,5,True,0.817020058631897,orange_unripe,0.1273425966501236,leftin
data\processed\test\banana_unripe\leftin_0001728.jpg,banana_unripe,banana_unripe,5,5,True,0.995252251625061,banana_ripe,0.004030296579003334,leftin
data\processed\test\banana_unripe\leftin_0001729.jpg,banana_unripe,banana_unripe,5,5,True,0.9761313199996948,apple_unripe,0.018568921834230423,leftin
data\processed\test\banana_unripe\leftin_0001730.jpg,banana_unripe,banana_unripe,5,5,True,0.8970385193824768,apple_unripe,0.07795456051826477,leftin
data\processed\test\banana_unripe\leftin_0001731.jpg,banana_unripe,banana_unripe,5,5,True,0.967671275138855,apple_unripe,0.01763249561190605,leftin
data\processed\test\banana_unripe\leftin_0001733.jpg,banana_unripe,banana_unripe,5,5,True,0.9794906973838806,apple_unripe,0.008769996464252472,leftin
data\processed\test\banana_unripe\leftin_0001735.jpg,banana_unripe,banana_unripe,5,5,True,0.9900980591773987,apple_unripe,0.008913049474358559,leftin
data\processed\test\banana_unripe\leftin_0001737.jpg,banana_unripe,banana_unripe,5,5,True,0.6148478388786316,orange_unripe,0.2135116457939148,leftin
data\processed\test\banana_unripe\leftin_0001739.jpg,banana_unripe,banana_unripe,5,5,True,0.9671376943588257,banana_ripe,0.028573734685778618,leftin
data\processed\test\banana_unripe\leftin_0001741.jpg,banana_unripe,apple_unripe,5,2,False,0.4225398302078247,banana_unripe,0.4192470908164978,leftin
data\processed\test\banana_unripe\leftin_0001745.jpg,banana_unripe,banana_unripe,5,5,True,0.9914656281471252,banana_ripe,0.008451058529317379,leftin
data\processed\test\banana_unripe\leftin_0001746.jpg,banana_unripe,banana_unripe,5,5,True,0.7592136859893799,apple_unripe,0.15280672907829285,leftin
data\processed\test\banana_unripe\leftin_0001747.jpg,banana_unripe,banana_unripe,5,5,True,0.9803094267845154,apple_unripe,0.013910939916968346,leftin
data\processed\test\banana_unripe\leftin_0001749.jpg,banana_unripe,banana_unripe,5,5,True,0.999750554561615,apple_unripe,0.00017671543173491955,leftin
data\processed\test\banana_unripe\leftin_0001750.jpg,banana_unripe,banana_unripe,5,5,True,0.8787800669670105,apple_unripe,0.06129037216305733,leftin
data\processed\test\banana_unripe\leftin_0001751.jpg,banana_unripe,banana_unripe,5,5,True,0.9881011247634888,banana_ripe,0.00698515260592103,leftin
data\processed\test\banana_unripe\leftin_0001752.jpg,banana_unripe,banana_unripe,5,5,True,0.9839341044425964,apple_unripe,0.014184129424393177,leftin
data\processed\test\banana_unripe\leftin_0001753.jpg,banana_unripe,banana_unripe,5,5,True,0.9654329419136047,apple_unripe,0.02281193807721138,leftin
data\processed\test\banana_unripe\leftin_0001758.jpg,banana_unripe,banana_unripe,5,5,True,0.9947336912155151,orange_unripe,0.0035490295849740505,leftin
data\processed\test\banana_unripe\leftin_0001759.jpg,banana_unripe,banana_unripe,5,5,True,0.9557269811630249,orange_unripe,0.02519499696791172,leftin
data\processed\test\banana_unripe\leftin_0001761.jpg,banana_unripe,banana_unripe,5,5,True,0.9910151362419128,banana_ripe,0.0046998318284749985,leftin
data\processed\test\banana_unripe\leftin_0001762.jpg,banana_unripe,banana_unripe,5,5,True,0.9872165322303772,banana_ripe,0.011268099769949913,leftin
data\processed\test\banana_unripe\leftin_0001763.jpg,banana_unripe,banana_unripe,5,5,True,0.9099015593528748,banana_ripe,0.08280524611473083,leftin
data\processed\test\banana_unripe\leftin_0001764.jpg,banana_unripe,banana_unripe,5,5,True,0.8803223967552185,apple_unripe,0.060835689306259155,leftin
data\processed\test\banana_unripe\leftin_0001765.jpg,banana_unripe,banana_unripe,5,5,True,0.9857213497161865,apple_unripe,0.010430954396724701,leftin
data\processed\test\banana_unripe\leftin_0001767.jpg,banana_unripe,banana_unripe,5,5,True,0.9954487681388855,apple_unripe,0.004166582133620977,leftin
data\processed\test\banana_unripe\leftin_0001768.jpg,banana_unripe,banana_unripe,5,5,True,0.7448722124099731,orange_unripe,0.2296445369720459,leftin
data\processed\test\banana_unripe\leftin_0001769.jpg,banana_unripe,banana_unripe,5,5,True,0.9969745874404907,apple_unripe,0.0023640103172510862,leftin
data\processed\test\banana_unripe\leftin_0001770.jpg,banana_unripe,banana_unripe,5,5,True,0.9708157181739807,orange_unripe,0.01832662709057331,leftin
data\processed\test\banana_unripe\leftin_0001771.jpg,banana_unripe,banana_unripe,5,5,True,0.6539437770843506,orange_unripe,0.1946561634540558,leftin
data\processed\test\banana_unripe\leftin_0001773.jpg,banana_unripe,banana_unripe,5,5,True,0.9286755919456482,banana_overripe,0.03191813826560974,leftin
data\processed\test\banana_unripe\leftin_0001774.jpg,banana_unripe,banana_unripe,5,5,True,0.9997678399085999,apple_unripe,0.00017597780970390886,leftin
data\processed\test\banana_unripe\leftin_0001775.jpg,banana_unripe,banana_unripe,5,5,True,0.7323395013809204,apple_unripe,0.17568367719650269,leftin
data\processed\test\banana_unripe\leftin_0001777.jpg,banana_unripe,banana_unripe,5,5,True,0.9095882177352905,apple_unripe,0.04456859827041626,leftin
data\processed\test\banana_unripe\leftin_0001778.jpg,banana_unripe,banana_unripe,5,5,True,0.8950480818748474,banana_ripe,0.10213471949100494,leftin
data\processed\test\banana_unripe\leftin_0001779.jpg,banana_unripe,banana_unripe,5,5,True,0.977006733417511,apple_unripe,0.009577007964253426,leftin
data\processed\test\banana_unripe\leftin_0001781.jpg,banana_unripe,banana_unripe,5,5,True,0.9806281328201294,orange_unripe,0.011432669125497341,leftin
data\processed\test\banana_unripe\leftin_0001782.jpg,banana_unripe,banana_unripe,5,5,True,0.9757733941078186,banana_ripe,0.022666897624731064,leftin
data\processed\test\banana_unripe\leftin_0001783.jpg,banana_unripe,banana_unripe,5,5,True,0.9507316946983337,banana_overripe,0.02850422076880932,leftin
data\processed\test\banana_unripe\leftin_0001784.jpg,banana_unripe,banana_unripe,5,5,True,0.9949795603752136,banana_ripe,0.0033149365335702896,leftin
data\processed\test\banana_unripe\leftin_0001787.jpg,banana_unripe,banana_unripe,5,5,True,0.9976329803466797,banana_ripe,0.001531061134301126,leftin
data\processed\test\banana_unripe\leftin_0001788.jpg,banana_unripe,banana_unripe,5,5,True,0.9927071928977966,apple_unripe,0.0029823605436831713,leftin
data\processed\test\banana_unripe\leftin_0001791.jpg,banana_unripe,banana_unripe,5,5,True,0.9959681034088135,apple_unripe,0.002854244550690055,leftin
data\processed\test\banana_unripe\leftin_0001792.jpg,banana_unripe,banana_unripe,5,5,True,0.9913540482521057,apple_unripe,0.0038158369716256857,leftin
data\processed\test\banana_unripe\leftin_0001793.jpg,banana_unripe,banana_unripe,5,5,True,0.9709926247596741,orange_unripe,0.019348688423633575,leftin
data\processed\test\banana_unripe\leftin_0001795.jpg,banana_unripe,banana_unripe,5,5,True,0.9995148181915283,orange_unripe,0.00037586968392133713,leftin
data\processed\test\banana_unripe\leftin_0001797.jpg,banana_unripe,banana_unripe,5,5,True,0.7202247977256775,orange_unripe,0.18183612823486328,leftin
data\processed\test\banana_unripe\leftin_0001798.jpg,banana_unripe,banana_unripe,5,5,True,0.73867267370224,apple_unripe,0.19601570069789886,leftin
data\processed\test\banana_unripe\leftin_0001799.jpg,banana_unripe,banana_unripe,5,5,True,0.9984229803085327,orange_unripe,0.0010193672496825457,leftin
data\processed\test\banana_unripe\leftin_0001800.jpg,banana_unripe,banana_unripe,5,5,True,0.9953345656394958,banana_ripe,0.002801983617246151,leftin
data\processed\test\banana_unripe\leftin_0001802.jpg,banana_unripe,banana_unripe,5,5,True,0.36611321568489075,apple_unripe,0.3125152289867401,leftin
data\processed\test\banana_unripe\leftin_0001803.jpg,banana_unripe,orange_unripe,5,11,False,0.58245849609375,apple_unripe,0.28072410821914673,leftin
data\processed\test\banana_unripe\leftin_0001804.jpg,banana_unripe,banana_unripe,5,5,True,0.958599328994751,orange_unripe,0.024934379383921623,leftin
data\processed\test\banana_unripe\leftin_0001805.jpg,banana_unripe,banana_unripe,5,5,True,0.9838873744010925,apple_unripe,0.007394374813884497,leftin
data\processed\test\banana_unripe\leftin_0001806.jpg,banana_unripe,banana_unripe,5,5,True,0.9041839241981506,apple_unripe,0.048929620534181595,leftin
data\processed\test\banana_unripe\leftin_0001810.jpg,banana_unripe,banana_unripe,5,5,True,0.9983097314834595,apple_unripe,0.0008549095364287496,leftin
data\processed\test\banana_unripe\leftin_0001812.jpg,banana_unripe,banana_unripe,5,5,True,0.8371885418891907,apple_unripe,0.08367156982421875,leftin
data\processed\test\banana_unripe\leftin_0001814.jpg,banana_unripe,banana_unripe,5,5,True,0.9923897385597229,apple_unripe,0.004334005527198315,leftin
data\processed\test\banana_unripe\leftin_0001815.jpg,banana_unripe,banana_unripe,5,5,True,0.9993600249290466,apple_unripe,0.0004218567628413439,leftin
data\processed\test\banana_unripe\leftin_0001816.jpg,banana_unripe,banana_unripe,5,5,True,0.9945055842399597,apple_unripe,0.004486588761210442,leftin
data\processed\test\banana_unripe\leftin_0001818.jpg,banana_unripe,banana_unripe,5,5,True,0.9816442728042603,orange_unripe,0.015206201002001762,leftin
data\processed\test\banana_unripe\leftin_0001819.jpg,banana_unripe,orange_unripe,5,11,False,0.47999292612075806,apple_unripe,0.4025849401950836,leftin
data\processed\test\banana_unripe\leftin_0001821.jpg,banana_unripe,banana_unripe,5,5,True,0.9967401623725891,apple_unripe,0.0027985339984297752,leftin
data\processed\test\banana_unripe\leftin_0001822.jpg,banana_unripe,banana_unripe,5,5,True,0.939474880695343,orange_unripe,0.048922259360551834,leftin
data\processed\test\banana_unripe\leftin_0001825.jpg,banana_unripe,banana_unripe,5,5,True,0.9624990224838257,banana_ripe,0.013921523466706276,leftin
data\processed\test\banana_unripe\leftin_0001826.jpg,banana_unripe,orange_unripe,5,11,False,0.3956317603588104,banana_unripe,0.3397960662841797,leftin
data\processed\test\banana_unripe\leftin_0001828.jpg,banana_unripe,banana_unripe,5,5,True,0.8958114981651306,orange_unripe,0.05529211834073067,leftin
data\processed\test\banana_unripe\leftin_0001829.jpg,banana_unripe,banana_unripe,5,5,True,0.988849401473999,apple_unripe,0.005277741700410843,leftin
data\processed\test\banana_unripe\leftin_0001830.jpg,banana_unripe,banana_unripe,5,5,True,0.73949134349823,orange_unripe,0.1694115251302719,leftin
data\processed\test\banana_unripe\leftin_0001831.jpg,banana_unripe,banana_unripe,5,5,True,0.9232346415519714,apple_unripe,0.053981583565473557,leftin
data\processed\test\banana_unripe\leftin_0001833.jpg,banana_unripe,banana_unripe,5,5,True,0.9842064380645752,apple_unripe,0.013430310413241386,leftin
data\processed\test\banana_unripe\leftin_0001834.jpg,banana_unripe,banana_unripe,5,5,True,0.9359675049781799,banana_ripe,0.05114998295903206,leftin
data\processed\test\banana_unripe\leftin_0001835.jpg,banana_unripe,orange_unripe,5,11,False,0.4393375813961029,apple_unripe,0.35752907395362854,leftin
data\processed\test\banana_unripe\leftin_0001836.jpg,banana_unripe,banana_unripe,5,5,True,0.9903987646102905,banana_ripe,0.007197011262178421,leftin
data\processed\test\banana_unripe\leftin_0001837.jpg,banana_unripe,banana_unripe,5,5,True,0.6848919987678528,apple_unripe,0.22374795377254486,leftin
data\processed\test\banana_unripe\leftin_0001838.jpg,banana_unripe,banana_unripe,5,5,True,0.9940031170845032,apple_unripe,0.005337562877684832,leftin
data\processed\test\banana_unripe\leftin_0001840.jpg,banana_unripe,banana_unripe,5,5,True,0.6363692283630371,orange_unripe,0.28160417079925537,leftin
data\processed\test\banana_unripe\leftin_0001841.jpg,banana_unripe,banana_unripe,5,5,True,0.9849779605865479,banana_ripe,0.00488720228895545,leftin
data\processed\test\banana_unripe\leftin_0001842.jpg,banana_unripe,banana_unripe,5,5,True,0.8851287961006165,apple_unripe,0.0923503190279007,leftin
data\processed\test\banana_unripe\leftin_0001844.jpg,banana_unripe,banana_unripe,5,5,True,0.864957869052887,banana_ripe,0.11122880131006241,leftin
data\processed\test\banana_unripe\leftin_0001845.jpg,banana_unripe,orange_unripe,5,11,False,0.8137364983558655,banana_unripe,0.1587931513786316,leftin
data\processed\test\banana_unripe\leftin_0001846.jpg,banana_unripe,banana_unripe,5,5,True,0.9982365369796753,apple_unripe,0.001047166413627565,leftin
data\processed\test\banana_unripe\leftin_0001847.jpg,banana_unripe,banana_unripe,5,5,True,0.9980450868606567,banana_ripe,0.0012898520799353719,leftin
data\processed\test\banana_unripe\leftin_0001848.jpg,banana_unripe,banana_unripe,5,5,True,0.9763596653938293,apple_unripe,0.02029195800423622,leftin
data\processed\test\banana_unripe\leftin_0001849.jpg,banana_unripe,banana_unripe,5,5,True,0.8986199498176575,orange_unripe,0.053497567772865295,leftin
data\processed\test\banana_unripe\leftin_0001851.jpg,banana_unripe,banana_unripe,5,5,True,0.954143226146698,apple_unripe,0.032276131212711334,leftin
data\processed\test\banana_unripe\leftin_0001853.jpg,banana_unripe,banana_unripe,5,5,True,0.9941085577011108,orange_unripe,0.00353114097379148,leftin
data\processed\test\banana_unripe\leftin_0001855.jpg,banana_unripe,banana_unripe,5,5,True,0.7380821704864502,orange_unripe,0.15571282804012299,leftin
data\processed\test\banana_unripe\leftin_0001856.jpg,banana_unripe,banana_unripe,5,5,True,0.9287111163139343,apple_unripe,0.03867644444108009,leftin
data\processed\test\banana_unripe\leftin_0001857.jpg,banana_unripe,banana_unripe,5,5,True,0.9960557222366333,banana_ripe,0.0026656403206288815,leftin
data\processed\test\banana_unripe\leftin_0001860.jpg,banana_unripe,banana_unripe,5,5,True,0.9941357374191284,apple_unripe,0.002258672146126628,leftin
data\processed\test\banana_unripe\leftin_0001861.jpg,banana_unripe,banana_unripe,5,5,True,0.9738650918006897,mango_overripe,0.00774298794567585,leftin
data\processed\test\banana_unripe\leftin_0001863.jpg,banana_unripe,banana_unripe,5,5,True,0.9960991144180298,banana_ripe,0.0021286378614604473,leftin
data\processed\test\banana_unripe\leftin_0001864.jpg,banana_unripe,banana_unripe,5,5,True,0.9814687967300415,apple_unripe,0.018068240955471992,leftin
data\processed\test\banana_unripe\leftin_0001865.jpg,banana_unripe,banana_unripe,5,5,True,0.9897779822349548,orange_unripe,0.004174558445811272,leftin
data\processed\test\banana_unripe\leftin_0001868.jpg,banana_unripe,banana_unripe,5,5,True,0.9189025163650513,orange_unripe,0.07198204100131989,leftin
data\processed\test\banana_unripe\leftin_0001870.jpg,banana_unripe,banana_unripe,5,5,True,0.9122234582901001,orange_unripe,0.05684851109981537,leftin
data\processed\test\banana_unripe\leftin_0001871.jpg,banana_unripe,banana_unripe,5,5,True,0.9968269467353821,orange_unripe,0.0019212801707908511,leftin
data\processed\test\banana_unripe\leftin_0001872.jpg,banana_unripe,banana_unripe,5,5,True,0.9972345232963562,banana_ripe,0.0019836355932056904,leftin
data\processed\test\banana_unripe\leftin_0001874.jpg,banana_unripe,banana_unripe,5,5,True,0.5030043721199036,orange_unripe,0.3542339503765106,leftin
data\processed\test\banana_unripe\leftin_0001877.jpg,banana_unripe,banana_unripe,5,5,True,0.9770803451538086,apple_unripe,0.014496032148599625,leftin
data\processed\test\banana_unripe\leftin_0001878.jpg,banana_unripe,banana_unripe,5,5,True,0.9979356527328491,apple_unripe,0.0017271136166527867,leftin
data\processed\test\banana_unripe\leftin_0001879.jpg,banana_unripe,banana_unripe,5,5,True,0.9955834746360779,orange_unripe,0.0024920187424868345,leftin
data\processed\test\banana_unripe\leftin_0001880.jpg,banana_unripe,banana_unripe,5,5,True,0.9717516303062439,apple_unripe,0.015834609046578407,leftin
data\processed\test\banana_unripe\leftin_0001881.jpg,banana_unripe,banana_unripe,5,5,True,0.5263789296150208,banana_ripe,0.42774882912635803,leftin
data\processed\test\banana_unripe\leftin_0001882.jpg,banana_unripe,banana_unripe,5,5,True,0.8978635668754578,banana_ripe,0.08432367444038391,leftin
data\processed\test\banana_unripe\leftin_0001884.jpg,banana_unripe,banana_unripe,5,5,True,0.801241934299469,orange_unripe,0.18351659178733826,leftin
data\processed\test\banana_unripe\leftin_0001885.jpg,banana_unripe,banana_unripe,5,5,True,0.9700512886047363,apple_unripe,0.023983241990208626,leftin
data\processed\test\banana_unripe\leftin_0001887.jpg,banana_unripe,banana_unripe,5,5,True,0.9958384037017822,apple_unripe,0.00236514862626791,leftin
data\processed\test\banana_unripe\leftin_0001888.jpg,banana_unripe,banana_unripe,5,5,True,0.9737431406974792,orange_unripe,0.017562219873070717,leftin
data\processed\test\banana_unripe\leftin_0001890.jpg,banana_unripe,banana_unripe,5,5,True,0.9450544714927673,apple_unripe,0.04267830401659012,leftin
data\processed\test\banana_unripe\leftin_0001891.jpg,banana_unripe,banana_unripe,5,5,True,0.9610025882720947,apple_unripe,0.03872925415635109,leftin
data\processed\test\banana_unripe\leftin_0001894.jpg,banana_unripe,banana_unripe,5,5,True,0.48962682485580444,apple_unripe,0.4826573133468628,leftin
data\processed\test\banana_unripe\leftin_0001897.jpg,banana_unripe,banana_unripe,5,5,True,0.5450648069381714,apple_unripe,0.1574968695640564,leftin
data\processed\test\banana_unripe\leftin_0001898.jpg,banana_unripe,banana_unripe,5,5,True,0.9782055020332336,orange_unripe,0.01313446369022131,leftin
data\processed\test\banana_unripe\leftin_0001899.jpg,banana_unripe,banana_unripe,5,5,True,0.9861407279968262,orange_unripe,0.007784300949424505,leftin
data\processed\test\banana_unripe\leftin_0001900.jpg,banana_unripe,banana_unripe,5,5,True,0.998996913433075,banana_ripe,0.000751035287976265,leftin
data\processed\test\banana_unripe\leftin_0001901.jpg,banana_unripe,banana_unripe,5,5,True,0.6412810683250427,apple_unripe,0.2941156029701233,leftin
data\processed\test\banana_unripe\leftin_0001903.jpg,banana_unripe,banana_unripe,5,5,True,0.9979939460754395,banana_ripe,0.0011586191831156611,leftin
data\processed\test\banana_unripe\leftin_0001904.jpg,banana_unripe,banana_unripe,5,5,True,0.9037286043167114,apple_unripe,0.0659397691488266,leftin
data\processed\test\banana_unripe\leftin_0001906.jpg,banana_unripe,banana_unripe,5,5,True,0.985017716884613,apple_unripe,0.008496603928506374,leftin
data\processed\test\banana_unripe\leftin_0001908.jpg,banana_unripe,banana_unripe,5,5,True,0.9904668927192688,banana_ripe,0.00887194462120533,leftin
data\processed\test\banana_unripe\leftin_0001911.jpg,banana_unripe,banana_unripe,5,5,True,0.9370474219322205,apple_unripe,0.04331130161881447,leftin
data\processed\test\banana_unripe\leftin_0001913.jpg,banana_unripe,banana_unripe,5,5,True,0.9860374331474304,banana_ripe,0.013689427636563778,leftin
data\processed\test\banana_unripe\leftin_0001917.jpg,banana_unripe,banana_unripe,5,5,True,0.9644804000854492,banana_ripe,0.02746443822979927,leftin
data\processed\test\banana_unripe\leftin_0001919.jpg,banana_unripe,banana_unripe,5,5,True,0.43970194458961487,apple_unripe,0.4117591381072998,leftin
data\processed\test\banana_unripe\leftin_0001920.jpg,banana_unripe,banana_unripe,5,5,True,0.6294370293617249,orange_unripe,0.19946779310703278,leftin
data\processed\test\banana_unripe\leftin_0001921.jpg,banana_unripe,banana_unripe,5,5,True,0.8131658434867859,apple_unripe,0.08296367526054382,leftin
data\processed\test\banana_unripe\leftin_0001922.jpg,banana_unripe,banana_unripe,5,5,True,0.9245212078094482,apple_unripe,0.037168167531490326,leftin
data\processed\test\banana_unripe\leftin_0001923.jpg,banana_unripe,banana_unripe,5,5,True,0.9991969466209412,apple_unripe,0.0004647643072530627,leftin
data\processed\test\banana_unripe\leftin_0001924.jpg,banana_unripe,banana_unripe,5,5,True,0.9537518620491028,orange_unripe,0.04219644516706467,leftin
data\processed\test\banana_unripe\leftin_0001926.jpg,banana_unripe,banana_unripe,5,5,True,0.9900790452957153,orange_unripe,0.006829812191426754,leftin
data\processed\test\banana_unripe\leftin_0001928.jpg,banana_unripe,banana_unripe,5,5,True,0.9845679998397827,apple_unripe,0.011953718960285187,leftin
data\processed\test\banana_unripe\leftin_0001929.jpg,banana_unripe,banana_unripe,5,5,True,0.9882113337516785,apple_unripe,0.006977439392358065,leftin
data\processed\test\banana_unripe\leftin_0001931.jpg,banana_unripe,banana_unripe,5,5,True,0.9880622625350952,apple_unripe,0.00932230893522501,leftin
data\processed\test\banana_unripe\leftin_0001932.jpg,banana_unripe,banana_unripe,5,5,True,0.9187254905700684,apple_unripe,0.038344599306583405,leftin
data\processed\test\banana_unripe\leftin_0001933.jpg,banana_unripe,banana_unripe,5,5,True,0.9890308976173401,apple_unripe,0.010489249601960182,leftin
data\processed\test\banana_unripe\leftin_0001934.jpg,banana_unripe,banana_unripe,5,5,True,0.8467618227005005,banana_ripe,0.1406814604997635,leftin
data\processed\test\banana_unripe\leftin_0001937.jpg,banana_unripe,banana_unripe,5,5,True,0.9823154807090759,apple_unripe,0.014655767008662224,leftin
data\processed\test\banana_unripe\leftin_0001939.jpg,banana_unripe,apple_unripe,5,2,False,0.5150117874145508,banana_unripe,0.47607916593551636,leftin
data\processed\test\banana_unripe\leftin_0001940.jpg,banana_unripe,banana_unripe,5,5,True,0.6798993945121765,orange_unripe,0.24231567978858948,leftin
data\processed\test\banana_unripe\leftin_0001941.jpg,banana_unripe,banana_unripe,5,5,True,0.9125343561172485,apple_unripe,0.0436711348593235,leftin
data\processed\test\banana_unripe\leftin_0001942.jpg,banana_unripe,banana_unripe,5,5,True,0.9899498224258423,apple_unripe,0.009475127793848515,leftin
data\processed\test\banana_unripe\leftin_0001944.jpg,banana_unripe,banana_unripe,5,5,True,0.9810683131217957,banana_ripe,0.017152177169919014,leftin
data\processed\test\banana_unripe\leftin_0001945.jpg,banana_unripe,banana_unripe,5,5,True,0.9889065027236938,apple_unripe,0.00650458037853241,leftin
data\processed\test\banana_unripe\leftin_0001946.jpg,banana_unripe,banana_unripe,5,5,True,0.49635928869247437,orange_unripe,0.305300235748291,leftin
data\processed\test\banana_unripe\leftin_0001948.jpg,banana_unripe,banana_unripe,5,5,True,0.9543744921684265,orange_unripe,0.02477383241057396,leftin
data\processed\test\banana_unripe\leftin_0001949.jpg,banana_unripe,banana_unripe,5,5,True,0.7586877346038818,apple_unripe,0.14188894629478455,leftin
data\processed\test\banana_unripe\leftin_0001950.jpg,banana_unripe,banana_unripe,5,5,True,0.9459587335586548,apple_unripe,0.035434383898973465,leftin
data\processed\test\banana_unripe\leftin_0001951.jpg,banana_unripe,banana_unripe,5,5,True,0.8071134686470032,apple_unripe,0.1359911561012268,leftin
data\processed\test\banana_unripe\leftin_0001952.jpg,banana_unripe,banana_unripe,5,5,True,0.9863990545272827,orange_unripe,0.007058234885334969,leftin
data\processed\test\banana_unripe\leftin_0001953.jpg,banana_unripe,banana_unripe,5,5,True,0.9656764268875122,orange_unripe,0.02306511253118515,leftin
data\processed\test\banana_unripe\leftin_0001955.jpg,banana_unripe,banana_unripe,5,5,True,0.447603702545166,orange_unripe,0.4244470000267029,leftin
data\processed\test\banana_unripe\leftin_0001956.jpg,banana_unripe,banana_unripe,5,5,True,0.9804052114486694,banana_ripe,0.017824528738856316,leftin
data\processed\test\banana_unripe\leftin_0001957.jpg,banana_unripe,banana_unripe,5,5,True,0.9955921769142151,apple_unripe,0.004258575849235058,leftin
data\processed\test\banana_unripe\leftin_0001960.jpg,banana_unripe,banana_unripe,5,5,True,0.8291221261024475,orange_unripe,0.10467440634965897,leftin
data\processed\test\banana_unripe\leftin_0001962.jpg,banana_unripe,banana_unripe,5,5,True,0.7671645879745483,apple_unripe,0.17007340490818024,leftin
data\processed\test\banana_unripe\leftin_0001964.jpg,banana_unripe,banana_unripe,5,5,True,0.8672600388526917,orange_unripe,0.10644182562828064,leftin
data\processed\test\banana_unripe\leftin_0001966.jpg,banana_unripe,banana_unripe,5,5,True,0.8067601323127747,apple_unripe,0.16676414012908936,leftin
data\processed\test\banana_unripe\leftin_0001968.jpg,banana_unripe,banana_unripe,5,5,True,0.9904779195785522,apple_unripe,0.005745170637965202,leftin
data\processed\test\banana_unripe\leftin_0001969.jpg,banana_unripe,banana_unripe,5,5,True,0.9674196243286133,apple_unripe,0.016015075147151947,leftin
data\processed\test\banana_unripe\leftin_0001971.jpg,banana_unripe,banana_unripe,5,5,True,0.9726988077163696,banana_ripe,0.02543134242296219,leftin
data\processed\test\banana_unripe\leftin_0001972.jpg,banana_unripe,banana_unripe,5,5,True,0.9879403114318848,banana_ripe,0.006370727438479662,leftin
data\processed\test\banana_unripe\leftin_0001973.jpg,banana_unripe,banana_unripe,5,5,True,0.7774949073791504,apple_unripe,0.198104128241539,leftin
data\processed\test\banana_unripe\leftin_0001974.jpg,banana_unripe,banana_unripe,5,5,True,0.9985734224319458,apple_unripe,0.0006824134034104645,leftin
data\processed\test\banana_unripe\leftin_0001975.jpg,banana_unripe,orange_unripe,5,11,False,0.4951731860637665,banana_unripe,0.3722926676273346,leftin
data\processed\test\banana_unripe\leftin_0001977.jpg,banana_unripe,banana_unripe,5,5,True,0.9692395329475403,banana_ripe,0.030593249946832657,leftin
data\processed\test\banana_unripe\leftin_0001978.jpg,banana_unripe,banana_unripe,5,5,True,0.9989579916000366,banana_ripe,0.0007790699019096792,leftin
data\processed\test\banana_unripe\leftin_0001979.jpg,banana_unripe,banana_unripe,5,5,True,0.9989666938781738,apple_unripe,0.0007439713808707893,leftin
data\processed\test\banana_unripe\leftin_0001980.jpg,banana_unripe,banana_unripe,5,5,True,0.9953516721725464,apple_unripe,0.003078795038163662,leftin
data\processed\test\banana_unripe\leftin_0001982.jpg,banana_unripe,banana_unripe,5,5,True,0.9936172962188721,orange_unripe,0.0032005710527300835,leftin
data\processed\test\banana_unripe\leftin_0001984.jpg,banana_unripe,banana_unripe,5,5,True,0.9733090400695801,apple_unripe,0.018215984106063843,leftin
data\processed\test\banana_unripe\leftin_0001985.jpg,banana_unripe,banana_unripe,5,5,True,0.9956789612770081,apple_unripe,0.003332813736051321,leftin
data\processed\test\banana_unripe\leftin_0001986.jpg,banana_unripe,banana_unripe,5,5,True,0.9803212285041809,banana_ripe,0.013112843036651611,leftin
data\processed\test\banana_unripe\leftin_0001987.jpg,banana_unripe,banana_unripe,5,5,True,0.9064241051673889,apple_unripe,0.0519360713660717,leftin
data\processed\test\banana_unripe\leftin_0001988.jpg,banana_unripe,banana_unripe,5,5,True,0.9933238625526428,apple_unripe,0.004555074963718653,leftin
data\processed\test\banana_unripe\leftin_0001989.jpg,banana_unripe,banana_unripe,5,5,True,0.9267212748527527,apple_unripe,0.06455452740192413,leftin
data\processed\test\banana_unripe\leftin_0001990.jpg,banana_unripe,banana_unripe,5,5,True,0.8737646341323853,apple_unripe,0.1146862804889679,leftin
data\processed\test\banana_unripe\leftin_0001991.jpg,banana_unripe,banana_ripe,5,4,False,0.5688899159431458,banana_unripe,0.41630226373672485,leftin
data\processed\test\banana_unripe\leftin_0001992.jpg,banana_unripe,banana_unripe,5,5,True,0.9810450077056885,orange_unripe,0.007570994086563587,leftin
data\processed\test\banana_unripe\leftin_0001993.jpg,banana_unripe,banana_unripe,5,5,True,0.9976328611373901,banana_ripe,0.0020235972478985786,leftin
data\processed\test\banana_unripe\leftin_0001994.jpg,banana_unripe,banana_unripe,5,5,True,0.8446756601333618,apple_unripe,0.0747765302658081,leftin
data\processed\test\banana_unripe\leftin_0001995.jpg,banana_unripe,banana_unripe,5,5,True,0.9959174990653992,apple_unripe,0.00358892185613513,leftin
data\processed\test\banana_unripe\leftin_0001996.jpg,banana_unripe,banana_unripe,5,5,True,0.9970382452011108,banana_ripe,0.0026353606954216957,leftin
data\processed\test\banana_unripe\leftin_0001997.jpg,banana_unripe,banana_unripe,5,5,True,0.9988481998443604,apple_unripe,0.0008274829015135765,leftin
data\processed\test\banana_unripe\leftin_0001998.jpg,banana_unripe,banana_unripe,5,5,True,0.9911279678344727,apple_unripe,0.008233176544308662,leftin
data\processed\test\banana_unripe\leftin_0001999.jpg,banana_unripe,banana_unripe,5,5,True,0.990228533744812,apple_unripe,0.006453003268688917,leftin
data\processed\test\banana_unripe\leftin_0002000.jpg,banana_unripe,banana_unripe,5,5,True,0.9441500306129456,banana_ripe,0.0320742093026638,leftin
data\processed\test\banana_unripe\leftin_0002001.jpg,banana_unripe,banana_unripe,5,5,True,0.9990222454071045,banana_ripe,0.0009692999301478267,leftin
data\processed\test\banana_unripe\leftin_0002002.jpg,banana_unripe,banana_unripe,5,5,True,0.9987598657608032,apple_unripe,0.0007758068386465311,leftin
data\processed\test\banana_unripe\leftin_0002004.jpg,banana_unripe,banana_unripe,5,5,True,0.9812468886375427,apple_unripe,0.010112177580595016,leftin
data\processed\test\banana_unripe\leftin_0002006.jpg,banana_unripe,banana_unripe,5,5,True,0.9859857559204102,apple_unripe,0.005148231517523527,leftin
data\processed\test\banana_unripe\leftin_0002008.jpg,banana_unripe,banana_unripe,5,5,True,0.5813509821891785,apple_unripe,0.2777324318885803,leftin
data\processed\test\banana_unripe\leftin_0002010.jpg,banana_unripe,banana_unripe,5,5,True,0.9972255229949951,apple_unripe,0.0015770649770274758,leftin
data\processed\test\banana_unripe\leftin_0002013.jpg,banana_unripe,banana_unripe,5,5,True,0.4403485357761383,apple_unripe,0.3454194962978363,leftin
data\processed\test\banana_unripe\leftin_0002014.jpg,banana_unripe,banana_unripe,5,5,True,0.9688910245895386,apple_unripe,0.021608633920550346,leftin
data\processed\test\banana_unripe\leftin_0002015.jpg,banana_unripe,banana_unripe,5,5,True,0.9144333004951477,banana_overripe,0.05184810981154442,leftin
data\processed\test\banana_unripe\leftin_0002019.jpg,banana_unripe,banana_unripe,5,5,True,0.9994164705276489,apple_unripe,0.0003273396287113428,leftin
data\processed\test\banana_unripe\leftin_0002020.jpg,banana_unripe,banana_unripe,5,5,True,0.9990339279174805,apple_unripe,0.00048672931734472513,leftin
data\processed\test\banana_unripe\leftin_0002021.jpg,banana_unripe,banana_unripe,5,5,True,0.9962235689163208,apple_unripe,0.002934542018920183,leftin
data\processed\test\banana_unripe\leftin_0002022.jpg,banana_unripe,banana_unripe,5,5,True,0.7421636581420898,orange_unripe,0.19979187846183777,leftin
data\processed\test\banana_unripe\leftin_0002023.jpg,banana_unripe,banana_unripe,5,5,True,0.7916742563247681,apple_unripe,0.16995230317115784,leftin
data\processed\test\banana_unripe\leftin_0002024.jpg,banana_unripe,banana_unripe,5,5,True,0.9993013143539429,apple_unripe,0.0005450723692774773,leftin
data\processed\test\banana_unripe\leftin_0002025.jpg,banana_unripe,banana_unripe,5,5,True,0.9977523684501648,apple_unripe,0.0009728522272780538,leftin
data\processed\test\banana_unripe\leftin_0002026.jpg,banana_unripe,banana_unripe,5,5,True,0.8676277995109558,banana_ripe,0.1231919378042221,leftin
data\processed\test\banana_unripe\leftin_0002027.jpg,banana_unripe,banana_unripe,5,5,True,0.9923837780952454,apple_unripe,0.004019301850348711,leftin
data\processed\test\banana_unripe\leftin_0002028.jpg,banana_unripe,banana_unripe,5,5,True,0.8086998462677002,orange_unripe,0.05011363700032234,leftin
data\processed\test\banana_unripe\leftin_0002029.jpg,banana_unripe,banana_unripe,5,5,True,0.9957226514816284,orange_unripe,0.002210471546277404,leftin
data\processed\test\banana_unripe\leftin_0002030.jpg,banana_unripe,banana_unripe,5,5,True,0.8810964226722717,apple_unripe,0.11349022388458252,leftin
data\processed\test\banana_unripe\leftin_0002031.jpg,banana_unripe,banana_unripe,5,5,True,0.6453254818916321,apple_unripe,0.30317574739456177,leftin
data\processed\test\banana_unripe\leftin_0002032.jpg,banana_unripe,banana_unripe,5,5,True,0.39089539647102356,orange_unripe,0.302733838558197,leftin
data\processed\test\banana_unripe\leftin_0002033.jpg,banana_unripe,banana_unripe,5,5,True,0.5811547040939331,orange_unripe,0.24073906242847443,leftin
data\processed\test\banana_unripe\leftin_0002034.jpg,banana_unripe,banana_unripe,5,5,True,0.710536777973175,apple_unripe,0.23857347667217255,leftin
data\processed\test\banana_unripe\leftin_0002035.jpg,banana_unripe,banana_unripe,5,5,True,0.6976506114006042,apple_unripe,0.23464785516262054,leftin
data\processed\test\banana_unripe\leftin_0002037.jpg,banana_unripe,banana_unripe,5,5,True,0.8981319665908813,orange_unripe,0.08073922246694565,leftin
data\processed\test\banana_unripe\leftin_0002038.jpg,banana_unripe,banana_unripe,5,5,True,0.9871110916137695,banana_ripe,0.009306342341005802,leftin
data\processed\test\banana_unripe\leftin_0002039.jpg,banana_unripe,banana_unripe,5,5,True,0.998365581035614,apple_unripe,0.001108811586163938,leftin
data\processed\test\banana_unripe\leftin_0002042.jpg,banana_unripe,banana_unripe,5,5,True,0.8605591058731079,orange_unripe,0.07509556412696838,leftin
data\processed\test\banana_unripe\leftin_0002043.jpg,banana_unripe,banana_unripe,5,5,True,0.9860373139381409,apple_unripe,0.011391378939151764,leftin
data\processed\test\banana_unripe\leftin_0002044.jpg,banana_unripe,banana_unripe,5,5,True,0.986722469329834,apple_unripe,0.009172063320875168,leftin
data\processed\test\banana_unripe\leftin_0002047.jpg,banana_unripe,banana_unripe,5,5,True,0.9977238774299622,papaya_unripe,0.0008034865604713559,leftin
data\processed\test\mango_overripe\alexcj10-ripenet_0002049.jpg,mango_overripe,mango_overripe,6,6,True,0.45782312750816345,papaya_overripe,0.23439624905586243,alexcj10
data\processed\test\mango_overripe\alexcj10-ripenet_0002050.jpg,mango_overripe,mango_overripe,6,6,True,0.7338491678237915,papaya_overripe,0.06702405214309692,alexcj10
data\processed\test\mango_overripe\alexcj10-ripenet_0002052.jpg,mango_overripe,mango_overripe,6,6,True,0.5551742315292358,papaya_overripe,0.2917710244655609,alexcj10
data\processed\test\mango_overripe\alexcj10-ripenet_0002053.jpg,mango_overripe,banana_overripe,6,3,False,0.35722556710243225,mango_overripe,0.3300587236881256,alexcj10
data\processed\test\mango_overripe\alexcj10-ripenet_0002054.jpg,mango_overripe,mango_overripe,6,6,True,0.8905925750732422,papaya_overripe,0.07851486653089523,alexcj10
data\processed\test\mango_overripe\alexcj10-ripenet_0002056.jpg,mango_overripe,mango_overripe,6,6,True,0.674583375453949,banana_overripe,0.2602374851703644,alexcj10
data\processed\test\mango_overripe\alexcj10-ripenet_0002058.jpg,mango_overripe,mango_overripe,6,6,True,0.8329522609710693,papaya_overripe,0.15061061084270477,alexcj10
data\processed\test\mango_overripe\alexcj10-ripenet_0002059.jpg,mango_overripe,mango_overripe,6,6,True,0.8541653156280518,apple_overripe,0.08185769617557526,alexcj10
data\processed\test\mango_overripe\alexcj10-ripenet_0002064.jpg,mango_overripe,mango_overripe,6,6,True,0.5905930399894714,papaya_overripe,0.06688884645700455,alexcj10
data\processed\test\mango_overripe\alexcj10-ripenet_0002066.jpg,mango_overripe,orange_overripe,6,9,False,0.9770523309707642,orange_ripe,0.01220861729234457,alexcj10
data\processed\test\mango_overripe\alexcj10-ripenet_0002067.jpg,mango_overripe,mango_overripe,6,6,True,0.8625316023826599,banana_overripe,0.07171767950057983,alexcj10
data\processed\test\mango_overripe\alexcj10-ripenet_0002068.jpg,mango_overripe,mango_overripe,6,6,True,0.8913708329200745,banana_overripe,0.06909392774105072,alexcj10
data\processed\test\mango_overripe\alexcj10-ripenet_0002070.jpg,mango_overripe,mango_overripe,6,6,True,0.7733698487281799,papaya_overripe,0.10824015736579895,alexcj10
data\processed\test\mango_overripe\alexcj10-ripenet_0002071.jpg,mango_overripe,banana_overripe,6,3,False,0.6387415528297424,mango_overripe,0.3483167588710785,alexcj10
data\processed\test\mango_overripe\alexcj10-ripenet_0002072.jpg,mango_overripe,mango_overripe,6,6,True,0.5047017931938171,papaya_overripe,0.410867303609848,alexcj10
data\processed\test\mango_overripe\alexcj10-ripenet_0002074.jpg,mango_overripe,mango_overripe,6,6,True,0.9471303820610046,papaya_overripe,0.03593311086297035,alexcj10
data\processed\test\mango_overripe\alexcj10-ripenet_0002075.jpg,mango_overripe,mango_overripe,6,6,True,0.7134788036346436,mango_ripe,0.21505719423294067,alexcj10
data\processed\test\mango_overripe\alexcj10-ripenet_0002076.jpg,mango_overripe,mango_ripe,6,7,False,0.7836487293243408,mango_overripe,0.0627419501543045,alexcj10
data\processed\test\mango_overripe\alexcj10-ripenet_0002078.jpg,mango_overripe,mango_overripe,6,6,True,0.4960693418979645,papaya_overripe,0.3511691093444824,alexcj10
data\processed\test\mango_overripe\alexcj10-ripenet_0002079.jpg,mango_overripe,mango_overripe,6,6,True,0.8083469867706299,papaya_overripe,0.15912288427352905,alexcj10
data\processed\test\mango_overripe\alexcj10-ripenet_0002081.jpg,mango_overripe,mango_ripe,6,7,False,0.9577705264091492,mango_overripe,0.01992737501859665,alexcj10
data\processed\test\mango_overripe\alexcj10-ripenet_0002083.jpg,mango_overripe,mango_overripe,6,6,True,0.8107165098190308,papaya_overripe,0.05809546634554863,alexcj10
data\processed\test\mango_overripe\alexcj10-ripenet_0002084.jpg,mango_overripe,mango_overripe,6,6,True,0.5723215341567993,banana_overripe,0.13285771012306213,alexcj10
data\processed\test\mango_overripe\alexcj10-ripenet_0002085.jpg,mango_overripe,mango_overripe,6,6,True,0.8066058158874512,papaya_overripe,0.07998029887676239,alexcj10
data\processed\test\mango_overripe\alexcj10-ripenet_0002086.jpg,mango_overripe,mango_overripe,6,6,True,0.5239129662513733,papaya_overripe,0.35548222064971924,alexcj10
data\processed\test\mango_overripe\alexcj10-ripenet_0002088.jpg,mango_overripe,apple_overripe,6,0,False,0.6078911423683167,mango_overripe,0.294057160615921,alexcj10
data\processed\test\mango_overripe\alexcj10-ripenet_0002090.jpg,mango_overripe,mango_overripe,6,6,True,0.4968858063220978,papaya_overripe,0.3343595862388611,alexcj10
data\processed\test\mango_overripe\alexcj10-ripenet_0002092.jpg,mango_overripe,mango_overripe,6,6,True,0.8800866007804871,papaya_overripe,0.07221142947673798,alexcj10
data\processed\test\mango_overripe\asadullahprl_0002048.jpg,mango_overripe,mango_overripe,6,6,True,0.9638149738311768,mango_ripe,0.014687355607748032,asadullahprl
data\processed\test\mango_overripe\asadullahprl_0002051.jpg,mango_overripe,mango_overripe,6,6,True,0.9345782399177551,mango_ripe,0.06360360234975815,asadullahprl
data\processed\test\mango_overripe\asadullahprl_0002055.jpg,mango_overripe,mango_overripe,6,6,True,0.8766480088233948,mango_ripe,0.11888621747493744,asadullahprl
data\processed\test\mango_overripe\asadullahprl_0002057.jpg,mango_overripe,mango_overripe,6,6,True,0.9067560434341431,mango_ripe,0.05482031777501106,asadullahprl
data\processed\test\mango_overripe\asadullahprl_0002060.jpg,mango_overripe,mango_overripe,6,6,True,0.9282713532447815,mango_ripe,0.04956734925508499,asadullahprl
data\processed\test\mango_overripe\asadullahprl_0002061.jpg,mango_overripe,mango_overripe,6,6,True,0.965872585773468,mango_ripe,0.016070939600467682,asadullahprl
data\processed\test\mango_overripe\asadullahprl_0002062.jpg,mango_overripe,mango_overripe,6,6,True,0.8382928371429443,mango_ripe,0.0798356756567955,asadullahprl
data\processed\test\mango_overripe\asadullahprl_0002063.jpg,mango_overripe,mango_overripe,6,6,True,0.8972322940826416,mango_ripe,0.09143245220184326,asadullahprl
data\processed\test\mango_overripe\asadullahprl_0002065.jpg,mango_overripe,mango_overripe,6,6,True,0.6324700117111206,banana_overripe,0.20553739368915558,asadullahprl
data\processed\test\mango_overripe\asadullahprl_0002069.jpg,mango_overripe,mango_overripe,6,6,True,0.6265118718147278,apple_unripe,0.16180017590522766,asadullahprl
data\processed\test\mango_overripe\asadullahprl_0002073.jpg,mango_overripe,mango_overripe,6,6,True,0.6647272706031799,mango_ripe,0.2612285912036896,asadullahprl
data\processed\test\mango_overripe\asadullahprl_0002077.jpg,mango_overripe,mango_overripe,6,6,True,0.7061047554016113,mango_ripe,0.2704415023326874,asadullahprl
data\processed\test\mango_overripe\asadullahprl_0002080.jpg,mango_overripe,mango_overripe,6,6,True,0.5296635627746582,mango_ripe,0.27027785778045654,asadullahprl
data\processed\test\mango_overripe\asadullahprl_0002082.jpg,mango_overripe,mango_overripe,6,6,True,0.7388585805892944,mango_ripe,0.24660217761993408,asadullahprl
data\processed\test\mango_overripe\asadullahprl_0002087.jpg,mango_overripe,mango_overripe,6,6,True,0.788000762462616,mango_ripe,0.1975426822900772,asadullahprl
data\processed\test\mango_overripe\asadullahprl_0002089.jpg,mango_overripe,banana_ripe,6,4,False,0.7172266840934753,mango_ripe,0.21973495185375214,asadullahprl
data\processed\test\mango_overripe\asadullahprl_0002091.jpg,mango_overripe,mango_overripe,6,6,True,0.9416720867156982,papaya_overripe,0.0142905805259943,asadullahprl
data\processed\test\mango_ripe\alexcj10-ripenet_0002098.jpg,mango_ripe,mango_ripe,7,7,True,0.9086015820503235,mango_unripe,0.04119539260864258,alexcj10
data\processed\test\mango_ripe\alexcj10-ripenet_0002102.jpg,mango_ripe,mango_ripe,7,7,True,0.6071410775184631,apple_ripe,0.28630727529525757,alexcj10
data\processed\test\mango_ripe\alexcj10-ripenet_0002103.jpg,mango_ripe,mango_ripe,7,7,True,0.9210056662559509,mango_unripe,0.07465271651744843,alexcj10
data\processed\test\mango_ripe\alexcj10-ripenet_0002104.jpg,mango_ripe,mango_ripe,7,7,True,0.7211822867393494,mango_unripe,0.11416833847761154,alexcj10
data\processed\test\mango_ripe\alexcj10-ripenet_0002105.jpg,mango_ripe,mango_ripe,7,7,True,0.8995963335037231,pineapple_ripe,0.08236365020275116,alexcj10
data\processed\test\mango_ripe\alexcj10-ripenet_0002106.jpg,mango_ripe,mango_ripe,7,7,True,0.8882469534873962,mango_unripe,0.034172382205724716,alexcj10
data\processed\test\mango_ripe\alexcj10-ripenet_0002110.jpg,mango_ripe,mango_ripe,7,7,True,0.4691305160522461,banana_ripe,0.13224223256111145,alexcj10
data\processed\test\mango_ripe\alexcj10-ripenet_0002111.jpg,mango_ripe,mango_ripe,7,7,True,0.8485614061355591,mango_unripe,0.04388920217752457,alexcj10
data\processed\test\mango_ripe\alexcj10-ripenet_0002113.jpg,mango_ripe,mango_ripe,7,7,True,0.8491363525390625,orange_ripe,0.0243289303034544,alexcj10
data\processed\test\mango_ripe\alexcj10-ripenet_0002114.jpg,mango_ripe,mango_ripe,7,7,True,0.9351138472557068,banana_ripe,0.03575005754828453,alexcj10
data\processed\test\mango_ripe\alexcj10-ripenet_0002115.jpg,mango_ripe,mango_ripe,7,7,True,0.39231956005096436,mango_overripe,0.29686376452445984,alexcj10
data\processed\test\mango_ripe\alexcj10-ripenet_0002120.jpg,mango_ripe,mango_ripe,7,7,True,0.643721878528595,papaya_ripe,0.13793013989925385,alexcj10
data\processed\test\mango_ripe\alexcj10-ripenet_0002121.jpg,mango_ripe,mango_ripe,7,7,True,0.2680039703845978,mango_unripe,0.19210197031497955,alexcj10
data\processed\test\mango_ripe\alexcj10-ripenet_0002122.jpg,mango_ripe,mango_ripe,7,7,True,0.3971681594848633,apple_ripe,0.16796165704727173,alexcj10
data\processed\test\mango_ripe\alexcj10-ripenet_0002124.jpg,mango_ripe,mango_ripe,7,7,True,0.335479199886322,mango_unripe,0.24084807932376862,alexcj10
data\processed\test\mango_ripe\alexcj10-ripenet_0002125.jpg,mango_ripe,mango_ripe,7,7,True,0.9707463979721069,mango_unripe,0.012591092847287655,alexcj10
data\processed\test\mango_ripe\alexcj10-ripenet_0002127.jpg,mango_ripe,papaya_ripe,7,13,False,0.41747960448265076,papaya_unripe,0.2936801612377167,alexcj10
data\processed\test\mango_ripe\alexcj10-ripenet_0002128.jpg,mango_ripe,apple_ripe,7,1,False,0.2935686707496643,mango_ripe,0.27585020661354065,alexcj10
data\processed\test\mango_ripe\alexcj10-ripenet_0002132.jpg,mango_ripe,banana_ripe,7,4,False,0.23217250406742096,mango_ripe,0.19353333115577698,alexcj10
data\processed\test\mango_ripe\alexcj10-ripenet_0002134.jpg,mango_ripe,mango_ripe,7,7,True,0.9286367297172546,banana_ripe,0.0274856835603714,alexcj10
data\processed\test\mango_ripe\alexcj10-ripenet_0002135.jpg,mango_ripe,mango_ripe,7,7,True,0.244349867105484,apple_overripe,0.14987288415431976,alexcj10
data\processed\test\mango_ripe\alexcj10-ripenet_0002136.jpg,mango_ripe,mango_overripe,7,6,False,0.36251887679100037,mango_ripe,0.3088582754135132,alexcj10
data\processed\test\mango_ripe\alexcj10-ripenet_0002137.jpg,mango_ripe,mango_ripe,7,7,True,0.89195317029953,pineapple_ripe,0.03233505040407181,alexcj10
data\processed\test\mango_ripe\alexcj10-ripenet_0002139.jpg,mango_ripe,mango_ripe,7,7,True,0.7317696213722229,mango_overripe,0.09968587011098862,alexcj10
data\processed\test\mango_ripe\alexcj10-ripenet_0002141.jpg,mango_ripe,mango_ripe,7,7,True,0.8636725544929504,mango_unripe,0.03845527023077011,alexcj10
data\processed\test\mango_ripe\alexcj10-ripenet_0002143.jpg,mango_ripe,pineapple_ripe,7,16,False,0.6804912090301514,pineapple_unripe,0.18610866367816925,alexcj10
data\processed\test\mango_ripe\alexcj10-ripenet_0002148.jpg,mango_ripe,mango_ripe,7,7,True,0.9145857691764832,mango_overripe,0.04635664075613022,alexcj10
data\processed\test\mango_ripe\alexcj10-ripenet_0002149.jpg,mango_ripe,mango_ripe,7,7,True,0.7965037822723389,mango_unripe,0.16825440526008606,alexcj10
data\processed\test\mango_ripe\alexcj10-ripenet_0002152.jpg,mango_ripe,mango_ripe,7,7,True,0.8814575672149658,apple_ripe,0.04867156222462654,alexcj10
data\processed\test\mango_ripe\alexcj10-ripenet_0002156.jpg,mango_ripe,mango_ripe,7,7,True,0.7169685959815979,apple_ripe,0.10465285181999207,alexcj10
data\processed\test\mango_ripe\alexcj10-ripenet_0002159.jpg,mango_ripe,mango_ripe,7,7,True,0.7049950361251831,mango_overripe,0.1076209619641304,alexcj10
data\processed\test\mango_ripe\alexcj10-ripenet_0002162.jpg,mango_ripe,mango_ripe,7,7,True,0.8205457329750061,mango_unripe,0.06035134196281433,alexcj10
data\processed\test\mango_ripe\alexcj10-ripenet_0002164.jpg,mango_ripe,mango_ripe,7,7,True,0.8175455331802368,apple_ripe,0.07367819547653198,alexcj10
data\processed\test\mango_ripe\alexcj10-ripenet_0002166.jpg,mango_ripe,mango_ripe,7,7,True,0.5389507412910461,papaya_ripe,0.2641446888446808,alexcj10
data\processed\test\mango_ripe\alexcj10-ripenet_0002167.jpg,mango_ripe,orange_ripe,7,10,False,0.6790919899940491,orange_unripe,0.10324521362781525,alexcj10
data\processed\test\mango_ripe\alexcj10-ripenet_0002169.jpg,mango_ripe,mango_unripe,7,8,False,0.7281877398490906,papaya_unripe,0.08207875490188599,alexcj10
data\processed\test\mango_ripe\alexcj10-ripenet_0002170.jpg,mango_ripe,mango_ripe,7,7,True,0.9293559193611145,mango_unripe,0.043818287551403046,alexcj10
data\processed\test\mango_ripe\alexcj10-ripenet_0002171.jpg,mango_ripe,mango_ripe,7,7,True,0.8243871331214905,mango_unripe,0.1567097306251526,alexcj10
data\processed\test\mango_ripe\alexcj10-ripenet_0002173.jpg,mango_ripe,mango_ripe,7,7,True,0.6312716007232666,papaya_ripe,0.13888108730316162,alexcj10
data\processed\test\mango_ripe\alexcj10-ripenet_0002178.jpg,mango_ripe,mango_unripe,7,8,False,0.6035462021827698,apple_unripe,0.1096927598118782,alexcj10
data\processed\test\mango_ripe\alexcj10-ripenet_0002179.jpg,mango_ripe,mango_ripe,7,7,True,0.774940013885498,mango_unripe,0.16847096383571625,alexcj10
data\processed\test\mango_ripe\alexcj10-ripenet_0002181.jpg,mango_ripe,mango_ripe,7,7,True,0.7603474259376526,papaya_ripe,0.05412991717457771,alexcj10
data\processed\test\mango_ripe\alexcj10-ripenet_0002182.jpg,mango_ripe,mango_ripe,7,7,True,0.681455671787262,papaya_ripe,0.15107083320617676,alexcj10
data\processed\test\mango_ripe\alexcj10-ripenet_0002186.jpg,mango_ripe,mango_ripe,7,7,True,0.9724607467651367,mango_overripe,0.013157924637198448,alexcj10
data\processed\test\mango_ripe\alexcj10-ripenet_0002187.jpg,mango_ripe,mango_ripe,7,7,True,0.8172116279602051,papaya_ripe,0.06079966202378273,alexcj10
data\processed\test\mango_ripe\alexcj10-ripenet_0002189.jpg,mango_ripe,mango_unripe,7,8,False,0.9054010510444641,mango_ripe,0.026861295104026794,alexcj10
data\processed\test\mango_ripe\alexcj10-ripenet_0002192.jpg,mango_ripe,tomato_unripe,7,20,False,0.3835553228855133,mango_ripe,0.3089067339897156,alexcj10
data\processed\test\mango_ripe\asadullahprl_0002093.jpg,mango_ripe,mango_ripe,7,7,True,0.9815002679824829,mango_overripe,0.006198576185852289,asadullahprl
data\processed\test\mango_ripe\asadullahprl_0002094.jpg,mango_ripe,mango_ripe,7,7,True,0.9933526515960693,mango_unripe,0.0036847786977887154,asadullahprl
data\processed\test\mango_ripe\asadullahprl_0002095.jpg,mango_ripe,mango_ripe,7,7,True,0.4745733141899109,mango_unripe,0.11492684483528137,asadullahprl
data\processed\test\mango_ripe\asadullahprl_0002096.jpg,mango_ripe,mango_ripe,7,7,True,0.6233749389648438,mango_unripe,0.16535048186779022,asadullahprl
data\processed\test\mango_ripe\asadullahprl_0002097.jpg,mango_ripe,mango_ripe,7,7,True,0.8747472167015076,mango_unripe,0.043378643691539764,asadullahprl
data\processed\test\mango_ripe\asadullahprl_0002099.jpg,mango_ripe,mango_ripe,7,7,True,0.9835386276245117,orange_unripe,0.009464670903980732,asadullahprl
data\processed\test\mango_ripe\asadullahprl_0002100.jpg,mango_ripe,mango_ripe,7,7,True,0.7602150440216064,mango_unripe,0.172812819480896,asadullahprl
data\processed\test\mango_ripe\asadullahprl_0002101.jpg,mango_ripe,mango_ripe,7,7,True,0.8327056765556335,apple_ripe,0.08650585263967514,asadullahprl
data\processed\test\mango_ripe\asadullahprl_0002107.jpg,mango_ripe,mango_ripe,7,7,True,0.993802547454834,mango_unripe,0.005586808081716299,asadullahprl
data\processed\test\mango_ripe\asadullahprl_0002108.jpg,mango_ripe,mango_ripe,7,7,True,0.603849470615387,mango_unripe,0.26440951228141785,asadullahprl
data\processed\test\mango_ripe\asadullahprl_0002109.jpg,mango_ripe,mango_ripe,7,7,True,0.9803111553192139,orange_ripe,0.007577378302812576,asadullahprl
data\processed\test\mango_ripe\asadullahprl_0002112.jpg,mango_ripe,mango_ripe,7,7,True,0.8102907538414001,orange_unripe,0.14456328749656677,asadullahprl
data\processed\test\mango_ripe\asadullahprl_0002116.jpg,mango_ripe,mango_ripe,7,7,True,0.9683241844177246,mango_unripe,0.013727799989283085,asadullahprl
data\processed\test\mango_ripe\asadullahprl_0002117.jpg,mango_ripe,orange_ripe,7,10,False,0.3788807690143585,mango_ripe,0.27135658264160156,asadullahprl
data\processed\test\mango_ripe\asadullahprl_0002118.jpg,mango_ripe,mango_ripe,7,7,True,0.999056875705719,mango_unripe,0.000510140263941139,asadullahprl
data\processed\test\mango_ripe\asadullahprl_0002119.jpg,mango_ripe,mango_overripe,7,6,False,0.4433916509151459,mango_ripe,0.4390232563018799,asadullahprl
data\processed\test\mango_ripe\asadullahprl_0002123.jpg,mango_ripe,mango_ripe,7,7,True,0.6859941482543945,mango_overripe,0.30089646577835083,asadullahprl
data\processed\test\mango_ripe\asadullahprl_0002126.jpg,mango_ripe,mango_ripe,7,7,True,0.9819159507751465,mango_unripe,0.008725248277187347,asadullahprl
data\processed\test\mango_ripe\asadullahprl_0002129.jpg,mango_ripe,mango_ripe,7,7,True,0.9437556266784668,mango_overripe,0.04874219372868538,asadullahprl
data\processed\test\mango_ripe\asadullahprl_0002130.jpg,mango_ripe,mango_unripe,7,8,False,0.943364143371582,mango_ripe,0.04140970855951309,asadullahprl
data\processed\test\mango_ripe\asadullahprl_0002131.jpg,mango_ripe,mango_ripe,7,7,True,0.6619232892990112,mango_overripe,0.2377980351448059,asadullahprl
data\processed\test\mango_ripe\asadullahprl_0002133.jpg,mango_ripe,mango_ripe,7,7,True,0.724859356880188,mango_overripe,0.23069927096366882,asadullahprl
data\processed\test\mango_ripe\asadullahprl_0002138.jpg,mango_ripe,mango_ripe,7,7,True,0.8532785773277283,mango_overripe,0.13998404145240784,asadullahprl
data\processed\test\mango_ripe\asadullahprl_0002140.jpg,mango_ripe,mango_ripe,7,7,True,0.7142956256866455,mango_unripe,0.10327499359846115,asadullahprl
data\processed\test\mango_ripe\asadullahprl_0002142.jpg,mango_ripe,mango_ripe,7,7,True,0.9819725155830383,mango_unripe,0.011665849946439266,asadullahprl
data\processed\test\mango_ripe\asadullahprl_0002144.jpg,mango_ripe,mango_ripe,7,7,True,0.9270755648612976,mango_unripe,0.025128912180662155,asadullahprl
data\processed\test\mango_ripe\asadullahprl_0002145.jpg,mango_ripe,mango_ripe,7,7,True,0.9715750217437744,mango_unripe,0.01272930670529604,asadullahprl
data\processed\test\mango_ripe\asadullahprl_0002146.jpg,mango_ripe,mango_ripe,7,7,True,0.9919300079345703,mango_overripe,0.004936503246426582,asadullahprl
data\processed\test\mango_ripe\asadullahprl_0002147.jpg,mango_ripe,mango_unripe,7,8,False,0.3922576308250427,apple_unripe,0.3713010251522064,asadullahprl
data\processed\test\mango_ripe\asadullahprl_0002150.jpg,mango_ripe,banana_ripe,7,4,False,0.5838757157325745,mango_ripe,0.2770076096057892,asadullahprl
data\processed\test\mango_ripe\asadullahprl_0002151.jpg,mango_ripe,mango_overripe,7,6,False,0.4660664498806,mango_ripe,0.4535367488861084,asadullahprl
data\processed\test\mango_ripe\asadullahprl_0002153.jpg,mango_ripe,mango_ripe,7,7,True,0.810202419757843,orange_ripe,0.0884542241692543,asadullahprl
data\processed\test\mango_ripe\asadullahprl_0002154.jpg,mango_ripe,mango_ripe,7,7,True,0.3048759996891022,mango_overripe,0.25624197721481323,asadullahprl
data\processed\test\mango_ripe\asadullahprl_0002155.jpg,mango_ripe,mango_ripe,7,7,True,0.6998898983001709,mango_overripe,0.14202390611171722,asadullahprl
data\processed\test\mango_ripe\asadullahprl_0002157.jpg,mango_ripe,mango_ripe,7,7,True,0.9675958752632141,mango_overripe,0.01605820283293724,asadullahprl
data\processed\test\mango_ripe\asadullahprl_0002158.jpg,mango_ripe,mango_ripe,7,7,True,0.9903529286384583,mango_unripe,0.004061780404299498,asadullahprl
data\processed\test\mango_ripe\asadullahprl_0002160.jpg,mango_ripe,mango_ripe,7,7,True,0.3572286069393158,mango_unripe,0.28988146781921387,asadullahprl
data\processed\test\mango_ripe\asadullahprl_0002161.jpg,mango_ripe,mango_ripe,7,7,True,0.7901919484138489,mango_unripe,0.11768799275159836,asadullahprl
data\processed\test\mango_ripe\asadullahprl_0002163.jpg,mango_ripe,mango_ripe,7,7,True,0.5951064229011536,mango_overripe,0.4006766080856323,asadullahprl
data\processed\test\mango_ripe\asadullahprl_0002165.jpg,mango_ripe,mango_ripe,7,7,True,0.5807788968086243,apple_unripe,0.29298165440559387,asadullahprl
data\processed\test\mango_ripe\asadullahprl_0002168.jpg,mango_ripe,mango_ripe,7,7,True,0.3941257894039154,orange_unripe,0.3002609610557556,asadullahprl
data\processed\test\mango_ripe\asadullahprl_0002172.jpg,mango_ripe,mango_ripe,7,7,True,0.6481808423995972,tomato_overripe,0.1260835826396942,asadullahprl
data\processed\test\mango_ripe\asadullahprl_0002174.jpg,mango_ripe,mango_ripe,7,7,True,0.5470127463340759,mango_overripe,0.44718849658966064,asadullahprl
data\processed\test\mango_ripe\asadullahprl_0002175.jpg,mango_ripe,mango_ripe,7,7,True,0.7442094683647156,mango_overripe,0.23116570711135864,asadullahprl
data\processed\test\mango_ripe\asadullahprl_0002176.jpg,mango_ripe,mango_ripe,7,7,True,0.8438175320625305,orange_unripe,0.06820948421955109,asadullahprl
data\processed\test\mango_ripe\asadullahprl_0002177.jpg,mango_ripe,mango_ripe,7,7,True,0.7535039186477661,mango_unripe,0.23932698369026184,asadullahprl
data\processed\test\mango_ripe\asadullahprl_0002180.jpg,mango_ripe,mango_ripe,7,7,True,0.42143601179122925,tomato_ripe,0.14802125096321106,asadullahprl
data\processed\test\mango_ripe\asadullahprl_0002183.jpg,mango_ripe,mango_unripe,7,8,False,0.7513065338134766,mango_ripe,0.10409551113843918,asadullahprl
data\processed\test\mango_ripe\asadullahprl_0002184.jpg,mango_ripe,mango_ripe,7,7,True,0.8503369688987732,mango_unripe,0.10119076073169708,asadullahprl
data\processed\test\mango_ripe\asadullahprl_0002185.jpg,mango_ripe,mango_ripe,7,7,True,0.6450737714767456,mango_unripe,0.13541202247142792,asadullahprl
data\processed\test\mango_ripe\asadullahprl_0002188.jpg,mango_ripe,mango_ripe,7,7,True,0.9321647882461548,mango_unripe,0.02435304783284664,asadullahprl
data\processed\test\mango_ripe\asadullahprl_0002190.jpg,mango_ripe,mango_ripe,7,7,True,0.9663134813308716,mango_overripe,0.014001764357089996,asadullahprl
data\processed\test\mango_ripe\asadullahprl_0002191.jpg,mango_ripe,mango_ripe,7,7,True,0.8289572596549988,mango_unripe,0.07008225470781326,asadullahprl
data\processed\test\mango_unripe\alexcj10-ripenet_0002195.jpg,mango_unripe,mango_unripe,8,8,True,0.41030409932136536,mango_ripe,0.23921552300453186,alexcj10
data\processed\test\mango_unripe\alexcj10-ripenet_0002196.jpg,mango_unripe,mango_unripe,8,8,True,0.9271213412284851,mango_ripe,0.02570408210158348,alexcj10
data\processed\test\mango_unripe\alexcj10-ripenet_0002197.jpg,mango_unripe,mango_unripe,8,8,True,0.9911949634552002,apple_unripe,0.0025506354868412018,alexcj10
data\processed\test\mango_unripe\alexcj10-ripenet_0002200.jpg,mango_unripe,mango_unripe,8,8,True,0.43341773748397827,papaya_unripe,0.3941468298435211,alexcj10
data\processed\test\mango_unripe\alexcj10-ripenet_0002201.jpg,mango_unripe,mango_unripe,8,8,True,0.9560036659240723,apple_unripe,0.02155616134405136,alexcj10
data\processed\test\mango_unripe\alexcj10-ripenet_0002202.jpg,mango_unripe,mango_unripe,8,8,True,0.9710889458656311,apple_unripe,0.012874116189777851,alexcj10
data\processed\test\mango_unripe\alexcj10-ripenet_0002203.jpg,mango_unripe,mango_unripe,8,8,True,0.4060133099555969,mango_overripe,0.28111258149147034,alexcj10
data\processed\test\mango_unripe\alexcj10-ripenet_0002204.jpg,mango_unripe,mango_unripe,8,8,True,0.9717364311218262,papaya_unripe,0.023234786465764046,alexcj10
data\processed\test\mango_unripe\alexcj10-ripenet_0002206.jpg,mango_unripe,mango_unripe,8,8,True,0.6278318166732788,papaya_unripe,0.3011941909790039,alexcj10
data\processed\test\mango_unripe\alexcj10-ripenet_0002207.jpg,mango_unripe,mango_unripe,8,8,True,0.7039147615432739,apple_ripe,0.11707422137260437,alexcj10
data\processed\test\mango_unripe\alexcj10-ripenet_0002212.jpg,mango_unripe,mango_unripe,8,8,True,0.963836669921875,mango_ripe,0.012931076809763908,alexcj10
data\processed\test\mango_unripe\alexcj10-ripenet_0002213.jpg,mango_unripe,mango_unripe,8,8,True,0.5000065565109253,apple_unripe,0.2506006956100464,alexcj10
data\processed\test\mango_unripe\alexcj10-ripenet_0002214.jpg,mango_unripe,mango_unripe,8,8,True,0.7149401307106018,apple_unripe,0.09874561429023743,alexcj10
data\processed\test\mango_unripe\alexcj10-ripenet_0002216.jpg,mango_unripe,mango_ripe,8,7,False,0.47455671429634094,apple_ripe,0.195549875497818,alexcj10
data\processed\test\mango_unripe\alexcj10-ripenet_0002217.jpg,mango_unripe,mango_unripe,8,8,True,0.908227801322937,apple_unripe,0.052164334803819656,alexcj10
data\processed\test\mango_unripe\alexcj10-ripenet_0002224.jpg,mango_unripe,mango_unripe,8,8,True,0.8227598667144775,papaya_unripe,0.050832588225603104,alexcj10
data\processed\test\mango_unripe\alexcj10-ripenet_0002226.jpg,mango_unripe,mango_unripe,8,8,True,0.5925705432891846,orange_unripe,0.3064214587211609,alexcj10
data\processed\test\mango_unripe\alexcj10-ripenet_0002228.jpg,mango_unripe,mango_unripe,8,8,True,0.4876495599746704,apple_ripe,0.20963136851787567,alexcj10
data\processed\test\mango_unripe\alexcj10-ripenet_0002233.jpg,mango_unripe,mango_unripe,8,8,True,0.49289652705192566,banana_unripe,0.1514553725719452,alexcj10
data\processed\test\mango_unripe\alexcj10-ripenet_0002235.jpg,mango_unripe,mango_unripe,8,8,True,0.48412951827049255,papaya_unripe,0.31525853276252747,alexcj10
data\processed\test\mango_unripe\alexcj10-ripenet_0002237.jpg,mango_unripe,papaya_unripe,8,14,False,0.3362645208835602,papaya_ripe,0.29211148619651794,alexcj10
data\processed\test\mango_unripe\alexcj10-ripenet_0002239.jpg,mango_unripe,mango_unripe,8,8,True,0.9593989253044128,papaya_unripe,0.01927071437239647,alexcj10
data\processed\test\mango_unripe\alexcj10-ripenet_0002241.jpg,mango_unripe,banana_ripe,8,4,False,0.317891925573349,banana_unripe,0.23345251381397247,alexcj10
data\processed\test\mango_unripe\alexcj10-ripenet_0002250.jpg,mango_unripe,mango_unripe,8,8,True,0.963316798210144,mango_ripe,0.03287708759307861,alexcj10
data\processed\test\mango_unripe\alexcj10-ripenet_0002251.jpg,mango_unripe,mango_unripe,8,8,True,0.9816514253616333,apple_unripe,0.010597371496260166,alexcj10
data\processed\test\mango_unripe\alexcj10-ripenet_0002252.jpg,mango_unripe,pineapple_ripe,8,16,False,0.256780743598938,apple_unripe,0.19891765713691711,alexcj10
data\processed\test\mango_unripe\alexcj10-ripenet_0002253.jpg,mango_unripe,banana_unripe,8,5,False,0.5928922891616821,mango_unripe,0.16159066557884216,alexcj10
data\processed\test\mango_unripe\alexcj10-ripenet_0002254.jpg,mango_unripe,papaya_unripe,8,14,False,0.4166943430900574,mango_unripe,0.38634341955184937,alexcj10
data\processed\test\mango_unripe\alexcj10-ripenet_0002255.jpg,mango_unripe,mango_unripe,8,8,True,0.6501032710075378,pineapple_unripe,0.1743142008781433,alexcj10
data\processed\test\mango_unripe\alexcj10-ripenet_0002260.jpg,mango_unripe,mango_unripe,8,8,True,0.8086453080177307,papaya_unripe,0.07097169011831284,alexcj10
data\processed\test\mango_unripe\alexcj10-ripenet_0002264.jpg,mango_unripe,apple_unripe,8,2,False,0.2829974889755249,apple_ripe,0.2771650552749634,alexcj10
data\processed\test\mango_unripe\alexcj10-ripenet_0002266.jpg,mango_unripe,mango_unripe,8,8,True,0.8640908598899841,mango_ripe,0.04423004761338234,alexcj10
data\processed\test\mango_unripe\alexcj10-ripenet_0002270.jpg,mango_unripe,mango_unripe,8,8,True,0.5603696703910828,mango_ripe,0.35983267426490784,alexcj10
data\processed\test\mango_unripe\alexcj10-ripenet_0002271.jpg,mango_unripe,mango_overripe,8,6,False,0.5447683334350586,mango_unripe,0.1886240690946579,alexcj10
data\processed\test\mango_unripe\alexcj10-ripenet_0002272.jpg,mango_unripe,mango_unripe,8,8,True,0.8861660957336426,papaya_unripe,0.04696406424045563,alexcj10
data\processed\test\mango_unripe\alexcj10-ripenet_0002276.jpg,mango_unripe,mango_unripe,8,8,True,0.5822392702102661,papaya_unripe,0.18362891674041748,alexcj10
data\processed\test\mango_unripe\alexcj10-ripenet_0002280.jpg,mango_unripe,mango_unripe,8,8,True,0.8515163660049438,mango_overripe,0.05385160073637962,alexcj10
data\processed\test\mango_unripe\alexcj10-ripenet_0002282.jpg,mango_unripe,apple_unripe,8,2,False,0.4609370529651642,mango_unripe,0.3942324221134186,alexcj10
data\processed\test\mango_unripe\alexcj10-ripenet_0002284.jpg,mango_unripe,mango_unripe,8,8,True,0.9379199743270874,papaya_unripe,0.03208426386117935,alexcj10
data\processed\test\mango_unripe\alexcj10-ripenet_0002285.jpg,mango_unripe,mango_unripe,8,8,True,0.7885133624076843,papaya_unripe,0.11511903256177902,alexcj10
data\processed\test\mango_unripe\alexcj10-ripenet_0002294.jpg,mango_unripe,mango_ripe,8,7,False,0.5851957201957703,mango_unripe,0.14115746319293976,alexcj10
data\processed\test\mango_unripe\alexcj10-ripenet_0002295.jpg,mango_unripe,mango_unripe,8,8,True,0.7214967012405396,papaya_unripe,0.1992427557706833,alexcj10
data\processed\test\mango_unripe\alexcj10-ripenet_0002296.jpg,mango_unripe,mango_unripe,8,8,True,0.9630000591278076,apple_unripe,0.012152784503996372,alexcj10
data\processed\test\mango_unripe\alexcj10-ripenet_0002300.jpg,mango_unripe,mango_unripe,8,8,True,0.8854981064796448,apple_unripe,0.08653363585472107,alexcj10
data\processed\test\mango_unripe\alexcj10-ripenet_0002301.jpg,mango_unripe,mango_unripe,8,8,True,0.6813058853149414,mango_ripe,0.26311472058296204,alexcj10
data\processed\test\mango_unripe\alexcj10-ripenet_0002302.jpg,mango_unripe,mango_unripe,8,8,True,0.5760757923126221,orange_unripe,0.15864533185958862,alexcj10
data\processed\test\mango_unripe\asadullahprl_0002193.jpg,mango_unripe,mango_unripe,8,8,True,0.8734455704689026,papaya_unripe,0.08508354425430298,asadullahprl
data\processed\test\mango_unripe\asadullahprl_0002194.jpg,mango_unripe,mango_unripe,8,8,True,0.9920584559440613,papaya_unripe,0.005158829502761364,asadullahprl
data\processed\test\mango_unripe\asadullahprl_0002198.jpg,mango_unripe,mango_unripe,8,8,True,0.9918937087059021,papaya_unripe,0.005017653573304415,asadullahprl
data\processed\test\mango_unripe\asadullahprl_0002199.jpg,mango_unripe,mango_unripe,8,8,True,0.7558223009109497,mango_ripe,0.223072811961174,asadullahprl
data\processed\test\mango_unripe\asadullahprl_0002205.jpg,mango_unripe,mango_unripe,8,8,True,0.9765595197677612,mango_ripe,0.016526002436876297,asadullahprl
data\processed\test\mango_unripe\asadullahprl_0002208.jpg,mango_unripe,mango_unripe,8,8,True,0.9953984618186951,mango_ripe,0.0023648522328585386,asadullahprl
data\processed\test\mango_unripe\asadullahprl_0002209.jpg,mango_unripe,mango_unripe,8,8,True,0.9922863245010376,papaya_unripe,0.004808318801224232,asadullahprl
data\processed\test\mango_unripe\asadullahprl_0002210.jpg,mango_unripe,mango_unripe,8,8,True,0.9951110482215881,papaya_unripe,0.0023876354098320007,asadullahprl
data\processed\test\mango_unripe\asadullahprl_0002211.jpg,mango_unripe,mango_unripe,8,8,True,0.8985326290130615,apple_unripe,0.046713490039110184,asadullahprl
data\processed\test\mango_unripe\asadullahprl_0002215.jpg,mango_unripe,mango_unripe,8,8,True,0.9864945411682129,mango_ripe,0.006131040398031473,asadullahprl
data\processed\test\mango_unripe\asadullahprl_0002218.jpg,mango_unripe,mango_unripe,8,8,True,0.41777196526527405,apple_unripe,0.20030510425567627,asadullahprl
data\processed\test\mango_unripe\asadullahprl_0002219.jpg,mango_unripe,mango_unripe,8,8,True,0.6135044097900391,apple_unripe,0.29625943303108215,asadullahprl
data\processed\test\mango_unripe\asadullahprl_0002220.jpg,mango_unripe,mango_unripe,8,8,True,0.9027083516120911,mango_ripe,0.08661814779043198,asadullahprl
data\processed\test\mango_unripe\asadullahprl_0002221.jpg,mango_unripe,mango_unripe,8,8,True,0.8848297595977783,mango_ripe,0.08130700141191483,asadullahprl
data\processed\test\mango_unripe\asadullahprl_0002222.jpg,mango_unripe,mango_unripe,8,8,True,0.8197399377822876,mango_ripe,0.1367628425359726,asadullahprl
data\processed\test\mango_unripe\asadullahprl_0002223.jpg,mango_unripe,mango_unripe,8,8,True,0.9545822143554688,mango_ripe,0.036646220833063126,asadullahprl
data\processed\test\mango_unripe\asadullahprl_0002225.jpg,mango_unripe,mango_unripe,8,8,True,0.9869604110717773,mango_ripe,0.01176446583122015,asadullahprl
data\processed\test\mango_unripe\asadullahprl_0002227.jpg,mango_unripe,mango_unripe,8,8,True,0.9880071878433228,papaya_unripe,0.009783510118722916,asadullahprl
data\processed\test\mango_unripe\asadullahprl_0002229.jpg,mango_unripe,mango_unripe,8,8,True,0.5694828033447266,orange_unripe,0.21272850036621094,asadullahprl
data\processed\test\mango_unripe\asadullahprl_0002230.jpg,mango_unripe,mango_unripe,8,8,True,0.991051971912384,mango_ripe,0.004332443233579397,asadullahprl
data\processed\test\mango_unripe\asadullahprl_0002231.jpg,mango_unripe,mango_unripe,8,8,True,0.9149268269538879,orange_unripe,0.04250768944621086,asadullahprl
data\processed\test\mango_unripe\asadullahprl_0002232.jpg,mango_unripe,mango_unripe,8,8,True,0.9808262586593628,mango_ripe,0.014854351058602333,asadullahprl
data\processed\test\mango_unripe\asadullahprl_0002234.jpg,mango_unripe,mango_unripe,8,8,True,0.9796679615974426,mango_ripe,0.013487659394741058,asadullahprl
data\processed\test\mango_unripe\asadullahprl_0002236.jpg,mango_unripe,mango_unripe,8,8,True,0.9933545589447021,mango_ripe,0.005411302670836449,asadullahprl
data\processed\test\mango_unripe\asadullahprl_0002238.jpg,mango_unripe,mango_unripe,8,8,True,0.9257738590240479,mango_ripe,0.02374587021768093,asadullahprl
data\processed\test\mango_unripe\asadullahprl_0002240.jpg,mango_unripe,tomato_unripe,8,20,False,0.5533176064491272,papaya_unripe,0.2148718386888504,asadullahprl
data\processed\test\mango_unripe\asadullahprl_0002242.jpg,mango_unripe,mango_unripe,8,8,True,0.982677161693573,mango_ripe,0.013370723463594913,asadullahprl
data\processed\test\mango_unripe\asadullahprl_0002243.jpg,mango_unripe,mango_unripe,8,8,True,0.5630147457122803,papaya_unripe,0.3050386607646942,asadullahprl
data\processed\test\mango_unripe\asadullahprl_0002244.jpg,mango_unripe,mango_unripe,8,8,True,0.9730711579322815,papaya_unripe,0.014289693906903267,asadullahprl
data\processed\test\mango_unripe\asadullahprl_0002245.jpg,mango_unripe,mango_unripe,8,8,True,0.9931260347366333,mango_ripe,0.004048378672450781,asadullahprl
data\processed\test\mango_unripe\asadullahprl_0002246.jpg,mango_unripe,mango_unripe,8,8,True,0.9793747067451477,mango_ripe,0.01869145594537258,asadullahprl
data\processed\test\mango_unripe\asadullahprl_0002247.jpg,mango_unripe,mango_unripe,8,8,True,0.671480655670166,apple_unripe,0.2589576840400696,asadullahprl
data\processed\test\mango_unripe\asadullahprl_0002248.jpg,mango_unripe,mango_unripe,8,8,True,0.933484673500061,mango_ripe,0.05978919565677643,asadullahprl
data\processed\test\mango_unripe\asadullahprl_0002249.jpg,mango_unripe,mango_unripe,8,8,True,0.9868337512016296,mango_ripe,0.009909706190228462,asadullahprl
data\processed\test\mango_unripe\asadullahprl_0002256.jpg,mango_unripe,mango_unripe,8,8,True,0.9518348574638367,papaya_unripe,0.02154938131570816,asadullahprl
data\processed\test\mango_unripe\asadullahprl_0002257.jpg,mango_unripe,mango_unripe,8,8,True,0.9622181057929993,mango_ripe,0.027068424969911575,asadullahprl
data\processed\test\mango_unripe\asadullahprl_0002258.jpg,mango_unripe,mango_unripe,8,8,True,0.9907768964767456,papaya_unripe,0.005170332733541727,asadullahprl
data\processed\test\mango_unripe\asadullahprl_0002259.jpg,mango_unripe,mango_unripe,8,8,True,0.9897965788841248,mango_ripe,0.009451200254261494,asadullahprl
data\processed\test\mango_unripe\asadullahprl_0002261.jpg,mango_unripe,mango_unripe,8,8,True,0.9630144238471985,mango_ripe,0.02892528660595417,asadullahprl
data\processed\test\mango_unripe\asadullahprl_0002262.jpg,mango_unripe,mango_unripe,8,8,True,0.9793092012405396,mango_ripe,0.014089569449424744,asadullahprl
data\processed\test\mango_unripe\asadullahprl_0002263.jpg,mango_unripe,papaya_unripe,8,14,False,0.6474291682243347,mango_unripe,0.3004698157310486,asadullahprl
data\processed\test\mango_unripe\asadullahprl_0002265.jpg,mango_unripe,mango_unripe,8,8,True,0.9911801218986511,mango_ripe,0.003458048915490508,asadullahprl
data\processed\test\mango_unripe\asadullahprl_0002267.jpg,mango_unripe,mango_unripe,8,8,True,0.9704352021217346,mango_ripe,0.024538518860936165,asadullahprl
data\processed\test\mango_unripe\asadullahprl_0002268.jpg,mango_unripe,papaya_unripe,8,14,False,0.7551987767219543,mango_unripe,0.1051168218255043,asadullahprl
data\processed\test\mango_unripe\asadullahprl_0002269.jpg,mango_unripe,mango_unripe,8,8,True,0.8095970749855042,apple_unripe,0.06552273035049438,asadullahprl
data\processed\test\mango_unripe\asadullahprl_0002273.jpg,mango_unripe,mango_unripe,8,8,True,0.9266056418418884,mango_ripe,0.03850466012954712,asadullahprl
data\processed\test\mango_unripe\asadullahprl_0002274.jpg,mango_unripe,mango_ripe,8,7,False,0.34741827845573425,apple_ripe,0.14267203211784363,asadullahprl
data\processed\test\mango_unripe\asadullahprl_0002275.jpg,mango_unripe,mango_unripe,8,8,True,0.9700609445571899,orange_unripe,0.012658296152949333,asadullahprl
data\processed\test\mango_unripe\asadullahprl_0002277.jpg,mango_unripe,mango_unripe,8,8,True,0.6991869211196899,mango_ripe,0.28780463337898254,asadullahprl
data\processed\test\mango_unripe\asadullahprl_0002278.jpg,mango_unripe,mango_unripe,8,8,True,0.951698899269104,mango_ripe,0.021283509209752083,asadullahprl
data\processed\test\mango_unripe\asadullahprl_0002279.jpg,mango_unripe,mango_unripe,8,8,True,0.9816871285438538,papaya_unripe,0.009868558496236801,asadullahprl
data\processed\test\mango_unripe\asadullahprl_0002281.jpg,mango_unripe,mango_unripe,8,8,True,0.7186086773872375,papaya_unripe,0.12211761623620987,asadullahprl
data\processed\test\mango_unripe\asadullahprl_0002283.jpg,mango_unripe,mango_unripe,8,8,True,0.9845282435417175,papaya_unripe,0.009348228573799133,asadullahprl
data\processed\test\mango_unripe\asadullahprl_0002286.jpg,mango_unripe,papaya_ripe,8,13,False,0.3059893250465393,papaya_unripe,0.21145738661289215,asadullahprl
data\processed\test\mango_unripe\asadullahprl_0002287.jpg,mango_unripe,mango_unripe,8,8,True,0.9843817353248596,mango_ripe,0.013860761187970638,asadullahprl
data\processed\test\mango_unripe\asadullahprl_0002288.jpg,mango_unripe,mango_unripe,8,8,True,0.9920585751533508,papaya_unripe,0.0046250843442976475,asadullahprl
data\processed\test\mango_unripe\asadullahprl_0002289.jpg,mango_unripe,mango_unripe,8,8,True,0.9663081765174866,mango_ripe,0.008892086334526539,asadullahprl
data\processed\test\mango_unripe\asadullahprl_0002290.jpg,mango_unripe,mango_unripe,8,8,True,0.923985481262207,mango_ripe,0.049762994050979614,asadullahprl
data\processed\test\mango_unripe\asadullahprl_0002291.jpg,mango_unripe,mango_unripe,8,8,True,0.9335693717002869,mango_ripe,0.0632682666182518,asadullahprl
data\processed\test\mango_unripe\asadullahprl_0002292.jpg,mango_unripe,mango_unripe,8,8,True,0.9911991953849792,papaya_unripe,0.006778314244002104,asadullahprl
data\processed\test\mango_unripe\asadullahprl_0002293.jpg,mango_unripe,mango_unripe,8,8,True,0.9733672142028809,papaya_unripe,0.007730210665613413,asadullahprl
data\processed\test\mango_unripe\asadullahprl_0002297.jpg,mango_unripe,mango_unripe,8,8,True,0.9875775575637817,mango_ripe,0.009844095446169376,asadullahprl
data\processed\test\mango_unripe\asadullahprl_0002298.jpg,mango_unripe,apple_unripe,8,2,False,0.6516200304031372,mango_unripe,0.22185446321964264,asadullahprl
data\processed\test\mango_unripe\asadullahprl_0002299.jpg,mango_unripe,mango_unripe,8,8,True,0.9692901372909546,mango_ripe,0.026187237352132797,asadullahprl
data\processed\test\orange_overripe\alexcj10-ripenet_0002306.jpg,orange_overripe,papaya_overripe,9,12,False,0.5871276259422302,papaya_ripe,0.20573021471500397,alexcj10
data\processed\test\orange_overripe\alexcj10-ripenet_0002313.jpg,orange_overripe,orange_overripe,9,9,True,0.9921522736549377,orange_ripe,0.006564132869243622,alexcj10
data\processed\test\orange_overripe\alexcj10-ripenet_0002318.jpg,orange_overripe,orange_ripe,9,10,False,0.6939057111740112,orange_overripe,0.22090427577495575,alexcj10
data\processed\test\orange_overripe\alexcj10-ripenet_0002327.jpg,orange_overripe,orange_overripe,9,9,True,0.7151051759719849,mango_overripe,0.20100004971027374,alexcj10
data\processed\test\orange_overripe\alexcj10-ripenet_0002331.jpg,orange_overripe,orange_overripe,9,9,True,0.8399111032485962,orange_ripe,0.1301848143339157,alexcj10
data\processed\test\orange_overripe\alexcj10-ripenet_0002337.jpg,orange_overripe,orange_ripe,9,10,False,0.656578540802002,orange_unripe,0.24218301475048065,alexcj10
data\processed\test\orange_overripe\alexcj10-ripenet_0002340.jpg,orange_overripe,orange_overripe,9,9,True,0.7761029601097107,orange_ripe,0.1511155068874359,alexcj10
data\processed\test\orange_overripe\alexcj10-ripenet_0002341.jpg,orange_overripe,orange_ripe,9,10,False,0.6754636168479919,orange_unripe,0.17762154340744019,alexcj10
data\processed\test\orange_overripe\alexcj10-ripenet_0002343.jpg,orange_overripe,orange_ripe,9,10,False,0.5425049662590027,orange_overripe,0.21500808000564575,alexcj10
data\processed\test\orange_overripe\alexcj10-ripenet_0002349.jpg,orange_overripe,mango_overripe,9,6,False,0.6395684480667114,apple_overripe,0.13769462704658508,alexcj10
data\processed\test\orange_overripe\alexcj10-ripenet_0002356.jpg,orange_overripe,papaya_overripe,9,12,False,0.6011132001876831,orange_overripe,0.17245303094387054,alexcj10
data\processed\test\orange_overripe\alexcj10-ripenet_0002363.jpg,orange_overripe,orange_overripe,9,9,True,0.6891596913337708,orange_ripe,0.13000977039337158,alexcj10
data\processed\test\orange_overripe\alexcj10-ripenet_0002365.jpg,orange_overripe,orange_overripe,9,9,True,0.7969581484794617,orange_ripe,0.07334021478891373,alexcj10
data\processed\test\orange_overripe\alexcj10-ripenet_0002371.jpg,orange_overripe,orange_unripe,9,11,False,0.5517116785049438,orange_ripe,0.3485643267631531,alexcj10
data\processed\test\orange_overripe\alexcj10-ripenet_0002372.jpg,orange_overripe,orange_overripe,9,9,True,0.9912701845169067,orange_ripe,0.00523231690749526,alexcj10
data\processed\test\orange_overripe\alexcj10-ripenet_0002373.jpg,orange_overripe,orange_overripe,9,9,True,0.4377242624759674,pineapple_overripe,0.11951266974210739,alexcj10
data\processed\test\orange_overripe\alexcj10-ripenet_0002374.jpg,orange_overripe,orange_overripe,9,9,True,0.7287870645523071,orange_ripe,0.2336973249912262,alexcj10
data\processed\test\orange_overripe\alexcj10-ripenet_0002385.jpg,orange_overripe,orange_overripe,9,9,True,0.920775294303894,mango_overripe,0.03558287024497986,alexcj10
data\processed\test\orange_overripe\alexcj10-ripenet_0002391.jpg,orange_overripe,orange_ripe,9,10,False,0.4879879057407379,mango_ripe,0.40507063269615173,alexcj10
data\processed\test\orange_overripe\alexcj10-ripenet_0002396.jpg,orange_overripe,orange_overripe,9,9,True,0.9806637167930603,orange_ripe,0.007464231923222542,alexcj10
data\processed\test\orange_overripe\alexcj10-ripenet_0002399.jpg,orange_overripe,orange_overripe,9,9,True,0.9744659066200256,mango_overripe,0.02001839503645897,alexcj10
data\processed\test\orange_overripe\alexcj10-ripenet_0002400.jpg,orange_overripe,orange_unripe,9,11,False,0.3402528464794159,mango_unripe,0.16165627539157867,alexcj10
data\processed\test\orange_overripe\alexcj10-ripenet_0002401.jpg,orange_overripe,orange_overripe,9,9,True,0.6334654688835144,orange_ripe,0.19713041186332703,alexcj10
data\processed\test\orange_overripe\alexcj10-ripenet_0002402.jpg,orange_overripe,orange_overripe,9,9,True,0.8907421827316284,mango_overripe,0.05987617373466492,alexcj10
data\processed\test\orange_overripe\alexcj10-ripenet_0002404.jpg,orange_overripe,orange_overripe,9,9,True,0.9466066956520081,mango_overripe,0.029209304600954056,alexcj10
data\processed\test\orange_overripe\alexcj10-ripenet_0002406.jpg,orange_overripe,mango_ripe,9,7,False,0.396463543176651,papaya_ripe,0.2539075016975403,alexcj10
data\processed\test\orange_overripe\alexcj10-ripenet_0002412.jpg,orange_overripe,orange_overripe,9,9,True,0.4599938988685608,papaya_overripe,0.14473135769367218,alexcj10
data\processed\test\orange_overripe\alexcj10-ripenet_0002413.jpg,orange_overripe,orange_overripe,9,9,True,0.695505678653717,orange_ripe,0.29825887084007263,alexcj10
data\processed\test\orange_overripe\alexcj10-ripenet_0002414.jpg,orange_overripe,orange_ripe,9,10,False,0.37422823905944824,orange_overripe,0.295358806848526,alexcj10
data\processed\test\orange_overripe\alexcj10-ripenet_0002417.jpg,orange_overripe,orange_overripe,9,9,True,0.6103796362876892,mango_ripe,0.16973954439163208,alexcj10
data\processed\test\orange_overripe\alexcj10-ripenet_0002420.jpg,orange_overripe,orange_overripe,9,9,True,0.6456422805786133,orange_ripe,0.2741331160068512,alexcj10
data\processed\test\orange_overripe\alexcj10-ripenet_0002424.jpg,orange_overripe,orange_ripe,9,10,False,0.5212334394454956,orange_unripe,0.25803980231285095,alexcj10
data\processed\test\orange_overripe\alexcj10-ripenet_0002426.jpg,orange_overripe,orange_overripe,9,9,True,0.6366204023361206,orange_ripe,0.351256787776947,alexcj10
data\processed\test\orange_overripe\alexcj10-ripenet_0002427.jpg,orange_overripe,orange_overripe,9,9,True,0.9653608202934265,papaya_overripe,0.024262260645627975,alexcj10
data\processed\test\orange_overripe\alexcj10-ripenet_0002431.jpg,orange_overripe,orange_overripe,9,9,True,0.627689778804779,mango_overripe,0.17332540452480316,alexcj10
data\processed\test\orange_overripe\alexcj10-ripenet_0002435.jpg,orange_overripe,orange_overripe,9,9,True,0.9656052589416504,mango_overripe,0.026633037254214287,alexcj10
data\processed\test\orange_overripe\alexcj10-ripenet_0002459.jpg,orange_overripe,mango_overripe,9,6,False,0.3725872337818146,orange_overripe,0.28453829884529114,alexcj10
data\processed\test\orange_overripe\alexcj10-ripenet_0002463.jpg,orange_overripe,orange_overripe,9,9,True,0.853887140750885,mango_overripe,0.1117812842130661,alexcj10
data\processed\test\orange_overripe\alexcj10-ripenet_0002473.jpg,orange_overripe,orange_overripe,9,9,True,0.4961332380771637,apple_overripe,0.27872398495674133,alexcj10
data\processed\test\orange_overripe\alexcj10-ripenet_0002479.jpg,orange_overripe,orange_overripe,9,9,True,0.8122875690460205,papaya_overripe,0.08765636384487152,alexcj10
data\processed\test\orange_overripe\alexcj10-ripenet_0002485.jpg,orange_overripe,orange_ripe,9,10,False,0.518123984336853,orange_overripe,0.24296681582927704,alexcj10
data\processed\test\orange_overripe\alexcj10-ripenet_0002490.jpg,orange_overripe,orange_overripe,9,9,True,0.605825662612915,orange_ripe,0.1754988431930542,alexcj10
data\processed\test\orange_overripe\alexcj10-ripenet_0002500.jpg,orange_overripe,orange_overripe,9,9,True,0.8881556391716003,mango_overripe,0.04666405916213989,alexcj10
data\processed\test\orange_overripe\alexcj10-ripenet_0002505.jpg,orange_overripe,orange_overripe,9,9,True,0.9941387176513672,orange_ripe,0.0028662977274507284,alexcj10
data\processed\test\orange_overripe\alexcj10-ripenet_0002506.jpg,orange_overripe,mango_overripe,9,6,False,0.32614290714263916,apple_overripe,0.2990182340145111,alexcj10
data\processed\test\orange_overripe\alexcj10-ripenet_0002515.jpg,orange_overripe,mango_overripe,9,6,False,0.6987663507461548,apple_overripe,0.14876936376094818,alexcj10
data\processed\test\orange_overripe\alexcj10-ripenet_0002529.jpg,orange_overripe,orange_overripe,9,9,True,0.5262797474861145,orange_ripe,0.27343326807022095,alexcj10
data\processed\test\orange_overripe\alexcj10-ripenet_0002530.jpg,orange_overripe,papaya_overripe,9,12,False,0.721001923084259,papaya_ripe,0.15121454000473022,alexcj10
data\processed\test\orange_overripe\alexcj10-ripenet_0002532.jpg,orange_overripe,apple_overripe,9,0,False,0.3736056089401245,mango_overripe,0.34883636236190796,alexcj10
data\processed\test\orange_overripe\alexcj10-ripenet_0002533.jpg,orange_overripe,papaya_overripe,9,12,False,0.5723279714584351,mango_overripe,0.22348393499851227,alexcj10
data\processed\test\orange_overripe\alexcj10-ripenet_0002536.jpg,orange_overripe,orange_overripe,9,9,True,0.7080017924308777,orange_ripe,0.26853862404823303,alexcj10
data\processed\test\orange_overripe\alexcj10-ripenet_0002541.jpg,orange_overripe,mango_overripe,9,6,False,0.9642053842544556,papaya_overripe,0.016414185985922813,alexcj10
data\processed\test\orange_overripe\alexcj10-ripenet_0002545.jpg,orange_overripe,orange_ripe,9,10,False,0.38334497809410095,orange_unripe,0.19992709159851074,alexcj10
data\processed\test\orange_overripe\alexcj10-ripenet_0002548.jpg,orange_overripe,mango_overripe,9,6,False,0.7829970717430115,orange_overripe,0.10655489563941956,alexcj10
data\processed\test\orange_overripe\alexcj10-ripenet_0002551.jpg,orange_overripe,orange_overripe,9,9,True,0.8955386281013489,mango_overripe,0.0510692372918129,alexcj10
data\processed\test\orange_overripe\alexcj10-ripenet_0002553.jpg,orange_overripe,orange_overripe,9,9,True,0.450090616941452,orange_ripe,0.411556601524353,alexcj10
data\processed\test\orange_overripe\alexcj10-ripenet_0002560.jpg,orange_overripe,orange_overripe,9,9,True,0.9638180732727051,mango_overripe,0.024216486141085625,alexcj10
data\processed\test\orange_overripe\alexcj10-ripenet_0002561.jpg,orange_overripe,orange_unripe,9,11,False,0.7202826142311096,banana_unripe,0.12077495455741882,alexcj10
data\processed\test\orange_overripe\asadullahprl_0002303.jpg,orange_overripe,orange_overripe,9,9,True,0.9867331385612488,orange_ripe,0.0052993991412222385,asadullahprl
data\processed\test\orange_overripe\asadullahprl_0002308.jpg,orange_overripe,orange_overripe,9,9,True,0.873458743095398,orange_ripe,0.0825117751955986,asadullahprl
data\processed\test\orange_overripe\asadullahprl_0002364.jpg,orange_overripe,orange_overripe,9,9,True,0.9827960133552551,apple_overripe,0.008573014289140701,asadullahprl
data\processed\test\orange_overripe\asadullahprl_0002368.jpg,orange_overripe,orange_ripe,9,10,False,0.3591340482234955,orange_unripe,0.3191400170326233,asadullahprl
data\processed\test\orange_overripe\asadullahprl_0002379.jpg,orange_overripe,orange_ripe,9,10,False,0.44822657108306885,orange_overripe,0.40107181668281555,asadullahprl
data\processed\test\orange_overripe\asadullahprl_0002382.jpg,orange_overripe,orange_overripe,9,9,True,0.9865826964378357,orange_ripe,0.00892090518027544,asadullahprl
data\processed\test\orange_overripe\asadullahprl_0002407.jpg,orange_overripe,apple_unripe,9,2,False,0.6040130257606506,orange_unripe,0.3506511449813843,asadullahprl
data\processed\test\orange_overripe\asadullahprl_0002437.jpg,orange_overripe,orange_overripe,9,9,True,0.9349545836448669,mango_overripe,0.024109695106744766,asadullahprl
data\processed\test\orange_overripe\asadullahprl_0002445.jpg,orange_overripe,orange_ripe,9,10,False,0.24933716654777527,orange_unripe,0.18142125010490417,asadullahprl
data\processed\test\orange_overripe\asadullahprl_0002454.jpg,orange_overripe,orange_overripe,9,9,True,0.6718629598617554,mango_overripe,0.20456264913082123,asadullahprl
data\processed\test\orange_overripe\asadullahprl_0002467.jpg,orange_overripe,orange_overripe,9,9,True,0.6559274196624756,mango_ripe,0.21170395612716675,asadullahprl
data\processed\test\orange_overripe\asadullahprl_0002469.jpg,orange_overripe,orange_overripe,9,9,True,0.4811781644821167,mango_overripe,0.43165329098701477,asadullahprl
data\processed\test\orange_overripe\asadullahprl_0002501.jpg,orange_overripe,orange_overripe,9,9,True,0.8231279253959656,orange_ripe,0.09700431674718857,asadullahprl
data\processed\test\orange_overripe\asadullahprl_0002517.jpg,orange_overripe,mango_ripe,9,7,False,0.3841131627559662,mango_overripe,0.20905965566635132,asadullahprl
data\processed\test\orange_overripe\asadullahprl_0002518.jpg,orange_overripe,orange_overripe,9,9,True,0.795886218547821,orange_ripe,0.129672572016716,asadullahprl
data\processed\test\orange_overripe\asadullahprl_0002522.jpg,orange_overripe,mango_ripe,9,7,False,0.5543813109397888,orange_unripe,0.2425779551267624,asadullahprl
data\processed\test\orange_overripe\leftin_0002304.jpg,orange_overripe,orange_overripe,9,9,True,0.9407580494880676,orange_ripe,0.0497409924864769,leftin
data\processed\test\orange_overripe\leftin_0002305.jpg,orange_overripe,orange_overripe,9,9,True,0.7727360129356384,mango_overripe,0.12235843390226364,leftin
data\processed\test\orange_overripe\leftin_0002307.jpg,orange_overripe,orange_overripe,9,9,True,0.9965494871139526,orange_ripe,0.001944068819284439,leftin
data\processed\test\orange_overripe\leftin_0002309.jpg,orange_overripe,orange_overripe,9,9,True,0.9814171195030212,papaya_overripe,0.014194659888744354,leftin
data\processed\test\orange_overripe\leftin_0002310.jpg,orange_overripe,orange_overripe,9,9,True,0.8192364573478699,mango_overripe,0.10259982198476791,leftin
data\processed\test\orange_overripe\leftin_0002311.jpg,orange_overripe,orange_overripe,9,9,True,0.9872211813926697,tomato_overripe,0.006725669372826815,leftin
data\processed\test\orange_overripe\leftin_0002312.jpg,orange_overripe,orange_overripe,9,9,True,0.7346957921981812,orange_ripe,0.26144683361053467,leftin
data\processed\test\orange_overripe\leftin_0002314.jpg,orange_overripe,orange_overripe,9,9,True,0.9821376800537109,papaya_overripe,0.008408837020397186,leftin
data\processed\test\orange_overripe\leftin_0002315.jpg,orange_overripe,apple_overripe,9,0,False,0.6772472262382507,orange_ripe,0.16889320313930511,leftin
data\processed\test\orange_overripe\leftin_0002316.jpg,orange_overripe,orange_overripe,9,9,True,0.9886398315429688,papaya_overripe,0.004093446768820286,leftin
data\processed\test\orange_overripe\leftin_0002317.jpg,orange_overripe,orange_overripe,9,9,True,0.9681344628334045,orange_ripe,0.016469290480017662,leftin
data\processed\test\orange_overripe\leftin_0002319.jpg,orange_overripe,orange_overripe,9,9,True,0.9014211297035217,orange_ripe,0.09167066216468811,leftin
data\processed\test\orange_overripe\leftin_0002320.jpg,orange_overripe,orange_overripe,9,9,True,0.7810179591178894,apple_overripe,0.21143952012062073,leftin
data\processed\test\orange_overripe\leftin_0002321.jpg,orange_overripe,orange_overripe,9,9,True,0.7413169741630554,papaya_overripe,0.15264473855495453,leftin
data\processed\test\orange_overripe\leftin_0002322.jpg,orange_overripe,orange_overripe,9,9,True,0.9920583367347717,mango_overripe,0.0045375400222837925,leftin
data\processed\test\orange_overripe\leftin_0002323.jpg,orange_overripe,orange_overripe,9,9,True,0.9886147975921631,apple_overripe,0.007409157231450081,leftin
data\processed\test\orange_overripe\leftin_0002324.jpg,orange_overripe,orange_overripe,9,9,True,0.9593101739883423,apple_overripe,0.018530556932091713,leftin
data\processed\test\orange_overripe\leftin_0002325.jpg,orange_overripe,orange_overripe,9,9,True,0.9610423445701599,papaya_overripe,0.018059618771076202,leftin
data\processed\test\orange_overripe\leftin_0002326.jpg,orange_overripe,orange_overripe,9,9,True,0.9507142305374146,orange_ripe,0.02673185244202614,leftin
data\processed\test\orange_overripe\leftin_0002328.jpg,orange_overripe,orange_overripe,9,9,True,0.9659860134124756,apple_overripe,0.013326290063560009,leftin
data\processed\test\orange_overripe\leftin_0002329.jpg,orange_overripe,orange_overripe,9,9,True,0.9937770366668701,papaya_overripe,0.004947122652083635,leftin
data\processed\test\orange_overripe\leftin_0002330.jpg,orange_overripe,orange_overripe,9,9,True,0.9989612102508545,apple_overripe,0.0005312710418365896,leftin
data\processed\test\orange_overripe\leftin_0002332.jpg,orange_overripe,orange_overripe,9,9,True,0.989713191986084,orange_ripe,0.0031250598840415478,leftin
data\processed\test\orange_overripe\leftin_0002333.jpg,orange_overripe,orange_overripe,9,9,True,0.8464351892471313,papaya_overripe,0.10404689610004425,leftin
data\processed\test\orange_overripe\leftin_0002334.jpg,orange_overripe,orange_overripe,9,9,True,0.9379005432128906,apple_overripe,0.05900700390338898,leftin
data\processed\test\orange_overripe\leftin_0002335.jpg,orange_overripe,orange_overripe,9,9,True,0.9905568361282349,orange_ripe,0.004161383491009474,leftin
data\processed\test\orange_overripe\leftin_0002336.jpg,orange_overripe,orange_overripe,9,9,True,0.9988539218902588,papaya_overripe,0.0004677211691159755,leftin
data\processed\test\orange_overripe\leftin_0002338.jpg,orange_overripe,orange_overripe,9,9,True,0.990240216255188,orange_ripe,0.003650486934930086,leftin
data\processed\test\orange_overripe\leftin_0002339.jpg,orange_overripe,orange_overripe,9,9,True,0.998407781124115,papaya_overripe,0.0008733632857911289,leftin
data\processed\test\orange_overripe\leftin_0002342.jpg,orange_overripe,orange_overripe,9,9,True,0.8888653516769409,orange_ripe,0.10322307795286179,leftin
data\processed\test\orange_overripe\leftin_0002344.jpg,orange_overripe,orange_overripe,9,9,True,0.9056055545806885,apple_overripe,0.06372589617967606,leftin
data\processed\test\orange_overripe\leftin_0002345.jpg,orange_overripe,orange_overripe,9,9,True,0.5857241153717041,orange_ripe,0.312994122505188,leftin
data\processed\test\orange_overripe\leftin_0002346.jpg,orange_overripe,orange_overripe,9,9,True,0.9565444588661194,mango_overripe,0.02460746094584465,leftin
data\processed\test\orange_overripe\leftin_0002347.jpg,orange_overripe,orange_overripe,9,9,True,0.9977097511291504,mango_overripe,0.0010492432629689574,leftin
data\processed\test\orange_overripe\leftin_0002348.jpg,orange_overripe,orange_overripe,9,9,True,0.9939653277397156,apple_overripe,0.002891678363084793,leftin
data\processed\test\orange_overripe\leftin_0002350.jpg,orange_overripe,orange_overripe,9,9,True,0.989799976348877,papaya_overripe,0.0047339522279798985,leftin
data\processed\test\orange_overripe\leftin_0002351.jpg,orange_overripe,orange_overripe,9,9,True,0.9773747324943542,orange_ripe,0.015122804790735245,leftin
data\processed\test\orange_overripe\leftin_0002352.jpg,orange_overripe,orange_overripe,9,9,True,0.892176628112793,apple_overripe,0.09089865535497665,leftin
data\processed\test\orange_overripe\leftin_0002353.jpg,orange_overripe,orange_overripe,9,9,True,0.997772753238678,papaya_overripe,0.0013849972747266293,leftin
data\processed\test\orange_overripe\leftin_0002354.jpg,orange_overripe,orange_overripe,9,9,True,0.9792503118515015,papaya_overripe,0.007019293960183859,leftin
data\processed\test\orange_overripe\leftin_0002355.jpg,orange_overripe,orange_overripe,9,9,True,0.98044753074646,orange_ripe,0.017081331461668015,leftin
data\processed\test\orange_overripe\leftin_0002357.jpg,orange_overripe,orange_overripe,9,9,True,0.821629524230957,apple_overripe,0.09098247438669205,leftin
data\processed\test\orange_overripe\leftin_0002358.jpg,orange_overripe,orange_overripe,9,9,True,0.6008968949317932,orange_ripe,0.3215336501598358,leftin
data\processed\test\orange_overripe\leftin_0002359.jpg,orange_overripe,orange_overripe,9,9,True,0.9993969202041626,papaya_overripe,0.0004615398356691003,leftin
data\processed\test\orange_overripe\leftin_0002360.jpg,orange_overripe,orange_overripe,9,9,True,0.9958103895187378,orange_ripe,0.0020150872878730297,leftin
data\processed\test\orange_overripe\leftin_0002361.jpg,orange_overripe,orange_overripe,9,9,True,0.4490562081336975,mango_overripe,0.21199001371860504,leftin
data\processed\test\orange_overripe\leftin_0002362.jpg,orange_overripe,orange_overripe,9,9,True,0.6717923283576965,orange_ripe,0.3039117157459259,leftin
data\processed\test\orange_overripe\leftin_0002366.jpg,orange_overripe,orange_overripe,9,9,True,0.9434979557991028,apple_overripe,0.024049650877714157,leftin
data\processed\test\orange_overripe\leftin_0002367.jpg,orange_overripe,orange_overripe,9,9,True,0.4816739559173584,papaya_overripe,0.4036126732826233,leftin
data\processed\test\orange_overripe\leftin_0002369.jpg,orange_overripe,orange_overripe,9,9,True,0.8229027986526489,orange_ripe,0.0865640863776207,leftin
data\processed\test\orange_overripe\leftin_0002370.jpg,orange_overripe,orange_overripe,9,9,True,0.9763290882110596,orange_ripe,0.022092213854193687,leftin
data\processed\test\orange_overripe\leftin_0002375.jpg,orange_overripe,orange_overripe,9,9,True,0.8483088612556458,apple_overripe,0.10779125243425369,leftin
data\processed\test\orange_overripe\leftin_0002376.jpg,orange_overripe,orange_overripe,9,9,True,0.9935237169265747,tomato_overripe,0.0024880729615688324,leftin
data\processed\test\orange_overripe\leftin_0002377.jpg,orange_overripe,orange_overripe,9,9,True,0.9977877140045166,papaya_overripe,0.0015819409163668752,leftin
data\processed\test\orange_overripe\leftin_0002378.jpg,orange_overripe,orange_overripe,9,9,True,0.9671927690505981,papaya_overripe,0.017199955880641937,leftin
data\processed\test\orange_overripe\leftin_0002380.jpg,orange_overripe,orange_overripe,9,9,True,0.9971676468849182,apple_overripe,0.0009247048874385655,leftin
data\processed\test\orange_overripe\leftin_0002381.jpg,orange_overripe,orange_overripe,9,9,True,0.9456946849822998,orange_ripe,0.03131818026304245,leftin
data\processed\test\orange_overripe\leftin_0002383.jpg,orange_overripe,orange_overripe,9,9,True,0.9587117433547974,apple_overripe,0.013351904228329659,leftin
data\processed\test\orange_overripe\leftin_0002384.jpg,orange_overripe,orange_overripe,9,9,True,0.9933890104293823,orange_ripe,0.0021856212988495827,leftin
data\processed\test\orange_overripe\leftin_0002386.jpg,orange_overripe,orange_overripe,9,9,True,0.965167224407196,apple_overripe,0.017049970105290413,leftin
data\processed\test\orange_overripe\leftin_0002387.jpg,orange_overripe,orange_overripe,9,9,True,0.9984617233276367,orange_ripe,0.0011553899385035038,leftin
data\processed\test\orange_overripe\leftin_0002388.jpg,orange_overripe,orange_ripe,9,10,False,0.918109118938446,orange_overripe,0.06895232200622559,leftin
data\processed\test\orange_overripe\leftin_0002389.jpg,orange_overripe,orange_overripe,9,9,True,0.8475176095962524,apple_overripe,0.14164075255393982,leftin
data\processed\test\orange_overripe\leftin_0002390.jpg,orange_overripe,orange_ripe,9,10,False,0.6918409466743469,orange_overripe,0.30598580837249756,leftin
data\processed\test\orange_overripe\leftin_0002392.jpg,orange_overripe,orange_overripe,9,9,True,0.9982249140739441,papaya_overripe,0.0008695324067957699,leftin
data\processed\test\orange_overripe\leftin_0002393.jpg,orange_overripe,apple_overripe,9,0,False,0.8053392767906189,orange_overripe,0.07406137138605118,leftin
data\processed\test\orange_overripe\leftin_0002394.jpg,orange_overripe,orange_overripe,9,9,True,0.9825909733772278,papaya_overripe,0.008038870058953762,leftin
data\processed\test\orange_overripe\leftin_0002395.jpg,orange_overripe,orange_overripe,9,9,True,0.9982725381851196,mango_overripe,0.0006985024083405733,leftin
data\processed\test\orange_overripe\leftin_0002397.jpg,orange_overripe,orange_overripe,9,9,True,0.9971041083335876,tomato_overripe,0.0009383331635035574,leftin
data\processed\test\orange_overripe\leftin_0002398.jpg,orange_overripe,orange_overripe,9,9,True,0.9867477416992188,mango_overripe,0.010456539690494537,leftin
data\processed\test\orange_overripe\leftin_0002403.jpg,orange_overripe,orange_overripe,9,9,True,0.6852408647537231,orange_ripe,0.2746486961841583,leftin
data\processed\test\orange_overripe\leftin_0002405.jpg,orange_overripe,orange_overripe,9,9,True,0.9404575824737549,papaya_overripe,0.042659368366003036,leftin
data\processed\test\orange_overripe\leftin_0002408.jpg,orange_overripe,orange_overripe,9,9,True,0.9956472516059875,papaya_overripe,0.001640049391426146,leftin
data\processed\test\orange_overripe\leftin_0002409.jpg,orange_overripe,orange_overripe,9,9,True,0.9800944924354553,papaya_overripe,0.01213326770812273,leftin
data\processed\test\orange_overripe\leftin_0002410.jpg,orange_overripe,orange_overripe,9,9,True,0.5766653418540955,apple_overripe,0.20289577543735504,leftin
data\processed\test\orange_overripe\leftin_0002411.jpg,orange_overripe,orange_overripe,9,9,True,0.8222872614860535,mango_overripe,0.16801346838474274,leftin
data\processed\test\orange_overripe\leftin_0002415.jpg,orange_overripe,orange_overripe,9,9,True,0.9897475242614746,papaya_overripe,0.009447389282286167,leftin
data\processed\test\orange_overripe\leftin_0002416.jpg,orange_overripe,orange_overripe,9,9,True,0.8100205659866333,orange_ripe,0.18440485000610352,leftin
data\processed\test\orange_overripe\leftin_0002418.jpg,orange_overripe,orange_overripe,9,9,True,0.5321146845817566,apple_overripe,0.44514620304107666,leftin
data\processed\test\orange_overripe\leftin_0002419.jpg,orange_overripe,orange_overripe,9,9,True,0.9115987420082092,mango_overripe,0.04360596463084221,leftin
data\processed\test\orange_overripe\leftin_0002421.jpg,orange_overripe,orange_overripe,9,9,True,0.893057107925415,mango_overripe,0.05898469313979149,leftin
data\processed\test\orange_overripe\leftin_0002422.jpg,orange_overripe,orange_overripe,9,9,True,0.9666556715965271,apple_overripe,0.01131929736584425,leftin
data\processed\test\orange_overripe\leftin_0002423.jpg,orange_overripe,orange_overripe,9,9,True,0.9796145558357239,apple_overripe,0.011749333702027798,leftin
data\processed\test\orange_overripe\leftin_0002425.jpg,orange_overripe,orange_overripe,9,9,True,0.9906704425811768,orange_ripe,0.004762646742165089,leftin
data\processed\test\orange_overripe\leftin_0002428.jpg,orange_overripe,orange_overripe,9,9,True,0.9987081289291382,orange_ripe,0.00108423363417387,leftin
data\processed\test\orange_overripe\leftin_0002429.jpg,orange_overripe,orange_overripe,9,9,True,0.9355945587158203,apple_overripe,0.05901302769780159,leftin
data\processed\test\orange_overripe\leftin_0002430.jpg,orange_overripe,orange_overripe,9,9,True,0.7663989067077637,apple_overripe,0.1110144630074501,leftin
data\processed\test\orange_overripe\leftin_0002432.jpg,orange_overripe,orange_overripe,9,9,True,0.9988265633583069,mango_overripe,0.00038094836054369807,leftin
data\processed\test\orange_overripe\leftin_0002433.jpg,orange_overripe,orange_overripe,9,9,True,0.927433967590332,orange_ripe,0.030557695776224136,leftin
data\processed\test\orange_overripe\leftin_0002434.jpg,orange_overripe,orange_overripe,9,9,True,0.9385082125663757,apple_overripe,0.0356576181948185,leftin
data\processed\test\orange_overripe\leftin_0002436.jpg,orange_overripe,orange_overripe,9,9,True,0.9455017447471619,mango_overripe,0.0323440358042717,leftin
data\processed\test\orange_overripe\leftin_0002438.jpg,orange_overripe,orange_overripe,9,9,True,0.9866707921028137,mango_overripe,0.007343815639615059,leftin
data\processed\test\orange_overripe\leftin_0002439.jpg,orange_overripe,orange_overripe,9,9,True,0.9937969446182251,orange_ripe,0.003653576597571373,leftin
data\processed\test\orange_overripe\leftin_0002440.jpg,orange_overripe,orange_overripe,9,9,True,0.9296410083770752,mango_overripe,0.02584793232381344,leftin
data\processed\test\orange_overripe\leftin_0002441.jpg,orange_overripe,orange_overripe,9,9,True,0.9494410753250122,orange_ripe,0.041391342878341675,leftin
data\processed\test\orange_overripe\leftin_0002442.jpg,orange_overripe,orange_overripe,9,9,True,0.9790605902671814,mango_overripe,0.011066143400967121,leftin
data\processed\test\orange_overripe\leftin_0002443.jpg,orange_overripe,orange_overripe,9,9,True,0.9663488864898682,apple_overripe,0.023447059094905853,leftin
data\processed\test\orange_overripe\leftin_0002444.jpg,orange_overripe,orange_overripe,9,9,True,0.9918521046638489,papaya_overripe,0.006318872794508934,leftin
data\processed\test\orange_overripe\leftin_0002446.jpg,orange_overripe,orange_overripe,9,9,True,0.8095538020133972,orange_ripe,0.18923935294151306,leftin
data\processed\test\orange_overripe\leftin_0002447.jpg,orange_overripe,orange_overripe,9,9,True,0.8667062520980835,tomato_overripe,0.05934152007102966,leftin
data\processed\test\orange_overripe\leftin_0002448.jpg,orange_overripe,orange_overripe,9,9,True,0.7442834377288818,orange_ripe,0.12895821034908295,leftin
data\processed\test\orange_overripe\leftin_0002449.jpg,orange_overripe,orange_overripe,9,9,True,0.9565106630325317,orange_ripe,0.04061507806181908,leftin
data\processed\test\orange_overripe\leftin_0002450.jpg,orange_overripe,apple_overripe,9,0,False,0.5886927843093872,orange_overripe,0.267922967672348,leftin
data\processed\test\orange_overripe\leftin_0002451.jpg,orange_overripe,orange_overripe,9,9,True,0.9534637928009033,papaya_overripe,0.015565278008580208,leftin
data\processed\test\orange_overripe\leftin_0002452.jpg,orange_overripe,orange_overripe,9,9,True,0.9770017266273499,apple_overripe,0.0122373653575778,leftin
data\processed\test\orange_overripe\leftin_0002453.jpg,orange_overripe,orange_overripe,9,9,True,0.9948103427886963,mango_overripe,0.002993495436385274,leftin
data\processed\test\orange_overripe\leftin_0002455.jpg,orange_overripe,apple_overripe,9,0,False,0.41107532382011414,mango_overripe,0.2806595265865326,leftin
data\processed\test\orange_overripe\leftin_0002456.jpg,orange_overripe,orange_overripe,9,9,True,0.8613497018814087,apple_overripe,0.12436090409755707,leftin
data\processed\test\orange_overripe\leftin_0002457.jpg,orange_overripe,orange_overripe,9,9,True,0.9843013882637024,papaya_overripe,0.011119179427623749,leftin
data\processed\test\orange_overripe\leftin_0002458.jpg,orange_overripe,orange_overripe,9,9,True,0.8002170920372009,papaya_overripe,0.17819100618362427,leftin
data\processed\test\orange_overripe\leftin_0002460.jpg,orange_overripe,orange_overripe,9,9,True,0.9910509586334229,papaya_overripe,0.005725018214434385,leftin
data\processed\test\orange_overripe\leftin_0002461.jpg,orange_overripe,orange_overripe,9,9,True,0.9920781254768372,papaya_overripe,0.0043869176879525185,leftin
data\processed\test\orange_overripe\leftin_0002462.jpg,orange_overripe,orange_overripe,9,9,True,0.9845718145370483,orange_ripe,0.008401266299188137,leftin
data\processed\test\orange_overripe\leftin_0002464.jpg,orange_overripe,orange_overripe,9,9,True,0.9327412843704224,mango_overripe,0.04601071774959564,leftin
data\processed\test\orange_overripe\leftin_0002465.jpg,orange_overripe,orange_overripe,9,9,True,0.6969208121299744,orange_ripe,0.2683422863483429,leftin
data\processed\test\orange_overripe\leftin_0002466.jpg,orange_overripe,orange_overripe,9,9,True,0.9808969497680664,orange_ripe,0.014716456644237041,leftin
data\processed\test\orange_overripe\leftin_0002468.jpg,orange_overripe,orange_overripe,9,9,True,0.9932839870452881,orange_ripe,0.004947942215949297,leftin
data\processed\test\orange_overripe\leftin_0002470.jpg,orange_overripe,orange_overripe,9,9,True,0.9520319700241089,apple_overripe,0.025929899886250496,leftin
data\processed\test\orange_overripe\leftin_0002471.jpg,orange_overripe,orange_overripe,9,9,True,0.9100965261459351,mango_overripe,0.0758315920829773,leftin
data\processed\test\orange_overripe\leftin_0002472.jpg,orange_overripe,orange_overripe,9,9,True,0.5369579792022705,apple_overripe,0.4538094699382782,leftin
data\processed\test\orange_overripe\leftin_0002474.jpg,orange_overripe,orange_overripe,9,9,True,0.992283284664154,orange_ripe,0.004810032434761524,leftin
data\processed\test\orange_overripe\leftin_0002475.jpg,orange_overripe,orange_overripe,9,9,True,0.9880891442298889,apple_overripe,0.007959027774631977,leftin
data\processed\test\orange_overripe\leftin_0002476.jpg,orange_overripe,orange_overripe,9,9,True,0.9529306888580322,papaya_overripe,0.024831462651491165,leftin
data\processed\test\orange_overripe\leftin_0002477.jpg,orange_overripe,orange_overripe,9,9,True,0.7825618386268616,orange_ripe,0.2114332914352417,leftin
data\processed\test\orange_overripe\leftin_0002478.jpg,orange_overripe,orange_overripe,9,9,True,0.9265257716178894,apple_overripe,0.05372443050146103,leftin
data\processed\test\orange_overripe\leftin_0002480.jpg,orange_overripe,orange_overripe,9,9,True,0.43600109219551086,mango_overripe,0.35268449783325195,leftin
data\processed\test\orange_overripe\leftin_0002481.jpg,orange_overripe,orange_overripe,9,9,True,0.9870631098747253,papaya_overripe,0.007545467000454664,leftin
data\processed\test\orange_overripe\leftin_0002482.jpg,orange_overripe,orange_overripe,9,9,True,0.7523281574249268,mango_overripe,0.2026001513004303,leftin
data\processed\test\orange_overripe\leftin_0002483.jpg,orange_overripe,orange_overripe,9,9,True,0.9311482310295105,apple_overripe,0.053274381905794144,leftin
data\processed\test\orange_overripe\leftin_0002484.jpg,orange_overripe,orange_overripe,9,9,True,0.7027381062507629,apple_overripe,0.2645174562931061,leftin
data\processed\test\orange_overripe\leftin_0002486.jpg,orange_overripe,orange_overripe,9,9,True,0.9922084808349609,orange_ripe,0.006070537958294153,leftin
data\processed\test\orange_overripe\leftin_0002487.jpg,orange_overripe,orange_overripe,9,9,True,0.7596703767776489,mango_overripe,0.156895250082016,leftin
data\processed\test\orange_overripe\leftin_0002488.jpg,orange_overripe,orange_overripe,9,9,True,0.9941211342811584,orange_ripe,0.004846458788961172,leftin
data\processed\test\orange_overripe\leftin_0002489.jpg,orange_overripe,orange_overripe,9,9,True,0.7330256700515747,orange_ripe,0.230958491563797,leftin
data\processed\test\orange_overripe\leftin_0002491.jpg,orange_overripe,orange_overripe,9,9,True,0.793109655380249,orange_ripe,0.20544394850730896,leftin
data\processed\test\orange_overripe\leftin_0002492.jpg,orange_overripe,orange_overripe,9,9,True,0.9866336584091187,papaya_overripe,0.008145268075168133,leftin
data\processed\test\orange_overripe\leftin_0002493.jpg,orange_overripe,orange_overripe,9,9,True,0.8600534796714783,papaya_overripe,0.11390654742717743,leftin
data\processed\test\orange_overripe\leftin_0002494.jpg,orange_overripe,orange_overripe,9,9,True,0.9583208560943604,apple_overripe,0.009087820537388325,leftin
data\processed\test\orange_overripe\leftin_0002495.jpg,orange_overripe,orange_overripe,9,9,True,0.9430304765701294,apple_overripe,0.0450461320579052,leftin
data\processed\test\orange_overripe\leftin_0002496.jpg,orange_overripe,orange_overripe,9,9,True,0.9950448274612427,orange_ripe,0.003477669321000576,leftin
data\processed\test\orange_overripe\leftin_0002497.jpg,orange_overripe,orange_overripe,9,9,True,0.9922493696212769,mango_overripe,0.0032459753565490246,leftin
data\processed\test\orange_overripe\leftin_0002498.jpg,orange_overripe,orange_overripe,9,9,True,0.9955379962921143,papaya_overripe,0.0012782453559339046,leftin
data\processed\test\orange_overripe\leftin_0002499.jpg,orange_overripe,orange_overripe,9,9,True,0.8808940649032593,papaya_overripe,0.09598013758659363,leftin
data\processed\test\orange_overripe\leftin_0002502.jpg,orange_overripe,orange_overripe,9,9,True,0.9507150053977966,orange_ripe,0.04656072333455086,leftin
data\processed\test\orange_overripe\leftin_0002503.jpg,orange_overripe,orange_overripe,9,9,True,0.9681692123413086,mango_overripe,0.019335879012942314,leftin
data\processed\test\orange_overripe\leftin_0002504.jpg,orange_overripe,mango_overripe,9,6,False,0.5561241507530212,mango_ripe,0.23127524554729462,leftin
data\processed\test\orange_overripe\leftin_0002507.jpg,orange_overripe,orange_overripe,9,9,True,0.8091667294502258,mango_overripe,0.18554319441318512,leftin
data\processed\test\orange_overripe\leftin_0002508.jpg,orange_overripe,orange_overripe,9,9,True,0.9994211196899414,papaya_overripe,0.00035958021180704236,leftin
data\processed\test\orange_overripe\leftin_0002509.jpg,orange_overripe,orange_overripe,9,9,True,0.7587899565696716,mango_overripe,0.110519178211689,leftin
data\processed\test\orange_overripe\leftin_0002510.jpg,orange_overripe,orange_overripe,9,9,True,0.9844757914543152,papaya_overripe,0.009550947695970535,leftin
data\processed\test\orange_overripe\leftin_0002511.jpg,orange_overripe,orange_overripe,9,9,True,0.80663001537323,papaya_overripe,0.11870524287223816,leftin
data\processed\test\orange_overripe\leftin_0002512.jpg,orange_overripe,orange_overripe,9,9,True,0.9798732995986938,orange_ripe,0.010979622602462769,leftin
data\processed\test\orange_overripe\leftin_0002513.jpg,orange_overripe,orange_overripe,9,9,True,0.9957892298698425,mango_overripe,0.0016408449737355113,leftin
data\processed\test\orange_overripe\leftin_0002514.jpg,orange_overripe,orange_overripe,9,9,True,0.9604188203811646,papaya_overripe,0.021823877468705177,leftin
data\processed\test\orange_overripe\leftin_0002516.jpg,orange_overripe,orange_overripe,9,9,True,0.9201573729515076,papaya_overripe,0.037949252873659134,leftin
data\processed\test\orange_overripe\leftin_0002519.jpg,orange_overripe,orange_ripe,9,10,False,0.7036792635917664,orange_overripe,0.2518899142742157,leftin
data\processed\test\orange_overripe\leftin_0002520.jpg,orange_overripe,orange_overripe,9,9,True,0.9889281988143921,mango_overripe,0.007918932475149632,leftin
data\processed\test\orange_overripe\leftin_0002521.jpg,orange_overripe,orange_ripe,9,10,False,0.42337408661842346,orange_overripe,0.3874097466468811,leftin
data\processed\test\orange_overripe\leftin_0002523.jpg,orange_overripe,orange_overripe,9,9,True,0.7932915091514587,papaya_overripe,0.1531967669725418,leftin
data\processed\test\orange_overripe\leftin_0002524.jpg,orange_overripe,orange_overripe,9,9,True,0.9882948398590088,orange_ripe,0.010012298822402954,leftin
data\processed\test\orange_overripe\leftin_0002525.jpg,orange_overripe,orange_overripe,9,9,True,0.9942713975906372,mango_overripe,0.004499213770031929,leftin
data\processed\test\orange_overripe\leftin_0002526.jpg,orange_overripe,orange_overripe,9,9,True,0.5617690682411194,orange_ripe,0.4253699779510498,leftin
data\processed\test\orange_overripe\leftin_0002527.jpg,orange_overripe,orange_overripe,9,9,True,0.9872868657112122,papaya_overripe,0.009138562716543674,leftin
data\processed\test\orange_overripe\leftin_0002528.jpg,orange_overripe,orange_overripe,9,9,True,0.9833515286445618,orange_ripe,0.013586449436843395,leftin
data\processed\test\orange_overripe\leftin_0002531.jpg,orange_overripe,orange_overripe,9,9,True,0.995893120765686,apple_overripe,0.0032192689832299948,leftin
data\processed\test\orange_overripe\leftin_0002534.jpg,orange_overripe,orange_overripe,9,9,True,0.6687972545623779,papaya_overripe,0.12870311737060547,leftin
data\processed\test\orange_overripe\leftin_0002535.jpg,orange_overripe,orange_overripe,9,9,True,0.9978092312812805,papaya_overripe,0.000968469656072557,leftin
data\processed\test\orange_overripe\leftin_0002537.jpg,orange_overripe,orange_overripe,9,9,True,0.9939185380935669,papaya_overripe,0.003098786808550358,leftin
data\processed\test\orange_overripe\leftin_0002538.jpg,orange_overripe,orange_overripe,9,9,True,0.9727523922920227,papaya_overripe,0.016540631651878357,leftin
data\processed\test\orange_overripe\leftin_0002539.jpg,orange_overripe,orange_overripe,9,9,True,0.9981879591941833,orange_ripe,0.0009191731223836541,leftin
data\processed\test\orange_overripe\leftin_0002540.jpg,orange_overripe,orange_overripe,9,9,True,0.8809624314308167,orange_ripe,0.09138315171003342,leftin
data\processed\test\orange_overripe\leftin_0002542.jpg,orange_overripe,orange_overripe,9,9,True,0.99393230676651,papaya_overripe,0.0021561135072261095,leftin
data\processed\test\orange_overripe\leftin_0002543.jpg,orange_overripe,orange_overripe,9,9,True,0.9985030889511108,orange_ripe,0.0013961318181827664,leftin
data\processed\test\orange_overripe\leftin_0002544.jpg,orange_overripe,orange_overripe,9,9,True,0.9610809683799744,mango_overripe,0.01569371111690998,leftin
data\processed\test\orange_overripe\leftin_0002546.jpg,orange_overripe,orange_overripe,9,9,True,0.9958046078681946,orange_ripe,0.002853879239410162,leftin
data\processed\test\orange_overripe\leftin_0002547.jpg,orange_overripe,orange_overripe,9,9,True,0.813604474067688,orange_ripe,0.1832878440618515,leftin
data\processed\test\orange_overripe\leftin_0002549.jpg,orange_overripe,orange_overripe,9,9,True,0.9660038352012634,orange_ripe,0.03124106489121914,leftin
data\processed\test\orange_overripe\leftin_0002550.jpg,orange_overripe,orange_overripe,9,9,True,0.8090316653251648,orange_ripe,0.17910116910934448,leftin
data\processed\test\orange_overripe\leftin_0002552.jpg,orange_overripe,orange_overripe,9,9,True,0.7761123776435852,mango_overripe,0.13517601788043976,leftin
data\processed\test\orange_overripe\leftin_0002554.jpg,orange_overripe,orange_overripe,9,9,True,0.9989733695983887,orange_ripe,0.0009240847430191934,leftin
data\processed\test\orange_overripe\leftin_0002555.jpg,orange_overripe,orange_overripe,9,9,True,0.8431983590126038,apple_overripe,0.13692034780979156,leftin
data\processed\test\orange_overripe\leftin_0002556.jpg,orange_overripe,orange_ripe,9,10,False,0.7015008330345154,orange_overripe,0.2657950222492218,leftin
data\processed\test\orange_overripe\leftin_0002557.jpg,orange_overripe,orange_overripe,9,9,True,0.9695837497711182,papaya_overripe,0.01081721018999815,leftin
data\processed\test\orange_overripe\leftin_0002558.jpg,orange_overripe,orange_overripe,9,9,True,0.9773552417755127,orange_ripe,0.02225998416543007,leftin
data\processed\test\orange_overripe\leftin_0002559.jpg,orange_overripe,apple_overripe,9,0,False,0.6822309494018555,orange_overripe,0.1744096875190735,leftin
data\processed\test\orange_overripe\leftin_0002562.jpg,orange_overripe,orange_overripe,9,9,True,0.9923081398010254,orange_ripe,0.005141888279467821,leftin
data\processed\test\orange_ripe\alexcj10-ripenet_0002563.jpg,orange_ripe,papaya_overripe,10,12,False,0.3071546256542206,papaya_ripe,0.18903325498104095,alexcj10
data\processed\test\orange_ripe\alexcj10-ripenet_0002565.jpg,orange_ripe,orange_ripe,10,10,True,0.8131877183914185,orange_overripe,0.06888799369335175,alexcj10
data\processed\test\orange_ripe\alexcj10-ripenet_0002569.jpg,orange_ripe,orange_ripe,10,10,True,0.8653551936149597,orange_unripe,0.1304141879081726,alexcj10
data\processed\test\orange_ripe\alexcj10-ripenet_0002575.jpg,orange_ripe,orange_overripe,10,9,False,0.5512224435806274,orange_ripe,0.3216443955898285,alexcj10
data\processed\test\orange_ripe\alexcj10-ripenet_0002581.jpg,orange_ripe,orange_ripe,10,10,True,0.5497074127197266,mango_ripe,0.2375073879957199,alexcj10
data\processed\test\orange_ripe\alexcj10-ripenet_0002582.jpg,orange_ripe,papaya_ripe,10,13,False,0.2566428482532501,orange_unripe,0.22262610495090485,alexcj10
data\processed\test\orange_ripe\alexcj10-ripenet_0002585.jpg,orange_ripe,orange_ripe,10,10,True,0.7980209589004517,orange_unripe,0.0795799270272255,alexcj10
data\processed\test\orange_ripe\alexcj10-ripenet_0002588.jpg,orange_ripe,orange_ripe,10,10,True,0.4889505207538605,mango_ripe,0.2543884813785553,alexcj10
data\processed\test\orange_ripe\alexcj10-ripenet_0002594.jpg,orange_ripe,orange_ripe,10,10,True,0.8769864439964294,orange_unripe,0.06366249173879623,alexcj10
data\processed\test\orange_ripe\alexcj10-ripenet_0002606.jpg,orange_ripe,orange_ripe,10,10,True,0.6110549569129944,orange_unripe,0.3147152066230774,alexcj10
data\processed\test\orange_ripe\alexcj10-ripenet_0002610.jpg,orange_ripe,orange_ripe,10,10,True,0.7162337303161621,orange_overripe,0.14668075740337372,alexcj10
data\processed\test\orange_ripe\alexcj10-ripenet_0002617.jpg,orange_ripe,orange_unripe,10,11,False,0.726564884185791,orange_ripe,0.2576720416545868,alexcj10
data\processed\test\orange_ripe\alexcj10-ripenet_0002620.jpg,orange_ripe,mango_ripe,10,7,False,0.337169349193573,orange_ripe,0.3060367703437805,alexcj10
data\processed\test\orange_ripe\alexcj10-ripenet_0002625.jpg,orange_ripe,orange_ripe,10,10,True,0.5282711982727051,orange_unripe,0.3439698815345764,alexcj10
data\processed\test\orange_ripe\alexcj10-ripenet_0002654.jpg,orange_ripe,orange_unripe,10,11,False,0.4862995445728302,orange_ripe,0.19848519563674927,alexcj10
data\processed\test\orange_ripe\alexcj10-ripenet_0002658.jpg,orange_ripe,orange_ripe,10,10,True,0.6816901564598083,orange_unripe,0.3007633090019226,alexcj10
data\processed\test\orange_ripe\alexcj10-ripenet_0002678.jpg,orange_ripe,orange_ripe,10,10,True,0.7109915614128113,orange_unripe,0.18670305609703064,alexcj10
data\processed\test\orange_ripe\alexcj10-ripenet_0002679.jpg,orange_ripe,mango_ripe,10,7,False,0.42912718653678894,mango_unripe,0.13626952469348907,alexcj10
data\processed\test\orange_ripe\alexcj10-ripenet_0002682.jpg,orange_ripe,orange_ripe,10,10,True,0.6127121448516846,orange_unripe,0.31511712074279785,alexcj10
data\processed\test\orange_ripe\alexcj10-ripenet_0002684.jpg,orange_ripe,orange_unripe,10,11,False,0.5779212117195129,orange_ripe,0.32871076464653015,alexcj10
data\processed\test\orange_ripe\alexcj10-ripenet_0002688.jpg,orange_ripe,mango_ripe,10,7,False,0.6893743276596069,mango_overripe,0.1957472860813141,alexcj10
data\processed\test\orange_ripe\alexcj10-ripenet_0002691.jpg,orange_ripe,orange_unripe,10,11,False,0.6062802672386169,orange_ripe,0.3330617845058441,alexcj10
data\processed\test\orange_ripe\alexcj10-ripenet_0002693.jpg,orange_ripe,tomato_unripe,10,20,False,0.22519861161708832,orange_unripe,0.1890365034341812,alexcj10
data\processed\test\orange_ripe\alexcj10-ripenet_0002695.jpg,orange_ripe,orange_ripe,10,10,True,0.8527008295059204,orange_unripe,0.05259798839688301,alexcj10
data\processed\test\orange_ripe\alexcj10-ripenet_0002707.jpg,orange_ripe,orange_unripe,10,11,False,0.49538061022758484,orange_ripe,0.32904958724975586,alexcj10
data\processed\test\orange_ripe\alexcj10-ripenet_0002717.jpg,orange_ripe,orange_ripe,10,10,True,0.8425855040550232,orange_overripe,0.07812003046274185,alexcj10
data\processed\test\orange_ripe\alexcj10-ripenet_0002722.jpg,orange_ripe,mango_ripe,10,7,False,0.39267438650131226,pineapple_ripe,0.37395188212394714,alexcj10
data\processed\test\orange_ripe\alexcj10-ripenet_0002723.jpg,orange_ripe,orange_overripe,10,9,False,0.17420943081378937,papaya_ripe,0.12574584782123566,alexcj10
data\processed\test\orange_ripe\alexcj10-ripenet_0002725.jpg,orange_ripe,orange_ripe,10,10,True,0.7429829239845276,orange_unripe,0.1870812475681305,alexcj10
data\processed\test\orange_ripe\alexcj10-ripenet_0002729.jpg,orange_ripe,orange_unripe,10,11,False,0.378845751285553,papaya_ripe,0.17133717238903046,alexcj10
data\processed\test\orange_ripe\alexcj10-ripenet_0002730.jpg,orange_ripe,orange_ripe,10,10,True,0.30950161814689636,orange_unripe,0.3060731887817383,alexcj10
data\processed\test\orange_ripe\alexcj10-ripenet_0002731.jpg,orange_ripe,apple_ripe,10,1,False,0.4622340202331543,mango_ripe,0.2116607427597046,alexcj10
data\processed\test\orange_ripe\alexcj10-ripenet_0002732.jpg,orange_ripe,orange_ripe,10,10,True,0.7301783561706543,orange_unripe,0.20741839706897736,alexcj10
data\processed\test\orange_ripe\alexcj10-ripenet_0002736.jpg,orange_ripe,orange_ripe,10,10,True,0.6721500158309937,orange_unripe,0.20729154348373413,alexcj10
data\processed\test\orange_ripe\alexcj10-ripenet_0002739.jpg,orange_ripe,orange_ripe,10,10,True,0.9404070973396301,orange_overripe,0.041241057217121124,alexcj10
data\processed\test\orange_ripe\alexcj10-ripenet_0002742.jpg,orange_ripe,orange_ripe,10,10,True,0.6660228967666626,orange_overripe,0.1415843516588211,alexcj10
data\processed\test\orange_ripe\alexcj10-ripenet_0002745.jpg,orange_ripe,orange_ripe,10,10,True,0.5396547317504883,orange_unripe,0.4469913840293884,alexcj10
data\processed\test\orange_ripe\alexcj10-ripenet_0002746.jpg,orange_ripe,orange_unripe,10,11,False,0.6375078558921814,orange_ripe,0.2756279706954956,alexcj10
data\processed\test\orange_ripe\alexcj10-ripenet_0002752.jpg,orange_ripe,pineapple_overripe,10,15,False,0.3644271492958069,pineapple_ripe,0.3632444739341736,alexcj10
data\processed\test\orange_ripe\alexcj10-ripenet_0002758.jpg,orange_ripe,orange_overripe,10,9,False,0.8137178421020508,orange_ripe,0.09037981182336807,alexcj10
data\processed\test\orange_ripe\alexcj10-ripenet_0002760.jpg,orange_ripe,orange_ripe,10,10,True,0.7492806911468506,orange_unripe,0.23870034515857697,alexcj10
data\processed\test\orange_ripe\alexcj10-ripenet_0002767.jpg,orange_ripe,orange_ripe,10,10,True,0.6388115882873535,orange_unripe,0.1610252559185028,alexcj10
data\processed\test\orange_ripe\alexcj10-ripenet_0002768.jpg,orange_ripe,mango_ripe,10,7,False,0.6407180428504944,orange_ripe,0.18641135096549988,alexcj10
data\processed\test\orange_ripe\alexcj10-ripenet_0002772.jpg,orange_ripe,mango_ripe,10,7,False,0.30952608585357666,orange_ripe,0.24363993108272552,alexcj10
data\processed\test\orange_ripe\alexcj10-ripenet_0002773.jpg,orange_ripe,orange_ripe,10,10,True,0.6797415614128113,orange_overripe,0.1347944140434265,alexcj10
data\processed\test\orange_ripe\alexcj10-ripenet_0002774.jpg,orange_ripe,orange_ripe,10,10,True,0.52446049451828,orange_unripe,0.39100074768066406,alexcj10
data\processed\test\orange_ripe\alexcj10-ripenet_0002778.jpg,orange_ripe,orange_ripe,10,10,True,0.7884019017219543,orange_unripe,0.18487238883972168,alexcj10
data\processed\test\orange_ripe\alexcj10-ripenet_0002786.jpg,orange_ripe,orange_unripe,10,11,False,0.7503541707992554,orange_ripe,0.23869310319423676,alexcj10
data\processed\test\orange_ripe\alexcj10-ripenet_0002788.jpg,orange_ripe,orange_ripe,10,10,True,0.4693470597267151,orange_unripe,0.4375871419906616,alexcj10
data\processed\test\orange_ripe\alexcj10-ripenet_0002793.jpg,orange_ripe,orange_ripe,10,10,True,0.4170827269554138,orange_overripe,0.2440415322780609,alexcj10
data\processed\test\orange_ripe\alexcj10-ripenet_0002795.jpg,orange_ripe,orange_ripe,10,10,True,0.7372487783432007,orange_unripe,0.1014690101146698,alexcj10
data\processed\test\orange_ripe\alexcj10-ripenet_0002797.jpg,orange_ripe,orange_overripe,10,9,False,0.3547334671020508,mango_overripe,0.2663373649120331,alexcj10
data\processed\test\orange_ripe\alexcj10-ripenet_0002800.jpg,orange_ripe,orange_ripe,10,10,True,0.40927672386169434,orange_unripe,0.3542642891407013,alexcj10
data\processed\test\orange_ripe\alexcj10-ripenet_0002801.jpg,orange_ripe,orange_ripe,10,10,True,0.4797176718711853,orange_unripe,0.44238582253456116,alexcj10
data\processed\test\orange_ripe\alexcj10-ripenet_0002803.jpg,orange_ripe,orange_ripe,10,10,True,0.8248908519744873,orange_unripe,0.10914382338523865,alexcj10
data\processed\test\orange_ripe\alexcj10-ripenet_0002805.jpg,orange_ripe,orange_ripe,10,10,True,0.6855682730674744,orange_unripe,0.21313157677650452,alexcj10
data\processed\test\orange_ripe\alexcj10-ripenet_0002807.jpg,orange_ripe,orange_unripe,10,11,False,0.5629569888114929,orange_ripe,0.2850373685359955,alexcj10
data\processed\test\orange_ripe\asadullahprl_0002596.jpg,orange_ripe,tomato_ripe,10,19,False,0.30447113513946533,tomato_overripe,0.2663433253765106,asadullahprl
data\processed\test\orange_ripe\asadullahprl_0002607.jpg,orange_ripe,orange_overripe,10,9,False,0.6116423606872559,mango_overripe,0.10230019688606262,asadullahprl
data\processed\test\orange_ripe\asadullahprl_0002633.jpg,orange_ripe,orange_unripe,10,11,False,0.5544388890266418,mango_ripe,0.26818835735321045,asadullahprl
data\processed\test\orange_ripe\asadullahprl_0002680.jpg,orange_ripe,orange_ripe,10,10,True,0.7923260927200317,orange_unripe,0.10343704372644424,asadullahprl
data\processed\test\orange_ripe\asadullahprl_0002698.jpg,orange_ripe,orange_ripe,10,10,True,0.5559822916984558,orange_unripe,0.40825513005256653,asadullahprl
data\processed\test\orange_ripe\asadullahprl_0002709.jpg,orange_ripe,orange_ripe,10,10,True,0.2795466184616089,tomato_overripe,0.17777036130428314,asadullahprl
data\processed\test\orange_ripe\asadullahprl_0002713.jpg,orange_ripe,orange_ripe,10,10,True,0.49513477087020874,orange_unripe,0.322767436504364,asadullahprl
data\processed\test\orange_ripe\asadullahprl_0002733.jpg,orange_ripe,orange_ripe,10,10,True,0.6919288039207458,orange_unripe,0.13137488067150116,asadullahprl
data\processed\test\orange_ripe\asadullahprl_0002743.jpg,orange_ripe,mango_ripe,10,7,False,0.5165451765060425,orange_ripe,0.24359248578548431,asadullahprl
data\processed\test\orange_ripe\asadullahprl_0002762.jpg,orange_ripe,orange_ripe,10,10,True,0.7811828851699829,orange_unripe,0.2004394829273224,asadullahprl
data\processed\test\orange_ripe\asadullahprl_0002766.jpg,orange_ripe,orange_unripe,10,11,False,0.7761507630348206,orange_ripe,0.137022003531456,asadullahprl
data\processed\test\orange_ripe\asadullahprl_0002802.jpg,orange_ripe,orange_ripe,10,10,True,0.6443792581558228,orange_unripe,0.14061780273914337,asadullahprl
data\processed\test\orange_ripe\asadullahprl_0002804.jpg,orange_ripe,orange_ripe,10,10,True,0.6631525754928589,orange_unripe,0.23866990208625793,asadullahprl
data\processed\test\orange_ripe\leftin_0002564.jpg,orange_ripe,orange_ripe,10,10,True,0.9667527079582214,apple_overripe,0.014093318954110146,leftin
data\processed\test\orange_ripe\leftin_0002566.jpg,orange_ripe,orange_ripe,10,10,True,0.9150800108909607,orange_unripe,0.044443897902965546,leftin
data\processed\test\orange_ripe\leftin_0002567.jpg,orange_ripe,orange_ripe,10,10,True,0.9587841033935547,orange_overripe,0.03415431082248688,leftin
data\processed\test\orange_ripe\leftin_0002568.jpg,orange_ripe,orange_ripe,10,10,True,0.9633896946907043,orange_unripe,0.01622329093515873,leftin
data\processed\test\orange_ripe\leftin_0002570.jpg,orange_ripe,orange_ripe,10,10,True,0.9966893196105957,orange_overripe,0.002519419649615884,leftin
data\processed\test\orange_ripe\leftin_0002571.jpg,orange_ripe,orange_ripe,10,10,True,0.9532611966133118,orange_overripe,0.0376884862780571,leftin
data\processed\test\orange_ripe\leftin_0002572.jpg,orange_ripe,orange_ripe,10,10,True,0.7893665432929993,orange_overripe,0.19197164475917816,leftin
data\processed\test\orange_ripe\leftin_0002573.jpg,orange_ripe,orange_ripe,10,10,True,0.9095483422279358,orange_overripe,0.08471255004405975,leftin
data\processed\test\orange_ripe\leftin_0002574.jpg,orange_ripe,orange_ripe,10,10,True,0.9835622906684875,orange_overripe,0.012126958929002285,leftin
data\processed\test\orange_ripe\leftin_0002576.jpg,orange_ripe,orange_ripe,10,10,True,0.6796147227287292,orange_overripe,0.3136715590953827,leftin
data\processed\test\orange_ripe\leftin_0002577.jpg,orange_ripe,orange_ripe,10,10,True,0.702475905418396,orange_overripe,0.294579416513443,leftin
data\processed\test\orange_ripe\leftin_0002578.jpg,orange_ripe,orange_ripe,10,10,True,0.94996577501297,orange_overripe,0.04280050843954086,leftin
data\processed\test\orange_ripe\leftin_0002579.jpg,orange_ripe,orange_ripe,10,10,True,0.5444199442863464,orange_overripe,0.40651649236679077,leftin
data\processed\test\orange_ripe\leftin_0002580.jpg,orange_ripe,orange_ripe,10,10,True,0.9979669451713562,orange_overripe,0.0010899954941123724,leftin
data\processed\test\orange_ripe\leftin_0002583.jpg,orange_ripe,orange_ripe,10,10,True,0.900566816329956,orange_overripe,0.05697620287537575,leftin
data\processed\test\orange_ripe\leftin_0002584.jpg,orange_ripe,orange_ripe,10,10,True,0.915635883808136,orange_overripe,0.03422071784734726,leftin
data\processed\test\orange_ripe\leftin_0002586.jpg,orange_ripe,orange_ripe,10,10,True,0.955996036529541,mango_ripe,0.029321948066353798,leftin
data\processed\test\orange_ripe\leftin_0002587.jpg,orange_ripe,orange_ripe,10,10,True,0.9860442876815796,orange_overripe,0.006661179941147566,leftin
data\processed\test\orange_ripe\leftin_0002589.jpg,orange_ripe,orange_ripe,10,10,True,0.9825729131698608,orange_unripe,0.012409109622240067,leftin
data\processed\test\orange_ripe\leftin_0002590.jpg,orange_ripe,orange_ripe,10,10,True,0.900421142578125,orange_overripe,0.0787506252527237,leftin
data\processed\test\orange_ripe\leftin_0002591.jpg,orange_ripe,orange_ripe,10,10,True,0.8160111308097839,orange_overripe,0.07336655259132385,leftin
data\processed\test\orange_ripe\leftin_0002592.jpg,orange_ripe,orange_ripe,10,10,True,0.9331626892089844,orange_overripe,0.025233881548047066,leftin
data\processed\test\orange_ripe\leftin_0002593.jpg,orange_ripe,orange_ripe,10,10,True,0.6283777356147766,mango_ripe,0.21932291984558105,leftin
data\processed\test\orange_ripe\leftin_0002595.jpg,orange_ripe,orange_ripe,10,10,True,0.9736575484275818,orange_overripe,0.0236725602298975,leftin
data\processed\test\orange_ripe\leftin_0002597.jpg,orange_ripe,orange_ripe,10,10,True,0.8115727305412292,orange_overripe,0.12556980550289154,leftin
data\processed\test\orange_ripe\leftin_0002598.jpg,orange_ripe,orange_ripe,10,10,True,0.9973174929618835,orange_overripe,0.0018015666864812374,leftin
data\processed\test\orange_ripe\leftin_0002599.jpg,orange_ripe,orange_ripe,10,10,True,0.9524927139282227,mango_ripe,0.027765098959207535,leftin
data\processed\test\orange_ripe\leftin_0002600.jpg,orange_ripe,orange_ripe,10,10,True,0.9949253797531128,orange_unripe,0.002650301670655608,leftin
data\processed\test\orange_ripe\leftin_0002601.jpg,orange_ripe,orange_ripe,10,10,True,0.48492908477783203,papaya_unripe,0.2832612693309784,leftin
data\processed\test\orange_ripe\leftin_0002602.jpg,orange_ripe,orange_ripe,10,10,True,0.9841200709342957,orange_overripe,0.012564628385007381,leftin
data\processed\test\orange_ripe\leftin_0002603.jpg,orange_ripe,orange_ripe,10,10,True,0.8848801255226135,orange_overripe,0.10569459944963455,leftin
data\processed\test\orange_ripe\leftin_0002604.jpg,orange_ripe,orange_ripe,10,10,True,0.9940686225891113,orange_unripe,0.004174557514488697,leftin
data\processed\test\orange_ripe\leftin_0002605.jpg,orange_ripe,orange_ripe,10,10,True,0.48529133200645447,orange_overripe,0.29037824273109436,leftin
data\processed\test\orange_ripe\leftin_0002608.jpg,orange_ripe,orange_ripe,10,10,True,0.8125806450843811,orange_overripe,0.09596079587936401,leftin
data\processed\test\orange_ripe\leftin_0002609.jpg,orange_ripe,orange_ripe,10,10,True,0.9761254191398621,orange_overripe,0.008971449919044971,leftin
data\processed\test\orange_ripe\leftin_0002611.jpg,orange_ripe,orange_ripe,10,10,True,0.981860339641571,mango_ripe,0.013606998138129711,leftin
data\processed\test\orange_ripe\leftin_0002612.jpg,orange_ripe,orange_ripe,10,10,True,0.992181658744812,orange_unripe,0.004100648686289787,leftin
data\processed\test\orange_ripe\leftin_0002613.jpg,orange_ripe,orange_ripe,10,10,True,0.9954627156257629,orange_overripe,0.003402596339583397,leftin
data\processed\test\orange_ripe\leftin_0002614.jpg,orange_ripe,orange_ripe,10,10,True,0.9759220480918884,mango_ripe,0.013659504242241383,leftin
data\processed\test\orange_ripe\leftin_0002615.jpg,orange_ripe,orange_overripe,10,9,False,0.9428651332855225,orange_ripe,0.03240970894694328,leftin
data\processed\test\orange_ripe\leftin_0002616.jpg,orange_ripe,orange_ripe,10,10,True,0.9134222865104675,orange_overripe,0.051455557346343994,leftin
data\processed\test\orange_ripe\leftin_0002618.jpg,orange_ripe,orange_ripe,10,10,True,0.994299054145813,orange_overripe,0.002273034770041704,leftin
data\processed\test\orange_ripe\leftin_0002619.jpg,orange_ripe,orange_ripe,10,10,True,0.929035484790802,orange_overripe,0.0676145926117897,leftin
data\processed\test\orange_ripe\leftin_0002621.jpg,orange_ripe,orange_ripe,10,10,True,0.9968394041061401,orange_overripe,0.0027465238235890865,leftin
data\processed\test\orange_ripe\leftin_0002622.jpg,orange_ripe,orange_ripe,10,10,True,0.7947105169296265,mango_ripe,0.1346169114112854,leftin
data\processed\test\orange_ripe\leftin_0002623.jpg,orange_ripe,orange_ripe,10,10,True,0.9655270576477051,orange_overripe,0.023522617295384407,leftin
data\processed\test\orange_ripe\leftin_0002624.jpg,orange_ripe,orange_ripe,10,10,True,0.9737483263015747,mango_ripe,0.011650118045508862,leftin
data\processed\test\orange_ripe\leftin_0002626.jpg,orange_ripe,orange_ripe,10,10,True,0.966084897518158,orange_overripe,0.024447424337267876,leftin
data\processed\test\orange_ripe\leftin_0002627.jpg,orange_ripe,orange_ripe,10,10,True,0.98919278383255,orange_unripe,0.008617378771305084,leftin
data\processed\test\orange_ripe\leftin_0002628.jpg,orange_ripe,orange_overripe,10,9,False,0.849297046661377,orange_ripe,0.08976640552282333,leftin
data\processed\test\orange_ripe\leftin_0002629.jpg,orange_ripe,orange_ripe,10,10,True,0.9880223274230957,orange_overripe,0.010014164261519909,leftin
data\processed\test\orange_ripe\leftin_0002630.jpg,orange_ripe,orange_ripe,10,10,True,0.9531176686286926,orange_overripe,0.04269804060459137,leftin
data\processed\test\orange_ripe\leftin_0002631.jpg,orange_ripe,orange_ripe,10,10,True,0.9758166670799255,orange_unripe,0.012918805703520775,leftin
data\processed\test\orange_ripe\leftin_0002632.jpg,orange_ripe,orange_ripe,10,10,True,0.6290676593780518,apple_overripe,0.23225465416908264,leftin
data\processed\test\orange_ripe\leftin_0002634.jpg,orange_ripe,orange_ripe,10,10,True,0.9991735816001892,orange_overripe,0.0007234830991365016,leftin
data\processed\test\orange_ripe\leftin_0002635.jpg,orange_ripe,orange_ripe,10,10,True,0.9299941658973694,orange_overripe,0.06772206723690033,leftin
data\processed\test\orange_ripe\leftin_0002636.jpg,orange_ripe,orange_ripe,10,10,True,0.8329934477806091,orange_overripe,0.16024243831634521,leftin
data\processed\test\orange_ripe\leftin_0002637.jpg,orange_ripe,orange_ripe,10,10,True,0.9972055554389954,orange_overripe,0.002055161166936159,leftin
data\processed\test\orange_ripe\leftin_0002638.jpg,orange_ripe,orange_ripe,10,10,True,0.9891440272331238,orange_unripe,0.00637301430106163,leftin
data\processed\test\orange_ripe\leftin_0002639.jpg,orange_ripe,orange_ripe,10,10,True,0.9959347248077393,orange_overripe,0.0027863846626132727,leftin
data\processed\test\orange_ripe\leftin_0002640.jpg,orange_ripe,orange_ripe,10,10,True,0.9869045615196228,orange_overripe,0.010144613683223724,leftin
data\processed\test\orange_ripe\leftin_0002641.jpg,orange_ripe,orange_ripe,10,10,True,0.9338147044181824,orange_overripe,0.04428543522953987,leftin
data\processed\test\orange_ripe\leftin_0002642.jpg,orange_ripe,orange_ripe,10,10,True,0.845016598701477,orange_unripe,0.1320495903491974,leftin
data\processed\test\orange_ripe\leftin_0002643.jpg,orange_ripe,orange_ripe,10,10,True,0.9933144450187683,mango_ripe,0.0015438362024724483,leftin
data\processed\test\orange_ripe\leftin_0002644.jpg,orange_ripe,orange_ripe,10,10,True,0.826087474822998,orange_overripe,0.09414583444595337,leftin
data\processed\test\orange_ripe\leftin_0002645.jpg,orange_ripe,orange_ripe,10,10,True,0.678409993648529,orange_overripe,0.25005730986595154,leftin
data\processed\test\orange_ripe\leftin_0002646.jpg,orange_ripe,orange_ripe,10,10,True,0.986990749835968,orange_overripe,0.012259512208402157,leftin
data\processed\test\orange_ripe\leftin_0002647.jpg,orange_ripe,orange_ripe,10,10,True,0.9918633699417114,orange_overripe,0.007615174166858196,leftin
data\processed\test\orange_ripe\leftin_0002648.jpg,orange_ripe,orange_ripe,10,10,True,0.9563297629356384,orange_overripe,0.022842006757855415,leftin
data\processed\test\orange_ripe\leftin_0002649.jpg,orange_ripe,orange_ripe,10,10,True,0.9954723119735718,orange_overripe,0.003436760976910591,leftin
data\processed\test\orange_ripe\leftin_0002650.jpg,orange_ripe,orange_ripe,10,10,True,0.7657191753387451,orange_overripe,0.23180177807807922,leftin
data\processed\test\orange_ripe\leftin_0002651.jpg,orange_ripe,orange_ripe,10,10,True,0.9729054570198059,orange_overripe,0.02625204436480999,leftin
data\processed\test\orange_ripe\leftin_0002652.jpg,orange_ripe,orange_ripe,10,10,True,0.958733856678009,orange_overripe,0.04023762047290802,leftin
data\processed\test\orange_ripe\leftin_0002653.jpg,orange_ripe,orange_ripe,10,10,True,0.676621675491333,orange_unripe,0.293946772813797,leftin
data\processed\test\orange_ripe\leftin_0002655.jpg,orange_ripe,orange_ripe,10,10,True,0.9769554138183594,orange_unripe,0.012625981122255325,leftin
data\processed\test\orange_ripe\leftin_0002656.jpg,orange_ripe,orange_ripe,10,10,True,0.9611198306083679,orange_unripe,0.016533037647604942,leftin
data\processed\test\orange_ripe\leftin_0002657.jpg,orange_ripe,orange_ripe,10,10,True,0.9956398010253906,orange_overripe,0.002153725130483508,leftin
data\processed\test\orange_ripe\leftin_0002659.jpg,orange_ripe,orange_ripe,10,10,True,0.49847325682640076,orange_overripe,0.2831054925918579,leftin
data\processed\test\orange_ripe\leftin_0002660.jpg,orange_ripe,orange_ripe,10,10,True,0.9943646192550659,orange_overripe,0.002372816437855363,leftin
data\processed\test\orange_ripe\leftin_0002661.jpg,orange_ripe,orange_ripe,10,10,True,0.98307865858078,orange_unripe,0.005092361010611057,leftin
data\processed\test\orange_ripe\leftin_0002662.jpg,orange_ripe,orange_ripe,10,10,True,0.982109546661377,orange_overripe,0.013361643068492413,leftin
data\processed\test\orange_ripe\leftin_0002663.jpg,orange_ripe,orange_ripe,10,10,True,0.9925069212913513,orange_overripe,0.006686008535325527,leftin
data\processed\test\orange_ripe\leftin_0002664.jpg,orange_ripe,orange_ripe,10,10,True,0.8812915682792664,orange_overripe,0.0976317897439003,leftin
data\processed\test\orange_ripe\leftin_0002665.jpg,orange_ripe,orange_ripe,10,10,True,0.9540138244628906,orange_overripe,0.03379020839929581,leftin
data\processed\test\orange_ripe\leftin_0002666.jpg,orange_ripe,orange_ripe,10,10,True,0.9916425943374634,orange_overripe,0.006666334345936775,leftin
data\processed\test\orange_ripe\leftin_0002667.jpg,orange_ripe,orange_ripe,10,10,True,0.9525327086448669,orange_overripe,0.04715931788086891,leftin
data\processed\test\orange_ripe\leftin_0002668.jpg,orange_ripe,orange_ripe,10,10,True,0.9027923941612244,orange_overripe,0.09367482364177704,leftin
data\processed\test\orange_ripe\leftin_0002669.jpg,orange_ripe,orange_ripe,10,10,True,0.9639295935630798,orange_overripe,0.03453683480620384,leftin
data\processed\test\orange_ripe\leftin_0002670.jpg,orange_ripe,orange_ripe,10,10,True,0.9774664044380188,orange_overripe,0.010601072572171688,leftin
data\processed\test\orange_ripe\leftin_0002671.jpg,orange_ripe,orange_ripe,10,10,True,0.9605090618133545,orange_overripe,0.015293578617274761,leftin
data\processed\test\orange_ripe\leftin_0002672.jpg,orange_ripe,orange_ripe,10,10,True,0.9475669860839844,orange_unripe,0.04088852182030678,leftin
data\processed\test\orange_ripe\leftin_0002673.jpg,orange_ripe,orange_ripe,10,10,True,0.9927034378051758,orange_overripe,0.0032816887833178043,leftin
data\processed\test\orange_ripe\leftin_0002674.jpg,orange_ripe,orange_ripe,10,10,True,0.987817108631134,orange_unripe,0.004859598353505135,leftin
data\processed\test\orange_ripe\leftin_0002675.jpg,orange_ripe,orange_ripe,10,10,True,0.980964720249176,orange_overripe,0.016764411702752113,leftin
data\processed\test\orange_ripe\leftin_0002676.jpg,orange_ripe,orange_ripe,10,10,True,0.9200604557991028,orange_overripe,0.07543283700942993,leftin
data\processed\test\orange_ripe\leftin_0002677.jpg,orange_ripe,orange_ripe,10,10,True,0.9716125130653381,orange_overripe,0.02326004020869732,leftin
data\processed\test\orange_ripe\leftin_0002681.jpg,orange_ripe,orange_ripe,10,10,True,0.989678144454956,orange_overripe,0.006873934529721737,leftin
data\processed\test\orange_ripe\leftin_0002683.jpg,orange_ripe,orange_ripe,10,10,True,0.9909949898719788,apple_ripe,0.0042222971096634865,leftin
data\processed\test\orange_ripe\leftin_0002685.jpg,orange_ripe,orange_ripe,10,10,True,0.9133575558662415,orange_overripe,0.052013371139764786,leftin
data\processed\test\orange_ripe\leftin_0002686.jpg,orange_ripe,orange_ripe,10,10,True,0.9777153730392456,orange_unripe,0.0178179033100605,leftin
data\processed\test\orange_ripe\leftin_0002687.jpg,orange_ripe,orange_ripe,10,10,True,0.9548444151878357,orange_overripe,0.020345132797956467,leftin
data\processed\test\orange_ripe\leftin_0002689.jpg,orange_ripe,orange_ripe,10,10,True,0.9845320582389832,orange_overripe,0.01198175922036171,leftin
data\processed\test\orange_ripe\leftin_0002690.jpg,orange_ripe,orange_ripe,10,10,True,0.8817949295043945,orange_unripe,0.07584180682897568,leftin
data\processed\test\orange_ripe\leftin_0002692.jpg,orange_ripe,orange_ripe,10,10,True,0.97437584400177,orange_overripe,0.01586993597447872,leftin
data\processed\test\orange_ripe\leftin_0002694.jpg,orange_ripe,orange_ripe,10,10,True,0.9858420491218567,orange_overripe,0.009397242218255997,leftin
data\processed\test\orange_ripe\leftin_0002696.jpg,orange_ripe,orange_ripe,10,10,True,0.9628586173057556,orange_unripe,0.024455497041344643,leftin
data\processed\test\orange_ripe\leftin_0002697.jpg,orange_ripe,orange_ripe,10,10,True,0.9281256794929504,orange_overripe,0.034000247716903687,leftin
data\processed\test\orange_ripe\leftin_0002699.jpg,orange_ripe,orange_ripe,10,10,True,0.962509036064148,orange_unripe,0.024420950561761856,leftin
data\processed\test\orange_ripe\leftin_0002700.jpg,orange_ripe,orange_ripe,10,10,True,0.9209669232368469,orange_unripe,0.02329852804541588,leftin
data\processed\test\orange_ripe\leftin_0002701.jpg,orange_ripe,orange_ripe,10,10,True,0.876843273639679,orange_overripe,0.10236821323633194,leftin
data\processed\test\orange_ripe\leftin_0002702.jpg,orange_ripe,orange_ripe,10,10,True,0.9823498725891113,orange_unripe,0.012195863761007786,leftin
data\processed\test\orange_ripe\leftin_0002703.jpg,orange_ripe,tomato_overripe,10,18,False,0.8394395709037781,orange_ripe,0.12688778340816498,leftin
data\processed\test\orange_ripe\leftin_0002704.jpg,orange_ripe,orange_ripe,10,10,True,0.9602358341217041,orange_overripe,0.026226839050650597,leftin
data\processed\test\orange_ripe\leftin_0002705.jpg,orange_ripe,orange_ripe,10,10,True,0.991491973400116,apple_ripe,0.004018114879727364,leftin
data\processed\test\orange_ripe\leftin_0002706.jpg,orange_ripe,orange_ripe,10,10,True,0.9951252341270447,orange_overripe,0.0018184364307671785,leftin
data\processed\test\orange_ripe\leftin_0002708.jpg,orange_ripe,orange_ripe,10,10,True,0.9767087697982788,orange_overripe,0.020955191925168037,leftin
data\processed\test\orange_ripe\leftin_0002710.jpg,orange_ripe,orange_ripe,10,10,True,0.9020078182220459,orange_overripe,0.0465279184281826,leftin
data\processed\test\orange_ripe\leftin_0002711.jpg,orange_ripe,orange_ripe,10,10,True,0.9444015622138977,orange_overripe,0.044003162533044815,leftin
data\processed\test\orange_ripe\leftin_0002712.jpg,orange_ripe,orange_ripe,10,10,True,0.9908140301704407,orange_overripe,0.007291729561984539,leftin
data\processed\test\orange_ripe\leftin_0002714.jpg,orange_ripe,orange_ripe,10,10,True,0.9953870177268982,orange_overripe,0.002871507778763771,leftin
data\processed\test\orange_ripe\leftin_0002715.jpg,orange_ripe,orange_ripe,10,10,True,0.9769061207771301,orange_unripe,0.017210502177476883,leftin
data\processed\test\orange_ripe\leftin_0002716.jpg,orange_ripe,orange_ripe,10,10,True,0.9596917629241943,orange_overripe,0.019020933657884598,leftin
data\processed\test\orange_ripe\leftin_0002718.jpg,orange_ripe,orange_ripe,10,10,True,0.9770391583442688,orange_overripe,0.02228742279112339,leftin
data\processed\test\orange_ripe\leftin_0002719.jpg,orange_ripe,orange_ripe,10,10,True,0.9676042199134827,orange_overripe,0.029445543885231018,leftin
data\processed\test\orange_ripe\leftin_0002720.jpg,orange_ripe,orange_ripe,10,10,True,0.8244096636772156,mango_ripe,0.13844968378543854,leftin
data\processed\test\orange_ripe\leftin_0002721.jpg,orange_ripe,orange_ripe,10,10,True,0.9558765292167664,mango_ripe,0.022816095501184464,leftin
data\processed\test\orange_ripe\leftin_0002724.jpg,orange_ripe,orange_ripe,10,10,True,0.9922022819519043,orange_overripe,0.007170889060944319,leftin
data\processed\test\orange_ripe\leftin_0002726.jpg,orange_ripe,orange_ripe,10,10,True,0.7025913000106812,orange_overripe,0.15785063803195953,leftin
data\processed\test\orange_ripe\leftin_0002727.jpg,orange_ripe,orange_ripe,10,10,True,0.9932316541671753,orange_overripe,0.004572633188217878,leftin
data\processed\test\orange_ripe\leftin_0002728.jpg,orange_ripe,orange_ripe,10,10,True,0.981400728225708,orange_unripe,0.009561847895383835,leftin
data\processed\test\orange_ripe\leftin_0002734.jpg,orange_ripe,orange_ripe,10,10,True,0.9941197633743286,orange_overripe,0.004459922201931477,leftin
data\processed\test\orange_ripe\leftin_0002735.jpg,orange_ripe,orange_ripe,10,10,True,0.9059354662895203,orange_overripe,0.07898326218128204,leftin
data\processed\test\orange_ripe\leftin_0002737.jpg,orange_ripe,orange_ripe,10,10,True,0.9448618292808533,orange_overripe,0.03822198882699013,leftin
data\processed\test\orange_ripe\leftin_0002738.jpg,orange_ripe,orange_ripe,10,10,True,0.9867261648178101,orange_overripe,0.013112920336425304,leftin
data\processed\test\orange_ripe\leftin_0002740.jpg,orange_ripe,orange_ripe,10,10,True,0.9976882934570312,orange_overripe,0.0011999040143564343,leftin
data\processed\test\orange_ripe\leftin_0002741.jpg,orange_ripe,orange_ripe,10,10,True,0.9759721159934998,orange_overripe,0.013522842898964882,leftin
data\processed\test\orange_ripe\leftin_0002744.jpg,orange_ripe,orange_ripe,10,10,True,0.9446920156478882,orange_overripe,0.04621446877717972,leftin
data\processed\test\orange_ripe\leftin_0002747.jpg,orange_ripe,orange_ripe,10,10,True,0.96528160572052,orange_overripe,0.024537766352295876,leftin
data\processed\test\orange_ripe\leftin_0002748.jpg,orange_ripe,orange_ripe,10,10,True,0.8891340494155884,mango_ripe,0.06799665093421936,leftin
data\processed\test\orange_ripe\leftin_0002749.jpg,orange_ripe,orange_ripe,10,10,True,0.9988089799880981,orange_overripe,0.0009407096076756716,leftin
data\processed\test\orange_ripe\leftin_0002750.jpg,orange_ripe,orange_ripe,10,10,True,0.9709739685058594,orange_unripe,0.017380444332957268,leftin
data\processed\test\orange_ripe\leftin_0002751.jpg,orange_ripe,orange_ripe,10,10,True,0.9579374194145203,orange_overripe,0.03667799010872841,leftin
data\processed\test\orange_ripe\leftin_0002753.jpg,orange_ripe,orange_ripe,10,10,True,0.9751080870628357,orange_overripe,0.019766587764024734,leftin
data\processed\test\orange_ripe\leftin_0002754.jpg,orange_ripe,orange_ripe,10,10,True,0.9864059090614319,orange_overripe,0.006767020560801029,leftin
data\processed\test\orange_ripe\leftin_0002755.jpg,orange_ripe,orange_ripe,10,10,True,0.6360716819763184,orange_overripe,0.35372939705848694,leftin
data\processed\test\orange_ripe\leftin_0002756.jpg,orange_ripe,orange_ripe,10,10,True,0.9364319443702698,orange_overripe,0.03523290157318115,leftin
data\processed\test\orange_ripe\leftin_0002757.jpg,orange_ripe,orange_ripe,10,10,True,0.9319249987602234,apple_overripe,0.0245369803160429,leftin
data\processed\test\orange_ripe\leftin_0002759.jpg,orange_ripe,orange_ripe,10,10,True,0.7945694923400879,orange_overripe,0.1485542505979538,leftin
data\processed\test\orange_ripe\leftin_0002761.jpg,orange_ripe,orange_ripe,10,10,True,0.9783072471618652,orange_overripe,0.019330594688653946,leftin
data\processed\test\orange_ripe\leftin_0002763.jpg,orange_ripe,orange_ripe,10,10,True,0.9851542115211487,mango_ripe,0.008051452226936817,leftin
data\processed\test\orange_ripe\leftin_0002764.jpg,orange_ripe,orange_ripe,10,10,True,0.9950331449508667,orange_overripe,0.004350301343947649,leftin
data\processed\test\orange_ripe\leftin_0002765.jpg,orange_ripe,orange_ripe,10,10,True,0.9779460430145264,orange_overripe,0.01849292404949665,leftin
data\processed\test\orange_ripe\leftin_0002769.jpg,orange_ripe,orange_ripe,10,10,True,0.9700894355773926,orange_overripe,0.019568929448723793,leftin
data\processed\test\orange_ripe\leftin_0002770.jpg,orange_ripe,orange_ripe,10,10,True,0.9850479364395142,orange_overripe,0.013504836708307266,leftin
data\processed\test\orange_ripe\leftin_0002771.jpg,orange_ripe,orange_ripe,10,10,True,0.9893420934677124,orange_overripe,0.0056540388613939285,leftin
data\processed\test\orange_ripe\leftin_0002775.jpg,orange_ripe,orange_ripe,10,10,True,0.9527329802513123,orange_overripe,0.0341816209256649,leftin
data\processed\test\orange_ripe\leftin_0002776.jpg,orange_ripe,orange_ripe,10,10,True,0.9923506379127502,orange_overripe,0.006305827759206295,leftin
data\processed\test\orange_ripe\leftin_0002777.jpg,orange_ripe,orange_ripe,10,10,True,0.9440944790840149,orange_overripe,0.03906234726309776,leftin
data\processed\test\orange_ripe\leftin_0002779.jpg,orange_ripe,orange_ripe,10,10,True,0.9436101317405701,orange_overripe,0.040794942528009415,leftin
data\processed\test\orange_ripe\leftin_0002780.jpg,orange_ripe,orange_ripe,10,10,True,0.9674690961837769,orange_overripe,0.02731148712337017,leftin
data\processed\test\orange_ripe\leftin_0002781.jpg,orange_ripe,orange_ripe,10,10,True,0.5921112895011902,orange_overripe,0.4048021137714386,leftin
data\processed\test\orange_ripe\leftin_0002782.jpg,orange_ripe,orange_ripe,10,10,True,0.8620216250419617,orange_overripe,0.11265130341053009,leftin
data\processed\test\orange_ripe\leftin_0002783.jpg,orange_ripe,orange_ripe,10,10,True,0.9847351312637329,orange_overripe,0.008698162622749805,leftin
data\processed\test\orange_ripe\leftin_0002784.jpg,orange_ripe,orange_ripe,10,10,True,0.9961839318275452,orange_unripe,0.0020302769262343645,leftin
data\processed\test\orange_ripe\leftin_0002785.jpg,orange_ripe,orange_ripe,10,10,True,0.9620139598846436,orange_overripe,0.0314556248486042,leftin
data\processed\test\orange_ripe\leftin_0002787.jpg,orange_ripe,orange_ripe,10,10,True,0.9773268103599548,orange_overripe,0.011303278617560863,leftin
data\processed\test\orange_ripe\leftin_0002789.jpg,orange_ripe,orange_ripe,10,10,True,0.9495322108268738,mango_ripe,0.030962230637669563,leftin
data\processed\test\orange_ripe\leftin_0002790.jpg,orange_ripe,orange_ripe,10,10,True,0.9742200970649719,mango_ripe,0.012894040904939175,leftin
data\processed\test\orange_ripe\leftin_0002791.jpg,orange_ripe,orange_ripe,10,10,True,0.9730052351951599,orange_overripe,0.021450603380799294,leftin
data\processed\test\orange_ripe\leftin_0002792.jpg,orange_ripe,orange_ripe,10,10,True,0.9970609545707703,orange_overripe,0.0019119922071695328,leftin
data\processed\test\orange_ripe\leftin_0002794.jpg,orange_ripe,orange_ripe,10,10,True,0.9940822720527649,apple_ripe,0.002283309120684862,leftin
data\processed\test\orange_ripe\leftin_0002796.jpg,orange_ripe,orange_ripe,10,10,True,0.99321049451828,orange_overripe,0.0046594892628490925,leftin
data\processed\test\orange_ripe\leftin_0002798.jpg,orange_ripe,orange_ripe,10,10,True,0.8932196497917175,orange_overripe,0.10605702549219131,leftin
data\processed\test\orange_ripe\leftin_0002799.jpg,orange_ripe,orange_ripe,10,10,True,0.9410197734832764,orange_overripe,0.045034486800432205,leftin
data\processed\test\orange_ripe\leftin_0002806.jpg,orange_ripe,orange_ripe,10,10,True,0.8798226118087769,orange_overripe,0.10894402861595154,leftin
data\processed\test\orange_ripe\leftin_0002808.jpg,orange_ripe,orange_ripe,10,10,True,0.974575936794281,orange_overripe,0.02300380915403366,leftin
data\processed\test\orange_ripe\leftin_0002809.jpg,orange_ripe,orange_ripe,10,10,True,0.8855617642402649,orange_overripe,0.1083095371723175,leftin
data\processed\test\orange_unripe\alexcj10-ripenet_0002825.jpg,orange_unripe,orange_ripe,11,10,False,0.868629515171051,orange_unripe,0.12274120002985,alexcj10
data\processed\test\orange_unripe\alexcj10-ripenet_0002829.jpg,orange_unripe,orange_ripe,11,10,False,0.7547927498817444,orange_unripe,0.20701655745506287,alexcj10
data\processed\test\orange_unripe\alexcj10-ripenet_0002830.jpg,orange_unripe,pineapple_overripe,11,15,False,0.19049674272537231,pineapple_ripe,0.15590979158878326,alexcj10
data\processed\test\orange_unripe\alexcj10-ripenet_0002833.jpg,orange_unripe,orange_unripe,11,11,True,0.6884971261024475,orange_ripe,0.1980590522289276,alexcj10
data\processed\test\orange_unripe\alexcj10-ripenet_0002837.jpg,orange_unripe,orange_unripe,11,11,True,0.5737218260765076,orange_ripe,0.374663382768631,alexcj10
data\processed\test\orange_unripe\alexcj10-ripenet_0002840.jpg,orange_unripe,orange_unripe,11,11,True,0.7497673034667969,mango_unripe,0.1995626986026764,alexcj10
data\processed\test\orange_unripe\alexcj10-ripenet_0002842.jpg,orange_unripe,orange_unripe,11,11,True,0.9320402145385742,apple_unripe,0.03669605031609535,alexcj10
data\processed\test\orange_unripe\alexcj10-ripenet_0002844.jpg,orange_unripe,mango_ripe,11,7,False,0.5688417553901672,orange_ripe,0.21590514481067657,alexcj10
data\processed\test\orange_unripe\alexcj10-ripenet_0002845.jpg,orange_unripe,mango_unripe,11,8,False,0.5603166818618774,orange_unripe,0.1723540723323822,alexcj10
data\processed\test\orange_unripe\alexcj10-ripenet_0002849.jpg,orange_unripe,orange_unripe,11,11,True,0.45771920680999756,orange_ripe,0.38594019412994385,alexcj10
data\processed\test\orange_unripe\alexcj10-ripenet_0002855.jpg,orange_unripe,orange_unripe,11,11,True,0.3153970241546631,orange_ripe,0.20058083534240723,alexcj10
data\processed\test\orange_unripe\alexcj10-ripenet_0002868.jpg,orange_unripe,orange_ripe,11,10,False,0.6852579712867737,orange_unripe,0.30251410603523254,alexcj10
data\processed\test\orange_unripe\alexcj10-ripenet_0002871.jpg,orange_unripe,orange_ripe,11,10,False,0.9077698588371277,orange_unripe,0.0557510182261467,alexcj10
data\processed\test\orange_unripe\alexcj10-ripenet_0002873.jpg,orange_unripe,orange_ripe,11,10,False,0.4009123146533966,mango_ripe,0.36252301931381226,alexcj10
data\processed\test\orange_unripe\alexcj10-ripenet_0002901.jpg,orange_unripe,orange_ripe,11,10,False,0.7270525097846985,orange_unripe,0.2463269978761673,alexcj10
data\processed\test\orange_unripe\alexcj10-ripenet_0002913.jpg,orange_unripe,orange_unripe,11,11,True,0.38068917393684387,mango_ripe,0.17754708230495453,alexcj10
data\processed\test\orange_unripe\alexcj10-ripenet_0002914.jpg,orange_unripe,orange_ripe,11,10,False,0.6363939046859741,orange_unripe,0.2729605734348297,alexcj10
data\processed\test\orange_unripe\alexcj10-ripenet_0002917.jpg,orange_unripe,orange_unripe,11,11,True,0.5080099105834961,papaya_unripe,0.36308133602142334,alexcj10
data\processed\test\orange_unripe\alexcj10-ripenet_0002920.jpg,orange_unripe,orange_unripe,11,11,True,0.212345689535141,orange_ripe,0.19081321358680725,alexcj10
data\processed\test\orange_unripe\alexcj10-ripenet_0002926.jpg,orange_unripe,orange_unripe,11,11,True,0.6056966781616211,orange_ripe,0.3275643587112427,alexcj10
data\processed\test\orange_unripe\alexcj10-ripenet_0002928.jpg,orange_unripe,mango_ripe,11,7,False,0.3668912947177887,orange_unripe,0.1529616415500641,alexcj10
data\processed\test\orange_unripe\alexcj10-ripenet_0002939.jpg,orange_unripe,orange_ripe,11,10,False,0.46582937240600586,mango_ripe,0.2976146936416626,alexcj10
data\processed\test\orange_unripe\alexcj10-ripenet_0002941.jpg,orange_unripe,orange_ripe,11,10,False,0.47603559494018555,orange_unripe,0.3871100842952728,alexcj10
data\processed\test\orange_unripe\alexcj10-ripenet_0002944.jpg,orange_unripe,orange_unripe,11,11,True,0.6663668751716614,apple_unripe,0.14296528697013855,alexcj10
data\processed\test\orange_unripe\alexcj10-ripenet_0002945.jpg,orange_unripe,orange_unripe,11,11,True,0.7725756168365479,apple_unripe,0.08193577080965042,alexcj10
data\processed\test\orange_unripe\alexcj10-ripenet_0002956.jpg,orange_unripe,orange_ripe,11,10,False,0.644866406917572,orange_unripe,0.19294118881225586,alexcj10
data\processed\test\orange_unripe\alexcj10-ripenet_0002957.jpg,orange_unripe,tomato_ripe,11,19,False,0.91239994764328,papaya_unripe,0.027068059891462326,alexcj10
data\processed\test\orange_unripe\alexcj10-ripenet_0002964.jpg,orange_unripe,orange_unripe,11,11,True,0.45709875226020813,orange_ripe,0.43044525384902954,alexcj10
data\processed\test\orange_unripe\alexcj10-ripenet_0002971.jpg,orange_unripe,orange_unripe,11,11,True,0.962726891040802,apple_unripe,0.016191724687814713,alexcj10
data\processed\test\orange_unripe\alexcj10-ripenet_0002977.jpg,orange_unripe,orange_ripe,11,10,False,0.5689166188240051,orange_unripe,0.2881595194339752,alexcj10
data\processed\test\orange_unripe\alexcj10-ripenet_0002980.jpg,orange_unripe,orange_unripe,11,11,True,0.5234946012496948,orange_ripe,0.37357279658317566,alexcj10
data\processed\test\orange_unripe\alexcj10-ripenet_0002986.jpg,orange_unripe,orange_ripe,11,10,False,0.6143767237663269,orange_unripe,0.28376269340515137,alexcj10
data\processed\test\orange_unripe\alexcj10-ripenet_0002994.jpg,orange_unripe,orange_ripe,11,10,False,0.5794525742530823,papaya_ripe,0.11887555569410324,alexcj10
data\processed\test\orange_unripe\alexcj10-ripenet_0002995.jpg,orange_unripe,pineapple_ripe,11,16,False,0.5200430750846863,pineapple_unripe,0.3844369947910309,alexcj10
data\processed\test\orange_unripe\alexcj10-ripenet_0002996.jpg,orange_unripe,orange_ripe,11,10,False,0.7342018485069275,orange_unripe,0.2483729124069214,alexcj10
data\processed\test\orange_unripe\asadullahprl_0002811.jpg,orange_unripe,orange_unripe,11,11,True,0.4622347354888916,mango_unripe,0.26193767786026,asadullahprl
data\processed\test\orange_unripe\asadullahprl_0002813.jpg,orange_unripe,orange_unripe,11,11,True,0.48021939396858215,apple_unripe,0.32673147320747375,asadullahprl
data\processed\test\orange_unripe\asadullahprl_0002827.jpg,orange_unripe,orange_unripe,11,11,True,0.8414117693901062,apple_unripe,0.1297277957201004,asadullahprl
data\processed\test\orange_unripe\asadullahprl_0002853.jpg,orange_unripe,orange_unripe,11,11,True,0.9186233878135681,orange_ripe,0.06878210604190826,asadullahprl
data\processed\test\orange_unripe\asadullahprl_0002886.jpg,orange_unripe,orange_unripe,11,11,True,0.9975776076316833,mango_unripe,0.000966900959610939,asadullahprl
data\processed\test\orange_unripe\asadullahprl_0002925.jpg,orange_unripe,orange_unripe,11,11,True,0.8940026164054871,banana_unripe,0.03251615911722183,asadullahprl
data\processed\test\orange_unripe\asadullahprl_0002949.jpg,orange_unripe,orange_unripe,11,11,True,0.9192596077919006,apple_unripe,0.07429409772157669,asadullahprl
data\processed\test\orange_unripe\asadullahprl_0002955.jpg,orange_unripe,orange_unripe,11,11,True,0.8684520125389099,apple_unripe,0.08398587256669998,asadullahprl
data\processed\test\orange_unripe\asadullahprl_0003007.jpg,orange_unripe,orange_unripe,11,11,True,0.9771599173545837,apple_unripe,0.019798435270786285,asadullahprl
data\processed\test\orange_unripe\leftin_0002810.jpg,orange_unripe,orange_unripe,11,11,True,0.7158353924751282,apple_unripe,0.2801354229450226,leftin
data\processed\test\orange_unripe\leftin_0002812.jpg,orange_unripe,orange_unripe,11,11,True,0.7689603567123413,apple_unripe,0.22077514231204987,leftin
data\processed\test\orange_unripe\leftin_0002814.jpg,orange_unripe,orange_unripe,11,11,True,0.4771830439567566,apple_unripe,0.4420870840549469,leftin
data\processed\test\orange_unripe\leftin_0002815.jpg,orange_unripe,orange_unripe,11,11,True,0.882443368434906,orange_ripe,0.05492802709341049,leftin
data\processed\test\orange_unripe\leftin_0002816.jpg,orange_unripe,orange_unripe,11,11,True,0.5602561831474304,apple_unripe,0.2709718644618988,leftin
data\processed\test\orange_unripe\leftin_0002817.jpg,orange_unripe,orange_unripe,11,11,True,0.9285725355148315,apple_unripe,0.07107052206993103,leftin
data\processed\test\orange_unripe\leftin_0002818.jpg,orange_unripe,orange_unripe,11,11,True,0.653773307800293,banana_unripe,0.22473469376564026,leftin
data\processed\test\orange_unripe\leftin_0002819.jpg,orange_unripe,orange_unripe,11,11,True,0.944035530090332,orange_ripe,0.046375565230846405,leftin
data\processed\test\orange_unripe\leftin_0002820.jpg,orange_unripe,orange_unripe,11,11,True,0.939139187335968,apple_unripe,0.021060407161712646,leftin
data\processed\test\orange_unripe\leftin_0002821.jpg,orange_unripe,orange_unripe,11,11,True,0.9465484619140625,mango_ripe,0.023964809253811836,leftin
data\processed\test\orange_unripe\leftin_0002822.jpg,orange_unripe,orange_unripe,11,11,True,0.6900583505630493,apple_unripe,0.2653028666973114,leftin
data\processed\test\orange_unripe\leftin_0002823.jpg,orange_unripe,orange_unripe,11,11,True,0.6864123940467834,apple_unripe,0.182781383395195,leftin
data\processed\test\orange_unripe\leftin_0002824.jpg,orange_unripe,orange_unripe,11,11,True,0.8167699575424194,apple_unripe,0.13880127668380737,leftin
data\processed\test\orange_unripe\leftin_0002826.jpg,orange_unripe,orange_unripe,11,11,True,0.9818614721298218,orange_ripe,0.017125094309449196,leftin
data\processed\test\orange_unripe\leftin_0002828.jpg,orange_unripe,orange_unripe,11,11,True,0.9806258678436279,apple_unripe,0.010193530470132828,leftin
data\processed\test\orange_unripe\leftin_0002831.jpg,orange_unripe,orange_unripe,11,11,True,0.8610215187072754,apple_unripe,0.12877853214740753,leftin
data\processed\test\orange_unripe\leftin_0002832.jpg,orange_unripe,orange_unripe,11,11,True,0.6433522701263428,apple_unripe,0.25448381900787354,leftin
data\processed\test\orange_unripe\leftin_0002834.jpg,orange_unripe,orange_unripe,11,11,True,0.9713412523269653,apple_unripe,0.027536481618881226,leftin
data\processed\test\orange_unripe\leftin_0002835.jpg,orange_unripe,orange_unripe,11,11,True,0.9404294490814209,apple_unripe,0.04778718575835228,leftin
data\processed\test\orange_unripe\leftin_0002836.jpg,orange_unripe,orange_unripe,11,11,True,0.9713817238807678,apple_unripe,0.02641981467604637,leftin
data\processed\test\orange_unripe\leftin_0002838.jpg,orange_unripe,orange_unripe,11,11,True,0.7942454218864441,apple_unripe,0.18958894908428192,leftin
data\processed\test\orange_unripe\leftin_0002839.jpg,orange_unripe,orange_unripe,11,11,True,0.9636565446853638,orange_ripe,0.02227485179901123,leftin
data\processed\test\orange_unripe\leftin_0002841.jpg,orange_unripe,orange_unripe,11,11,True,0.9524796009063721,apple_unripe,0.04582950845360756,leftin
data\processed\test\orange_unripe\leftin_0002843.jpg,orange_unripe,orange_unripe,11,11,True,0.9373041987419128,apple_unripe,0.062279991805553436,leftin
data\processed\test\orange_unripe\leftin_0002846.jpg,orange_unripe,orange_unripe,11,11,True,0.7606951594352722,apple_unripe,0.23570047318935394,leftin
data\processed\test\orange_unripe\leftin_0002847.jpg,orange_unripe,orange_unripe,11,11,True,0.6513318419456482,banana_unripe,0.19924454391002655,leftin
data\processed\test\orange_unripe\leftin_0002848.jpg,orange_unripe,orange_unripe,11,11,True,0.7415210604667664,apple_unripe,0.2544611692428589,leftin
data\processed\test\orange_unripe\leftin_0002850.jpg,orange_unripe,orange_unripe,11,11,True,0.6769195199012756,banana_unripe,0.19488514959812164,leftin
data\processed\test\orange_unripe\leftin_0002851.jpg,orange_unripe,orange_unripe,11,11,True,0.916588306427002,orange_ripe,0.038516558706760406,leftin
data\processed\test\orange_unripe\leftin_0002852.jpg,orange_unripe,orange_unripe,11,11,True,0.7048090696334839,apple_unripe,0.2848528325557709,leftin
data\processed\test\orange_unripe\leftin_0002854.jpg,orange_unripe,orange_unripe,11,11,True,0.796741783618927,apple_unripe,0.17868900299072266,leftin
data\processed\test\orange_unripe\leftin_0002856.jpg,orange_unripe,orange_unripe,11,11,True,0.9647963643074036,apple_unripe,0.03348115459084511,leftin
data\processed\test\orange_unripe\leftin_0002857.jpg,orange_unripe,orange_unripe,11,11,True,0.9005431532859802,apple_unripe,0.06218636780977249,leftin
data\processed\test\orange_unripe\leftin_0002858.jpg,orange_unripe,orange_unripe,11,11,True,0.7350896000862122,apple_unripe,0.2572541832923889,leftin
data\processed\test\orange_unripe\leftin_0002859.jpg,orange_unripe,apple_unripe,11,2,False,0.549943208694458,orange_unripe,0.44763144850730896,leftin
data\processed\test\orange_unripe\leftin_0002860.jpg,orange_unripe,orange_unripe,11,11,True,0.9595760703086853,apple_unripe,0.03029540926218033,leftin
data\processed\test\orange_unripe\leftin_0002861.jpg,orange_unripe,orange_unripe,11,11,True,0.8593738079071045,apple_unripe,0.13743962347507477,leftin
data\processed\test\orange_unripe\leftin_0002862.jpg,orange_unripe,orange_unripe,11,11,True,0.9598620533943176,orange_ripe,0.03610175848007202,leftin
data\processed\test\orange_unripe\leftin_0002863.jpg,orange_unripe,orange_unripe,11,11,True,0.9552783966064453,apple_unripe,0.028934922069311142,leftin
data\processed\test\orange_unripe\leftin_0002864.jpg,orange_unripe,orange_unripe,11,11,True,0.9896209239959717,apple_unripe,0.006510335486382246,leftin
data\processed\test\orange_unripe\leftin_0002865.jpg,orange_unripe,orange_unripe,11,11,True,0.8510899543762207,apple_unripe,0.12064921855926514,leftin
data\processed\test\orange_unripe\leftin_0002866.jpg,orange_unripe,orange_unripe,11,11,True,0.8659232258796692,apple_unripe,0.11583875119686127,leftin
data\processed\test\orange_unripe\leftin_0002867.jpg,orange_unripe,orange_unripe,11,11,True,0.7526860237121582,apple_unripe,0.142549067735672,leftin
data\processed\test\orange_unripe\leftin_0002869.jpg,orange_unripe,orange_unripe,11,11,True,0.8201499581336975,apple_unripe,0.1779957413673401,leftin
data\processed\test\orange_unripe\leftin_0002870.jpg,orange_unripe,orange_unripe,11,11,True,0.9930878281593323,apple_unripe,0.00627086590975523,leftin
data\processed\test\orange_unripe\leftin_0002872.jpg,orange_unripe,orange_unripe,11,11,True,0.9516957402229309,apple_unripe,0.0482759065926075,leftin
data\processed\test\orange_unripe\leftin_0002874.jpg,orange_unripe,orange_unripe,11,11,True,0.9624638557434082,apple_unripe,0.014866810292005539,leftin
data\processed\test\orange_unripe\leftin_0002875.jpg,orange_unripe,orange_unripe,11,11,True,0.8759165406227112,apple_unripe,0.12361305207014084,leftin
data\processed\test\orange_unripe\leftin_0002876.jpg,orange_unripe,orange_unripe,11,11,True,0.952992856502533,apple_unripe,0.03305669128894806,leftin
data\processed\test\orange_unripe\leftin_0002877.jpg,orange_unripe,apple_unripe,11,2,False,0.6457564830780029,orange_unripe,0.3506920039653778,leftin
data\processed\test\orange_unripe\leftin_0002878.jpg,orange_unripe,orange_unripe,11,11,True,0.7569751143455505,apple_unripe,0.1835942417383194,leftin
data\processed\test\orange_unripe\leftin_0002879.jpg,orange_unripe,orange_unripe,11,11,True,0.9965125918388367,apple_unripe,0.0023998869583010674,leftin
data\processed\test\orange_unripe\leftin_0002880.jpg,orange_unripe,orange_unripe,11,11,True,0.9489838480949402,banana_unripe,0.022057631984353065,leftin
data\processed\test\orange_unripe\leftin_0002881.jpg,orange_unripe,orange_unripe,11,11,True,0.8524245619773865,apple_unripe,0.11680644750595093,leftin
data\processed\test\orange_unripe\leftin_0002882.jpg,orange_unripe,orange_unripe,11,11,True,0.8210054636001587,apple_unripe,0.09857276827096939,leftin
data\processed\test\orange_unripe\leftin_0002883.jpg,orange_unripe,orange_unripe,11,11,True,0.8259970545768738,apple_unripe,0.1712016612291336,leftin
data\processed\test\orange_unripe\leftin_0002884.jpg,orange_unripe,orange_unripe,11,11,True,0.8921401500701904,apple_unripe,0.05832007899880409,leftin
data\processed\test\orange_unripe\leftin_0002885.jpg,orange_unripe,orange_unripe,11,11,True,0.8818304538726807,apple_unripe,0.09488820284605026,leftin
data\processed\test\orange_unripe\leftin_0002887.jpg,orange_unripe,orange_unripe,11,11,True,0.9818676710128784,apple_unripe,0.016943838447332382,leftin
data\processed\test\orange_unripe\leftin_0002888.jpg,orange_unripe,orange_unripe,11,11,True,0.6575674414634705,apple_unripe,0.3305134177207947,leftin
data\processed\test\orange_unripe\leftin_0002889.jpg,orange_unripe,orange_unripe,11,11,True,0.690153181552887,apple_unripe,0.29556527733802795,leftin
data\processed\test\orange_unripe\leftin_0002890.jpg,orange_unripe,orange_unripe,11,11,True,0.8410231471061707,apple_unripe,0.07304411381483078,leftin
data\processed\test\orange_unripe\leftin_0002891.jpg,orange_unripe,orange_unripe,11,11,True,0.9761462807655334,apple_unripe,0.02313973568379879,leftin
data\processed\test\orange_unripe\leftin_0002892.jpg,orange_unripe,orange_unripe,11,11,True,0.760685920715332,apple_unripe,0.21428637206554413,leftin
data\processed\test\orange_unripe\leftin_0002893.jpg,orange_unripe,orange_unripe,11,11,True,0.6905225515365601,banana_unripe,0.1787683367729187,leftin
data\processed\test\orange_unripe\leftin_0002894.jpg,orange_unripe,orange_unripe,11,11,True,0.8832972049713135,apple_unripe,0.10890446603298187,leftin
data\processed\test\orange_unripe\leftin_0002895.jpg,orange_unripe,banana_unripe,11,5,False,0.35797232389450073,orange_unripe,0.352353572845459,leftin
data\processed\test\orange_unripe\leftin_0002896.jpg,orange_unripe,orange_unripe,11,11,True,0.6710245609283447,apple_unripe,0.3231586515903473,leftin
data\processed\test\orange_unripe\leftin_0002897.jpg,orange_unripe,orange_unripe,11,11,True,0.9546924829483032,apple_unripe,0.038316309452056885,leftin
data\processed\test\orange_unripe\leftin_0002898.jpg,orange_unripe,orange_unripe,11,11,True,0.8742518424987793,apple_unripe,0.12288504838943481,leftin
data\processed\test\orange_unripe\leftin_0002899.jpg,orange_unripe,orange_unripe,11,11,True,0.9276732802391052,apple_unripe,0.05255921930074692,leftin
data\processed\test\orange_unripe\leftin_0002900.jpg,orange_unripe,orange_unripe,11,11,True,0.7021715641021729,apple_unripe,0.24979348480701447,leftin
data\processed\test\orange_unripe\leftin_0002902.jpg,orange_unripe,orange_unripe,11,11,True,0.7881336212158203,apple_unripe,0.20830561220645905,leftin
data\processed\test\orange_unripe\leftin_0002903.jpg,orange_unripe,orange_unripe,11,11,True,0.9922904372215271,apple_unripe,0.007272251881659031,leftin
data\processed\test\orange_unripe\leftin_0002904.jpg,orange_unripe,orange_unripe,11,11,True,0.7931866645812988,apple_unripe,0.19831916689872742,leftin
data\processed\test\orange_unripe\leftin_0002905.jpg,orange_unripe,orange_unripe,11,11,True,0.922525942325592,apple_unripe,0.043898142874240875,leftin
data\processed\test\orange_unripe\leftin_0002906.jpg,orange_unripe,orange_unripe,11,11,True,0.35675448179244995,apple_unripe,0.24147747457027435,leftin
data\processed\test\orange_unripe\leftin_0002907.jpg,orange_unripe,orange_unripe,11,11,True,0.9130370020866394,apple_unripe,0.07332612574100494,leftin
data\processed\test\orange_unripe\leftin_0002908.jpg,orange_unripe,orange_unripe,11,11,True,0.7002692818641663,banana_unripe,0.16337665915489197,leftin
data\processed\test\orange_unripe\leftin_0002909.jpg,orange_unripe,orange_unripe,11,11,True,0.9477673172950745,banana_unripe,0.0280796866863966,leftin
data\processed\test\orange_unripe\leftin_0002910.jpg,orange_unripe,orange_unripe,11,11,True,0.8187255263328552,apple_unripe,0.16014336049556732,leftin
data\processed\test\orange_unripe\leftin_0002911.jpg,orange_unripe,mango_ripe,11,7,False,0.8797976970672607,mango_overripe,0.07209678739309311,leftin
data\processed\test\orange_unripe\leftin_0002912.jpg,orange_unripe,orange_unripe,11,11,True,0.9301681518554688,apple_unripe,0.0661037340760231,leftin
data\processed\test\orange_unripe\leftin_0002915.jpg,orange_unripe,orange_unripe,11,11,True,0.6432960629463196,apple_unripe,0.31781476736068726,leftin
data\processed\test\orange_unripe\leftin_0002916.jpg,orange_unripe,orange_unripe,11,11,True,0.6297464370727539,banana_unripe,0.22803500294685364,leftin
data\processed\test\orange_unripe\leftin_0002918.jpg,orange_unripe,orange_unripe,11,11,True,0.8403369188308716,apple_unripe,0.1535954475402832,leftin
data\processed\test\orange_unripe\leftin_0002919.jpg,orange_unripe,orange_unripe,11,11,True,0.8039218783378601,apple_unripe,0.19347494840621948,leftin
data\processed\test\orange_unripe\leftin_0002921.jpg,orange_unripe,orange_unripe,11,11,True,0.9753125905990601,orange_ripe,0.01788102090358734,leftin
data\processed\test\orange_unripe\leftin_0002922.jpg,orange_unripe,orange_unripe,11,11,True,0.9090137481689453,apple_unripe,0.0887836143374443,leftin
data\processed\test\orange_unripe\leftin_0002923.jpg,orange_unripe,orange_unripe,11,11,True,0.8850546479225159,banana_unripe,0.058463748544454575,leftin
data\processed\test\orange_unripe\leftin_0002924.jpg,orange_unripe,orange_unripe,11,11,True,0.9856160879135132,apple_unripe,0.009959112852811813,leftin
data\processed\test\orange_unripe\leftin_0002927.jpg,orange_unripe,orange_unripe,11,11,True,0.5957388877868652,apple_unripe,0.38290661573410034,leftin
data\processed\test\orange_unripe\leftin_0002929.jpg,orange_unripe,orange_unripe,11,11,True,0.897586464881897,apple_unripe,0.061291955411434174,leftin
data\processed\test\orange_unripe\leftin_0002930.jpg,orange_unripe,orange_unripe,11,11,True,0.7937337160110474,apple_unripe,0.18435339629650116,leftin
data\processed\test\orange_unripe\leftin_0002931.jpg,orange_unripe,orange_unripe,11,11,True,0.43889981508255005,banana_unripe,0.29864490032196045,leftin
data\processed\test\orange_unripe\leftin_0002932.jpg,orange_unripe,orange_unripe,11,11,True,0.9196574687957764,apple_unripe,0.068386010825634,leftin
data\processed\test\orange_unripe\leftin_0002933.jpg,orange_unripe,orange_unripe,11,11,True,0.6280139684677124,apple_unripe,0.3628375232219696,leftin
data\processed\test\orange_unripe\leftin_0002934.jpg,orange_unripe,orange_unripe,11,11,True,0.5814211964607239,apple_unripe,0.33164772391319275,leftin
data\processed\test\orange_unripe\leftin_0002935.jpg,orange_unripe,orange_unripe,11,11,True,0.9437455534934998,apple_unripe,0.050191543996334076,leftin
data\processed\test\orange_unripe\leftin_0002936.jpg,orange_unripe,orange_unripe,11,11,True,0.7373390793800354,apple_unripe,0.25729885697364807,leftin
data\processed\test\orange_unripe\leftin_0002937.jpg,orange_unripe,orange_unripe,11,11,True,0.9291576147079468,apple_unripe,0.06503965705633163,leftin
data\processed\test\orange_unripe\leftin_0002938.jpg,orange_unripe,orange_unripe,11,11,True,0.9720470905303955,apple_unripe,0.026664866134524345,leftin
data\processed\test\orange_unripe\leftin_0002940.jpg,orange_unripe,orange_unripe,11,11,True,0.5785111784934998,apple_unripe,0.41836604475975037,leftin
data\processed\test\orange_unripe\leftin_0002942.jpg,orange_unripe,orange_unripe,11,11,True,0.7088137269020081,apple_unripe,0.20601272583007812,leftin
data\processed\test\orange_unripe\leftin_0002943.jpg,orange_unripe,orange_unripe,11,11,True,0.8501614928245544,apple_unripe,0.1146899163722992,leftin
data\processed\test\orange_unripe\leftin_0002946.jpg,orange_unripe,orange_unripe,11,11,True,0.8483022451400757,apple_unripe,0.13620325922966003,leftin
data\processed\test\orange_unripe\leftin_0002947.jpg,orange_unripe,orange_unripe,11,11,True,0.7719171643257141,apple_unripe,0.22388945519924164,leftin
data\processed\test\orange_unripe\leftin_0002948.jpg,orange_unripe,orange_unripe,11,11,True,0.9405245184898376,apple_unripe,0.05498829856514931,leftin
data\processed\test\orange_unripe\leftin_0002950.jpg,orange_unripe,orange_unripe,11,11,True,0.804051399230957,banana_unripe,0.13092541694641113,leftin
data\processed\test\orange_unripe\leftin_0002951.jpg,orange_unripe,orange_unripe,11,11,True,0.8079329133033752,apple_unripe,0.14173924922943115,leftin
data\processed\test\orange_unripe\leftin_0002952.jpg,orange_unripe,orange_unripe,11,11,True,0.9515066146850586,apple_unripe,0.041094012558460236,leftin
data\processed\test\orange_unripe\leftin_0002953.jpg,orange_unripe,orange_unripe,11,11,True,0.9871869087219238,apple_unripe,0.012491267174482346,leftin
data\processed\test\orange_unripe\leftin_0002954.jpg,orange_unripe,orange_unripe,11,11,True,0.7197842597961426,apple_unripe,0.22013647854328156,leftin
data\processed\test\orange_unripe\leftin_0002958.jpg,orange_unripe,orange_unripe,11,11,True,0.5084140300750732,apple_unripe,0.4076441824436188,leftin
data\processed\test\orange_unripe\leftin_0002959.jpg,orange_unripe,orange_unripe,11,11,True,0.9873762130737305,apple_unripe,0.011393397115170956,leftin
data\processed\test\orange_unripe\leftin_0002960.jpg,orange_unripe,orange_unripe,11,11,True,0.6495036482810974,apple_unripe,0.29919180274009705,leftin
data\processed\test\orange_unripe\leftin_0002961.jpg,orange_unripe,apple_unripe,11,2,False,0.4099346697330475,orange_unripe,0.38934871554374695,leftin
data\processed\test\orange_unripe\leftin_0002962.jpg,orange_unripe,orange_unripe,11,11,True,0.8237617611885071,apple_unripe,0.1267143040895462,leftin
data\processed\test\orange_unripe\leftin_0002963.jpg,orange_unripe,orange_unripe,11,11,True,0.9837685227394104,apple_unripe,0.01066986471414566,leftin
data\processed\test\orange_unripe\leftin_0002965.jpg,orange_unripe,orange_unripe,11,11,True,0.7191910743713379,apple_unripe,0.26513394713401794,leftin
data\processed\test\orange_unripe\leftin_0002966.jpg,orange_unripe,orange_unripe,11,11,True,0.9468634724617004,apple_unripe,0.04360606521368027,leftin
data\processed\test\orange_unripe\leftin_0002967.jpg,orange_unripe,orange_unripe,11,11,True,0.883152186870575,apple_unripe,0.11506503075361252,leftin
data\processed\test\orange_unripe\leftin_0002968.jpg,orange_unripe,orange_unripe,11,11,True,0.6221771836280823,apple_unripe,0.33750221133232117,leftin
data\processed\test\orange_unripe\leftin_0002969.jpg,orange_unripe,orange_unripe,11,11,True,0.9580737352371216,orange_ripe,0.040497832000255585,leftin
data\processed\test\orange_unripe\leftin_0002970.jpg,orange_unripe,orange_unripe,11,11,True,0.9403001070022583,apple_unripe,0.05668944865465164,leftin
data\processed\test\orange_unripe\leftin_0002972.jpg,orange_unripe,orange_unripe,11,11,True,0.8202276229858398,apple_unripe,0.16884008049964905,leftin
data\processed\test\orange_unripe\leftin_0002973.jpg,orange_unripe,orange_unripe,11,11,True,0.5484598875045776,banana_unripe,0.35379111766815186,leftin
data\processed\test\orange_unripe\leftin_0002974.jpg,orange_unripe,orange_unripe,11,11,True,0.9991405010223389,apple_unripe,0.0004899364430457354,leftin
data\processed\test\orange_unripe\leftin_0002975.jpg,orange_unripe,orange_unripe,11,11,True,0.915475606918335,apple_unripe,0.07103905826807022,leftin
data\processed\test\orange_unripe\leftin_0002976.jpg,orange_unripe,orange_unripe,11,11,True,0.9573412537574768,apple_unripe,0.039096131920814514,leftin
data\processed\test\orange_unripe\leftin_0002978.jpg,orange_unripe,orange_unripe,11,11,True,0.9859445095062256,apple_unripe,0.01336709875613451,leftin
data\processed\test\orange_unripe\leftin_0002979.jpg,orange_unripe,orange_unripe,11,11,True,0.9586328864097595,orange_ripe,0.0342918261885643,leftin
data\processed\test\orange_unripe\leftin_0002981.jpg,orange_unripe,apple_unripe,11,2,False,0.669783890247345,orange_unripe,0.317103773355484,leftin
data\processed\test\orange_unripe\leftin_0002982.jpg,orange_unripe,orange_unripe,11,11,True,0.8019134402275085,apple_unripe,0.15087105333805084,leftin
data\processed\test\orange_unripe\leftin_0002983.jpg,orange_unripe,orange_unripe,11,11,True,0.7895406484603882,apple_unripe,0.20879016816616058,leftin
data\processed\test\orange_unripe\leftin_0002984.jpg,orange_unripe,orange_unripe,11,11,True,0.8651620745658875,apple_unripe,0.12010238319635391,leftin
data\processed\test\orange_unripe\leftin_0002985.jpg,orange_unripe,orange_unripe,11,11,True,0.6188108325004578,banana_unripe,0.32922860980033875,leftin
data\processed\test\orange_unripe\leftin_0002987.jpg,orange_unripe,orange_unripe,11,11,True,0.4824044406414032,apple_unripe,0.4402826726436615,leftin
data\processed\test\orange_unripe\leftin_0002988.jpg,orange_unripe,orange_unripe,11,11,True,0.7322869300842285,apple_unripe,0.2517220973968506,leftin
data\processed\test\orange_unripe\leftin_0002989.jpg,orange_unripe,orange_unripe,11,11,True,0.7947275638580322,apple_unripe,0.1731271743774414,leftin
data\processed\test\orange_unripe\leftin_0002990.jpg,orange_unripe,apple_unripe,11,2,False,0.7710388898849487,orange_unripe,0.20194362103939056,leftin
data\processed\test\orange_unripe\leftin_0002991.jpg,orange_unripe,orange_unripe,11,11,True,0.9809077382087708,apple_unripe,0.014858586713671684,leftin
data\processed\test\orange_unripe\leftin_0002992.jpg,orange_unripe,orange_unripe,11,11,True,0.9550716280937195,apple_unripe,0.04376062750816345,leftin
data\processed\test\orange_unripe\leftin_0002993.jpg,orange_unripe,orange_unripe,11,11,True,0.49686673283576965,apple_unripe,0.4865868389606476,leftin
data\processed\test\orange_unripe\leftin_0002997.jpg,orange_unripe,orange_unripe,11,11,True,0.9919326901435852,apple_unripe,0.006707717198878527,leftin
data\processed\test\orange_unripe\leftin_0002998.jpg,orange_unripe,orange_unripe,11,11,True,0.7129660844802856,apple_unripe,0.24159100651741028,leftin
data\processed\test\orange_unripe\leftin_0002999.jpg,orange_unripe,orange_unripe,11,11,True,0.7252933979034424,apple_unripe,0.15406319499015808,leftin
data\processed\test\orange_unripe\leftin_0003000.jpg,orange_unripe,banana_unripe,11,5,False,0.5256247520446777,orange_unripe,0.44517672061920166,leftin
data\processed\test\orange_unripe\leftin_0003001.jpg,orange_unripe,orange_unripe,11,11,True,0.8150948286056519,apple_unripe,0.13159963488578796,leftin
data\processed\test\orange_unripe\leftin_0003002.jpg,orange_unripe,orange_unripe,11,11,True,0.9809627532958984,apple_unripe,0.011196867562830448,leftin
data\processed\test\orange_unripe\leftin_0003003.jpg,orange_unripe,orange_unripe,11,11,True,0.7231883406639099,apple_unripe,0.2722285985946655,leftin
data\processed\test\orange_unripe\leftin_0003004.jpg,orange_unripe,orange_unripe,11,11,True,0.94118332862854,apple_unripe,0.02974860370159149,leftin
data\processed\test\orange_unripe\leftin_0003005.jpg,orange_unripe,orange_unripe,11,11,True,0.6994706988334656,apple_unripe,0.2795454263687134,leftin
data\processed\test\orange_unripe\leftin_0003006.jpg,orange_unripe,orange_unripe,11,11,True,0.7495954036712646,apple_unripe,0.24916623532772064,leftin
data\processed\test\orange_unripe\leftin_0003008.jpg,orange_unripe,orange_unripe,11,11,True,0.9623441696166992,apple_unripe,0.025809599086642265,leftin
data\processed\test\orange_unripe\leftin_0003009.jpg,orange_unripe,orange_unripe,11,11,True,0.7444291710853577,mango_ripe,0.14993268251419067,leftin
data\processed\test\orange_unripe\leftin_0003010.jpg,orange_unripe,orange_unripe,11,11,True,0.7036542892456055,orange_ripe,0.2791367769241333,leftin
data\processed\test\orange_unripe\leftin_0003011.jpg,orange_unripe,orange_unripe,11,11,True,0.8819275498390198,apple_unripe,0.1105179563164711,leftin
data\processed\test\orange_unripe\leftin_0003012.jpg,orange_unripe,orange_unripe,11,11,True,0.9319635629653931,apple_unripe,0.06665497273206711,leftin
data\processed\test\orange_unripe\leftin_0003013.jpg,orange_unripe,orange_unripe,11,11,True,0.7167444229125977,apple_unripe,0.26390960812568665,leftin
data\processed\test\orange_unripe\leftin_0003014.jpg,orange_unripe,orange_unripe,11,11,True,0.5438037514686584,banana_unripe,0.4314436614513397,leftin
data\processed\test\orange_unripe\leftin_0003015.jpg,orange_unripe,orange_unripe,11,11,True,0.6674103140830994,banana_unripe,0.26646608114242554,leftin
data\processed\test\orange_unripe\leftin_0003016.jpg,orange_unripe,orange_unripe,11,11,True,0.9908010363578796,apple_unripe,0.0057924953289330006,leftin
data\processed\test\orange_unripe\leftin_0003017.jpg,orange_unripe,orange_unripe,11,11,True,0.8671343326568604,apple_unripe,0.12048764526844025,leftin
data\processed\test\papaya_overripe\alexcj10-ripenet_0003018.jpg,papaya_overripe,mango_ripe,12,7,False,0.6382138133049011,mango_overripe,0.3079836964607239,alexcj10
data\processed\test\papaya_overripe\alexcj10-ripenet_0003019.jpg,papaya_overripe,papaya_overripe,12,12,True,0.7647973895072937,mango_overripe,0.08753249049186707,alexcj10
data\processed\test\papaya_overripe\alexcj10-ripenet_0003020.jpg,papaya_overripe,papaya_overripe,12,12,True,0.8264590501785278,mango_overripe,0.07747850567102432,alexcj10
data\processed\test\papaya_overripe\alexcj10-ripenet_0003021.jpg,papaya_overripe,papaya_ripe,12,13,False,0.679499626159668,papaya_overripe,0.16865982115268707,alexcj10
data\processed\test\papaya_overripe\alexcj10-ripenet_0003022.jpg,papaya_overripe,papaya_overripe,12,12,True,0.6755489110946655,papaya_ripe,0.27505505084991455,alexcj10
data\processed\test\papaya_overripe\alexcj10-ripenet_0003023.jpg,papaya_overripe,papaya_overripe,12,12,True,0.5837481617927551,papaya_ripe,0.1935851275920868,alexcj10
data\processed\test\papaya_overripe\alexcj10-ripenet_0003024.jpg,papaya_overripe,papaya_unripe,12,14,False,0.7076073884963989,papaya_overripe,0.1469641476869583,alexcj10
data\processed\test\papaya_overripe\alexcj10-ripenet_0003025.jpg,papaya_overripe,papaya_ripe,12,13,False,0.6286954283714294,papaya_overripe,0.28179436922073364,alexcj10
data\processed\test\papaya_overripe\alexcj10-ripenet_0003026.jpg,papaya_overripe,papaya_ripe,12,13,False,0.3981710374355316,papaya_overripe,0.39702460169792175,alexcj10
data\processed\test\papaya_overripe\alexcj10-ripenet_0003027.jpg,papaya_overripe,papaya_ripe,12,13,False,0.7553094625473022,papaya_unripe,0.12346231937408447,alexcj10
data\processed\test\papaya_overripe\alexcj10-ripenet_0003028.jpg,papaya_overripe,mango_overripe,12,6,False,0.6590699553489685,papaya_overripe,0.07001980394124985,alexcj10
data\processed\test\papaya_overripe\alexcj10-ripenet_0003029.jpg,papaya_overripe,papaya_unripe,12,14,False,0.5587550401687622,papaya_overripe,0.2041541188955307,alexcj10
data\processed\test\papaya_overripe\alexcj10-ripenet_0003030.jpg,papaya_overripe,papaya_overripe,12,12,True,0.6730386018753052,mango_overripe,0.16316042840480804,alexcj10
data\processed\test\papaya_overripe\alexcj10-ripenet_0003031.jpg,papaya_overripe,papaya_ripe,12,13,False,0.7896096110343933,papaya_unripe,0.13660477101802826,alexcj10
data\processed\test\papaya_overripe\alexcj10-ripenet_0003032.jpg,papaya_overripe,mango_overripe,12,6,False,0.48230087757110596,papaya_overripe,0.45315277576446533,alexcj10
data\processed\test\papaya_overripe\alexcj10-ripenet_0003033.jpg,papaya_overripe,papaya_overripe,12,12,True,0.9354497194290161,papaya_ripe,0.042262982577085495,alexcj10
data\processed\test\papaya_overripe\alexcj10-ripenet_0003034.jpg,papaya_overripe,papaya_unripe,12,14,False,0.9079464673995972,papaya_overripe,0.03153884410858154,alexcj10
data\processed\test\papaya_overripe\alexcj10-ripenet_0003035.jpg,papaya_overripe,papaya_overripe,12,12,True,0.6444486379623413,mango_overripe,0.27829045057296753,alexcj10
data\processed\test\papaya_overripe\alexcj10-ripenet_0003036.jpg,papaya_overripe,papaya_ripe,12,13,False,0.6361774802207947,papaya_overripe,0.2079441398382187,alexcj10
data\processed\test\papaya_overripe\alexcj10-ripenet_0003037.jpg,papaya_overripe,mango_overripe,12,6,False,0.8460263013839722,apple_overripe,0.06810259819030762,alexcj10
data\processed\test\papaya_overripe\alexcj10-ripenet_0003038.jpg,papaya_overripe,papaya_overripe,12,12,True,0.9789765477180481,mango_overripe,0.016113409772515297,alexcj10
data\processed\test\papaya_overripe\alexcj10-ripenet_0003039.jpg,papaya_overripe,papaya_overripe,12,12,True,0.46525055170059204,mango_overripe,0.2346011996269226,alexcj10
data\processed\test\papaya_overripe\alexcj10-ripenet_0003040.jpg,papaya_overripe,papaya_overripe,12,12,True,0.7515180706977844,papaya_ripe,0.14790265262126923,alexcj10
data\processed\test\papaya_overripe\alexcj10-ripenet_0003041.jpg,papaya_overripe,mango_overripe,12,6,False,0.7622215151786804,papaya_overripe,0.19789910316467285,alexcj10
data\processed\test\papaya_overripe\alexcj10-ripenet_0003042.jpg,papaya_overripe,mango_overripe,12,6,False,0.5029130578041077,papaya_overripe,0.2365792691707611,alexcj10
data\processed\test\papaya_overripe\alexcj10-ripenet_0003043.jpg,papaya_overripe,papaya_ripe,12,13,False,0.6059387922286987,papaya_overripe,0.30577847361564636,alexcj10
data\processed\test\papaya_overripe\alexcj10-ripenet_0003044.jpg,papaya_overripe,papaya_overripe,12,12,True,0.8646959066390991,mango_overripe,0.11090199649333954,alexcj10
data\processed\test\papaya_overripe\alexcj10-ripenet_0003045.jpg,papaya_overripe,papaya_ripe,12,13,False,0.5570694208145142,papaya_overripe,0.2697104513645172,alexcj10
data\processed\test\papaya_overripe\alexcj10-ripenet_0003046.jpg,papaya_overripe,papaya_overripe,12,12,True,0.8270190358161926,papaya_ripe,0.0755147784948349,alexcj10
data\processed\test\papaya_overripe\alexcj10-ripenet_0003047.jpg,papaya_overripe,papaya_unripe,12,14,False,0.28813135623931885,mango_unripe,0.21561215817928314,alexcj10
data\processed\test\papaya_overripe\alexcj10-ripenet_0003048.jpg,papaya_overripe,mango_overripe,12,6,False,0.7350754141807556,papaya_overripe,0.16805417835712433,alexcj10
data\processed\test\papaya_overripe\alexcj10-ripenet_0003049.jpg,papaya_overripe,papaya_overripe,12,12,True,0.7750313878059387,apple_overripe,0.10357843339443207,alexcj10
data\processed\test\papaya_overripe\alexcj10-ripenet_0003050.jpg,papaya_overripe,papaya_overripe,12,12,True,0.8126532435417175,papaya_ripe,0.10161834210157394,alexcj10
data\processed\test\papaya_overripe\alexcj10-ripenet_0003051.jpg,papaya_overripe,papaya_ripe,12,13,False,0.7525133490562439,papaya_overripe,0.12725822627544403,alexcj10
data\processed\test\papaya_overripe\alexcj10-ripenet_0003052.jpg,papaya_overripe,papaya_overripe,12,12,True,0.49397003650665283,mango_overripe,0.17922906577587128,alexcj10
data\processed\test\papaya_overripe\alexcj10-ripenet_0003053.jpg,papaya_overripe,papaya_overripe,12,12,True,0.7314282059669495,papaya_ripe,0.21826083958148956,alexcj10
data\processed\test\papaya_overripe\alexcj10-ripenet_0003054.jpg,papaya_overripe,papaya_ripe,12,13,False,0.847931981086731,papaya_overripe,0.12548430263996124,alexcj10
data\processed\test\papaya_overripe\alexcj10-ripenet_0003055.jpg,papaya_overripe,papaya_overripe,12,12,True,0.7872593402862549,papaya_ripe,0.09170451760292053,alexcj10
data\processed\test\papaya_overripe\alexcj10-ripenet_0003056.jpg,papaya_overripe,mango_overripe,12,6,False,0.36114639043807983,papaya_overripe,0.33445286750793457,alexcj10
data\processed\test\papaya_overripe\alexcj10-ripenet_0003057.jpg,papaya_overripe,mango_unripe,12,8,False,0.43495264649391174,papaya_unripe,0.28315675258636475,alexcj10
data\processed\test\papaya_overripe\alexcj10-ripenet_0003058.jpg,papaya_overripe,mango_overripe,12,6,False,0.4213787317276001,papaya_overripe,0.30877992510795593,alexcj10
data\processed\test\papaya_ripe\alexcj10-ripenet_0003059.jpg,papaya_ripe,papaya_ripe,13,13,True,0.7414599061012268,papaya_unripe,0.17192557454109192,alexcj10
data\processed\test\papaya_ripe\alexcj10-ripenet_0003060.jpg,papaya_ripe,papaya_ripe,13,13,True,0.6752393245697021,papaya_unripe,0.2647974491119385,alexcj10
data\processed\test\papaya_ripe\alexcj10-ripenet_0003061.jpg,papaya_ripe,mango_ripe,13,7,False,0.2694322168827057,mango_overripe,0.20175352692604065,alexcj10
data\processed\test\papaya_ripe\alexcj10-ripenet_0003062.jpg,papaya_ripe,mango_ripe,13,7,False,0.2678428590297699,papaya_ripe,0.19655387103557587,alexcj10
data\processed\test\papaya_ripe\alexcj10-ripenet_0003063.jpg,papaya_ripe,papaya_ripe,13,13,True,0.584742546081543,papaya_overripe,0.27339017391204834,alexcj10
data\processed\test\papaya_ripe\alexcj10-ripenet_0003064.jpg,papaya_ripe,papaya_ripe,13,13,True,0.8338417410850525,papaya_unripe,0.11062685400247574,alexcj10
data\processed\test\papaya_ripe\alexcj10-ripenet_0003065.jpg,papaya_ripe,papaya_ripe,13,13,True,0.7296735048294067,papaya_overripe,0.15486596524715424,alexcj10
data\processed\test\papaya_ripe\alexcj10-ripenet_0003066.jpg,papaya_ripe,papaya_ripe,13,13,True,0.3650144338607788,mango_ripe,0.3124162256717682,alexcj10
data\processed\test\papaya_ripe\alexcj10-ripenet_0003067.jpg,papaya_ripe,papaya_ripe,13,13,True,0.5782095193862915,papaya_overripe,0.33004042506217957,alexcj10
data\processed\test\papaya_ripe\alexcj10-ripenet_0003068.jpg,papaya_ripe,papaya_ripe,13,13,True,0.3959634006023407,papaya_unripe,0.2044925093650818,alexcj10
data\processed\test\papaya_ripe\alexcj10-ripenet_0003069.jpg,papaya_ripe,banana_overripe,13,3,False,0.5147541165351868,papaya_overripe,0.24434944987297058,alexcj10
data\processed\test\papaya_ripe\alexcj10-ripenet_0003070.jpg,papaya_ripe,papaya_ripe,13,13,True,0.7878125309944153,papaya_overripe,0.1405019760131836,alexcj10
data\processed\test\papaya_ripe\alexcj10-ripenet_0003071.jpg,papaya_ripe,papaya_unripe,13,14,False,0.7406340837478638,papaya_ripe,0.13231463730335236,alexcj10
data\processed\test\papaya_ripe\alexcj10-ripenet_0003072.jpg,papaya_ripe,papaya_ripe,13,13,True,0.6201651096343994,papaya_unripe,0.3047749400138855,alexcj10
data\processed\test\papaya_ripe\alexcj10-ripenet_0003073.jpg,papaya_ripe,papaya_ripe,13,13,True,0.43299058079719543,papaya_unripe,0.30533263087272644,alexcj10
data\processed\test\papaya_ripe\alexcj10-ripenet_0003074.jpg,papaya_ripe,papaya_ripe,13,13,True,0.6887089014053345,papaya_overripe,0.14595770835876465,alexcj10
data\processed\test\papaya_ripe\alexcj10-ripenet_0003075.jpg,papaya_ripe,papaya_ripe,13,13,True,0.8170974254608154,papaya_overripe,0.09138853847980499,alexcj10
data\processed\test\papaya_ripe\alexcj10-ripenet_0003076.jpg,papaya_ripe,papaya_ripe,13,13,True,0.820224940776825,papaya_unripe,0.12181935459375381,alexcj10
data\processed\test\papaya_ripe\alexcj10-ripenet_0003077.jpg,papaya_ripe,papaya_ripe,13,13,True,0.7463122010231018,papaya_unripe,0.12996326386928558,alexcj10
data\processed\test\papaya_ripe\alexcj10-ripenet_0003078.jpg,papaya_ripe,papaya_ripe,13,13,True,0.46925926208496094,papaya_unripe,0.35482099652290344,alexcj10
data\processed\test\papaya_ripe\alexcj10-ripenet_0003079.jpg,papaya_ripe,papaya_ripe,13,13,True,0.7040261626243591,papaya_overripe,0.14850735664367676,alexcj10
data\processed\test\papaya_ripe\alexcj10-ripenet_0003080.jpg,papaya_ripe,papaya_ripe,13,13,True,0.6142231225967407,papaya_unripe,0.35864511132240295,alexcj10
data\processed\test\papaya_ripe\alexcj10-ripenet_0003081.jpg,papaya_ripe,papaya_ripe,13,13,True,0.6027800440788269,papaya_unripe,0.17382623255252838,alexcj10
data\processed\test\papaya_ripe\alexcj10-ripenet_0003082.jpg,papaya_ripe,papaya_ripe,13,13,True,0.6604456305503845,papaya_unripe,0.16148318350315094,alexcj10
data\processed\test\papaya_ripe\alexcj10-ripenet_0003083.jpg,papaya_ripe,papaya_ripe,13,13,True,0.7814618349075317,papaya_unripe,0.14425857365131378,alexcj10
data\processed\test\papaya_ripe\alexcj10-ripenet_0003084.jpg,papaya_ripe,papaya_ripe,13,13,True,0.7416828870773315,papaya_unripe,0.09778811782598495,alexcj10
data\processed\test\papaya_ripe\alexcj10-ripenet_0003085.jpg,papaya_ripe,papaya_ripe,13,13,True,0.7609273791313171,papaya_unripe,0.14441178739070892,alexcj10
data\processed\test\papaya_ripe\alexcj10-ripenet_0003086.jpg,papaya_ripe,papaya_ripe,13,13,True,0.7868692278862,papaya_unripe,0.11849470436573029,alexcj10
data\processed\test\papaya_ripe\alexcj10-ripenet_0003087.jpg,papaya_ripe,papaya_ripe,13,13,True,0.8272679448127747,papaya_unripe,0.09126577526330948,alexcj10
data\processed\test\papaya_ripe\alexcj10-ripenet_0003088.jpg,papaya_ripe,papaya_ripe,13,13,True,0.8787548542022705,papaya_unripe,0.06697516143321991,alexcj10
data\processed\test\papaya_ripe\alexcj10-ripenet_0003089.jpg,papaya_ripe,papaya_ripe,13,13,True,0.6087453961372375,papaya_overripe,0.30322739481925964,alexcj10
data\processed\test\papaya_ripe\alexcj10-ripenet_0003090.jpg,papaya_ripe,papaya_ripe,13,13,True,0.7468754053115845,papaya_unripe,0.16144433617591858,alexcj10
data\processed\test\papaya_ripe\alexcj10-ripenet_0003091.jpg,papaya_ripe,papaya_ripe,13,13,True,0.6923910975456238,papaya_unripe,0.22896356880664825,alexcj10
data\processed\test\papaya_ripe\alexcj10-ripenet_0003092.jpg,papaya_ripe,papaya_ripe,13,13,True,0.5863715410232544,papaya_unripe,0.118782177567482,alexcj10
data\processed\test\papaya_ripe\alexcj10-ripenet_0003093.jpg,papaya_ripe,papaya_unripe,13,14,False,0.6392415165901184,papaya_ripe,0.149667888879776,alexcj10
data\processed\test\papaya_ripe\alexcj10-ripenet_0003094.jpg,papaya_ripe,papaya_ripe,13,13,True,0.6949180960655212,papaya_unripe,0.17253577709197998,alexcj10
data\processed\test\papaya_ripe\alexcj10-ripenet_0003095.jpg,papaya_ripe,papaya_ripe,13,13,True,0.6195060014724731,papaya_unripe,0.35783883929252625,alexcj10
data\processed\test\papaya_ripe\alexcj10-ripenet_0003096.jpg,papaya_ripe,papaya_ripe,13,13,True,0.554725170135498,papaya_unripe,0.13124524056911469,alexcj10
data\processed\test\papaya_ripe\alexcj10-ripenet_0003097.jpg,papaya_ripe,papaya_overripe,13,12,False,0.3550792336463928,papaya_ripe,0.3218068778514862,alexcj10
data\processed\test\papaya_ripe\alexcj10-ripenet_0003098.jpg,papaya_ripe,papaya_ripe,13,13,True,0.5887554883956909,papaya_overripe,0.1681446135044098,alexcj10
data\processed\test\papaya_ripe\alexcj10-ripenet_0003099.jpg,papaya_ripe,mango_ripe,13,7,False,0.5797180533409119,apple_ripe,0.1051635816693306,alexcj10
data\processed\test\papaya_ripe\alexcj10-ripenet_0003100.jpg,papaya_ripe,banana_ripe,13,4,False,0.26211196184158325,apple_ripe,0.12128788977861404,alexcj10
data\processed\test\papaya_ripe\alexcj10-ripenet_0003101.jpg,papaya_ripe,papaya_ripe,13,13,True,0.6069314479827881,papaya_unripe,0.2961672842502594,alexcj10
data\processed\test\papaya_ripe\alexcj10-ripenet_0003102.jpg,papaya_ripe,papaya_unripe,13,14,False,0.9489114880561829,banana_unripe,0.02413434535264969,alexcj10
data\processed\test\papaya_ripe\alexcj10-ripenet_0003103.jpg,papaya_ripe,pineapple_ripe,13,16,False,0.20603924989700317,pineapple_overripe,0.1746467500925064,alexcj10
data\processed\test\papaya_ripe\alexcj10-ripenet_0003104.jpg,papaya_ripe,papaya_ripe,13,13,True,0.817213773727417,papaya_unripe,0.12398404628038406,alexcj10
data\processed\test\papaya_ripe\alexcj10-ripenet_0003105.jpg,papaya_ripe,papaya_ripe,13,13,True,0.5706214904785156,papaya_overripe,0.21426592767238617,alexcj10
data\processed\test\papaya_ripe\alexcj10-ripenet_0003106.jpg,papaya_ripe,papaya_ripe,13,13,True,0.4107852280139923,mango_ripe,0.37821418046951294,alexcj10
data\processed\test\papaya_ripe\alexcj10-ripenet_0003107.jpg,papaya_ripe,papaya_ripe,13,13,True,0.7362121343612671,papaya_overripe,0.1441207230091095,alexcj10
data\processed\test\papaya_ripe\alexcj10-ripenet_0003108.jpg,papaya_ripe,mango_ripe,13,7,False,0.38317954540252686,papaya_ripe,0.28903302550315857,alexcj10
data\processed\test\papaya_unripe\alexcj10-ripenet_0003109.jpg,papaya_unripe,papaya_unripe,14,14,True,0.8910918831825256,mango_unripe,0.04427266865968704,alexcj10
data\processed\test\papaya_unripe\alexcj10-ripenet_0003110.jpg,papaya_unripe,papaya_unripe,14,14,True,0.8385916352272034,pineapple_unripe,0.041616879403591156,alexcj10
data\processed\test\papaya_unripe\alexcj10-ripenet_0003111.jpg,papaya_unripe,papaya_unripe,14,14,True,0.8237264752388,mango_unripe,0.05355732887983322,alexcj10
data\processed\test\papaya_unripe\alexcj10-ripenet_0003112.jpg,papaya_unripe,papaya_ripe,14,13,False,0.5508125424385071,papaya_unripe,0.36402982473373413,alexcj10
data\processed\test\papaya_unripe\alexcj10-ripenet_0003113.jpg,papaya_unripe,papaya_ripe,14,13,False,0.36675676703453064,papaya_unripe,0.23951928317546844,alexcj10
data\processed\test\papaya_unripe\alexcj10-ripenet_0003114.jpg,papaya_unripe,papaya_unripe,14,14,True,0.9914067983627319,papaya_overripe,0.00273219496011734,alexcj10
data\processed\test\papaya_unripe\alexcj10-ripenet_0003115.jpg,papaya_unripe,papaya_unripe,14,14,True,0.7781919240951538,mango_unripe,0.07943058013916016,alexcj10
data\processed\test\papaya_unripe\alexcj10-ripenet_0003116.jpg,papaya_unripe,papaya_ripe,14,13,False,0.8372827768325806,papaya_overripe,0.08160737156867981,alexcj10
data\processed\test\papaya_unripe\alexcj10-ripenet_0003117.jpg,papaya_unripe,papaya_unripe,14,14,True,0.9416216611862183,apple_unripe,0.02113722264766693,alexcj10
data\processed\test\papaya_unripe\alexcj10-ripenet_0003118.jpg,papaya_unripe,papaya_ripe,14,13,False,0.49589961767196655,papaya_overripe,0.27276891469955444,alexcj10
data\processed\test\papaya_unripe\alexcj10-ripenet_0003119.jpg,papaya_unripe,papaya_unripe,14,14,True,0.971985399723053,papaya_overripe,0.008150799199938774,alexcj10
data\processed\test\papaya_unripe\alexcj10-ripenet_0003120.jpg,papaya_unripe,papaya_unripe,14,14,True,0.9583438634872437,mango_unripe,0.01991105079650879,alexcj10
data\processed\test\papaya_unripe\alexcj10-ripenet_0003121.jpg,papaya_unripe,papaya_ripe,14,13,False,0.6305474638938904,papaya_unripe,0.20924948155879974,alexcj10
data\processed\test\papaya_unripe\alexcj10-ripenet_0003122.jpg,papaya_unripe,pineapple_unripe,14,17,False,0.3895353674888611,papaya_unripe,0.29603105783462524,alexcj10
data\processed\test\papaya_unripe\alexcj10-ripenet_0003123.jpg,papaya_unripe,papaya_unripe,14,14,True,0.8288544416427612,papaya_ripe,0.13263244926929474,alexcj10
data\processed\test\papaya_unripe\alexcj10-ripenet_0003124.jpg,papaya_unripe,papaya_ripe,14,13,False,0.5199028253555298,papaya_unripe,0.30820584297180176,alexcj10
data\processed\test\papaya_unripe\alexcj10-ripenet_0003125.jpg,papaya_unripe,papaya_unripe,14,14,True,0.9766390919685364,papaya_overripe,0.012778418138623238,alexcj10
data\processed\test\papaya_unripe\alexcj10-ripenet_0003126.jpg,papaya_unripe,papaya_ripe,14,13,False,0.7308064699172974,papaya_unripe,0.13421344757080078,alexcj10
data\processed\test\papaya_unripe\alexcj10-ripenet_0003127.jpg,papaya_unripe,papaya_unripe,14,14,True,0.5725611448287964,papaya_ripe,0.37780332565307617,alexcj10
data\processed\test\papaya_unripe\alexcj10-ripenet_0003128.jpg,papaya_unripe,papaya_unripe,14,14,True,0.673464834690094,apple_unripe,0.07543191313743591,alexcj10
data\processed\test\papaya_unripe\alexcj10-ripenet_0003129.jpg,papaya_unripe,papaya_ripe,14,13,False,0.514472484588623,papaya_unripe,0.14396220445632935,alexcj10
data\processed\test\papaya_unripe\alexcj10-ripenet_0003130.jpg,papaya_unripe,papaya_unripe,14,14,True,0.2855646312236786,mango_unripe,0.26024916768074036,alexcj10
data\processed\test\papaya_unripe\alexcj10-ripenet_0003131.jpg,papaya_unripe,papaya_unripe,14,14,True,0.977501630783081,papaya_ripe,0.01184156071394682,alexcj10
data\processed\test\papaya_unripe\alexcj10-ripenet_0003132.jpg,papaya_unripe,papaya_unripe,14,14,True,0.9296547174453735,papaya_overripe,0.020113840699195862,alexcj10
data\processed\test\papaya_unripe\alexcj10-ripenet_0003133.jpg,papaya_unripe,papaya_unripe,14,14,True,0.8020691871643066,papaya_overripe,0.11848825216293335,alexcj10
data\processed\test\papaya_unripe\alexcj10-ripenet_0003134.jpg,papaya_unripe,papaya_unripe,14,14,True,0.984734296798706,papaya_overripe,0.011388157494366169,alexcj10
data\processed\test\papaya_unripe\alexcj10-ripenet_0003135.jpg,papaya_unripe,papaya_ripe,14,13,False,0.9396011829376221,papaya_unripe,0.04211104288697243,alexcj10
data\processed\test\papaya_unripe\alexcj10-ripenet_0003136.jpg,papaya_unripe,papaya_unripe,14,14,True,0.8336036801338196,mango_unripe,0.06829740107059479,alexcj10
data\processed\test\papaya_unripe\alexcj10-ripenet_0003137.jpg,papaya_unripe,papaya_unripe,14,14,True,0.5668421387672424,papaya_ripe,0.38821521401405334,alexcj10
data\processed\test\papaya_unripe\alexcj10-ripenet_0003138.jpg,papaya_unripe,papaya_unripe,14,14,True,0.9812381863594055,papaya_overripe,0.006304671056568623,alexcj10
data\processed\test\papaya_unripe\alexcj10-ripenet_0003139.jpg,papaya_unripe,pineapple_ripe,14,16,False,0.34915947914123535,pineapple_overripe,0.2668660879135132,alexcj10
data\processed\test\papaya_unripe\alexcj10-ripenet_0003140.jpg,papaya_unripe,papaya_unripe,14,14,True,0.8013310432434082,papaya_overripe,0.04051797091960907,alexcj10
data\processed\test\papaya_unripe\alexcj10-ripenet_0003141.jpg,papaya_unripe,papaya_unripe,14,14,True,0.6782366037368774,mango_unripe,0.18915864825248718,alexcj10
data\processed\test\papaya_unripe\alexcj10-ripenet_0003142.jpg,papaya_unripe,papaya_unripe,14,14,True,0.9452806711196899,mango_unripe,0.022518204525113106,alexcj10
data\processed\test\papaya_unripe\alexcj10-ripenet_0003143.jpg,papaya_unripe,mango_ripe,14,7,False,0.5502120852470398,papaya_unripe,0.22621272504329681,alexcj10
data\processed\test\papaya_unripe\alexcj10-ripenet_0003144.jpg,papaya_unripe,papaya_ripe,14,13,False,0.5993608236312866,papaya_unripe,0.3277692496776581,alexcj10
data\processed\test\papaya_unripe\alexcj10-ripenet_0003145.jpg,papaya_unripe,papaya_unripe,14,14,True,0.9819003939628601,tomato_unripe,0.004025328438729048,alexcj10
data\processed\test\papaya_unripe\alexcj10-ripenet_0003146.jpg,papaya_unripe,banana_unripe,14,5,False,0.42852213978767395,mango_unripe,0.3536628186702728,alexcj10
data\processed\test\papaya_unripe\alexcj10-ripenet_0003147.jpg,papaya_unripe,papaya_unripe,14,14,True,0.6385273933410645,banana_unripe,0.25885432958602905,alexcj10
data\processed\test\papaya_unripe\alexcj10-ripenet_0003148.jpg,papaya_unripe,papaya_unripe,14,14,True,0.33807212114334106,mango_unripe,0.2251589149236679,alexcj10
data\processed\test\papaya_unripe\alexcj10-ripenet_0003149.jpg,papaya_unripe,papaya_unripe,14,14,True,0.860521137714386,papaya_overripe,0.060632601380348206,alexcj10
data\processed\test\papaya_unripe\alexcj10-ripenet_0003150.jpg,papaya_unripe,papaya_unripe,14,14,True,0.9793120622634888,mango_unripe,0.015003977343440056,alexcj10
data\processed\test\papaya_unripe\alexcj10-ripenet_0003151.jpg,papaya_unripe,papaya_ripe,14,13,False,0.6046217083930969,papaya_unripe,0.2388019859790802,alexcj10
data\processed\test\papaya_unripe\alexcj10-ripenet_0003152.jpg,papaya_unripe,papaya_unripe,14,14,True,0.9918814301490784,papaya_overripe,0.0027200535405427217,alexcj10
data\processed\test\papaya_unripe\alexcj10-ripenet_0003153.jpg,papaya_unripe,papaya_unripe,14,14,True,0.8030045628547668,mango_unripe,0.07852199673652649,alexcj10
data\processed\test\papaya_unripe\alexcj10-ripenet_0003154.jpg,papaya_unripe,papaya_unripe,14,14,True,0.7096812725067139,papaya_overripe,0.17816917598247528,alexcj10
data\processed\test\papaya_unripe\alexcj10-ripenet_0003155.jpg,papaya_unripe,papaya_unripe,14,14,True,0.7955777645111084,banana_unripe,0.15465818345546722,alexcj10
data\processed\test\papaya_unripe\alexcj10-ripenet_0003156.jpg,papaya_unripe,papaya_unripe,14,14,True,0.7169208526611328,pineapple_unripe,0.08421143889427185,alexcj10
data\processed\test\papaya_unripe\alexcj10-ripenet_0003157.jpg,papaya_unripe,banana_ripe,14,4,False,0.3224307894706726,mango_ripe,0.25168755650520325,alexcj10
data\processed\test\papaya_unripe\alexcj10-ripenet_0003158.jpg,papaya_unripe,papaya_unripe,14,14,True,0.8715581893920898,papaya_ripe,0.02629292942583561,alexcj10
data\processed\test\pineapple_overripe\alexcj10-ripenet_0003159.jpg,pineapple_overripe,pineapple_ripe,15,16,False,0.46495291590690613,pineapple_unripe,0.31032222509384155,alexcj10
data\processed\test\pineapple_overripe\alexcj10-ripenet_0003160.jpg,pineapple_overripe,pineapple_overripe,15,15,True,0.7200826406478882,pineapple_ripe,0.19699810445308685,alexcj10
data\processed\test\pineapple_overripe\alexcj10-ripenet_0003161.jpg,pineapple_overripe,pineapple_overripe,15,15,True,0.27669206261634827,pineapple_ripe,0.20960012078285217,alexcj10
data\processed\test\pineapple_overripe\alexcj10-ripenet_0003162.jpg,pineapple_overripe,pineapple_overripe,15,15,True,0.6227294206619263,pineapple_ripe,0.25624364614486694,alexcj10
data\processed\test\pineapple_overripe\alexcj10-ripenet_0003163.jpg,pineapple_overripe,apple_unripe,15,2,False,0.20522789657115936,papaya_ripe,0.17647774517536163,alexcj10
data\processed\test\pineapple_overripe\alexcj10-ripenet_0003164.jpg,pineapple_overripe,pineapple_ripe,15,16,False,0.4101572632789612,pineapple_unripe,0.3134557902812958,alexcj10
data\processed\test\pineapple_overripe\alexcj10-ripenet_0003165.jpg,pineapple_overripe,pineapple_unripe,15,17,False,0.5736491084098816,pineapple_ripe,0.2938832938671112,alexcj10
data\processed\test\pineapple_overripe\alexcj10-ripenet_0003166.jpg,pineapple_overripe,pineapple_overripe,15,15,True,0.46483114361763,pineapple_ripe,0.3608016073703766,alexcj10
data\processed\test\pineapple_overripe\alexcj10-ripenet_0003167.jpg,pineapple_overripe,pineapple_overripe,15,15,True,0.4698878526687622,pineapple_ripe,0.30921247601509094,alexcj10
data\processed\test\pineapple_overripe\alexcj10-ripenet_0003168.jpg,pineapple_overripe,pineapple_overripe,15,15,True,0.9041633605957031,apple_overripe,0.03689752519130707,alexcj10
data\processed\test\pineapple_overripe\alexcj10-ripenet_0003169.jpg,pineapple_overripe,pineapple_overripe,15,15,True,0.5022145509719849,pineapple_ripe,0.30338969826698303,alexcj10
data\processed\test\pineapple_overripe\alexcj10-ripenet_0003170.jpg,pineapple_overripe,pineapple_unripe,15,17,False,0.3751305639743805,pineapple_overripe,0.33830565214157104,alexcj10
data\processed\test\pineapple_overripe\alexcj10-ripenet_0003171.jpg,pineapple_overripe,banana_unripe,15,5,False,0.8096102476119995,apple_unripe,0.09602222591638565,alexcj10
data\processed\test\pineapple_overripe\alexcj10-ripenet_0003172.jpg,pineapple_overripe,pineapple_overripe,15,15,True,0.9475517272949219,pineapple_ripe,0.02859736606478691,alexcj10
data\processed\test\pineapple_overripe\alexcj10-ripenet_0003173.jpg,pineapple_overripe,pineapple_overripe,15,15,True,0.7146064639091492,pineapple_ripe,0.20663246512413025,alexcj10
data\processed\test\pineapple_overripe\alexcj10-ripenet_0003174.jpg,pineapple_overripe,papaya_overripe,15,12,False,0.24727793037891388,pineapple_overripe,0.15203696489334106,alexcj10
data\processed\test\pineapple_overripe\alexcj10-ripenet_0003175.jpg,pineapple_overripe,pineapple_overripe,15,15,True,0.7065508365631104,pineapple_ripe,0.17163361608982086,alexcj10
data\processed\test\pineapple_overripe\alexcj10-ripenet_0003176.jpg,pineapple_overripe,orange_overripe,15,9,False,0.25892695784568787,orange_unripe,0.2412186563014984,alexcj10
data\processed\test\pineapple_overripe\alexcj10-ripenet_0003177.jpg,pineapple_overripe,pineapple_ripe,15,16,False,0.5898070931434631,pineapple_overripe,0.3071436285972595,alexcj10
data\processed\test\pineapple_overripe\alexcj10-ripenet_0003178.jpg,pineapple_overripe,pineapple_unripe,15,17,False,0.6225256323814392,pineapple_ripe,0.3301156759262085,alexcj10
data\processed\test\pineapple_overripe\alexcj10-ripenet_0003179.jpg,pineapple_overripe,pineapple_overripe,15,15,True,0.8758482336997986,pineapple_ripe,0.08449822664260864,alexcj10
data\processed\test\pineapple_overripe\alexcj10-ripenet_0003180.jpg,pineapple_overripe,pineapple_overripe,15,15,True,0.6854218244552612,pineapple_ripe,0.16292248666286469,alexcj10
data\processed\test\pineapple_overripe\alexcj10-ripenet_0003181.jpg,pineapple_overripe,pineapple_overripe,15,15,True,0.9886108040809631,pineapple_ripe,0.00774005800485611,alexcj10
data\processed\test\pineapple_overripe\alexcj10-ripenet_0003182.jpg,pineapple_overripe,pineapple_overripe,15,15,True,0.4919831454753876,pineapple_ripe,0.3517708480358124,alexcj10
data\processed\test\pineapple_overripe\alexcj10-ripenet_0003183.jpg,pineapple_overripe,pineapple_unripe,15,17,False,0.47768086194992065,pineapple_ripe,0.3084148168563843,alexcj10
data\processed\test\pineapple_overripe\alexcj10-ripenet_0003184.jpg,pineapple_overripe,pineapple_overripe,15,15,True,0.9340848922729492,pineapple_ripe,0.048362474888563156,alexcj10
data\processed\test\pineapple_overripe\alexcj10-ripenet_0003185.jpg,pineapple_overripe,pineapple_ripe,15,16,False,0.5779395699501038,pineapple_overripe,0.32427558302879333,alexcj10
data\processed\test\pineapple_overripe\alexcj10-ripenet_0003186.jpg,pineapple_overripe,pineapple_overripe,15,15,True,0.9332475662231445,pineapple_ripe,0.04949147626757622,alexcj10
data\processed\test\pineapple_overripe\alexcj10-ripenet_0003187.jpg,pineapple_overripe,pineapple_overripe,15,15,True,0.4270644783973694,pineapple_unripe,0.29681193828582764,alexcj10
data\processed\test\pineapple_overripe\alexcj10-ripenet_0003188.jpg,pineapple_overripe,pineapple_overripe,15,15,True,0.8422398567199707,pineapple_ripe,0.09861230105161667,alexcj10
data\processed\test\pineapple_overripe\alexcj10-ripenet_0003189.jpg,pineapple_overripe,pineapple_unripe,15,17,False,0.49377214908599854,pineapple_ripe,0.4058268964290619,alexcj10
data\processed\test\pineapple_overripe\alexcj10-ripenet_0003190.jpg,pineapple_overripe,pineapple_overripe,15,15,True,0.8721844553947449,pineapple_ripe,0.07984042167663574,alexcj10
data\processed\test\pineapple_overripe\alexcj10-ripenet_0003191.jpg,pineapple_overripe,pineapple_overripe,15,15,True,0.6921965479850769,pineapple_ripe,0.16019251942634583,alexcj10
data\processed\test\pineapple_overripe\alexcj10-ripenet_0003192.jpg,pineapple_overripe,pineapple_overripe,15,15,True,0.868264377117157,pineapple_ripe,0.09003349393606186,alexcj10
data\processed\test\pineapple_overripe\alexcj10-ripenet_0003193.jpg,pineapple_overripe,pineapple_ripe,15,16,False,0.6657698154449463,pineapple_overripe,0.2588563561439514,alexcj10
data\processed\test\pineapple_overripe\alexcj10-ripenet_0003194.jpg,pineapple_overripe,pineapple_overripe,15,15,True,0.5144677758216858,pineapple_ripe,0.39393019676208496,alexcj10
data\processed\test\pineapple_overripe\alexcj10-ripenet_0003195.jpg,pineapple_overripe,pineapple_overripe,15,15,True,0.7794977426528931,pineapple_unripe,0.10506243258714676,alexcj10
data\processed\test\pineapple_overripe\alexcj10-ripenet_0003196.jpg,pineapple_overripe,pineapple_overripe,15,15,True,0.87375807762146,pineapple_ripe,0.08601222187280655,alexcj10
data\processed\test\pineapple_overripe\alexcj10-ripenet_0003197.jpg,pineapple_overripe,pineapple_overripe,15,15,True,0.9633374810218811,pineapple_ripe,0.03063281998038292,alexcj10
data\processed\test\pineapple_overripe\alexcj10-ripenet_0003198.jpg,pineapple_overripe,pineapple_overripe,15,15,True,0.7775365710258484,pineapple_ripe,0.12726019322872162,alexcj10
data\processed\test\pineapple_overripe\alexcj10-ripenet_0003199.jpg,pineapple_overripe,papaya_overripe,15,12,False,0.23216243088245392,mango_overripe,0.1986127495765686,alexcj10
data\processed\test\pineapple_overripe\alexcj10-ripenet_0003200.jpg,pineapple_overripe,pineapple_overripe,15,15,True,0.7567946910858154,pineapple_ripe,0.09363783150911331,alexcj10
data\processed\test\pineapple_overripe\alexcj10-ripenet_0003201.jpg,pineapple_overripe,pineapple_overripe,15,15,True,0.510868489742279,pineapple_ripe,0.2429581731557846,alexcj10
data\processed\test\pineapple_ripe\alexcj10-ripenet_0003202.jpg,pineapple_ripe,pineapple_ripe,16,16,True,0.46364855766296387,pineapple_unripe,0.44574108719825745,alexcj10
data\processed\test\pineapple_ripe\alexcj10-ripenet_0003203.jpg,pineapple_ripe,pineapple_ripe,16,16,True,0.49134561419487,pineapple_overripe,0.2550845146179199,alexcj10
data\processed\test\pineapple_ripe\alexcj10-ripenet_0003204.jpg,pineapple_ripe,pineapple_unripe,16,17,False,0.6808809638023376,pineapple_ripe,0.29148951172828674,alexcj10
data\processed\test\pineapple_ripe\alexcj10-ripenet_0003205.jpg,pineapple_ripe,pineapple_ripe,16,16,True,0.50785231590271,pineapple_unripe,0.3691643476486206,alexcj10
data\processed\test\pineapple_ripe\alexcj10-ripenet_0003206.jpg,pineapple_ripe,pineapple_ripe,16,16,True,0.43463262915611267,pineapple_unripe,0.4320993423461914,alexcj10
data\processed\test\pineapple_ripe\alexcj10-ripenet_0003207.jpg,pineapple_ripe,pineapple_unripe,16,17,False,0.6280884146690369,pineapple_ripe,0.3066488802433014,alexcj10
data\processed\test\pineapple_ripe\alexcj10-ripenet_0003208.jpg,pineapple_ripe,pineapple_unripe,16,17,False,0.6832551956176758,pineapple_ripe,0.2928749620914459,alexcj10
data\processed\test\pineapple_ripe\alexcj10-ripenet_0003209.jpg,pineapple_ripe,pineapple_overripe,16,15,False,0.5407041311264038,pineapple_ripe,0.40323004126548767,alexcj10
data\processed\test\pineapple_ripe\alexcj10-ripenet_0003210.jpg,pineapple_ripe,pineapple_ripe,16,16,True,0.6074424982070923,papaya_ripe,0.12459047138690948,alexcj10
data\processed\test\pineapple_ripe\alexcj10-ripenet_0003211.jpg,pineapple_ripe,pineapple_unripe,16,17,False,0.645139753818512,pineapple_ripe,0.3422554135322571,alexcj10
data\processed\test\pineapple_ripe\alexcj10-ripenet_0003212.jpg,pineapple_ripe,pineapple_unripe,16,17,False,0.6667298674583435,pineapple_ripe,0.2873231768608093,alexcj10
data\processed\test\pineapple_ripe\alexcj10-ripenet_0003213.jpg,pineapple_ripe,pineapple_ripe,16,16,True,0.5622293949127197,pineapple_overripe,0.21836788952350616,alexcj10
data\processed\test\pineapple_ripe\alexcj10-ripenet_0003214.jpg,pineapple_ripe,pineapple_unripe,16,17,False,0.3469383120536804,pineapple_overripe,0.3274766802787781,alexcj10
data\processed\test\pineapple_ripe\alexcj10-ripenet_0003215.jpg,pineapple_ripe,pineapple_unripe,16,17,False,0.7505176067352295,pineapple_ripe,0.21449632942676544,alexcj10
data\processed\test\pineapple_ripe\alexcj10-ripenet_0003216.jpg,pineapple_ripe,pineapple_ripe,16,16,True,0.7566001415252686,pineapple_unripe,0.14529693126678467,alexcj10
data\processed\test\pineapple_ripe\alexcj10-ripenet_0003217.jpg,pineapple_ripe,pineapple_ripe,16,16,True,0.538062572479248,pineapple_unripe,0.4163835048675537,alexcj10
data\processed\test\pineapple_ripe\alexcj10-ripenet_0003218.jpg,pineapple_ripe,pineapple_unripe,16,17,False,0.7744355201721191,pineapple_ripe,0.19897326827049255,alexcj10
data\processed\test\pineapple_ripe\alexcj10-ripenet_0003219.jpg,pineapple_ripe,pineapple_ripe,16,16,True,0.3576575517654419,pineapple_unripe,0.3414032459259033,alexcj10
data\processed\test\pineapple_ripe\alexcj10-ripenet_0003220.jpg,pineapple_ripe,pineapple_unripe,16,17,False,0.4349648058414459,pineapple_ripe,0.3748818635940552,alexcj10
data\processed\test\pineapple_ripe\alexcj10-ripenet_0003221.jpg,pineapple_ripe,pineapple_overripe,16,15,False,0.5276139974594116,pineapple_ripe,0.28481829166412354,alexcj10
data\processed\test\pineapple_ripe\alexcj10-ripenet_0003222.jpg,pineapple_ripe,pineapple_unripe,16,17,False,0.646194338798523,pineapple_ripe,0.2736571133136749,alexcj10
data\processed\test\pineapple_ripe\alexcj10-ripenet_0003223.jpg,pineapple_ripe,pineapple_ripe,16,16,True,0.28620508313179016,pineapple_overripe,0.20648644864559174,alexcj10
data\processed\test\pineapple_ripe\alexcj10-ripenet_0003224.jpg,pineapple_ripe,pineapple_unripe,16,17,False,0.5411118865013123,pineapple_ripe,0.29043641686439514,alexcj10
data\processed\test\pineapple_ripe\alexcj10-ripenet_0003225.jpg,pineapple_ripe,pineapple_ripe,16,16,True,0.5699816346168518,pineapple_unripe,0.2620982229709625,alexcj10
data\processed\test\pineapple_ripe\alexcj10-ripenet_0003226.jpg,pineapple_ripe,pineapple_ripe,16,16,True,0.6076826453208923,pineapple_unripe,0.23701795935630798,alexcj10
data\processed\test\pineapple_ripe\alexcj10-ripenet_0003227.jpg,pineapple_ripe,pineapple_unripe,16,17,False,0.6173932552337646,pineapple_overripe,0.20475979149341583,alexcj10
data\processed\test\pineapple_ripe\alexcj10-ripenet_0003228.jpg,pineapple_ripe,pineapple_ripe,16,16,True,0.5374879837036133,pineapple_overripe,0.32418036460876465,alexcj10
data\processed\test\pineapple_ripe\alexcj10-ripenet_0003229.jpg,pineapple_ripe,pineapple_ripe,16,16,True,0.5671659111976624,pineapple_overripe,0.21954675018787384,alexcj10
data\processed\test\pineapple_ripe\alexcj10-ripenet_0003230.jpg,pineapple_ripe,pineapple_ripe,16,16,True,0.3872441053390503,pineapple_unripe,0.36619997024536133,alexcj10
data\processed\test\pineapple_ripe\alexcj10-ripenet_0003231.jpg,pineapple_ripe,pineapple_unripe,16,17,False,0.6688652038574219,pineapple_ripe,0.28822237253189087,alexcj10
data\processed\test\pineapple_ripe\alexcj10-ripenet_0003232.jpg,pineapple_ripe,pineapple_unripe,16,17,False,0.37017539143562317,pineapple_ripe,0.3543480336666107,alexcj10
data\processed\test\pineapple_ripe\alexcj10-ripenet_0003233.jpg,pineapple_ripe,pineapple_ripe,16,16,True,0.5478447079658508,pineapple_unripe,0.2964751422405243,alexcj10
data\processed\test\pineapple_ripe\alexcj10-ripenet_0003234.jpg,pineapple_ripe,pineapple_ripe,16,16,True,0.8126868605613708,pineapple_overripe,0.1223498284816742,alexcj10
data\processed\test\pineapple_ripe\alexcj10-ripenet_0003235.jpg,pineapple_ripe,pineapple_ripe,16,16,True,0.27586308121681213,papaya_ripe,0.15107108652591705,alexcj10
data\processed\test\pineapple_ripe\alexcj10-ripenet_0003236.jpg,pineapple_ripe,pineapple_overripe,16,15,False,0.8714718222618103,pineapple_ripe,0.11554097384214401,alexcj10
data\processed\test\pineapple_ripe\alexcj10-ripenet_0003237.jpg,pineapple_ripe,pineapple_ripe,16,16,True,0.5491827130317688,pineapple_overripe,0.17348326742649078,alexcj10
data\processed\test\pineapple_ripe\alexcj10-ripenet_0003238.jpg,pineapple_ripe,mango_ripe,16,7,False,0.4797041118144989,papaya_ripe,0.10476472973823547,alexcj10
data\processed\test\pineapple_ripe\alexcj10-ripenet_0003239.jpg,pineapple_ripe,pineapple_ripe,16,16,True,0.6577476263046265,pineapple_unripe,0.23448753356933594,alexcj10
data\processed\test\pineapple_ripe\alexcj10-ripenet_0003240.jpg,pineapple_ripe,pineapple_unripe,16,17,False,0.5626544952392578,pineapple_ripe,0.3084845244884491,alexcj10
data\processed\test\pineapple_ripe\alexcj10-ripenet_0003241.jpg,pineapple_ripe,pineapple_ripe,16,16,True,0.46497926115989685,pineapple_unripe,0.45787063241004944,alexcj10
data\processed\test\pineapple_ripe\alexcj10-ripenet_0003242.jpg,pineapple_ripe,pineapple_ripe,16,16,True,0.6961954832077026,pineapple_unripe,0.13982971012592316,alexcj10
data\processed\test\pineapple_ripe\alexcj10-ripenet_0003243.jpg,pineapple_ripe,pineapple_overripe,16,15,False,0.6370887160301208,pineapple_ripe,0.1755201816558838,alexcj10
data\processed\test\pineapple_ripe\alexcj10-ripenet_0003244.jpg,pineapple_ripe,pineapple_ripe,16,16,True,0.567835807800293,pineapple_unripe,0.38746219873428345,alexcj10
data\processed\test\pineapple_ripe\alexcj10-ripenet_0003245.jpg,pineapple_ripe,pineapple_ripe,16,16,True,0.41715922951698303,pineapple_unripe,0.4081619381904602,alexcj10
data\processed\test\pineapple_ripe\alexcj10-ripenet_0003246.jpg,pineapple_ripe,pineapple_ripe,16,16,True,0.5056402087211609,pineapple_unripe,0.1465626209974289,alexcj10
data\processed\test\pineapple_ripe\alexcj10-ripenet_0003247.jpg,pineapple_ripe,pineapple_ripe,16,16,True,0.5682321190834045,pineapple_overripe,0.14248551428318024,alexcj10
data\processed\test\pineapple_ripe\alexcj10-ripenet_0003248.jpg,pineapple_ripe,pineapple_ripe,16,16,True,0.4763861894607544,pineapple_unripe,0.28907278180122375,alexcj10
data\processed\test\pineapple_unripe\alexcj10-ripenet_0003249.jpg,pineapple_unripe,pineapple_unripe,17,17,True,0.9660558700561523,banana_unripe,0.018519651144742966,alexcj10
data\processed\test\pineapple_unripe\alexcj10-ripenet_0003250.jpg,pineapple_unripe,pineapple_unripe,17,17,True,0.7940708994865417,pineapple_overripe,0.11314740031957626,alexcj10
data\processed\test\pineapple_unripe\alexcj10-ripenet_0003251.jpg,pineapple_unripe,pineapple_unripe,17,17,True,0.9444912672042847,pineapple_ripe,0.04459986835718155,alexcj10
data\processed\test\pineapple_unripe\alexcj10-ripenet_0003252.jpg,pineapple_unripe,pineapple_overripe,17,15,False,0.4342046082019806,pineapple_ripe,0.3732389509677887,alexcj10
data\processed\test\pineapple_unripe\alexcj10-ripenet_0003253.jpg,pineapple_unripe,pineapple_unripe,17,17,True,0.6274592280387878,pineapple_ripe,0.33425116539001465,alexcj10
data\processed\test\pineapple_unripe\alexcj10-ripenet_0003254.jpg,pineapple_unripe,pineapple_overripe,17,15,False,0.42392870783805847,pineapple_unripe,0.3521233797073364,alexcj10
data\processed\test\pineapple_unripe\alexcj10-ripenet_0003255.jpg,pineapple_unripe,pineapple_unripe,17,17,True,0.5260816812515259,pineapple_ripe,0.23910239338874817,alexcj10
data\processed\test\pineapple_unripe\alexcj10-ripenet_0003256.jpg,pineapple_unripe,pineapple_unripe,17,17,True,0.935361385345459,pineapple_ripe,0.05929030105471611,alexcj10
data\processed\test\pineapple_unripe\alexcj10-ripenet_0003257.jpg,pineapple_unripe,pineapple_unripe,17,17,True,0.6532278656959534,pineapple_ripe,0.262839674949646,alexcj10
data\processed\test\pineapple_unripe\alexcj10-ripenet_0003258.jpg,pineapple_unripe,pineapple_unripe,17,17,True,0.4738733172416687,pineapple_ripe,0.3761676847934723,alexcj10
data\processed\test\pineapple_unripe\alexcj10-ripenet_0003259.jpg,pineapple_unripe,pineapple_unripe,17,17,True,0.9010891914367676,pineapple_ripe,0.07667973637580872,alexcj10
data\processed\test\pineapple_unripe\alexcj10-ripenet_0003260.jpg,pineapple_unripe,pineapple_unripe,17,17,True,0.9418392181396484,pineapple_ripe,0.04936480149626732,alexcj10
data\processed\test\pineapple_unripe\alexcj10-ripenet_0003261.jpg,pineapple_unripe,pineapple_overripe,17,15,False,0.8579060435295105,pineapple_ripe,0.10533210635185242,alexcj10
data\processed\test\pineapple_unripe\alexcj10-ripenet_0003262.jpg,pineapple_unripe,pineapple_unripe,17,17,True,0.8819891214370728,pineapple_ripe,0.09018328040838242,alexcj10
data\processed\test\pineapple_unripe\alexcj10-ripenet_0003263.jpg,pineapple_unripe,pineapple_unripe,17,17,True,0.9388087391853333,pineapple_ripe,0.04168643429875374,alexcj10
data\processed\test\pineapple_unripe\alexcj10-ripenet_0003264.jpg,pineapple_unripe,pineapple_ripe,17,16,False,0.6374853849411011,pineapple_unripe,0.2792070508003235,alexcj10
data\processed\test\pineapple_unripe\alexcj10-ripenet_0003265.jpg,pineapple_unripe,pineapple_unripe,17,17,True,0.48967763781547546,pineapple_ripe,0.37185728549957275,alexcj10
data\processed\test\pineapple_unripe\alexcj10-ripenet_0003266.jpg,pineapple_unripe,pineapple_unripe,17,17,True,0.42733851075172424,pineapple_ripe,0.37198591232299805,alexcj10
data\processed\test\pineapple_unripe\alexcj10-ripenet_0003267.jpg,pineapple_unripe,pineapple_unripe,17,17,True,0.5178173780441284,pineapple_ripe,0.27343976497650146,alexcj10
data\processed\test\pineapple_unripe\alexcj10-ripenet_0003268.jpg,pineapple_unripe,pineapple_unripe,17,17,True,0.48721185326576233,pineapple_ripe,0.45187968015670776,alexcj10
data\processed\test\pineapple_unripe\alexcj10-ripenet_0003269.jpg,pineapple_unripe,pineapple_unripe,17,17,True,0.869849443435669,pineapple_ripe,0.09464437514543533,alexcj10
data\processed\test\pineapple_unripe\alexcj10-ripenet_0003270.jpg,pineapple_unripe,pineapple_unripe,17,17,True,0.6895571351051331,pineapple_ripe,0.22563287615776062,alexcj10
data\processed\test\pineapple_unripe\alexcj10-ripenet_0003271.jpg,pineapple_unripe,pineapple_overripe,17,15,False,0.6167321801185608,pineapple_ripe,0.26171576976776123,alexcj10
data\processed\test\pineapple_unripe\alexcj10-ripenet_0003272.jpg,pineapple_unripe,pineapple_unripe,17,17,True,0.9515557289123535,pineapple_ripe,0.043772537261247635,alexcj10
data\processed\test\pineapple_unripe\alexcj10-ripenet_0003273.jpg,pineapple_unripe,pineapple_unripe,17,17,True,0.9628767371177673,pineapple_ripe,0.012232913635671139,alexcj10
data\processed\test\pineapple_unripe\alexcj10-ripenet_0003274.jpg,pineapple_unripe,pineapple_unripe,17,17,True,0.4183157980442047,pineapple_overripe,0.3446415364742279,alexcj10
data\processed\test\pineapple_unripe\alexcj10-ripenet_0003275.jpg,pineapple_unripe,pineapple_ripe,17,16,False,0.2618560492992401,pineapple_unripe,0.193536639213562,alexcj10
data\processed\test\pineapple_unripe\alexcj10-ripenet_0003276.jpg,pineapple_unripe,pineapple_unripe,17,17,True,0.9037462472915649,pineapple_ripe,0.08212366700172424,alexcj10
data\processed\test\pineapple_unripe\alexcj10-ripenet_0003277.jpg,pineapple_unripe,pineapple_ripe,17,16,False,0.5350005626678467,pineapple_unripe,0.254942923784256,alexcj10
data\processed\test\pineapple_unripe\alexcj10-ripenet_0003278.jpg,pineapple_unripe,pineapple_unripe,17,17,True,0.9454492330551147,pineapple_ripe,0.03955591470003128,alexcj10
data\processed\test\pineapple_unripe\alexcj10-ripenet_0003279.jpg,pineapple_unripe,pineapple_unripe,17,17,True,0.7241076827049255,pineapple_ripe,0.2299196571111679,alexcj10
data\processed\test\pineapple_unripe\alexcj10-ripenet_0003280.jpg,pineapple_unripe,pineapple_unripe,17,17,True,0.8374782800674438,pineapple_ripe,0.10891216993331909,alexcj10
data\processed\test\pineapple_unripe\alexcj10-ripenet_0003281.jpg,pineapple_unripe,pineapple_unripe,17,17,True,0.7686479687690735,pineapple_ripe,0.16378644108772278,alexcj10
data\processed\test\pineapple_unripe\alexcj10-ripenet_0003282.jpg,pineapple_unripe,pineapple_unripe,17,17,True,0.8730432987213135,pineapple_ripe,0.09056700021028519,alexcj10
data\processed\test\pineapple_unripe\alexcj10-ripenet_0003283.jpg,pineapple_unripe,pineapple_unripe,17,17,True,0.8832687139511108,pineapple_ripe,0.10110065340995789,alexcj10
data\processed\test\pineapple_unripe\alexcj10-ripenet_0003284.jpg,pineapple_unripe,pineapple_unripe,17,17,True,0.7452907562255859,pineapple_ripe,0.15332967042922974,alexcj10
data\processed\test\pineapple_unripe\alexcj10-ripenet_0003285.jpg,pineapple_unripe,pineapple_unripe,17,17,True,0.4879922866821289,pineapple_ripe,0.28966861963272095,alexcj10
data\processed\test\pineapple_unripe\alexcj10-ripenet_0003286.jpg,pineapple_unripe,pineapple_ripe,17,16,False,0.5017359256744385,pineapple_unripe,0.460464209318161,alexcj10
data\processed\test\pineapple_unripe\alexcj10-ripenet_0003287.jpg,pineapple_unripe,pineapple_unripe,17,17,True,0.6682538986206055,pineapple_ripe,0.23881171643733978,alexcj10
data\processed\test\pineapple_unripe\alexcj10-ripenet_0003288.jpg,pineapple_unripe,pineapple_unripe,17,17,True,0.6355520486831665,pineapple_ripe,0.31401562690734863,alexcj10
data\processed\test\pineapple_unripe\alexcj10-ripenet_0003289.jpg,pineapple_unripe,pineapple_unripe,17,17,True,0.5028606653213501,pineapple_ripe,0.340311735868454,alexcj10
data\processed\test\pineapple_unripe\alexcj10-ripenet_0003290.jpg,pineapple_unripe,pineapple_ripe,17,16,False,0.487601637840271,pineapple_unripe,0.4447076916694641,alexcj10
data\processed\test\pineapple_unripe\alexcj10-ripenet_0003291.jpg,pineapple_unripe,pineapple_unripe,17,17,True,0.8858378529548645,pineapple_ripe,0.10680878907442093,alexcj10
data\processed\test\pineapple_unripe\alexcj10-ripenet_0003292.jpg,pineapple_unripe,pineapple_ripe,17,16,False,0.5676250457763672,pineapple_overripe,0.233943909406662,alexcj10
data\processed\test\pineapple_unripe\alexcj10-ripenet_0003293.jpg,pineapple_unripe,pineapple_unripe,17,17,True,0.5362387299537659,pineapple_ripe,0.29775989055633545,alexcj10
data\processed\test\pineapple_unripe\alexcj10-ripenet_0003294.jpg,pineapple_unripe,pineapple_unripe,17,17,True,0.9313229322433472,pineapple_ripe,0.06230629235506058,alexcj10
data\processed\test\pineapple_unripe\alexcj10-ripenet_0003295.jpg,pineapple_unripe,pineapple_unripe,17,17,True,0.94014573097229,pineapple_ripe,0.05416145175695419,alexcj10
data\processed\test\pineapple_unripe\alexcj10-ripenet_0003296.jpg,pineapple_unripe,pineapple_unripe,17,17,True,0.903899610042572,pineapple_ripe,0.08568492531776428,alexcj10
data\processed\test\pineapple_unripe\alexcj10-ripenet_0003297.jpg,pineapple_unripe,pineapple_ripe,17,16,False,0.5793086886405945,pineapple_unripe,0.20935766398906708,alexcj10
data\processed\test\tomato_overripe\asadullahprl_0003298.jpg,tomato_overripe,tomato_overripe,18,18,True,0.915275514125824,apple_ripe,0.046983502805233,asadullahprl
data\processed\test\tomato_overripe\asadullahprl_0003299.jpg,tomato_overripe,tomato_overripe,18,18,True,0.9941549897193909,apple_unripe,0.0018436005339026451,asadullahprl
data\processed\test\tomato_overripe\asadullahprl_0003300.jpg,tomato_overripe,tomato_overripe,18,18,True,0.9780774116516113,apple_unripe,0.009979385882616043,asadullahprl
data\processed\test\tomato_overripe\asadullahprl_0003301.jpg,tomato_overripe,orange_unripe,18,11,False,0.5379053950309753,orange_ripe,0.21980500221252441,asadullahprl
data\processed\test\tomato_overripe\asadullahprl_0003302.jpg,tomato_overripe,tomato_overripe,18,18,True,0.44952675700187683,mango_overripe,0.21855740249156952,asadullahprl
data\processed\test\tomato_overripe\asadullahprl_0003303.jpg,tomato_overripe,tomato_overripe,18,18,True,0.9758049845695496,orange_overripe,0.016857825219631195,asadullahprl
data\processed\test\tomato_overripe\asadullahprl_0003304.jpg,tomato_overripe,tomato_overripe,18,18,True,0.9361823797225952,apple_unripe,0.042965348809957504,asadullahprl
data\processed\test\tomato_overripe\asadullahprl_0003305.jpg,tomato_overripe,tomato_overripe,18,18,True,0.9942300319671631,apple_unripe,0.0014550199266523123,asadullahprl
data\processed\test\tomato_ripe\asadullahprl_0003306.jpg,tomato_ripe,tomato_ripe,19,19,True,0.9981361627578735,tomato_overripe,0.0013694320805370808,asadullahprl
data\processed\test\tomato_ripe\asadullahprl_0003307.jpg,tomato_ripe,tomato_ripe,19,19,True,0.9799715876579285,tomato_overripe,0.016681168228387833,asadullahprl
data\processed\test\tomato_ripe\asadullahprl_0003308.jpg,tomato_ripe,tomato_ripe,19,19,True,0.9937594532966614,tomato_overripe,0.00354293966665864,asadullahprl
data\processed\test\tomato_ripe\asadullahprl_0003309.jpg,tomato_ripe,tomato_overripe,19,18,False,0.9032004475593567,apple_ripe,0.035653773695230484,asadullahprl
data\processed\test\tomato_ripe\asadullahprl_0003310.jpg,tomato_ripe,tomato_ripe,19,19,True,0.9874604940414429,tomato_overripe,0.012424882501363754,asadullahprl
data\processed\test\tomato_ripe\asadullahprl_0003311.jpg,tomato_ripe,tomato_ripe,19,19,True,0.9980321526527405,tomato_overripe,0.001362518290989101,asadullahprl
data\processed\test\tomato_ripe\asadullahprl_0003312.jpg,tomato_ripe,tomato_ripe,19,19,True,0.9983537197113037,tomato_unripe,0.0011221130844205618,asadullahprl
data\processed\test\tomato_ripe\asadullahprl_0003313.jpg,tomato_ripe,tomato_ripe,19,19,True,0.9911403059959412,tomato_unripe,0.0043611726723611355,asadullahprl
data\processed\test\tomato_ripe\asadullahprl_0003314.jpg,tomato_ripe,tomato_ripe,19,19,True,0.7047801613807678,tomato_unripe,0.23001015186309814,asadullahprl
data\processed\test\tomato_ripe\asadullahprl_0003315.jpg,tomato_ripe,tomato_ripe,19,19,True,0.8957914113998413,tomato_unripe,0.03670720010995865,asadullahprl
data\processed\test\tomato_ripe\asadullahprl_0003316.jpg,tomato_ripe,tomato_ripe,19,19,True,0.9979423880577087,tomato_unripe,0.0012059520231559873,asadullahprl
data\processed\test\tomato_ripe\asadullahprl_0003317.jpg,tomato_ripe,tomato_ripe,19,19,True,0.9904299378395081,tomato_overripe,0.007313475478440523,asadullahprl
data\processed\test\tomato_ripe\asadullahprl_0003318.jpg,tomato_ripe,tomato_ripe,19,19,True,0.9969176054000854,tomato_unripe,0.002255322178825736,asadullahprl
data\processed\test\tomato_ripe\asadullahprl_0003319.jpg,tomato_ripe,tomato_ripe,19,19,True,0.9924454092979431,tomato_unripe,0.0064432960934937,asadullahprl
data\processed\test\tomato_ripe\asadullahprl_0003320.jpg,tomato_ripe,tomato_overripe,19,18,False,0.5756673812866211,tomato_ripe,0.17435820400714874,asadullahprl
data\processed\test\tomato_ripe\asadullahprl_0003321.jpg,tomato_ripe,tomato_ripe,19,19,True,0.7262207865715027,apple_ripe,0.09412969648838043,asadullahprl
data\processed\test\tomato_ripe\asadullahprl_0003322.jpg,tomato_ripe,tomato_ripe,19,19,True,0.9951558113098145,tomato_overripe,0.003931527491658926,asadullahprl
data\processed\test\tomato_ripe\asadullahprl_0003323.jpg,tomato_ripe,tomato_ripe,19,19,True,0.9889095425605774,tomato_unripe,0.009263770654797554,asadullahprl
data\processed\test\tomato_ripe\asadullahprl_0003324.jpg,tomato_ripe,tomato_ripe,19,19,True,0.9626949429512024,tomato_overripe,0.028500642627477646,asadullahprl
data\processed\test\tomato_ripe\asadullahprl_0003325.jpg,tomato_ripe,tomato_ripe,19,19,True,0.9969298243522644,tomato_overripe,0.002398416865617037,asadullahprl
data\processed\test\tomato_ripe\asadullahprl_0003326.jpg,tomato_ripe,tomato_ripe,19,19,True,0.9724675416946411,tomato_unripe,0.02668089047074318,asadullahprl
data\processed\test\tomato_ripe\asadullahprl_0003327.jpg,tomato_ripe,tomato_ripe,19,19,True,0.992742657661438,tomato_unripe,0.00515018729493022,asadullahprl
data\processed\test\tomato_ripe\asadullahprl_0003328.jpg,tomato_ripe,tomato_ripe,19,19,True,0.6580139994621277,mango_ripe,0.06276606768369675,asadullahprl
data\processed\test\tomato_ripe\asadullahprl_0003329.jpg,tomato_ripe,tomato_ripe,19,19,True,0.9935616254806519,tomato_overripe,0.005830239970237017,asadullahprl
data\processed\test\tomato_ripe\asadullahprl_0003330.jpg,tomato_ripe,tomato_ripe,19,19,True,0.9981885552406311,tomato_overripe,0.0014987963950261474,asadullahprl
data\processed\test\tomato_ripe\asadullahprl_0003331.jpg,tomato_ripe,tomato_ripe,19,19,True,0.9785757660865784,tomato_unripe,0.01577935926616192,asadullahprl
data\processed\test\tomato_unripe\asadullahprl_0003332.jpg,tomato_unripe,tomato_unripe,20,20,True,0.9992198944091797,tomato_ripe,0.00045636779395863414,asadullahprl
data\processed\test\tomato_unripe\asadullahprl_0003333.jpg,tomato_unripe,papaya_unripe,20,14,False,0.530783474445343,tomato_unripe,0.27503257989883423,asadullahprl
data\processed\test\tomato_unripe\asadullahprl_0003334.jpg,tomato_unripe,tomato_unripe,20,20,True,0.663670003414154,tomato_ripe,0.33362114429473877,asadullahprl
data\processed\test\tomato_unripe\asadullahprl_0003335.jpg,tomato_unripe,tomato_unripe,20,20,True,0.8998241424560547,orange_unripe,0.02830684371292591,asadullahprl
data\processed\test\tomato_unripe\asadullahprl_0003336.jpg,tomato_unripe,tomato_unripe,20,20,True,0.993277370929718,tomato_ripe,0.0018391198245808482,asadullahprl
data\processed\test\tomato_unripe\asadullahprl_0003337.jpg,tomato_unripe,tomato_unripe,20,20,True,0.9988619089126587,papaya_unripe,0.0005723180947825313,asadullahprl
data\processed\test\tomato_unripe\asadullahprl_0003338.jpg,tomato_unripe,tomato_unripe,20,20,True,0.9897183179855347,apple_unripe,0.00802762620151043,asadullahprl
data\processed\test\tomato_unripe\asadullahprl_0003339.jpg,tomato_unripe,tomato_unripe,20,20,True,0.5841096639633179,apple_unripe,0.20875464379787445,asadullahprl
data\processed\test\tomato_unripe\asadullahprl_0003340.jpg,tomato_unripe,tomato_unripe,20,20,True,0.9674966335296631,tomato_ripe,0.031940530985593796,asadullahprl
data\processed\test\tomato_unripe\asadullahprl_0003341.jpg,tomato_unripe,tomato_unripe,20,20,True,0.9982596039772034,papaya_unripe,0.000545003917068243,asadullahprl
data\processed\test\tomato_unripe\asadullahprl_0003342.jpg,tomato_unripe,tomato_unripe,20,20,True,0.9148827791213989,tomato_ripe,0.07750772684812546,asadullahprl
data\processed\test\tomato_unripe\asadullahprl_0003343.jpg,tomato_unripe,tomato_unripe,20,20,True,0.9353338479995728,apple_unripe,0.02343757450580597,asadullahprl
data\processed\test\tomato_unripe\asadullahprl_0003344.jpg,tomato_unripe,tomato_unripe,20,20,True,0.9960939288139343,papaya_unripe,0.0018989600939676166,asadullahprl
data\processed\test\tomato_unripe\asadullahprl_0003345.jpg,tomato_unripe,tomato_unripe,20,20,True,0.7707356810569763,tomato_ripe,0.22419795393943787,asadullahprl
data\processed\test\tomato_unripe\asadullahprl_0003346.jpg,tomato_unripe,tomato_unripe,20,20,True,0.8986995220184326,apple_unripe,0.05374716967344284,asadullahprl
data\processed\test\tomato_unripe\asadullahprl_0003347.jpg,tomato_unripe,tomato_unripe,20,20,True,0.9696752429008484,tomato_ripe,0.030018702149391174,asadullahprl
data\processed\test\tomato_unripe\asadullahprl_0003348.jpg,tomato_unripe,tomato_unripe,20,20,True,0.999413013458252,tomato_ripe,0.0003524179046507925,asadullahprl
data\processed\test\tomato_unripe\asadullahprl_0003349.jpg,tomato_unripe,tomato_unripe,20,20,True,0.9991480112075806,tomato_ripe,0.00042099913116544485,asadullahprl
data\processed\test\tomato_unripe\asadullahprl_0003350.jpg,tomato_unripe,tomato_unripe,20,20,True,0.9891308546066284,tomato_ripe,0.004867959767580032,asadullahprl
data\processed\test\tomato_unripe\asadullahprl_0003351.jpg,tomato_unripe,tomato_ripe,20,19,False,0.5769233703613281,tomato_unripe,0.4186253547668457,asadullahprl
data\processed\test\tomato_unripe\asadullahprl_0003352.jpg,tomato_unripe,tomato_unripe,20,20,True,0.992434024810791,tomato_ripe,0.0061730146408081055,asadullahprl
data\processed\test\tomato_unripe\asadullahprl_0003353.jpg,tomato_unripe,tomato_unripe,20,20,True,0.991428792476654,tomato_ripe,0.007990119978785515,asadullahprl
data\processed\test\tomato_unripe\asadullahprl_0003354.jpg,tomato_unripe,tomato_unripe,20,20,True,0.95719313621521,mango_unripe,0.022772056981921196,asadullahprl
data\processed\test\tomato_unripe\asadullahprl_0003355.jpg,tomato_unripe,tomato_unripe,20,20,True,0.931650698184967,apple_unripe,0.025569133460521698,asadullahprl
data\processed\test\tomato_unripe\asadullahprl_0003356.jpg,tomato_unripe,tomato_unripe,20,20,True,0.9990130662918091,tomato_ripe,0.00091650674585253,asadullahprl
data\processed\test\tomato_unripe\asadullahprl_0003357.jpg,tomato_unripe,tomato_unripe,20,20,True,0.7630487084388733,mango_unripe,0.18039081990718842,asadullahprl
data\processed\test\tomato_unripe\asadullahprl_0003358.jpg,tomato_unripe,tomato_unripe,20,20,True,0.9995703101158142,tomato_ripe,0.00032502348767593503,asadullahprl
data\processed\test\tomato_unripe\asadullahprl_0003359.jpg,tomato_unripe,tomato_unripe,20,20,True,0.9562187790870667,apple_unripe,0.03309403732419014,asadullahprl
