path,true_rotten,rotten_probability
C:\Users\DELL-04-SMKKRIAN1\Documents\RipenAI\data\raw_external\bananaimagebd\extracted\banana_overripe\bananaimagebd_00416.jpg,0,0.020177584141492844
C:\Users\DELL-04-SMKKRIAN1\Documents\RipenAI\data\raw_external\bananaimagebd\extracted\banana_overripe\bananaimagebd_00417.jpg,0,0.0010587787255644798
C:\Users\DELL-04-SMKKRIAN1\Documents\RipenAI\data\raw_external\bananaimagebd\extracted\banana_overripe\bananaimagebd_00418.jpg,0,0.00019473492284305394
C:\Users\DELL-04-SMKKRIAN1\Documents\RipenAI\data\raw_external\bananaimagebd\extracted\banana_overripe\bananaimagebd_00419.jpg,0,0.000900652667041868
C:\Users\DELL-04-SMKKRIAN1\Documents\RipenAI\data\raw_external\bananaimagebd\extracted\banana_overripe\bananaimagebd_00420.jpg,0,0.021026484668254852
C:\Users\DELL-04-SMKKRIAN1\Documents\RipenAI\data\raw_external\bananaimagebd\extracted\banana_overripe\bananaimagebd_00421.jpg,0,0.00029380532214418054
C:\Users\DELL-04-SMKKRIAN1\Documents\RipenAI\data\raw_external\bananaimagebd\extracted\banana_overripe\bananaimagebd_00422.jpg,0,0.0008015923085622489
C:\Users\DELL-04-SMKKRIAN1\Documents\RipenAI\data\raw_external\bananaimagebd\extracted\banana_overripe\bananaimagebd_00423.jpg,0,0.0012166539672762156
C:\Users\DELL-04-SMKKRIAN1\Documents\RipenAI\data\raw_external\bananaimagebd\extracted\banana_overripe\bananaimagebd_00424.jpg,0,0.00032927197753451765
C:\Users\DELL-04-SMKKRIAN1\Documents\RipenAI\data\raw_external\bananaimagebd\extracted\banana_overripe\bananaimagebd_00425.jpg,0,0.05299775302410126
C:\Users\DELL-04-SMKKRIAN1\Documents\RipenAI\data\raw_external\bananaimagebd\extracted\banana_overripe\bananaimagebd_00426.jpg,0,0.0006922783213667572
C:\Users\DELL-04-SMKKRIAN1\Documents\RipenAI\data\raw_external\bananaimagebd\extracted\banana_overripe\bananaimagebd_00427.jpg,0,0.00016509456327185035
C:\Users\DELL-04-SMKKRIAN1\Documents\RipenAI\data\raw_external\bananaimagebd\extracted\banana_overripe\bananaimagebd_00428.jpg,0,0.0007257715333253145
C:\Users\DELL-04-SMKKRIAN1\Documents\RipenAI\data\raw_external\bananaimagebd\extracted\banana_overripe\bananaimagebd_00429.jpg,0,0.014560888521373272
C:\Users\DELL-04-SMKKRIAN1\Documents\RipenAI\data\raw_external\bananaimagebd\extracted\banana_overripe\bananaimagebd_00430.jpg,0,0.025751566514372826
C:\Users\DELL-04-SMKKRIAN1\Documents\RipenAI\data\raw_external\bananaimagebd\extracted\banana_overripe\bananaimagebd_00431.jpg,0,0.023807089775800705
C:\Users\DELL-04-SMKKRIAN1\Documents\RipenAI\data\raw_external\bananaimagebd\extracted\banana_overripe\bananaimagebd_00432.jpg,0,0.0020839860662817955
C:\Users\DELL-04-SMKKRIAN1\Documents\RipenAI\data\raw_external\bananaimagebd\extracted\banana_overripe\bananaimagebd_00433.jpg,0,4.0018403524300084e-05
C:\Users\DELL-04-SMKKRIAN1\Documents\RipenAI\data\raw_external\bananaimagebd\extracted\banana_overripe\bananaimagebd_00434.jpg,0,0.00015680045180488378
C:\Users\DELL-04-SMKKRIAN1\Documents\RipenAI\data\raw_external\bananaimagebd\extracted\banana_overripe\bananaimagebd_00435.jpg,0,0.0003196634352207184
C:\Users\DELL-04-SMKKRIAN1\Documents\RipenAI\data\raw_external\bananaimagebd\extracted\banana_overripe\bananaimagebd_00436.jpg,0,0.07426309585571289
C:\Users\DELL-04-SMKKRIAN1\Documents\RipenAI\data\raw_external\bananaimagebd\extracted\banana_overripe\bananaimagebd_00437.jpg,0,0.0006675504264421761
C:\Users\DELL-04-SMKKRIAN1\Documents\RipenAI\data\raw_external\bananaimagebd\extracted\banana_overripe\bananaimagebd_00438.jpg,0,0.0005286249797791243
C:\Users\DELL-04-SMKKRIAN1\Documents\RipenAI\data\raw_external\bananaimagebd\extracted\banana_overripe\bananaimagebd_00439.jpg,0,1.431104465154931e-05
C:\Users\DELL-04-SMKKRIAN1\Documents\RipenAI\data\raw_external\bananaimagebd\extracted\banana_overripe\bananaimagebd_00440.jpg,0,0.0010453665163367987
C:\Users\DELL-04-SMKKRIAN1\Documents\RipenAI\data\raw_external\bananaimagebd\extracted\banana_overripe\bananaimagebd_00441.jpg,0,0.00033299135975539684
C:\Users\DELL-04-SMKKRIAN1\Documents\RipenAI\data\raw_external\bananaimagebd\extracted\banana_overripe\bananaimagebd_00442.jpg,0,0.0003942113253287971
C:\Users\DELL-04-SMKKRIAN1\Documents\RipenAI\data\raw_external\bananaimagebd\extracted\banana_overripe\bananaimagebd_00443.jpg,0,0.0014722609193995595
C:\Users\DELL-04-SMKKRIAN1\Documents\RipenAI\data\raw_external\bananaimagebd\extracted\banana_overripe\bananaimagebd_00444.jpg,0,0.0002896127989515662
C:\Users\DELL-04-SMKKRIAN1\Documents\RipenAI\data\raw_external\bananaimagebd\extracted\banana_overripe\bananaimagebd_00445.jpg,0,0.00558260316029191
C:\Users\DELL-04-SMKKRIAN1\Documents\RipenAI\data\raw_external\bananaimagebd\extracted\banana_overripe\bananaimagebd_00446.jpg,0,0.00010792856483021751
C:\Users\DELL-04-SMKKRIAN1\Documents\RipenAI\data\raw_external\bananaimagebd\extracted\banana_overripe\bananaimagebd_00447.jpg,0,0.0024487951304763556
C:\Users\DELL-04-SMKKRIAN1\Documents\RipenAI\data\raw_external\bananaimagebd\extracted\banana_overripe\bananaimagebd_00448.jpg,0,0.5668513178825378
C:\Users\DELL-04-SMKKRIAN1\Documents\RipenAI\data\raw_external\bananaimagebd\extracted\banana_overripe\bananaimagebd_00449.jpg,0,0.0013327820925042033
C:\Users\DELL-04-SMKKRIAN1\Documents\RipenAI\data\raw_external\bananaimagebd\extracted\banana_overripe\bananaimagebd_00450.jpg,0,0.0008244628552347422
C:\Users\DELL-04-SMKKRIAN1\Documents\RipenAI\data\raw_external\bananaimagebd\extracted\banana_overripe\bananaimagebd_00451.jpg,0,0.0017165092285722494
C:\Users\DELL-04-SMKKRIAN1\Documents\RipenAI\data\raw_external\bananaimagebd\extracted\banana_overripe\bananaimagebd_00452.jpg,0,0.022033188492059708
C:\Users\DELL-04-SMKKRIAN1\Documents\RipenAI\data\raw_external\bananaimagebd\extracted\banana_overripe\bananaimagebd_00453.jpg,0,0.0005220812745392323
C:\Users\DELL-04-SMKKRIAN1\Documents\RipenAI\data\raw_external\bananaimagebd\extracted\banana_overripe\bananaimagebd_00454.jpg,0,0.0204597320407629
C:\Users\DELL-04-SMKKRIAN1\Documents\RipenAI\data\raw_external\bananaimagebd\extracted\banana_overripe\bananaimagebd_00455.jpg,0,0.0004006143135484308
C:\Users\DELL-04-SMKKRIAN1\Documents\RipenAI\data\raw_external\bananaimagebd\extracted\banana_overripe\bananaimagebd_00456.jpg,0,0.00015145425277296454
C:\Users\DELL-04-SMKKRIAN1\Documents\RipenAI\data\raw_external\bananaimagebd\extracted\banana_overripe\bananaimagebd_00457.jpg,0,0.016804268583655357
C:\Users\DELL-04-SMKKRIAN1\Documents\RipenAI\data\raw_external\bananaimagebd\extracted\banana_overripe\bananaimagebd_00458.jpg,0,0.006137920077890158
C:\Users\DELL-04-SMKKRIAN1\Documents\RipenAI\data\raw_external\bananaimagebd\extracted\banana_overripe\bananaimagebd_00459.jpg,0,0.3365340530872345
C:\Users\DELL-04-SMKKRIAN1\Documents\RipenAI\data\raw_external\bananaimagebd\extracted\banana_overripe\bananaimagebd_00460.jpg,0,0.00024830136680975556
C:\Users\DELL-04-SMKKRIAN1\Documents\RipenAI\data\raw_external\bananaimagebd\extracted\banana_overripe\bananaimagebd_00461.jpg,0,0.002375152427703142
C:\Users\DELL-04-SMKKRIAN1\Documents\RipenAI\data\raw_external\bananaimagebd\extracted\banana_overripe\bananaimagebd_00462.jpg,0,0.022684607654809952
C:\Users\DELL-04-SMKKRIAN1\Documents\RipenAI\data\raw_external\bananaimagebd\extracted\banana_overripe\bananaimagebd_00463.jpg,0,0.00024509336799383163
C:\Users\DELL-04-SMKKRIAN1\Documents\RipenAI\data\raw_external\bananaimagebd\extracted\banana_overripe\bananaimagebd_00464.jpg,0,0.006021772511303425
C:\Users\DELL-04-SMKKRIAN1\Documents\RipenAI\data\raw_external\bananaimagebd\extracted\banana_overripe\bananaimagebd_00465.jpg,0,0.00020476776990108192
C:\Users\DELL-04-SMKKRIAN1\Documents\RipenAI\data\raw_external\bananaimagebd\extracted\banana_overripe\bananaimagebd_00466.jpg,0,0.002461466006934643
C:\Users\DELL-04-SMKKRIAN1\Documents\RipenAI\data\raw_external\bananaimagebd\extracted\banana_overripe\bananaimagebd_00467.jpg,0,0.10521502792835236
C:\Users\DELL-04-SMKKRIAN1\Documents\RipenAI\data\raw_external\bananaimagebd\extracted\banana_overripe\bananaimagebd_00468.jpg,0,0.00022023833298590034
C:\Users\DELL-04-SMKKRIAN1\Documents\RipenAI\data\raw_external\bananaimagebd\extracted\banana_overripe\bananaimagebd_00469.jpg,0,0.005454039666801691
C:\Users\DELL-04-SMKKRIAN1\Documents\RipenAI\data\raw_external\bananaimagebd\extracted\banana_overripe\bananaimagebd_00470.jpg,0,0.00509354192763567
C:\Users\DELL-04-SMKKRIAN1\Documents\RipenAI\data\raw_external\bananaimagebd\extracted\banana_overripe\bananaimagebd_00471.jpg,0,0.001329435152001679
C:\Users\DELL-04-SMKKRIAN1\Documents\RipenAI\data\raw_external\bananaimagebd\extracted\banana_overripe\bananaimagebd_00472.jpg,0,0.0017510424368083477
C:\Users\DELL-04-SMKKRIAN1\Documents\RipenAI\data\raw_external\bananaimagebd\extracted\banana_overripe\bananaimagebd_00473.jpg,0,0.0589812807738781
C:\Users\DELL-04-SMKKRIAN1\Documents\RipenAI\data\raw_external\bananaimagebd\extracted\banana_overripe\bananaimagebd_00474.jpg,0,0.003818888682872057
C:\Users\DELL-04-SMKKRIAN1\Documents\RipenAI\data\raw_external\bananaimagebd\extracted\banana_overripe\bananaimagebd_00475.jpg,0,0.00045848594163544476
C:\Users\DELL-04-SMKKRIAN1\Documents\RipenAI\data\raw_external\bananaimagebd\extracted\banana_overripe\bananaimagebd_00476.jpg,0,0.006073928438127041
C:\Users\DELL-04-SMKKRIAN1\Documents\RipenAI\data\raw_external\bananaimagebd\extracted\banana_overripe\bananaimagebd_00477.jpg,0,0.963849663734436
C:\Users\DELL-04-SMKKRIAN1\Documents\RipenAI\data\raw_external\bananaimagebd\extracted\banana_overripe\bananaimagebd_00478.jpg,0,0.002367979846894741
C:\Users\DELL-04-SMKKRIAN1\Documents\RipenAI\data\raw_external\bananaimagebd\extracted\banana_overripe\bananaimagebd_00479.jpg,0,0.0005273743881843984
C:\Users\DELL-04-SMKKRIAN1\Documents\RipenAI\data\raw_external\bananaimagebd\extracted\banana_overripe\bananaimagebd_00480.jpg,0,0.013055789284408092
C:\Users\DELL-04-SMKKRIAN1\Documents\RipenAI\data\raw_external\bananaimagebd\extracted\banana_overripe\bananaimagebd_00481.jpg,0,0.0003748967428691685
C:\Users\DELL-04-SMKKRIAN1\Documents\RipenAI\data\raw_external\bananaimagebd\extracted\banana_overripe\bananaimagebd_00482.jpg,0,0.06931866705417633
C:\Users\DELL-04-SMKKRIAN1\Documents\RipenAI\data\raw_external\bananaimagebd\extracted\banana_overripe\bananaimagebd_00483.jpg,0,0.0037881811149418354
C:\Users\DELL-04-SMKKRIAN1\Documents\RipenAI\data\raw_external\bananaimagebd\extracted\banana_overripe\bananaimagebd_00484.jpg,0,0.0001205778680741787
C:\Users\DELL-04-SMKKRIAN1\Documents\RipenAI\data\raw_external\bananaimagebd\extracted\banana_overripe\bananaimagebd_00485.jpg,0,0.0002514139050617814
C:\Users\DELL-04-SMKKRIAN1\Documents\RipenAI\data\raw_external\bananaimagebd\extracted\banana_overripe\bananaimagebd_00486.jpg,0,0.03539964184165001
C:\Users\DELL-04-SMKKRIAN1\Documents\RipenAI\data\raw_external\bananaimagebd\extracted\banana_overripe\bananaimagebd_00487.jpg,0,0.002918884390965104
C:\Users\DELL-04-SMKKRIAN1\Documents\RipenAI\data\raw_external\bananaimagebd\extracted\banana_overripe\bananaimagebd_00488.jpg,0,0.007418327033519745
C:\Users\DELL-04-SMKKRIAN1\Documents\RipenAI\data\raw_external\bananaimagebd\extracted\banana_overripe\bananaimagebd_00489.jpg,0,0.09622611850500107
C:\Users\DELL-04-SMKKRIAN1\Documents\RipenAI\data\raw_external\bananaimagebd\extracted\banana_overripe\bananaimagebd_00490.jpg,0,0.005690259393304586
C:\Users\DELL-04-SMKKRIAN1\Documents\RipenAI\data\raw_external\bananaimagebd\extracted\banana_overripe\bananaimagebd_00491.jpg,0,0.5764773488044739
C:\Users\DELL-04-SMKKRIAN1\Documents\RipenAI\data\raw_external\bananaimagebd\extracted\banana_overripe\bananaimagebd_00492.jpg,0,0.016288818791508675
C:\Users\DELL-04-SMKKRIAN1\Documents\RipenAI\data\raw_external\bananaimagebd\extracted\banana_overripe\bananaimagebd_00493.jpg,0,0.014308190904557705
C:\Users\DELL-04-SMKKRIAN1\Documents\RipenAI\data\raw_external\bananaimagebd\extracted\banana_overripe\bananaimagebd_00494.jpg,0,0.0008049230673350394
C:\Users\DELL-04-SMKKRIAN1\Documents\RipenAI\data\raw_external\bananaimagebd\extracted\banana_overripe\bananaimagebd_00495.jpg,0,0.0009195304592140019
C:\Users\DELL-04-SMKKRIAN1\Documents\RipenAI\data\raw_external\bananaimagebd\extracted\banana_overripe\bananaimagebd_00496.jpg,0,0.003519982798025012
C:\Users\DELL-04-SMKKRIAN1\Documents\RipenAI\data\raw_external\bananaimagebd\extracted\banana_overripe\bananaimagebd_00497.jpg,0,0.004949620924890041
C:\Users\DELL-04-SMKKRIAN1\Documents\RipenAI\data\raw_external\bananaimagebd\extracted\banana_overripe\bananaimagebd_00498.jpg,0,0.09910548478364944
C:\Users\DELL-04-SMKKRIAN1\Documents\RipenAI\data\raw_external\bananaimagebd\extracted\banana_overripe\bananaimagebd_00499.jpg,0,0.0115666463971138
C:\Users\DELL-04-SMKKRIAN1\Documents\RipenAI\data\raw_external\bananaimagebd\extracted\banana_overripe\bananaimagebd_00500.jpg,0,0.0028116849716752768
C:\Users\DELL-04-SMKKRIAN1\Documents\RipenAI\data\raw_external\bananaimagebd\extracted\banana_overripe\bananaimagebd_00501.jpg,0,0.005408464930951595
C:\Users\DELL-04-SMKKRIAN1\Documents\RipenAI\data\raw_external\bananaimagebd\extracted\banana_overripe\bananaimagebd_00502.jpg,0,0.009939233772456646
C:\Users\DELL-04-SMKKRIAN1\Documents\RipenAI\data\raw_external\bananaimagebd\extracted\banana_overripe\bananaimagebd_00503.jpg,0,0.0028041277546435595
C:\Users\DELL-04-SMKKRIAN1\Documents\RipenAI\data\raw_external\bananaimagebd\extracted\banana_overripe\bananaimagebd_00504.jpg,0,0.00014583267329726368
C:\Users\DELL-04-SMKKRIAN1\Documents\RipenAI\data\raw_external\bananaimagebd\extracted\banana_overripe\bananaimagebd_00505.jpg,0,0.002944484818726778
C:\Users\DELL-04-SMKKRIAN1\Documents\RipenAI\data\raw_external\bananaimagebd\extracted\banana_overripe\bananaimagebd_00506.jpg,0,0.0015993645647540689
C:\Users\DELL-04-SMKKRIAN1\Documents\RipenAI\data\raw_external\bananaimagebd\extracted\banana_overripe\bananaimagebd_00507.jpg,0,0.0026023027021437883
C:\Users\DELL-04-SMKKRIAN1\Documents\RipenAI\data\raw_external\bananaimagebd\extracted\banana_overripe\bananaimagebd_00508.jpg,0,0.006209972780197859
C:\Users\DELL-04-SMKKRIAN1\Documents\RipenAI\data\raw_external\bananaimagebd\extracted\banana_overripe\bananaimagebd_00509.jpg,0,0.00024355492496397346
C:\Users\DELL-04-SMKKRIAN1\Documents\RipenAI\data\raw_external\bananaimagebd\extracted\banana_overripe\bananaimagebd_00510.jpg,0,0.05834084004163742
C:\Users\DELL-04-SMKKRIAN1\Documents\RipenAI\data\raw_external\bananaimagebd\extracted\banana_overripe\bananaimagebd_00511.jpg,0,0.003395824460312724
C:\Users\DELL-04-SMKKRIAN1\Documents\RipenAI\data\raw_external\bananaimagebd\extracted\banana_overripe\bananaimagebd_00512.jpg,0,0.0006023291498422623
C:\Users\DELL-04-SMKKRIAN1\Documents\RipenAI\data\raw_external\bananaimagebd\extracted\banana_overripe\bananaimagebd_00513.jpg,0,0.0017489041201770306
C:\Users\DELL-04-SMKKRIAN1\Documents\RipenAI\data\raw_external\bananaimagebd\extracted\banana_overripe\bananaimagebd_00514.jpg,0,0.0001760588784236461
C:\Users\DELL-04-SMKKRIAN1\Documents\RipenAI\data\raw_external\bananaimagebd\extracted\banana_overripe\bananaimagebd_00515.jpg,0,0.06201472133398056
C:\Users\DELL-04-SMKKRIAN1\Documents\RipenAI\data\raw_external\bananaimagebd\extracted\banana_overripe\bananaimagebd_00516.jpg,0,0.0003748917079064995
C:\Users\DELL-04-SMKKRIAN1\Documents\RipenAI\data\raw_external\bananaimagebd\extracted\banana_overripe\bananaimagebd_00517.jpg,0,0.0002205548225902021
C:\Users\DELL-04-SMKKRIAN1\Documents\RipenAI\data\raw_external\bananaimagebd\extracted\banana_overripe\bananaimagebd_00518.jpg,0,0.0012332763290032744
C:\Users\DELL-04-SMKKRIAN1\Documents\RipenAI\data\raw_external\bananaimagebd\extracted\banana_overripe\bananaimagebd_00519.jpg,0,0.003317700233310461
C:\Users\DELL-04-SMKKRIAN1\Documents\RipenAI\data\raw_external\bananaimagebd\extracted\banana_overripe\bananaimagebd_00520.jpg,0,0.010632484219968319
C:\Users\DELL-04-SMKKRIAN1\Documents\RipenAI\data\raw_external\bananaimagebd\extracted\banana_overripe\bananaimagebd_00521.jpg,0,0.002695527859032154
C:\Users\DELL-04-SMKKRIAN1\Documents\RipenAI\data\raw_external\bananaimagebd\extracted\banana_overripe\bananaimagebd_00522.jpg,0,0.0008574520470574498
C:\Users\DELL-04-SMKKRIAN1\Documents\RipenAI\data\raw_external\bananaimagebd\extracted\banana_overripe\bananaimagebd_00523.jpg,0,0.009579455479979515
C:\Users\DELL-04-SMKKRIAN1\Documents\RipenAI\data\raw_external\bananaimagebd\extracted\banana_overripe\bananaimagebd_00524.jpg,0,0.21556717157363892
C:\Users\DELL-04-SMKKRIAN1\Documents\RipenAI\data\raw_external\bananaimagebd\extracted\banana_overripe\bananaimagebd_00525.jpg,0,0.0006392544601112604
C:\Users\DELL-04-SMKKRIAN1\Documents\RipenAI\data\raw_external\bananaimagebd\extracted\banana_overripe\bananaimagebd_00526.jpg,0,0.0002040149411186576
C:\Users\DELL-04-SMKKRIAN1\Documents\RipenAI\data\raw_external\bananaimagebd\extracted\banana_overripe\bananaimagebd_00527.jpg,0,0.00196027010679245
C:\Users\DELL-04-SMKKRIAN1\Documents\RipenAI\data\raw_external\bananaimagebd\extracted\banana_overripe\bananaimagebd_00528.jpg,0,0.0025017824955284595
C:\Users\DELL-04-SMKKRIAN1\Documents\RipenAI\data\raw_external\bananaimagebd\extracted\banana_overripe\bananaimagebd_00529.jpg,0,0.025241132825613022
C:\Users\DELL-04-SMKKRIAN1\Documents\RipenAI\data\raw_external\bananaimagebd\extracted\banana_overripe\bananaimagebd_00530.jpg,0,0.008809586055576801
C:\Users\DELL-04-SMKKRIAN1\Documents\RipenAI\data\raw_external\bananaimagebd\extracted\banana_overripe\bananaimagebd_00531.jpg,0,0.00011130706843687221
C:\Users\DELL-04-SMKKRIAN1\Documents\RipenAI\data\raw_external\bananaimagebd\extracted\banana_overripe\bananaimagebd_00532.jpg,0,0.00039978360291570425
C:\Users\DELL-04-SMKKRIAN1\Documents\RipenAI\data\raw_external\bananaimagebd\extracted\banana_overripe\bananaimagebd_00533.jpg,0,0.005274569615721703
C:\Users\DELL-04-SMKKRIAN1\Documents\RipenAI\data\raw_external\bananaimagebd\extracted\banana_overripe\bananaimagebd_00534.jpg,0,0.0038612650241702795
C:\Users\DELL-04-SMKKRIAN1\Documents\RipenAI\data\raw_external\bananaimagebd\extracted\banana_overripe\bananaimagebd_00535.jpg,0,0.00012374029029160738
C:\Users\DELL-04-SMKKRIAN1\Documents\RipenAI\data\raw_external\bananaimagebd\extracted\banana_overripe\bananaimagebd_00536.jpg,0,0.0021024784073233604
C:\Users\DELL-04-SMKKRIAN1\Documents\RipenAI\data\raw_external\bananaimagebd\extracted\banana_overripe\bananaimagebd_00537.jpg,0,0.0023556603118777275
C:\Users\DELL-04-SMKKRIAN1\Documents\RipenAI\data\raw_external\bananaimagebd\extracted\banana_overripe\bananaimagebd_00538.jpg,0,0.00023995920491870493
C:\Users\DELL-04-SMKKRIAN1\Documents\RipenAI\data\raw_external\bananaimagebd\extracted\banana_overripe\bananaimagebd_00539.jpg,0,0.23110465705394745
C:\Users\DELL-04-SMKKRIAN1\Documents\RipenAI\data\raw_external\bananaimagebd\extracted\banana_overripe\bananaimagebd_00540.jpg,0,0.005296967923641205
C:\Users\DELL-04-SMKKRIAN1\Documents\RipenAI\data\raw_external\bananaimagebd\extracted\banana_overripe\bananaimagebd_00541.jpg,0,0.0049639432691037655
C:\Users\DELL-04-SMKKRIAN1\Documents\RipenAI\data\raw_external\bananaimagebd\extracted\banana_overripe\bananaimagebd_00542.jpg,0,0.013044459745287895
C:\Users\DELL-04-SMKKRIAN1\Documents\RipenAI\data\raw_external\bananaimagebd\extracted\banana_overripe\bananaimagebd_00543.jpg,0,0.0032573784701526165
C:\Users\DELL-04-SMKKRIAN1\Documents\RipenAI\data\raw_external\bananaimagebd\extracted\banana_overripe\bananaimagebd_00544.jpg,0,0.0003452446253504604
C:\Users\DELL-04-SMKKRIAN1\Documents\RipenAI\data\raw_external\bananaimagebd\extracted\banana_overripe\bananaimagebd_00545.jpg,0,0.022556785494089127
C:\Users\DELL-04-SMKKRIAN1\Documents\RipenAI\data\raw_external\bananaimagebd\extracted\banana_overripe\bananaimagebd_00546.jpg,0,0.022041717544198036
C:\Users\DELL-04-SMKKRIAN1\Documents\RipenAI\data\raw_external\bananaimagebd\extracted\banana_overripe\bananaimagebd_00547.jpg,0,2.7229438273934647e-05
C:\Users\DELL-04-SMKKRIAN1\Documents\RipenAI\data\raw_external\bananaimagebd\extracted\banana_overripe\bananaimagebd_00548.jpg,0,0.0015892174560576677
C:\Users\DELL-04-SMKKRIAN1\Documents\RipenAI\data\raw_external\bananaimagebd\extracted\banana_overripe\bananaimagebd_00549.jpg,0,0.0012177680619060993
C:\Users\DELL-04-SMKKRIAN1\Documents\RipenAI\data\raw_external\bananaimagebd\extracted\banana_overripe\bananaimagebd_00550.jpg,0,0.0011485195718705654
C:\Users\DELL-04-SMKKRIAN1\Documents\RipenAI\data\raw_external\bananaimagebd\extracted\banana_overripe\bananaimagebd_00551.jpg,0,0.003034816822037101
C:\Users\DELL-04-SMKKRIAN1\Documents\RipenAI\data\raw_external\bananaimagebd\extracted\banana_overripe\bananaimagebd_00552.jpg,0,0.0006534197018481791
C:\Users\DELL-04-SMKKRIAN1\Documents\RipenAI\data\raw_external\bananaimagebd\extracted\banana_overripe\bananaimagebd_00553.jpg,0,0.0011532140197232366
C:\Users\DELL-04-SMKKRIAN1\Documents\RipenAI\data\raw_external\bananaimagebd\extracted\banana_overripe\bananaimagebd_00554.jpg,0,0.007546830922365189
C:\Users\DELL-04-SMKKRIAN1\Documents\RipenAI\data\raw_external\bananaimagebd\extracted\banana_overripe\bananaimagebd_00555.jpg,0,0.003934822510927916
C:\Users\DELL-04-SMKKRIAN1\Documents\RipenAI\data\raw_external\bananaimagebd\extracted\banana_overripe\bananaimagebd_00556.jpg,0,0.023042136803269386
C:\Users\DELL-04-SMKKRIAN1\Documents\RipenAI\data\raw_external\bananaimagebd\extracted\banana_overripe\bananaimagebd_00557.jpg,0,0.0003843922750093043
C:\Users\DELL-04-SMKKRIAN1\Documents\RipenAI\data\raw_external\bananaimagebd\extracted\banana_overripe\bananaimagebd_00558.jpg,0,0.00026059409719891846
C:\Users\DELL-04-SMKKRIAN1\Documents\RipenAI\data\raw_external\bananaimagebd\extracted\banana_overripe\bananaimagebd_00559.jpg,0,0.008547530509531498
C:\Users\DELL-04-SMKKRIAN1\Documents\RipenAI\data\raw_external\bananaimagebd\extracted\banana_overripe\bananaimagebd_00560.jpg,0,0.003436530940234661
C:\Users\DELL-04-SMKKRIAN1\Documents\RipenAI\data\raw_external\bananaimagebd\extracted\banana_overripe\bananaimagebd_00561.jpg,0,0.0018043804448097944
C:\Users\DELL-04-SMKKRIAN1\Documents\RipenAI\data\raw_external\bananaimagebd\extracted\banana_overripe\bananaimagebd_00562.jpg,0,0.027886003255844116
C:\Users\DELL-04-SMKKRIAN1\Documents\RipenAI\data\raw_external\bananaimagebd\extracted\banana_overripe\bananaimagebd_00563.jpg,0,0.0004626368754543364
C:\Users\DELL-04-SMKKRIAN1\Documents\RipenAI\data\raw_external\bananaimagebd\extracted\banana_overripe\bananaimagebd_00564.jpg,0,0.007599002216011286
C:\Users\DELL-04-SMKKRIAN1\Documents\RipenAI\data\raw_external\bananaimagebd\extracted\banana_overripe\bananaimagebd_00565.jpg,0,0.0662427768111229
C:\Users\DELL-04-SMKKRIAN1\Documents\RipenAI\data\raw_external\bananaimagebd\extracted\banana_overripe\bananaimagebd_00566.jpg,0,0.0014881264651194215
C:\Users\DELL-04-SMKKRIAN1\Documents\RipenAI\data\raw_external\bananaimagebd\extracted\banana_overripe\bananaimagebd_00567.jpg,0,7.39677416277118e-05
C:\Users\DELL-04-SMKKRIAN1\Documents\RipenAI\data\raw_external\bananaimagebd\extracted\banana_overripe\bananaimagebd_00568.jpg,0,0.0022679329849779606
C:\Users\DELL-04-SMKKRIAN1\Documents\RipenAI\data\raw_external\bananaimagebd\extracted\banana_overripe\bananaimagebd_00569.jpg,0,0.00021741628006566316
C:\Users\DELL-04-SMKKRIAN1\Documents\RipenAI\data\raw_external\bananaimagebd\extracted\banana_overripe\bananaimagebd_00570.jpg,0,0.15757909417152405
C:\Users\DELL-04-SMKKRIAN1\Documents\RipenAI\data\raw_external\bananaimagebd\extracted\banana_overripe\bananaimagebd_00571.jpg,0,0.0006614745361730456
C:\Users\DELL-04-SMKKRIAN1\Documents\RipenAI\data\raw_external\bananaimagebd\extracted\banana_overripe\bananaimagebd_00572.jpg,0,0.0005540512502193451
C:\Users\DELL-04-SMKKRIAN1\Documents\RipenAI\data\raw_external\bananaimagebd\extracted\banana_overripe\bananaimagebd_00573.jpg,0,0.010221629403531551
C:\Users\DELL-04-SMKKRIAN1\Documents\RipenAI\data\raw_external\bananaimagebd\extracted\banana_overripe\bananaimagebd_00574.jpg,0,0.00040419644210487604
C:\Users\DELL-04-SMKKRIAN1\Documents\RipenAI\data\raw_external\bananaimagebd\extracted\banana_overripe\bananaimagebd_00575.jpg,0,0.0005507569876499474
C:\Users\DELL-04-SMKKRIAN1\Documents\RipenAI\data\raw_external\bananaimagebd\extracted\banana_overripe\bananaimagebd_00576.jpg,0,0.221404567360878
C:\Users\DELL-04-SMKKRIAN1\Documents\RipenAI\data\raw_external\bananaimagebd\extracted\banana_overripe\bananaimagebd_00577.jpg,0,0.00015659797645639628
C:\Users\DELL-04-SMKKRIAN1\Documents\RipenAI\data\raw_external\bananaimagebd\extracted\banana_overripe\bananaimagebd_00578.jpg,0,9.443379531148821e-05
C:\Users\DELL-04-SMKKRIAN1\Documents\RipenAI\data\raw_external\bananaimagebd\extracted\banana_overripe\bananaimagebd_00579.jpg,0,0.005656193010509014
C:\Users\DELL-04-SMKKRIAN1\Documents\RipenAI\data\raw_external\bananaimagebd\extracted\banana_overripe\bananaimagebd_00580.jpg,0,0.00035928885336034
C:\Users\DELL-04-SMKKRIAN1\Documents\RipenAI\data\raw_external\bananaimagebd\extracted\banana_overripe\bananaimagebd_00581.jpg,0,0.0008538003312423825
C:\Users\DELL-04-SMKKRIAN1\Documents\RipenAI\data\raw_external\bananaimagebd\extracted\banana_overripe\bananaimagebd_00582.jpg,0,0.004932742100208998
C:\Users\DELL-04-SMKKRIAN1\Documents\RipenAI\data\raw_external\bananaimagebd\extracted\banana_overripe\bananaimagebd_00583.jpg,0,0.07325234264135361
C:\Users\DELL-04-SMKKRIAN1\Documents\RipenAI\data\raw_external\bananaimagebd\extracted\banana_overripe\bananaimagebd_00584.jpg,0,0.0002891856711357832
C:\Users\DELL-04-SMKKRIAN1\Documents\RipenAI\data\raw_external\bananaimagebd\extracted\banana_overripe\bananaimagebd_00585.jpg,0,0.0013643178390339017
C:\Users\DELL-04-SMKKRIAN1\Documents\RipenAI\data\raw_external\bananaimagebd\extracted\banana_overripe\bananaimagebd_00586.jpg,0,0.0012688556453213096
C:\Users\DELL-04-SMKKRIAN1\Documents\RipenAI\data\raw_external\bananaimagebd\extracted\banana_overripe\bananaimagebd_00587.jpg,0,0.0029146105516701937
C:\Users\DELL-04-SMKKRIAN1\Documents\RipenAI\data\raw_external\bananaimagebd\extracted\banana_overripe\bananaimagebd_00588.jpg,0,0.00040418736170977354
C:\Users\DELL-04-SMKKRIAN1\Documents\RipenAI\data\raw_external\bananaimagebd\extracted\banana_overripe\bananaimagebd_00589.jpg,0,0.5221277475357056
C:\Users\DELL-04-SMKKRIAN1\Documents\RipenAI\data\raw_external\bananaimagebd\extracted\banana_overripe\bananaimagebd_00590.jpg,0,0.002465644618496299
C:\Users\DELL-04-SMKKRIAN1\Documents\RipenAI\data\raw_external\bananaimagebd\extracted\banana_overripe\bananaimagebd_00591.jpg,0,0.05122531205415726
C:\Users\DELL-04-SMKKRIAN1\Documents\RipenAI\data\raw_external\bananaimagebd\extracted\banana_overripe\bananaimagebd_00592.jpg,0,0.0003992346173617989
C:\Users\DELL-04-SMKKRIAN1\Documents\RipenAI\data\raw_external\bananaimagebd\extracted\banana_overripe\bananaimagebd_00593.jpg,0,0.0027025779709219933
C:\Users\DELL-04-SMKKRIAN1\Documents\RipenAI\data\raw_external\bananaimagebd\extracted\banana_overripe\bananaimagebd_00594.jpg,0,0.00016557019262108952
C:\Users\DELL-04-SMKKRIAN1\Documents\RipenAI\data\raw_external\bananaimagebd\extracted\banana_overripe\bananaimagebd_00595.jpg,0,0.004263659007847309
C:\Users\DELL-04-SMKKRIAN1\Documents\RipenAI\data\raw_external\bananaimagebd\extracted\banana_overripe\bananaimagebd_00596.jpg,0,0.001402876223437488
C:\Users\DELL-04-SMKKRIAN1\Documents\RipenAI\data\raw_external\bananaimagebd\extracted\banana_overripe\bananaimagebd_00597.jpg,0,8.501022966811433e-05
C:\Users\DELL-04-SMKKRIAN1\Documents\RipenAI\data\raw_external\bananaimagebd\extracted\banana_overripe\bananaimagebd_00598.jpg,0,0.0007305656326934695
C:\Users\DELL-04-SMKKRIAN1\Documents\RipenAI\data\raw_external\bananaimagebd\extracted\banana_overripe\bananaimagebd_00599.jpg,0,0.006950028706341982
C:\Users\DELL-04-SMKKRIAN1\Documents\RipenAI\data\raw_external\bananaimagebd\extracted\banana_overripe\bananaimagebd_00600.jpg,0,0.00010188057058257982
C:\Users\DELL-04-SMKKRIAN1\Documents\RipenAI\data\raw_external\bananaimagebd\extracted\banana_overripe\bananaimagebd_00601.jpg,0,0.006925527006387711
C:\Users\DELL-04-SMKKRIAN1\Documents\RipenAI\data\raw_external\bananaimagebd\extracted\banana_overripe\bananaimagebd_00602.jpg,0,0.0011462223483249545
C:\Users\DELL-04-SMKKRIAN1\Documents\RipenAI\data\raw_external\bananaimagebd\extracted\banana_overripe\bananaimagebd_00603.jpg,0,0.0010732918744906783
C:\Users\DELL-04-SMKKRIAN1\Documents\RipenAI\data\raw_external\bananaimagebd\extracted\banana_overripe\bananaimagebd_00604.jpg,0,0.017698248848319054
C:\Users\DELL-04-SMKKRIAN1\Documents\RipenAI\data\raw_external\bananaimagebd\extracted\banana_overripe\bananaimagebd_00605.jpg,0,0.03821296617388725
C:\Users\DELL-04-SMKKRIAN1\Documents\RipenAI\data\raw_external\bananaimagebd\extracted\banana_overripe\bananaimagebd_00606.jpg,0,0.00029148286557756364
C:\Users\DELL-04-SMKKRIAN1\Documents\RipenAI\data\raw_external\bananaimagebd\extracted\banana_overripe\bananaimagebd_00607.jpg,0,0.0005707080126740038
C:\Users\DELL-04-SMKKRIAN1\Documents\RipenAI\data\raw_external\bananaimagebd\extracted\banana_overripe\bananaimagebd_00608.jpg,0,0.0003711762255989015
C:\Users\DELL-04-SMKKRIAN1\Documents\RipenAI\data\raw_external\bananaimagebd\extracted\banana_overripe\bananaimagebd_00609.jpg,0,8.713312854524702e-05
C:\Users\DELL-04-SMKKRIAN1\Documents\RipenAI\data\raw_external\bananaimagebd\extracted\banana_overripe\bananaimagebd_00610.jpg,0,0.0003424837486818433
C:\Users\DELL-04-SMKKRIAN1\Documents\RipenAI\data\raw_external\bananaimagebd\extracted\banana_overripe\bananaimagebd_00611.jpg,0,0.005460185930132866
C:\Users\DELL-04-SMKKRIAN1\Documents\RipenAI\data\raw_external\bananaimagebd\extracted\banana_overripe\bananaimagebd_00612.jpg,0,0.0010335950646549463
C:\Users\DELL-04-SMKKRIAN1\Documents\RipenAI\data\raw_external\bananaimagebd\extracted\banana_overripe\bananaimagebd_00613.jpg,0,0.0017541851848363876
C:\Users\DELL-04-SMKKRIAN1\Documents\RipenAI\data\raw_external\bananaimagebd\extracted\banana_overripe\bananaimagebd_00614.jpg,0,0.002768078586086631
C:\Users\DELL-04-SMKKRIAN1\Documents\RipenAI\data\raw_external\bananaimagebd\extracted\banana_overripe\bananaimagebd_00615.jpg,0,0.02432936802506447
C:\Users\DELL-04-SMKKRIAN1\Documents\RipenAI\data\raw_external\bananaimagebd\extracted\banana_overripe\bananaimagebd_00616.jpg,0,0.0019879748579114676
C:\Users\DELL-04-SMKKRIAN1\Documents\RipenAI\data\raw_external\bananaimagebd\extracted\banana_overripe\bananaimagebd_00617.jpg,0,0.0019461779156699777
C:\Users\DELL-04-SMKKRIAN1\Documents\RipenAI\data\raw_external\bananaimagebd\extracted\banana_overripe\bananaimagebd_00618.jpg,0,0.0009514535195194185
C:\Users\DELL-04-SMKKRIAN1\Documents\RipenAI\data\raw_external\bananaimagebd\extracted\banana_ripe\bananaimagebd_00212.jpg,0,0.0005310976994223893
C:\Users\DELL-04-SMKKRIAN1\Documents\RipenAI\data\raw_external\bananaimagebd\extracted\banana_ripe\bananaimagebd_00213.jpg,0,0.00043051561806350946
C:\Users\DELL-04-SMKKRIAN1\Documents\RipenAI\data\raw_external\bananaimagebd\extracted\banana_ripe\bananaimagebd_00214.jpg,0,8.870405872585252e-05
C:\Users\DELL-04-SMKKRIAN1\Documents\RipenAI\data\raw_external\bananaimagebd\extracted\banana_ripe\bananaimagebd_00215.jpg,0,4.6545228542527184e-05
C:\Users\DELL-04-SMKKRIAN1\Documents\RipenAI\data\raw_external\bananaimagebd\extracted\banana_ripe\bananaimagebd_00216.jpg,0,6.869903882034123e-05
C:\Users\DELL-04-SMKKRIAN1\Documents\RipenAI\data\raw_external\bananaimagebd\extracted\banana_ripe\bananaimagebd_00217.jpg,0,4.9327529268339276e-05
C:\Users\DELL-04-SMKKRIAN1\Documents\RipenAI\data\raw_external\bananaimagebd\extracted\banana_ripe\bananaimagebd_00218.jpg,0,1.1477936823212076e-05
C:\Users\DELL-04-SMKKRIAN1\Documents\RipenAI\data\raw_external\bananaimagebd\extracted\banana_ripe\bananaimagebd_00219.jpg,0,0.008824770338833332
C:\Users\DELL-04-SMKKRIAN1\Documents\RipenAI\data\raw_external\bananaimagebd\extracted\banana_ripe\bananaimagebd_00220.jpg,0,4.6790752094238997e-05
C:\Users\DELL-04-SMKKRIAN1\Documents\RipenAI\data\raw_external\bananaimagebd\extracted\banana_ripe\bananaimagebd_00221.jpg,0,0.00226167356595397
C:\Users\DELL-04-SMKKRIAN1\Documents\RipenAI\data\raw_external\bananaimagebd\extracted\banana_ripe\bananaimagebd_00222.jpg,0,4.777804861078039e-05
C:\Users\DELL-04-SMKKRIAN1\Documents\RipenAI\data\raw_external\bananaimagebd\extracted\banana_ripe\bananaimagebd_00223.jpg,0,0.00020483435946516693
C:\Users\DELL-04-SMKKRIAN1\Documents\RipenAI\data\raw_external\bananaimagebd\extracted\banana_ripe\bananaimagebd_00224.jpg,0,0.0001689299097051844
C:\Users\DELL-04-SMKKRIAN1\Documents\RipenAI\data\raw_external\bananaimagebd\extracted\banana_ripe\bananaimagebd_00225.jpg,0,4.4070939111406915e-06
C:\Users\DELL-04-SMKKRIAN1\Documents\RipenAI\data\raw_external\bananaimagebd\extracted\banana_ripe\bananaimagebd_00226.jpg,0,0.004496842622756958
C:\Users\DELL-04-SMKKRIAN1\Documents\RipenAI\data\raw_external\bananaimagebd\extracted\banana_ripe\bananaimagebd_00227.jpg,0,0.0001917868503369391
C:\Users\DELL-04-SMKKRIAN1\Documents\RipenAI\data\raw_external\bananaimagebd\extracted\banana_ripe\bananaimagebd_00228.jpg,0,5.539233097806573e-05
C:\Users\DELL-04-SMKKRIAN1\Documents\RipenAI\data\raw_external\bananaimagebd\extracted\banana_ripe\bananaimagebd_00229.jpg,0,6.032509554643184e-05
C:\Users\DELL-04-SMKKRIAN1\Documents\RipenAI\data\raw_external\bananaimagebd\extracted\banana_ripe\bananaimagebd_00230.jpg,0,1.6036996385082603e-05
C:\Users\DELL-04-SMKKRIAN1\Documents\RipenAI\data\raw_external\bananaimagebd\extracted\banana_ripe\bananaimagebd_00231.jpg,0,0.00015879253624007106
C:\Users\DELL-04-SMKKRIAN1\Documents\RipenAI\data\raw_external\bananaimagebd\extracted\banana_ripe\bananaimagebd_00232.jpg,0,5.613842586171813e-05
C:\Users\DELL-04-SMKKRIAN1\Documents\RipenAI\data\raw_external\bananaimagebd\extracted\banana_ripe\bananaimagebd_00233.jpg,0,0.030719617381691933
C:\Users\DELL-04-SMKKRIAN1\Documents\RipenAI\data\raw_external\bananaimagebd\extracted\banana_ripe\bananaimagebd_00234.jpg,0,0.00014775390445720404
C:\Users\DELL-04-SMKKRIAN1\Documents\RipenAI\data\raw_external\bananaimagebd\extracted\banana_ripe\bananaimagebd_00235.jpg,0,0.03172682225704193
C:\Users\DELL-04-SMKKRIAN1\Documents\RipenAI\data\raw_external\bananaimagebd\extracted\banana_ripe\bananaimagebd_00236.jpg,0,0.0025196641217917204
C:\Users\DELL-04-SMKKRIAN1\Documents\RipenAI\data\raw_external\bananaimagebd\extracted\banana_ripe\bananaimagebd_00237.jpg,0,0.00022045937657821923
C:\Users\DELL-04-SMKKRIAN1\Documents\RipenAI\data\raw_external\bananaimagebd\extracted\banana_ripe\bananaimagebd_00238.jpg,0,0.0005587023333646357
C:\Users\DELL-04-SMKKRIAN1\Documents\RipenAI\data\raw_external\bananaimagebd\extracted\banana_ripe\bananaimagebd_00239.jpg,0,0.0001426108501618728
C:\Users\DELL-04-SMKKRIAN1\Documents\RipenAI\data\raw_external\bananaimagebd\extracted\banana_ripe\bananaimagebd_00240.jpg,0,4.3406205804785714e-05
C:\Users\DELL-04-SMKKRIAN1\Documents\RipenAI\data\raw_external\bananaimagebd\extracted\banana_ripe\bananaimagebd_00241.jpg,0,0.0001438251492800191
C:\Users\DELL-04-SMKKRIAN1\Documents\RipenAI\data\raw_external\bananaimagebd\extracted\banana_ripe\bananaimagebd_00242.jpg,0,8.523150609107688e-05
C:\Users\DELL-04-SMKKRIAN1\Documents\RipenAI\data\raw_external\bananaimagebd\extracted\banana_ripe\bananaimagebd_00243.jpg,0,2.567791125329677e-05
C:\Users\DELL-04-SMKKRIAN1\Documents\RipenAI\data\raw_external\bananaimagebd\extracted\banana_ripe\bananaimagebd_00244.jpg,0,0.0005278720054775476
C:\Users\DELL-04-SMKKRIAN1\Documents\RipenAI\data\raw_external\bananaimagebd\extracted\banana_ripe\bananaimagebd_00245.jpg,0,0.00018374776118434966
C:\Users\DELL-04-SMKKRIAN1\Documents\RipenAI\data\raw_external\bananaimagebd\extracted\banana_ripe\bananaimagebd_00246.jpg,0,4.966444612364285e-05
C:\Users\DELL-04-SMKKRIAN1\Documents\RipenAI\data\raw_external\bananaimagebd\extracted\banana_ripe\bananaimagebd_00247.jpg,0,0.0846310630440712
C:\Users\DELL-04-SMKKRIAN1\Documents\RipenAI\data\raw_external\bananaimagebd\extracted\banana_ripe\bananaimagebd_00248.jpg,0,0.000490753969643265
C:\Users\DELL-04-SMKKRIAN1\Documents\RipenAI\data\raw_external\bananaimagebd\extracted\banana_ripe\bananaimagebd_00249.jpg,0,0.050857242196798325
C:\Users\DELL-04-SMKKRIAN1\Documents\RipenAI\data\raw_external\bananaimagebd\extracted\banana_ripe\bananaimagebd_00250.jpg,0,0.004777261987328529
C:\Users\DELL-04-SMKKRIAN1\Documents\RipenAI\data\raw_external\bananaimagebd\extracted\banana_ripe\bananaimagebd_00251.jpg,0,0.0011404439574107528
C:\Users\DELL-04-SMKKRIAN1\Documents\RipenAI\data\raw_external\bananaimagebd\extracted\banana_ripe\bananaimagebd_00252.jpg,0,2.797090019157622e-05
C:\Users\DELL-04-SMKKRIAN1\Documents\RipenAI\data\raw_external\bananaimagebd\extracted\banana_ripe\bananaimagebd_00253.jpg,0,0.010169196873903275
C:\Users\DELL-04-SMKKRIAN1\Documents\RipenAI\data\raw_external\bananaimagebd\extracted\banana_ripe\bananaimagebd_00254.jpg,0,0.0014643309405073524
C:\Users\DELL-04-SMKKRIAN1\Documents\RipenAI\data\raw_external\bananaimagebd\extracted\banana_ripe\bananaimagebd_00255.jpg,0,0.00013794410915579647
C:\Users\DELL-04-SMKKRIAN1\Documents\RipenAI\data\raw_external\bananaimagebd\extracted\banana_ripe\bananaimagebd_00256.jpg,0,0.002159532392397523
C:\Users\DELL-04-SMKKRIAN1\Documents\RipenAI\data\raw_external\bananaimagebd\extracted\banana_ripe\bananaimagebd_00257.jpg,0,1.370610505091463e-07
C:\Users\DELL-04-SMKKRIAN1\Documents\RipenAI\data\raw_external\bananaimagebd\extracted\banana_ripe\bananaimagebd_00258.jpg,0,0.000648012850433588
C:\Users\DELL-04-SMKKRIAN1\Documents\RipenAI\data\raw_external\bananaimagebd\extracted\banana_ripe\bananaimagebd_00259.jpg,0,0.0001502961531514302
C:\Users\DELL-04-SMKKRIAN1\Documents\RipenAI\data\raw_external\bananaimagebd\extracted\banana_ripe\bananaimagebd_00260.jpg,0,0.010611381381750107
C:\Users\DELL-04-SMKKRIAN1\Documents\RipenAI\data\raw_external\bananaimagebd\extracted\banana_ripe\bananaimagebd_00261.jpg,0,0.00039502762956544757
C:\Users\DELL-04-SMKKRIAN1\Documents\RipenAI\data\raw_external\bananaimagebd\extracted\banana_ripe\bananaimagebd_00262.jpg,0,0.0007731004734523594
C:\Users\DELL-04-SMKKRIAN1\Documents\RipenAI\data\raw_external\bananaimagebd\extracted\banana_ripe\bananaimagebd_00263.jpg,0,0.0005896546645089984
C:\Users\DELL-04-SMKKRIAN1\Documents\RipenAI\data\raw_external\bananaimagebd\extracted\banana_ripe\bananaimagebd_00264.jpg,0,6.704905899823643e-06
C:\Users\DELL-04-SMKKRIAN1\Documents\RipenAI\data\raw_external\bananaimagebd\extracted\banana_ripe\bananaimagebd_00265.jpg,0,0.0002871507313102484
C:\Users\DELL-04-SMKKRIAN1\Documents\RipenAI\data\raw_external\bananaimagebd\extracted\banana_ripe\bananaimagebd_00266.jpg,0,1.9090512637376378e-07
C:\Users\DELL-04-SMKKRIAN1\Documents\RipenAI\data\raw_external\bananaimagebd\extracted\banana_ripe\bananaimagebd_00267.jpg,0,0.004544240888208151
C:\Users\DELL-04-SMKKRIAN1\Documents\RipenAI\data\raw_external\bananaimagebd\extracted\banana_ripe\bananaimagebd_00268.jpg,0,1.5387675375677645e-05
C:\Users\DELL-04-SMKKRIAN1\Documents\RipenAI\data\raw_external\bananaimagebd\extracted\banana_ripe\bananaimagebd_00269.jpg,0,0.0002136197581421584
C:\Users\DELL-04-SMKKRIAN1\Documents\RipenAI\data\raw_external\bananaimagebd\extracted\banana_ripe\bananaimagebd_00270.jpg,0,0.0006112106493674219
C:\Users\DELL-04-SMKKRIAN1\Documents\RipenAI\data\raw_external\bananaimagebd\extracted\banana_ripe\bananaimagebd_00271.jpg,0,0.005591947585344315
C:\Users\DELL-04-SMKKRIAN1\Documents\RipenAI\data\raw_external\bananaimagebd\extracted\banana_ripe\bananaimagebd_00272.jpg,0,0.002578944433480501
C:\Users\DELL-04-SMKKRIAN1\Documents\RipenAI\data\raw_external\bananaimagebd\extracted\banana_ripe\bananaimagebd_00273.jpg,0,0.0002633261610753834
C:\Users\DELL-04-SMKKRIAN1\Documents\RipenAI\data\raw_external\bananaimagebd\extracted\banana_ripe\bananaimagebd_00274.jpg,0,0.0013591976603493094
C:\Users\DELL-04-SMKKRIAN1\Documents\RipenAI\data\raw_external\bananaimagebd\extracted\banana_ripe\bananaimagebd_00275.jpg,0,0.00024833588395267725
C:\Users\DELL-04-SMKKRIAN1\Documents\RipenAI\data\raw_external\bananaimagebd\extracted\banana_ripe\bananaimagebd_00276.jpg,0,8.154506213031709e-05
C:\Users\DELL-04-SMKKRIAN1\Documents\RipenAI\data\raw_external\bananaimagebd\extracted\banana_ripe\bananaimagebd_00277.jpg,0,3.0755942134419456e-05
C:\Users\DELL-04-SMKKRIAN1\Documents\RipenAI\data\raw_external\bananaimagebd\extracted\banana_ripe\bananaimagebd_00278.jpg,0,2.49510703724809e-05
C:\Users\DELL-04-SMKKRIAN1\Documents\RipenAI\data\raw_external\bananaimagebd\extracted\banana_ripe\bananaimagebd_00279.jpg,0,8.284403156721964e-05
C:\Users\DELL-04-SMKKRIAN1\Documents\RipenAI\data\raw_external\bananaimagebd\extracted\banana_ripe\bananaimagebd_00280.jpg,0,0.0006453560781665146
C:\Users\DELL-04-SMKKRIAN1\Documents\RipenAI\data\raw_external\bananaimagebd\extracted\banana_ripe\bananaimagebd_00281.jpg,0,0.006461172364652157
C:\Users\DELL-04-SMKKRIAN1\Documents\RipenAI\data\raw_external\bananaimagebd\extracted\banana_ripe\bananaimagebd_00282.jpg,0,0.0010680390987545252
C:\Users\DELL-04-SMKKRIAN1\Documents\RipenAI\data\raw_external\bananaimagebd\extracted\banana_ripe\bananaimagebd_00283.jpg,0,0.0014230322558432817
C:\Users\DELL-04-SMKKRIAN1\Documents\RipenAI\data\raw_external\bananaimagebd\extracted\banana_ripe\bananaimagebd_00284.jpg,0,0.0005700510228052735
C:\Users\DELL-04-SMKKRIAN1\Documents\RipenAI\data\raw_external\bananaimagebd\extracted\banana_ripe\bananaimagebd_00285.jpg,0,0.011251327581703663
C:\Users\DELL-04-SMKKRIAN1\Documents\RipenAI\data\raw_external\bananaimagebd\extracted\banana_ripe\bananaimagebd_00286.jpg,0,4.2876810766756535e-05
C:\Users\DELL-04-SMKKRIAN1\Documents\RipenAI\data\raw_external\bananaimagebd\extracted\banana_ripe\bananaimagebd_00287.jpg,0,9.059508010977879e-05
C:\Users\DELL-04-SMKKRIAN1\Documents\RipenAI\data\raw_external\bananaimagebd\extracted\banana_ripe\bananaimagebd_00288.jpg,0,0.0001713088568067178
C:\Users\DELL-04-SMKKRIAN1\Documents\RipenAI\data\raw_external\bananaimagebd\extracted\banana_ripe\bananaimagebd_00289.jpg,0,0.00010174250201089308
C:\Users\DELL-04-SMKKRIAN1\Documents\RipenAI\data\raw_external\bananaimagebd\extracted\banana_ripe\bananaimagebd_00290.jpg,0,0.0026454022154212
C:\Users\DELL-04-SMKKRIAN1\Documents\RipenAI\data\raw_external\bananaimagebd\extracted\banana_ripe\bananaimagebd_00291.jpg,0,0.012694766744971275
C:\Users\DELL-04-SMKKRIAN1\Documents\RipenAI\data\raw_external\bananaimagebd\extracted\banana_ripe\bananaimagebd_00292.jpg,0,0.00023138136020861566
C:\Users\DELL-04-SMKKRIAN1\Documents\RipenAI\data\raw_external\bananaimagebd\extracted\banana_ripe\bananaimagebd_00293.jpg,0,1.9471570340101607e-05
C:\Users\DELL-04-SMKKRIAN1\Documents\RipenAI\data\raw_external\bananaimagebd\extracted\banana_ripe\bananaimagebd_00294.jpg,0,6.789444159949198e-05
C:\Users\DELL-04-SMKKRIAN1\Documents\RipenAI\data\raw_external\bananaimagebd\extracted\banana_ripe\bananaimagebd_00295.jpg,0,0.00032514557824470103
C:\Users\DELL-04-SMKKRIAN1\Documents\RipenAI\data\raw_external\bananaimagebd\extracted\banana_ripe\bananaimagebd_00296.jpg,0,1.7845817637862638e-05
C:\Users\DELL-04-SMKKRIAN1\Documents\RipenAI\data\raw_external\bananaimagebd\extracted\banana_ripe\bananaimagebd_00297.jpg,0,0.0010050481650978327
C:\Users\DELL-04-SMKKRIAN1\Documents\RipenAI\data\raw_external\bananaimagebd\extracted\banana_ripe\bananaimagebd_00298.jpg,0,0.000630706490483135
C:\Users\DELL-04-SMKKRIAN1\Documents\RipenAI\data\raw_external\bananaimagebd\extracted\banana_ripe\bananaimagebd_00299.jpg,0,0.0005755656748078763
C:\Users\DELL-04-SMKKRIAN1\Documents\RipenAI\data\raw_external\bananaimagebd\extracted\banana_ripe\bananaimagebd_00300.jpg,0,0.002921775449067354
C:\Users\DELL-04-SMKKRIAN1\Documents\RipenAI\data\raw_external\bananaimagebd\extracted\banana_ripe\bananaimagebd_00301.jpg,0,4.058342256030301e-06
C:\Users\DELL-04-SMKKRIAN1\Documents\RipenAI\data\raw_external\bananaimagebd\extracted\banana_ripe\bananaimagebd_00302.jpg,0,6.631773430854082e-05
C:\Users\DELL-04-SMKKRIAN1\Documents\RipenAI\data\raw_external\bananaimagebd\extracted\banana_ripe\bananaimagebd_00303.jpg,0,0.0017645444022491574
C:\Users\DELL-04-SMKKRIAN1\Documents\RipenAI\data\raw_external\bananaimagebd\extracted\banana_ripe\bananaimagebd_00304.jpg,0,4.4628308387473226e-05
C:\Users\DELL-04-SMKKRIAN1\Documents\RipenAI\data\raw_external\bananaimagebd\extracted\banana_ripe\bananaimagebd_00305.jpg,0,0.0008909632451832294
C:\Users\DELL-04-SMKKRIAN1\Documents\RipenAI\data\raw_external\bananaimagebd\extracted\banana_ripe\bananaimagebd_00306.jpg,0,5.9430120018078014e-05
C:\Users\DELL-04-SMKKRIAN1\Documents\RipenAI\data\raw_external\bananaimagebd\extracted\banana_ripe\bananaimagebd_00307.jpg,0,8.225624696933664e-06
C:\Users\DELL-04-SMKKRIAN1\Documents\RipenAI\data\raw_external\bananaimagebd\extracted\banana_ripe\bananaimagebd_00308.jpg,0,6.932944415893871e-06
C:\Users\DELL-04-SMKKRIAN1\Documents\RipenAI\data\raw_external\bananaimagebd\extracted\banana_ripe\bananaimagebd_00309.jpg,0,0.0002680828038137406
C:\Users\DELL-04-SMKKRIAN1\Documents\RipenAI\data\raw_external\bananaimagebd\extracted\banana_ripe\bananaimagebd_00310.jpg,0,0.0002385155385127291
C:\Users\DELL-04-SMKKRIAN1\Documents\RipenAI\data\raw_external\bananaimagebd\extracted\banana_ripe\bananaimagebd_00311.jpg,0,6.668099103990244e-06
C:\Users\DELL-04-SMKKRIAN1\Documents\RipenAI\data\raw_external\bananaimagebd\extracted\banana_ripe\bananaimagebd_00312.jpg,0,0.012844299897551537
C:\Users\DELL-04-SMKKRIAN1\Documents\RipenAI\data\raw_external\bananaimagebd\extracted\banana_ripe\bananaimagebd_00313.jpg,0,4.271446596249007e-05
C:\Users\DELL-04-SMKKRIAN1\Documents\RipenAI\data\raw_external\bananaimagebd\extracted\banana_ripe\bananaimagebd_00314.jpg,0,7.925713725853711e-05
C:\Users\DELL-04-SMKKRIAN1\Documents\RipenAI\data\raw_external\bananaimagebd\extracted\banana_ripe\bananaimagebd_00315.jpg,0,0.0015523090260103345
C:\Users\DELL-04-SMKKRIAN1\Documents\RipenAI\data\raw_external\bananaimagebd\extracted\banana_ripe\bananaimagebd_00316.jpg,0,6.557015876751393e-05
C:\Users\DELL-04-SMKKRIAN1\Documents\RipenAI\data\raw_external\bananaimagebd\extracted\banana_ripe\bananaimagebd_00317.jpg,0,0.0007695975946262479
C:\Users\DELL-04-SMKKRIAN1\Documents\RipenAI\data\raw_external\bananaimagebd\extracted\banana_ripe\bananaimagebd_00318.jpg,0,4.5837446123186965e-06
C:\Users\DELL-04-SMKKRIAN1\Documents\RipenAI\data\raw_external\bananaimagebd\extracted\banana_ripe\bananaimagebd_00319.jpg,0,7.397824930421848e-08
C:\Users\DELL-04-SMKKRIAN1\Documents\RipenAI\data\raw_external\bananaimagebd\extracted\banana_ripe\bananaimagebd_00320.jpg,0,3.3096766856033355e-05
C:\Users\DELL-04-SMKKRIAN1\Documents\RipenAI\data\raw_external\bananaimagebd\extracted\banana_ripe\bananaimagebd_00321.jpg,0,0.0037831419613212347
C:\Users\DELL-04-SMKKRIAN1\Documents\RipenAI\data\raw_external\bananaimagebd\extracted\banana_ripe\bananaimagebd_00322.jpg,0,0.00013098145427647978
C:\Users\DELL-04-SMKKRIAN1\Documents\RipenAI\data\raw_external\bananaimagebd\extracted\banana_ripe\bananaimagebd_00323.jpg,0,0.005123714450746775
C:\Users\DELL-04-SMKKRIAN1\Documents\RipenAI\data\raw_external\bananaimagebd\extracted\banana_ripe\bananaimagebd_00324.jpg,0,0.0003479614097159356
C:\Users\DELL-04-SMKKRIAN1\Documents\RipenAI\data\raw_external\bananaimagebd\extracted\banana_ripe\bananaimagebd_00325.jpg,0,0.00021850690245628357
C:\Users\DELL-04-SMKKRIAN1\Documents\RipenAI\data\raw_external\bananaimagebd\extracted\banana_ripe\bananaimagebd_00326.jpg,0,1.250089735549409e-05
C:\Users\DELL-04-SMKKRIAN1\Documents\RipenAI\data\raw_external\bananaimagebd\extracted\banana_ripe\bananaimagebd_00327.jpg,0,3.466984344413504e-05
C:\Users\DELL-04-SMKKRIAN1\Documents\RipenAI\data\raw_external\bananaimagebd\extracted\banana_ripe\bananaimagebd_00328.jpg,0,0.0005416583153419197
C:\Users\DELL-04-SMKKRIAN1\Documents\RipenAI\data\raw_external\bananaimagebd\extracted\banana_ripe\bananaimagebd_00329.jpg,0,1.7450192899559624e-05
C:\Users\DELL-04-SMKKRIAN1\Documents\RipenAI\data\raw_external\bananaimagebd\extracted\banana_ripe\bananaimagebd_00330.jpg,0,0.000180760893272236
C:\Users\DELL-04-SMKKRIAN1\Documents\RipenAI\data\raw_external\bananaimagebd\extracted\banana_ripe\bananaimagebd_00331.jpg,0,0.0015607867389917374
C:\Users\DELL-04-SMKKRIAN1\Documents\RipenAI\data\raw_external\bananaimagebd\extracted\banana_ripe\bananaimagebd_00332.jpg,0,0.001344333402812481
C:\Users\DELL-04-SMKKRIAN1\Documents\RipenAI\data\raw_external\bananaimagebd\extracted\banana_ripe\bananaimagebd_00333.jpg,0,3.753880810108967e-05
C:\Users\DELL-04-SMKKRIAN1\Documents\RipenAI\data\raw_external\bananaimagebd\extracted\banana_ripe\bananaimagebd_00334.jpg,0,0.0008078800747171044
C:\Users\DELL-04-SMKKRIAN1\Documents\RipenAI\data\raw_external\bananaimagebd\extracted\banana_ripe\bananaimagebd_00335.jpg,0,8.96772908163257e-05
C:\Users\DELL-04-SMKKRIAN1\Documents\RipenAI\data\raw_external\bananaimagebd\extracted\banana_ripe\bananaimagebd_00336.jpg,0,6.152987680252409e-06
C:\Users\DELL-04-SMKKRIAN1\Documents\RipenAI\data\raw_external\bananaimagebd\extracted\banana_ripe\bananaimagebd_00337.jpg,0,0.0020367468241602182
C:\Users\DELL-04-SMKKRIAN1\Documents\RipenAI\data\raw_external\bananaimagebd\extracted\banana_ripe\bananaimagebd_00338.jpg,0,0.00038250788929872215
C:\Users\DELL-04-SMKKRIAN1\Documents\RipenAI\data\raw_external\bananaimagebd\extracted\banana_ripe\bananaimagebd_00339.jpg,0,9.353578889204073e-07
C:\Users\DELL-04-SMKKRIAN1\Documents\RipenAI\data\raw_external\bananaimagebd\extracted\banana_ripe\bananaimagebd_00340.jpg,0,0.0034434767439961433
C:\Users\DELL-04-SMKKRIAN1\Documents\RipenAI\data\raw_external\bananaimagebd\extracted\banana_ripe\bananaimagebd_00341.jpg,0,0.0001286065817112103
C:\Users\DELL-04-SMKKRIAN1\Documents\RipenAI\data\raw_external\bananaimagebd\extracted\banana_ripe\bananaimagebd_00342.jpg,0,1.3599741578218527e-05
C:\Users\DELL-04-SMKKRIAN1\Documents\RipenAI\data\raw_external\bananaimagebd\extracted\banana_ripe\bananaimagebd_00343.jpg,0,0.000728067709133029
C:\Users\DELL-04-SMKKRIAN1\Documents\RipenAI\data\raw_external\bananaimagebd\extracted\banana_ripe\bananaimagebd_00344.jpg,0,0.0002000357781071216
C:\Users\DELL-04-SMKKRIAN1\Documents\RipenAI\data\raw_external\bananaimagebd\extracted\banana_ripe\bananaimagebd_00345.jpg,0,1.5596579032717273e-05
C:\Users\DELL-04-SMKKRIAN1\Documents\RipenAI\data\raw_external\bananaimagebd\extracted\banana_ripe\bananaimagebd_00346.jpg,0,8.156131661962718e-05
C:\Users\DELL-04-SMKKRIAN1\Documents\RipenAI\data\raw_external\bananaimagebd\extracted\banana_ripe\bananaimagebd_00347.jpg,0,0.002907932037487626
C:\Users\DELL-04-SMKKRIAN1\Documents\RipenAI\data\raw_external\bananaimagebd\extracted\banana_ripe\bananaimagebd_00348.jpg,0,6.458493589889258e-05
C:\Users\DELL-04-SMKKRIAN1\Documents\RipenAI\data\raw_external\bananaimagebd\extracted\banana_ripe\bananaimagebd_00349.jpg,0,0.00010054367885459214
C:\Users\DELL-04-SMKKRIAN1\Documents\RipenAI\data\raw_external\bananaimagebd\extracted\banana_ripe\bananaimagebd_00350.jpg,0,1.7114605725510046e-05
C:\Users\DELL-04-SMKKRIAN1\Documents\RipenAI\data\raw_external\bananaimagebd\extracted\banana_ripe\bananaimagebd_00351.jpg,0,0.0005116140237078071
C:\Users\DELL-04-SMKKRIAN1\Documents\RipenAI\data\raw_external\bananaimagebd\extracted\banana_ripe\bananaimagebd_00352.jpg,0,0.0004062126390635967
C:\Users\DELL-04-SMKKRIAN1\Documents\RipenAI\data\raw_external\bananaimagebd\extracted\banana_ripe\bananaimagebd_00353.jpg,0,6.771934567950666e-05
C:\Users\DELL-04-SMKKRIAN1\Documents\RipenAI\data\raw_external\bananaimagebd\extracted\banana_ripe\bananaimagebd_00354.jpg,0,1.6215763025684282e-05
C:\Users\DELL-04-SMKKRIAN1\Documents\RipenAI\data\raw_external\bananaimagebd\extracted\banana_ripe\bananaimagebd_00355.jpg,0,0.001976665807887912
C:\Users\DELL-04-SMKKRIAN1\Documents\RipenAI\data\raw_external\bananaimagebd\extracted\banana_ripe\bananaimagebd_00356.jpg,0,0.00033720731153152883
C:\Users\DELL-04-SMKKRIAN1\Documents\RipenAI\data\raw_external\bananaimagebd\extracted\banana_ripe\bananaimagebd_00357.jpg,0,0.00012553631677292287
C:\Users\DELL-04-SMKKRIAN1\Documents\RipenAI\data\raw_external\bananaimagebd\extracted\banana_ripe\bananaimagebd_00358.jpg,0,0.0005811417358927429
C:\Users\DELL-04-SMKKRIAN1\Documents\RipenAI\data\raw_external\bananaimagebd\extracted\banana_ripe\bananaimagebd_00359.jpg,0,8.965565939433873e-06
C:\Users\DELL-04-SMKKRIAN1\Documents\RipenAI\data\raw_external\bananaimagebd\extracted\banana_ripe\bananaimagebd_00360.jpg,0,0.0013770832447335124
C:\Users\DELL-04-SMKKRIAN1\Documents\RipenAI\data\raw_external\bananaimagebd\extracted\banana_ripe\bananaimagebd_00361.jpg,0,0.0006577204330824316
C:\Users\DELL-04-SMKKRIAN1\Documents\RipenAI\data\raw_external\bananaimagebd\extracted\banana_ripe\bananaimagebd_00362.jpg,0,1.7737602320266888e-05
C:\Users\DELL-04-SMKKRIAN1\Documents\RipenAI\data\raw_external\bananaimagebd\extracted\banana_ripe\bananaimagebd_00363.jpg,0,0.0002892708871513605
C:\Users\DELL-04-SMKKRIAN1\Documents\RipenAI\data\raw_external\bananaimagebd\extracted\banana_ripe\bananaimagebd_00364.jpg,0,6.02414584136568e-05
C:\Users\DELL-04-SMKKRIAN1\Documents\RipenAI\data\raw_external\bananaimagebd\extracted\banana_ripe\bananaimagebd_00365.jpg,0,7.324024772970006e-05
C:\Users\DELL-04-SMKKRIAN1\Documents\RipenAI\data\raw_external\bananaimagebd\extracted\banana_ripe\bananaimagebd_00366.jpg,0,0.00011084631842095405
C:\Users\DELL-04-SMKKRIAN1\Documents\RipenAI\data\raw_external\bananaimagebd\extracted\banana_ripe\bananaimagebd_00367.jpg,0,0.0002496884553693235
C:\Users\DELL-04-SMKKRIAN1\Documents\RipenAI\data\raw_external\bananaimagebd\extracted\banana_ripe\bananaimagebd_00368.jpg,0,3.3580967283342034e-05
C:\Users\DELL-04-SMKKRIAN1\Documents\RipenAI\data\raw_external\bananaimagebd\extracted\banana_ripe\bananaimagebd_00369.jpg,0,3.983138594776392e-05
C:\Users\DELL-04-SMKKRIAN1\Documents\RipenAI\data\raw_external\bananaimagebd\extracted\banana_ripe\bananaimagebd_00370.jpg,0,1.0979998705806793e-06
C:\Users\DELL-04-SMKKRIAN1\Documents\RipenAI\data\raw_external\bananaimagebd\extracted\banana_ripe\bananaimagebd_00371.jpg,0,0.00017557704995851964
C:\Users\DELL-04-SMKKRIAN1\Documents\RipenAI\data\raw_external\bananaimagebd\extracted\banana_ripe\bananaimagebd_00372.jpg,0,4.04962120228447e-05
C:\Users\DELL-04-SMKKRIAN1\Documents\RipenAI\data\raw_external\bananaimagebd\extracted\banana_ripe\bananaimagebd_00373.jpg,0,1.3493189499058644e-06
C:\Users\DELL-04-SMKKRIAN1\Documents\RipenAI\data\raw_external\bananaimagebd\extracted\banana_ripe\bananaimagebd_00374.jpg,0,5.890011016163044e-05
C:\Users\DELL-04-SMKKRIAN1\Documents\RipenAI\data\raw_external\bananaimagebd\extracted\banana_ripe\bananaimagebd_00375.jpg,0,0.0027139296289533377
C:\Users\DELL-04-SMKKRIAN1\Documents\RipenAI\data\raw_external\bananaimagebd\extracted\banana_ripe\bananaimagebd_00376.jpg,0,0.00035764341009780765
C:\Users\DELL-04-SMKKRIAN1\Documents\RipenAI\data\raw_external\bananaimagebd\extracted\banana_ripe\bananaimagebd_00377.jpg,0,0.007600374985486269
C:\Users\DELL-04-SMKKRIAN1\Documents\RipenAI\data\raw_external\bananaimagebd\extracted\banana_ripe\bananaimagebd_00378.jpg,0,0.00011595802789088339
C:\Users\DELL-04-SMKKRIAN1\Documents\RipenAI\data\raw_external\bananaimagebd\extracted\banana_ripe\bananaimagebd_00379.jpg,0,0.0005071908817626536
C:\Users\DELL-04-SMKKRIAN1\Documents\RipenAI\data\raw_external\bananaimagebd\extracted\banana_ripe\bananaimagebd_00380.jpg,0,1.3653331734531093e-05
C:\Users\DELL-04-SMKKRIAN1\Documents\RipenAI\data\raw_external\bananaimagebd\extracted\banana_ripe\bananaimagebd_00381.jpg,0,0.000701818207744509
C:\Users\DELL-04-SMKKRIAN1\Documents\RipenAI\data\raw_external\bananaimagebd\extracted\banana_ripe\bananaimagebd_00382.jpg,0,8.713403803994879e-05
C:\Users\DELL-04-SMKKRIAN1\Documents\RipenAI\data\raw_external\bananaimagebd\extracted\banana_ripe\bananaimagebd_00383.jpg,0,0.0010245036100968719
C:\Users\DELL-04-SMKKRIAN1\Documents\RipenAI\data\raw_external\bananaimagebd\extracted\banana_ripe\bananaimagebd_00384.jpg,0,4.242717750457814e-06
C:\Users\DELL-04-SMKKRIAN1\Documents\RipenAI\data\raw_external\bananaimagebd\extracted\banana_ripe\bananaimagebd_00385.jpg,0,0.00010969398863380775
C:\Users\DELL-04-SMKKRIAN1\Documents\RipenAI\data\raw_external\bananaimagebd\extracted\banana_ripe\bananaimagebd_00386.jpg,0,0.0016256814124062657
C:\Users\DELL-04-SMKKRIAN1\Documents\RipenAI\data\raw_external\bananaimagebd\extracted\banana_ripe\bananaimagebd_00387.jpg,0,0.00012877436529379338
C:\Users\DELL-04-SMKKRIAN1\Documents\RipenAI\data\raw_external\bananaimagebd\extracted\banana_ripe\bananaimagebd_00388.jpg,0,3.867220220854506e-05
C:\Users\DELL-04-SMKKRIAN1\Documents\RipenAI\data\raw_external\bananaimagebd\extracted\banana_ripe\bananaimagebd_00389.jpg,0,1.5895000615273602e-05
C:\Users\DELL-04-SMKKRIAN1\Documents\RipenAI\data\raw_external\bananaimagebd\extracted\banana_ripe\bananaimagebd_00390.jpg,0,1.4210729204933159e-05
C:\Users\DELL-04-SMKKRIAN1\Documents\RipenAI\data\raw_external\bananaimagebd\extracted\banana_ripe\bananaimagebd_00391.jpg,0,0.0006142643978819251
C:\Users\DELL-04-SMKKRIAN1\Documents\RipenAI\data\raw_external\bananaimagebd\extracted\banana_ripe\bananaimagebd_00392.jpg,0,0.0007644002325832844
C:\Users\DELL-04-SMKKRIAN1\Documents\RipenAI\data\raw_external\bananaimagebd\extracted\banana_ripe\bananaimagebd_00393.jpg,0,2.567470437497832e-05
C:\Users\DELL-04-SMKKRIAN1\Documents\RipenAI\data\raw_external\bananaimagebd\extracted\banana_ripe\bananaimagebd_00394.jpg,0,3.952696260967059e-06
C:\Users\DELL-04-SMKKRIAN1\Documents\RipenAI\data\raw_external\bananaimagebd\extracted\banana_ripe\bananaimagebd_00395.jpg,0,4.944726242683828e-06
C:\Users\DELL-04-SMKKRIAN1\Documents\RipenAI\data\raw_external\bananaimagebd\extracted\banana_ripe\bananaimagebd_00396.jpg,0,1.0061805369332433e-05
C:\Users\DELL-04-SMKKRIAN1\Documents\RipenAI\data\raw_external\bananaimagebd\extracted\banana_ripe\bananaimagebd_00397.jpg,0,0.04276037588715553
C:\Users\DELL-04-SMKKRIAN1\Documents\RipenAI\data\raw_external\bananaimagebd\extracted\banana_ripe\bananaimagebd_00398.jpg,0,0.0010622016852721572
C:\Users\DELL-04-SMKKRIAN1\Documents\RipenAI\data\raw_external\bananaimagebd\extracted\banana_ripe\bananaimagebd_00399.jpg,0,7.750543591100723e-05
C:\Users\DELL-04-SMKKRIAN1\Documents\RipenAI\data\raw_external\bananaimagebd\extracted\banana_ripe\bananaimagebd_00400.jpg,0,0.0005909382016398013
C:\Users\DELL-04-SMKKRIAN1\Documents\RipenAI\data\raw_external\bananaimagebd\extracted\banana_ripe\bananaimagebd_00401.jpg,0,0.0007996023050509393
C:\Users\DELL-04-SMKKRIAN1\Documents\RipenAI\data\raw_external\bananaimagebd\extracted\banana_ripe\bananaimagebd_00402.jpg,0,0.00014397209451999515
C:\Users\DELL-04-SMKKRIAN1\Documents\RipenAI\data\raw_external\bananaimagebd\extracted\banana_ripe\bananaimagebd_00403.jpg,0,0.0023440923541784286
C:\Users\DELL-04-SMKKRIAN1\Documents\RipenAI\data\raw_external\bananaimagebd\extracted\banana_ripe\bananaimagebd_00404.jpg,0,1.6494652300025336e-05
C:\Users\DELL-04-SMKKRIAN1\Documents\RipenAI\data\raw_external\bananaimagebd\extracted\banana_ripe\bananaimagebd_00405.jpg,0,1.244185000359721e-06
C:\Users\DELL-04-SMKKRIAN1\Documents\RipenAI\data\raw_external\bananaimagebd\extracted\banana_ripe\bananaimagebd_00406.jpg,0,1.2238831004651729e-05
C:\Users\DELL-04-SMKKRIAN1\Documents\RipenAI\data\raw_external\bananaimagebd\extracted\banana_ripe\bananaimagebd_00407.jpg,0,2.5640349122113548e-05
C:\Users\DELL-04-SMKKRIAN1\Documents\RipenAI\data\raw_external\bananaimagebd\extracted\banana_ripe\bananaimagebd_00408.jpg,0,2.7229827537667006e-05
C:\Users\DELL-04-SMKKRIAN1\Documents\RipenAI\data\raw_external\bananaimagebd\extracted\banana_ripe\bananaimagebd_00409.jpg,0,9.518465958535671e-06
C:\Users\DELL-04-SMKKRIAN1\Documents\RipenAI\data\raw_external\bananaimagebd\extracted\banana_ripe\bananaimagebd_00410.jpg,0,8.328840340254828e-05
C:\Users\DELL-04-SMKKRIAN1\Documents\RipenAI\data\raw_external\bananaimagebd\extracted\banana_ripe\bananaimagebd_00411.jpg,0,2.0834426322835498e-05
C:\Users\DELL-04-SMKKRIAN1\Documents\RipenAI\data\raw_external\bananaimagebd\extracted\banana_ripe\bananaimagebd_00412.jpg,0,0.0002016462676692754
C:\Users\DELL-04-SMKKRIAN1\Documents\RipenAI\data\raw_external\bananaimagebd\extracted\banana_ripe\bananaimagebd_00413.jpg,0,2.1989530068822205e-05
C:\Users\DELL-04-SMKKRIAN1\Documents\RipenAI\data\raw_external\bananaimagebd\extracted\banana_ripe\bananaimagebd_00414.jpg,0,3.481098701740848e-06
C:\Users\DELL-04-SMKKRIAN1\Documents\RipenAI\data\raw_external\bananaimagebd\extracted\banana_ripe\bananaimagebd_00415.jpg,0,0.0015918025746941566
C:\Users\DELL-04-SMKKRIAN1\Documents\RipenAI\data\raw_external\bananaimagebd\extracted\banana_ripe\bananaimagebd_00619.jpg,0,0.0021892376244068146
C:\Users\DELL-04-SMKKRIAN1\Documents\RipenAI\data\raw_external\bananaimagebd\extracted\banana_ripe\bananaimagebd_00620.jpg,0,0.00019204942509531975
C:\Users\DELL-04-SMKKRIAN1\Documents\RipenAI\data\raw_external\bananaimagebd\extracted\banana_ripe\bananaimagebd_00621.jpg,0,0.0005492063937708735
C:\Users\DELL-04-SMKKRIAN1\Documents\RipenAI\data\raw_external\bananaimagebd\extracted\banana_ripe\bananaimagebd_00622.jpg,0,9.537566256767605e-06
C:\Users\DELL-04-SMKKRIAN1\Documents\RipenAI\data\raw_external\bananaimagebd\extracted\banana_ripe\bananaimagebd_00623.jpg,0,0.0006437386036850512
C:\Users\DELL-04-SMKKRIAN1\Documents\RipenAI\data\raw_external\bananaimagebd\extracted\banana_ripe\bananaimagebd_00624.jpg,0,0.005180214066058397
C:\Users\DELL-04-SMKKRIAN1\Documents\RipenAI\data\raw_external\bananaimagebd\extracted\banana_ripe\bananaimagebd_00625.jpg,0,2.4889138785511022e-06
C:\Users\DELL-04-SMKKRIAN1\Documents\RipenAI\data\raw_external\bananaimagebd\extracted\banana_ripe\bananaimagebd_00626.jpg,0,8.247205585121264e-08
C:\Users\DELL-04-SMKKRIAN1\Documents\RipenAI\data\raw_external\bananaimagebd\extracted\banana_ripe\bananaimagebd_00627.jpg,0,0.007600374985486269
C:\Users\DELL-04-SMKKRIAN1\Documents\RipenAI\data\raw_external\bananaimagebd\extracted\banana_ripe\bananaimagebd_00628.jpg,0,5.349857019609772e-06
C:\Users\DELL-04-SMKKRIAN1\Documents\RipenAI\data\raw_external\bananaimagebd\extracted\banana_ripe\bananaimagebd_00629.jpg,0,0.017726100981235504
C:\Users\DELL-04-SMKKRIAN1\Documents\RipenAI\data\raw_external\bananaimagebd\extracted\banana_ripe\bananaimagebd_00630.jpg,0,0.027066314592957497
C:\Users\DELL-04-SMKKRIAN1\Documents\RipenAI\data\raw_external\bananaimagebd\extracted\banana_ripe\bananaimagebd_00631.jpg,0,1.8680815628613345e-05
C:\Users\DELL-04-SMKKRIAN1\Documents\RipenAI\data\raw_external\bananaimagebd\extracted\banana_ripe\bananaimagebd_00632.jpg,0,0.0004852860001847148
C:\Users\DELL-04-SMKKRIAN1\Documents\RipenAI\data\raw_external\bananaimagebd\extracted\banana_ripe\bananaimagebd_00633.jpg,0,0.015876736491918564
C:\Users\DELL-04-SMKKRIAN1\Documents\RipenAI\data\raw_external\bananaimagebd\extracted\banana_ripe\bananaimagebd_00634.jpg,0,9.730944839247968e-06
C:\Users\DELL-04-SMKKRIAN1\Documents\RipenAI\data\raw_external\bananaimagebd\extracted\banana_ripe\bananaimagebd_00635.jpg,0,0.0004340843588579446
C:\Users\DELL-04-SMKKRIAN1\Documents\RipenAI\data\raw_external\bananaimagebd\extracted\banana_ripe\bananaimagebd_00636.jpg,0,8.590941433794796e-05
C:\Users\DELL-04-SMKKRIAN1\Documents\RipenAI\data\raw_external\bananaimagebd\extracted\banana_ripe\bananaimagebd_00637.jpg,0,0.003831085516139865
C:\Users\DELL-04-SMKKRIAN1\Documents\RipenAI\data\raw_external\bananaimagebd\extracted\banana_ripe\bananaimagebd_00638.jpg,0,0.0004277123953215778
C:\Users\DELL-04-SMKKRIAN1\Documents\RipenAI\data\raw_external\bananaimagebd\extracted\banana_ripe\bananaimagebd_00639.jpg,0,0.037042319774627686
C:\Users\DELL-04-SMKKRIAN1\Documents\RipenAI\data\raw_external\bananaimagebd\extracted\banana_ripe\bananaimagebd_00640.jpg,0,6.535486591019435e-06
C:\Users\DELL-04-SMKKRIAN1\Documents\RipenAI\data\raw_external\bananaimagebd\extracted\banana_ripe\bananaimagebd_00641.jpg,0,7.504354289267212e-05
C:\Users\DELL-04-SMKKRIAN1\Documents\RipenAI\data\raw_external\bananaimagebd\extracted\banana_ripe\bananaimagebd_00642.jpg,0,1.6618980680505047e-06
C:\Users\DELL-04-SMKKRIAN1\Documents\RipenAI\data\raw_external\bananaimagebd\extracted\banana_ripe\bananaimagebd_00643.jpg,0,0.00013500511704478413
C:\Users\DELL-04-SMKKRIAN1\Documents\RipenAI\data\raw_external\bananaimagebd\extracted\banana_ripe\bananaimagebd_00644.jpg,0,0.00018388974422123283
C:\Users\DELL-04-SMKKRIAN1\Documents\RipenAI\data\raw_external\bananaimagebd\extracted\banana_ripe\bananaimagebd_00645.jpg,0,0.00028083656798116863
C:\Users\DELL-04-SMKKRIAN1\Documents\RipenAI\data\raw_external\bananaimagebd\extracted\banana_ripe\bananaimagebd_00646.jpg,0,0.0001929692371049896
C:\Users\DELL-04-SMKKRIAN1\Documents\RipenAI\data\raw_external\bananaimagebd\extracted\banana_ripe\bananaimagebd_00647.jpg,0,0.0032802068162709475
C:\Users\DELL-04-SMKKRIAN1\Documents\RipenAI\data\raw_external\bananaimagebd\extracted\banana_ripe\bananaimagebd_00648.jpg,0,5.862708712811582e-05
C:\Users\DELL-04-SMKKRIAN1\Documents\RipenAI\data\raw_external\bananaimagebd\extracted\banana_ripe\bananaimagebd_00649.jpg,0,0.0030050771310925484
C:\Users\DELL-04-SMKKRIAN1\Documents\RipenAI\data\raw_external\bananaimagebd\extracted\banana_ripe\bananaimagebd_00650.jpg,0,0.0012740326346829534
C:\Users\DELL-04-SMKKRIAN1\Documents\RipenAI\data\raw_external\bananaimagebd\extracted\banana_ripe\bananaimagebd_00651.jpg,0,0.00013644789578393102
C:\Users\DELL-04-SMKKRIAN1\Documents\RipenAI\data\raw_external\bananaimagebd\extracted\banana_ripe\bananaimagebd_00652.jpg,0,1.3910829693486448e-05
C:\Users\DELL-04-SMKKRIAN1\Documents\RipenAI\data\raw_external\bananaimagebd\extracted\banana_ripe\bananaimagebd_00653.jpg,0,0.37125012278556824
C:\Users\DELL-04-SMKKRIAN1\Documents\RipenAI\data\raw_external\bananaimagebd\extracted\banana_ripe\bananaimagebd_00654.jpg,0,1.0282951734552626e-05
C:\Users\DELL-04-SMKKRIAN1\Documents\RipenAI\data\raw_external\bananaimagebd\extracted\banana_ripe\bananaimagebd_00655.jpg,0,0.0004796306893695146
C:\Users\DELL-04-SMKKRIAN1\Documents\RipenAI\data\raw_external\bananaimagebd\extracted\banana_ripe\bananaimagebd_00656.jpg,0,3.747499795281328e-05
C:\Users\DELL-04-SMKKRIAN1\Documents\RipenAI\data\raw_external\bananaimagebd\extracted\banana_ripe\bananaimagebd_00657.jpg,0,2.0490741007961333e-05
C:\Users\DELL-04-SMKKRIAN1\Documents\RipenAI\data\raw_external\bananaimagebd\extracted\banana_ripe\bananaimagebd_00658.jpg,0,4.005635855719447e-05
C:\Users\DELL-04-SMKKRIAN1\Documents\RipenAI\data\raw_external\bananaimagebd\extracted\banana_ripe\bananaimagebd_00659.jpg,0,0.0006073702243156731
C:\Users\DELL-04-SMKKRIAN1\Documents\RipenAI\data\raw_external\bananaimagebd\extracted\banana_ripe\bananaimagebd_00660.jpg,0,7.920169991848525e-06
C:\Users\DELL-04-SMKKRIAN1\Documents\RipenAI\data\raw_external\bananaimagebd\extracted\banana_ripe\bananaimagebd_00661.jpg,0,0.005508944857865572
C:\Users\DELL-04-SMKKRIAN1\Documents\RipenAI\data\raw_external\bananaimagebd\extracted\banana_ripe\bananaimagebd_00662.jpg,0,0.00010997445497196168
C:\Users\DELL-04-SMKKRIAN1\Documents\RipenAI\data\raw_external\bananaimagebd\extracted\banana_ripe\bananaimagebd_00663.jpg,0,0.01051795482635498
C:\Users\DELL-04-SMKKRIAN1\Documents\RipenAI\data\raw_external\bananaimagebd\extracted\banana_ripe\bananaimagebd_00664.jpg,0,7.775928679620847e-05
C:\Users\DELL-04-SMKKRIAN1\Documents\RipenAI\data\raw_external\bananaimagebd\extracted\banana_ripe\bananaimagebd_00665.jpg,0,1.541446636110777e-06
C:\Users\DELL-04-SMKKRIAN1\Documents\RipenAI\data\raw_external\bananaimagebd\extracted\banana_ripe\bananaimagebd_00666.jpg,0,0.00011853362229885533
C:\Users\DELL-04-SMKKRIAN1\Documents\RipenAI\data\raw_external\bananaimagebd\extracted\banana_ripe\bananaimagebd_00667.jpg,0,0.013904456980526447
C:\Users\DELL-04-SMKKRIAN1\Documents\RipenAI\data\raw_external\bananaimagebd\extracted\banana_ripe\bananaimagebd_00668.jpg,0,0.0005387619603425264
C:\Users\DELL-04-SMKKRIAN1\Documents\RipenAI\data\raw_external\bananaimagebd\extracted\banana_ripe\bananaimagebd_00669.jpg,0,0.0013827327638864517
C:\Users\DELL-04-SMKKRIAN1\Documents\RipenAI\data\raw_external\bananaimagebd\extracted\banana_ripe\bananaimagebd_00670.jpg,0,1.767553158060764e-06
C:\Users\DELL-04-SMKKRIAN1\Documents\RipenAI\data\raw_external\bananaimagebd\extracted\banana_ripe\bananaimagebd_00671.jpg,0,1.721157241263427e-05
C:\Users\DELL-04-SMKKRIAN1\Documents\RipenAI\data\raw_external\bananaimagebd\extracted\banana_ripe\bananaimagebd_00672.jpg,0,0.0005374830216169357
C:\Users\DELL-04-SMKKRIAN1\Documents\RipenAI\data\raw_external\bananaimagebd\extracted\banana_ripe\bananaimagebd_00673.jpg,0,6.654262688243762e-05
C:\Users\DELL-04-SMKKRIAN1\Documents\RipenAI\data\raw_external\bananaimagebd\extracted\banana_ripe\bananaimagebd_00674.jpg,0,0.0003626252873800695
C:\Users\DELL-04-SMKKRIAN1\Documents\RipenAI\data\raw_external\bananaimagebd\extracted\banana_ripe\bananaimagebd_00675.jpg,0,2.51737333201163e-06
C:\Users\DELL-04-SMKKRIAN1\Documents\RipenAI\data\raw_external\bananaimagebd\extracted\banana_ripe\bananaimagebd_00676.jpg,0,0.0004896125174127519
C:\Users\DELL-04-SMKKRIAN1\Documents\RipenAI\data\raw_external\bananaimagebd\extracted\banana_ripe\bananaimagebd_00677.jpg,0,0.0008063307031989098
C:\Users\DELL-04-SMKKRIAN1\Documents\RipenAI\data\raw_external\bananaimagebd\extracted\banana_ripe\bananaimagebd_00678.jpg,0,0.0005196499987505376
C:\Users\DELL-04-SMKKRIAN1\Documents\RipenAI\data\raw_external\bananaimagebd\extracted\banana_ripe\bananaimagebd_00679.jpg,0,0.0010761166922748089
C:\Users\DELL-04-SMKKRIAN1\Documents\RipenAI\data\raw_external\bananaimagebd\extracted\banana_ripe\bananaimagebd_00680.jpg,0,0.007117343135178089
C:\Users\DELL-04-SMKKRIAN1\Documents\RipenAI\data\raw_external\bananaimagebd\extracted\banana_ripe\bananaimagebd_00681.jpg,0,0.00021344158449210227
C:\Users\DELL-04-SMKKRIAN1\Documents\RipenAI\data\raw_external\bananaimagebd\extracted\banana_ripe\bananaimagebd_00682.jpg,0,0.0024946171324700117
C:\Users\DELL-04-SMKKRIAN1\Documents\RipenAI\data\raw_external\bananaimagebd\extracted\banana_ripe\bananaimagebd_00683.jpg,0,8.642905595479533e-05
C:\Users\DELL-04-SMKKRIAN1\Documents\RipenAI\data\raw_external\bananaimagebd\extracted\banana_ripe\bananaimagebd_00684.jpg,0,1.2842602700402495e-05
C:\Users\DELL-04-SMKKRIAN1\Documents\RipenAI\data\raw_external\bananaimagebd\extracted\banana_ripe\bananaimagebd_00685.jpg,0,1.6179556041606702e-05
C:\Users\DELL-04-SMKKRIAN1\Documents\RipenAI\data\raw_external\bananaimagebd\extracted\banana_ripe\bananaimagebd_00686.jpg,0,4.499886472331127e-06
C:\Users\DELL-04-SMKKRIAN1\Documents\RipenAI\data\raw_external\bananaimagebd\extracted\banana_ripe\bananaimagebd_00687.jpg,0,1.4963468402129365e-06
C:\Users\DELL-04-SMKKRIAN1\Documents\RipenAI\data\raw_external\bananaimagebd\extracted\banana_ripe\bananaimagebd_00688.jpg,0,0.00010499914787942544
C:\Users\DELL-04-SMKKRIAN1\Documents\RipenAI\data\raw_external\bananaimagebd\extracted\banana_ripe\bananaimagebd_00689.jpg,0,7.479349733330309e-06
C:\Users\DELL-04-SMKKRIAN1\Documents\RipenAI\data\raw_external\bananaimagebd\extracted\banana_ripe\bananaimagebd_00690.jpg,0,0.000595622812397778
C:\Users\DELL-04-SMKKRIAN1\Documents\RipenAI\data\raw_external\bananaimagebd\extracted\banana_ripe\bananaimagebd_00691.jpg,0,0.009178031235933304
C:\Users\DELL-04-SMKKRIAN1\Documents\RipenAI\data\raw_external\bananaimagebd\extracted\banana_ripe\bananaimagebd_00692.jpg,0,0.05352458730340004
C:\Users\DELL-04-SMKKRIAN1\Documents\RipenAI\data\raw_external\bananaimagebd\extracted\banana_ripe\bananaimagebd_00693.jpg,0,0.01042095385491848
C:\Users\DELL-04-SMKKRIAN1\Documents\RipenAI\data\raw_external\bananaimagebd\extracted\banana_ripe\bananaimagebd_00694.jpg,0,0.0012238037306815386
C:\Users\DELL-04-SMKKRIAN1\Documents\RipenAI\data\raw_external\bananaimagebd\extracted\banana_ripe\bananaimagebd_00695.jpg,0,0.00015235607861541212
C:\Users\DELL-04-SMKKRIAN1\Documents\RipenAI\data\raw_external\bananaimagebd\extracted\banana_ripe\bananaimagebd_00696.jpg,0,0.002936006523668766
C:\Users\DELL-04-SMKKRIAN1\Documents\RipenAI\data\raw_external\bananaimagebd\extracted\banana_ripe\bananaimagebd_00697.jpg,0,0.000292696466203779
C:\Users\DELL-04-SMKKRIAN1\Documents\RipenAI\data\raw_external\bananaimagebd\extracted\banana_ripe\bananaimagebd_00698.jpg,0,0.001136618317104876
C:\Users\DELL-04-SMKKRIAN1\Documents\RipenAI\data\raw_external\bananaimagebd\extracted\banana_ripe\bananaimagebd_00699.jpg,0,3.226438991532632e-07
C:\Users\DELL-04-SMKKRIAN1\Documents\RipenAI\data\raw_external\bananaimagebd\extracted\banana_ripe\bananaimagebd_00700.jpg,0,4.397420525492635e-06
C:\Users\DELL-04-SMKKRIAN1\Documents\RipenAI\data\raw_external\bananaimagebd\extracted\banana_ripe\bananaimagebd_00701.jpg,0,9.219232197210658e-06
C:\Users\DELL-04-SMKKRIAN1\Documents\RipenAI\data\raw_external\bananaimagebd\extracted\banana_ripe\bananaimagebd_00702.jpg,0,3.307791757833911e-06
C:\Users\DELL-04-SMKKRIAN1\Documents\RipenAI\data\raw_external\bananaimagebd\extracted\banana_ripe\bananaimagebd_00703.jpg,0,0.0005731693236157298
C:\Users\DELL-04-SMKKRIAN1\Documents\RipenAI\data\raw_external\bananaimagebd\extracted\banana_ripe\bananaimagebd_00704.jpg,0,0.001002006814815104
C:\Users\DELL-04-SMKKRIAN1\Documents\RipenAI\data\raw_external\bananaimagebd\extracted\banana_ripe\bananaimagebd_00705.jpg,0,0.00042513033258728683
C:\Users\DELL-04-SMKKRIAN1\Documents\RipenAI\data\raw_external\bananaimagebd\extracted\banana_ripe\bananaimagebd_00706.jpg,0,0.0003595327725633979
C:\Users\DELL-04-SMKKRIAN1\Documents\RipenAI\data\raw_external\bananaimagebd\extracted\banana_ripe\bananaimagebd_00707.jpg,0,0.00032597986864857376
C:\Users\DELL-04-SMKKRIAN1\Documents\RipenAI\data\raw_external\bananaimagebd\extracted\banana_ripe\bananaimagebd_00708.jpg,0,0.004104699473828077
C:\Users\DELL-04-SMKKRIAN1\Documents\RipenAI\data\raw_external\bananaimagebd\extracted\banana_ripe\bananaimagebd_00709.jpg,0,3.435795588302426e-05
C:\Users\DELL-04-SMKKRIAN1\Documents\RipenAI\data\raw_external\bananaimagebd\extracted\banana_ripe\bananaimagebd_00710.jpg,0,4.528044883045368e-06
C:\Users\DELL-04-SMKKRIAN1\Documents\RipenAI\data\raw_external\bananaimagebd\extracted\banana_ripe\bananaimagebd_00711.jpg,0,0.003070346312597394
C:\Users\DELL-04-SMKKRIAN1\Documents\RipenAI\data\raw_external\bananaimagebd\extracted\banana_ripe\bananaimagebd_00712.jpg,0,4.872496447205776e-06
C:\Users\DELL-04-SMKKRIAN1\Documents\RipenAI\data\raw_external\bananaimagebd\extracted\banana_ripe\bananaimagebd_00713.jpg,0,5.986628821119666e-05
C:\Users\DELL-04-SMKKRIAN1\Documents\RipenAI\data\raw_external\bananaimagebd\extracted\banana_ripe\bananaimagebd_00714.jpg,0,1.3711357496504206e-05
C:\Users\DELL-04-SMKKRIAN1\Documents\RipenAI\data\raw_external\bananaimagebd\extracted\banana_ripe\bananaimagebd_00715.jpg,0,2.7221336495131254e-05
C:\Users\DELL-04-SMKKRIAN1\Documents\RipenAI\data\raw_external\bananaimagebd\extracted\banana_ripe\bananaimagebd_00716.jpg,0,4.672699287766591e-05
C:\Users\DELL-04-SMKKRIAN1\Documents\RipenAI\data\raw_external\bananaimagebd\extracted\banana_ripe\bananaimagebd_00717.jpg,0,0.0007741085719317198
C:\Users\DELL-04-SMKKRIAN1\Documents\RipenAI\data\raw_external\bananaimagebd\extracted\banana_ripe\bananaimagebd_00718.jpg,0,0.00019566442642826587
C:\Users\DELL-04-SMKKRIAN1\Documents\RipenAI\data\raw_external\bananaimagebd\extracted\banana_ripe\bananaimagebd_00719.jpg,0,0.0007172233890742064
C:\Users\DELL-04-SMKKRIAN1\Documents\RipenAI\data\raw_external\bananaimagebd\extracted\banana_ripe\bananaimagebd_00720.jpg,0,0.0022410068195313215
C:\Users\DELL-04-SMKKRIAN1\Documents\RipenAI\data\raw_external\bananaimagebd\extracted\banana_ripe\bananaimagebd_00721.jpg,0,0.0006133605493232608
C:\Users\DELL-04-SMKKRIAN1\Documents\RipenAI\data\raw_external\bananaimagebd\extracted\banana_ripe\bananaimagebd_00722.jpg,0,3.3740677736204816e-06
C:\Users\DELL-04-SMKKRIAN1\Documents\RipenAI\data\raw_external\bananaimagebd\extracted\banana_ripe\bananaimagebd_00723.jpg,0,0.000846689916215837
C:\Users\DELL-04-SMKKRIAN1\Documents\RipenAI\data\raw_external\bananaimagebd\extracted\banana_ripe\bananaimagebd_00724.jpg,0,0.008438981138169765
C:\Users\DELL-04-SMKKRIAN1\Documents\RipenAI\data\raw_external\bananaimagebd\extracted\banana_ripe\bananaimagebd_00725.jpg,0,0.0026095143985003233
C:\Users\DELL-04-SMKKRIAN1\Documents\RipenAI\data\raw_external\bananaimagebd\extracted\banana_ripe\bananaimagebd_00726.jpg,0,1.8151556560042081e-06
C:\Users\DELL-04-SMKKRIAN1\Documents\RipenAI\data\raw_external\bananaimagebd\extracted\banana_ripe\bananaimagebd_00727.jpg,0,0.00017759976617526263
C:\Users\DELL-04-SMKKRIAN1\Documents\RipenAI\data\raw_external\bananaimagebd\extracted\banana_ripe\bananaimagebd_00728.jpg,0,4.799143425771035e-06
C:\Users\DELL-04-SMKKRIAN1\Documents\RipenAI\data\raw_external\bananaimagebd\extracted\banana_ripe\bananaimagebd_00729.jpg,0,2.2503786567540374e-06
C:\Users\DELL-04-SMKKRIAN1\Documents\RipenAI\data\raw_external\bananaimagebd\extracted\banana_ripe\bananaimagebd_00730.jpg,0,5.0470905989641324e-05
C:\Users\DELL-04-SMKKRIAN1\Documents\RipenAI\data\raw_external\bananaimagebd\extracted\banana_ripe\bananaimagebd_00731.jpg,0,0.00013427766680251807
C:\Users\DELL-04-SMKKRIAN1\Documents\RipenAI\data\raw_external\bananaimagebd\extracted\banana_ripe\bananaimagebd_00732.jpg,0,0.00025401663151569664
C:\Users\DELL-04-SMKKRIAN1\Documents\RipenAI\data\raw_external\bananaimagebd\extracted\banana_ripe\bananaimagebd_00733.jpg,0,2.328786467842292e-05
C:\Users\DELL-04-SMKKRIAN1\Documents\RipenAI\data\raw_external\bananaimagebd\extracted\banana_ripe\bananaimagebd_00734.jpg,0,0.00030910331406630576
C:\Users\DELL-04-SMKKRIAN1\Documents\RipenAI\data\raw_external\bananaimagebd\extracted\banana_ripe\bananaimagebd_00735.jpg,0,0.00040702236583456397
C:\Users\DELL-04-SMKKRIAN1\Documents\RipenAI\data\raw_external\bananaimagebd\extracted\banana_ripe\bananaimagebd_00736.jpg,0,0.000640976766590029
C:\Users\DELL-04-SMKKRIAN1\Documents\RipenAI\data\raw_external\bananaimagebd\extracted\banana_ripe\bananaimagebd_00737.jpg,0,0.17396865785121918
C:\Users\DELL-04-SMKKRIAN1\Documents\RipenAI\data\raw_external\bananaimagebd\extracted\banana_ripe\bananaimagebd_00738.jpg,0,0.0020753575954586267
C:\Users\DELL-04-SMKKRIAN1\Documents\RipenAI\data\raw_external\bananaimagebd\extracted\banana_ripe\bananaimagebd_00739.jpg,0,2.2825797714176588e-05
C:\Users\DELL-04-SMKKRIAN1\Documents\RipenAI\data\raw_external\bananaimagebd\extracted\banana_ripe\bananaimagebd_00740.jpg,0,8.839398651616648e-05
C:\Users\DELL-04-SMKKRIAN1\Documents\RipenAI\data\raw_external\bananaimagebd\extracted\banana_ripe\bananaimagebd_00741.jpg,0,5.0740047299768776e-05
C:\Users\DELL-04-SMKKRIAN1\Documents\RipenAI\data\raw_external\bananaimagebd\extracted\banana_ripe\bananaimagebd_00742.jpg,0,1.4366807590704411e-05
C:\Users\DELL-04-SMKKRIAN1\Documents\RipenAI\data\raw_external\bananaimagebd\extracted\banana_ripe\bananaimagebd_00743.jpg,0,0.00010135971388081089
C:\Users\DELL-04-SMKKRIAN1\Documents\RipenAI\data\raw_external\bananaimagebd\extracted\banana_ripe\bananaimagebd_00744.jpg,0,2.8213215045980178e-05
C:\Users\DELL-04-SMKKRIAN1\Documents\RipenAI\data\raw_external\bananaimagebd\extracted\banana_ripe\bananaimagebd_00745.jpg,0,0.013016421347856522
C:\Users\DELL-04-SMKKRIAN1\Documents\RipenAI\data\raw_external\bananaimagebd\extracted\banana_ripe\bananaimagebd_00746.jpg,0,0.0007253408548422158
C:\Users\DELL-04-SMKKRIAN1\Documents\RipenAI\data\raw_external\bananaimagebd\extracted\banana_ripe\bananaimagebd_00747.jpg,0,0.0011253199772909284
C:\Users\DELL-04-SMKKRIAN1\Documents\RipenAI\data\raw_external\bananaimagebd\extracted\banana_ripe\bananaimagebd_00748.jpg,0,0.0001466565445298329
C:\Users\DELL-04-SMKKRIAN1\Documents\RipenAI\data\raw_external\bananaimagebd\extracted\banana_ripe\bananaimagebd_00749.jpg,0,0.011236367747187614
C:\Users\DELL-04-SMKKRIAN1\Documents\RipenAI\data\raw_external\bananaimagebd\extracted\banana_ripe\bananaimagebd_00750.jpg,0,2.0656334527302533e-05
C:\Users\DELL-04-SMKKRIAN1\Documents\RipenAI\data\raw_external\bananaimagebd\extracted\banana_ripe\bananaimagebd_00751.jpg,0,1.9799899746431038e-05
C:\Users\DELL-04-SMKKRIAN1\Documents\RipenAI\data\raw_external\bananaimagebd\extracted\banana_ripe\bananaimagebd_00752.jpg,0,5.223708399171301e-07
C:\Users\DELL-04-SMKKRIAN1\Documents\RipenAI\data\raw_external\bananaimagebd\extracted\banana_ripe\bananaimagebd_00753.jpg,0,9.206940490003035e-07
C:\Users\DELL-04-SMKKRIAN1\Documents\RipenAI\data\raw_external\bananaimagebd\extracted\banana_ripe\bananaimagebd_00754.jpg,0,2.2878079107613303e-05
C:\Users\DELL-04-SMKKRIAN1\Documents\RipenAI\data\raw_external\bananaimagebd\extracted\banana_ripe\bananaimagebd_00755.jpg,0,0.0005633636028505862
C:\Users\DELL-04-SMKKRIAN1\Documents\RipenAI\data\raw_external\bananaimagebd\extracted\banana_ripe\bananaimagebd_00756.jpg,0,0.017620733007788658
C:\Users\DELL-04-SMKKRIAN1\Documents\RipenAI\data\raw_external\bananaimagebd\extracted\banana_ripe\bananaimagebd_00757.jpg,0,0.0006439439603127539
C:\Users\DELL-04-SMKKRIAN1\Documents\RipenAI\data\raw_external\bananaimagebd\extracted\banana_ripe\bananaimagebd_00758.jpg,0,0.0007737029809504747
C:\Users\DELL-04-SMKKRIAN1\Documents\RipenAI\data\raw_external\bananaimagebd\extracted\banana_ripe\bananaimagebd_00759.jpg,0,2.9399974664556794e-05
C:\Users\DELL-04-SMKKRIAN1\Documents\RipenAI\data\raw_external\bananaimagebd\extracted\banana_ripe\bananaimagebd_00760.jpg,0,0.0009011063375510275
C:\Users\DELL-04-SMKKRIAN1\Documents\RipenAI\data\raw_external\bananaimagebd\extracted\banana_ripe\bananaimagebd_00761.jpg,0,1.2134593134760507e-06
C:\Users\DELL-04-SMKKRIAN1\Documents\RipenAI\data\raw_external\bananaimagebd\extracted\banana_ripe\bananaimagebd_00762.jpg,0,2.8154706797067774e-06
C:\Users\DELL-04-SMKKRIAN1\Documents\RipenAI\data\raw_external\bananaimagebd\extracted\banana_ripe\bananaimagebd_00763.jpg,0,2.4750454485911177e-06
C:\Users\DELL-04-SMKKRIAN1\Documents\RipenAI\data\raw_external\bananaimagebd\extracted\banana_ripe\bananaimagebd_00764.jpg,0,3.456287913650158e-07
C:\Users\DELL-04-SMKKRIAN1\Documents\RipenAI\data\raw_external\bananaimagebd\extracted\banana_ripe\bananaimagebd_00765.jpg,0,0.002551798243075609
C:\Users\DELL-04-SMKKRIAN1\Documents\RipenAI\data\raw_external\bananaimagebd\extracted\banana_ripe\bananaimagebd_00766.jpg,0,0.0010923398658633232
C:\Users\DELL-04-SMKKRIAN1\Documents\RipenAI\data\raw_external\bananaimagebd\extracted\banana_ripe\bananaimagebd_00767.jpg,0,0.0012129205279052258
C:\Users\DELL-04-SMKKRIAN1\Documents\RipenAI\data\raw_external\bananaimagebd\extracted\banana_ripe\bananaimagebd_00768.jpg,0,0.0037004430778324604
C:\Users\DELL-04-SMKKRIAN1\Documents\RipenAI\data\raw_external\bananaimagebd\extracted\banana_ripe\bananaimagebd_00769.jpg,0,0.007578597404062748
C:\Users\DELL-04-SMKKRIAN1\Documents\RipenAI\data\raw_external\bananaimagebd\extracted\banana_ripe\bananaimagebd_00770.jpg,0,0.019378801807761192
C:\Users\DELL-04-SMKKRIAN1\Documents\RipenAI\data\raw_external\bananaimagebd\extracted\banana_ripe\bananaimagebd_00771.jpg,0,0.0002339684870094061
C:\Users\DELL-04-SMKKRIAN1\Documents\RipenAI\data\raw_external\bananaimagebd\extracted\banana_ripe\bananaimagebd_00772.jpg,0,7.3796968536044005e-06
C:\Users\DELL-04-SMKKRIAN1\Documents\RipenAI\data\raw_external\bananaimagebd\extracted\banana_ripe\bananaimagebd_00773.jpg,0,2.506217924747034e-06
C:\Users\DELL-04-SMKKRIAN1\Documents\RipenAI\data\raw_external\bananaimagebd\extracted\banana_ripe\bananaimagebd_00774.jpg,0,3.2155090593732893e-05
C:\Users\DELL-04-SMKKRIAN1\Documents\RipenAI\data\raw_external\bananaimagebd\extracted\banana_ripe\bananaimagebd_00775.jpg,0,7.945188372104894e-06
C:\Users\DELL-04-SMKKRIAN1\Documents\RipenAI\data\raw_external\bananaimagebd\extracted\banana_ripe\bananaimagebd_00776.jpg,0,4.423819518706296e-06
C:\Users\DELL-04-SMKKRIAN1\Documents\RipenAI\data\raw_external\bananaimagebd\extracted\banana_ripe\bananaimagebd_00777.jpg,0,0.00017543030844535679
C:\Users\DELL-04-SMKKRIAN1\Documents\RipenAI\data\raw_external\bananaimagebd\extracted\banana_ripe\bananaimagebd_00778.jpg,0,0.01683282107114792
C:\Users\DELL-04-SMKKRIAN1\Documents\RipenAI\data\raw_external\bananaimagebd\extracted\banana_ripe\bananaimagebd_00779.jpg,0,0.0004350234230514616
C:\Users\DELL-04-SMKKRIAN1\Documents\RipenAI\data\raw_external\bananaimagebd\extracted\banana_ripe\bananaimagebd_00780.jpg,0,0.00020622869487851858
C:\Users\DELL-04-SMKKRIAN1\Documents\RipenAI\data\raw_external\bananaimagebd\extracted\banana_ripe\bananaimagebd_00781.jpg,0,0.0033478226978331804
C:\Users\DELL-04-SMKKRIAN1\Documents\RipenAI\data\raw_external\bananaimagebd\extracted\banana_ripe\bananaimagebd_00782.jpg,0,0.0008914099307730794
C:\Users\DELL-04-SMKKRIAN1\Documents\RipenAI\data\raw_external\bananaimagebd\extracted\banana_ripe\bananaimagebd_00783.jpg,0,0.003805849701166153
C:\Users\DELL-04-SMKKRIAN1\Documents\RipenAI\data\raw_external\bananaimagebd\extracted\banana_ripe\bananaimagebd_00784.jpg,0,0.0009580057230778039
C:\Users\DELL-04-SMKKRIAN1\Documents\RipenAI\data\raw_external\bananaimagebd\extracted\banana_ripe\bananaimagebd_00785.jpg,0,0.00014055769133847207
C:\Users\DELL-04-SMKKRIAN1\Documents\RipenAI\data\raw_external\bananaimagebd\extracted\banana_ripe\bananaimagebd_00786.jpg,0,0.00238731037825346
C:\Users\DELL-04-SMKKRIAN1\Documents\RipenAI\data\raw_external\bananaimagebd\extracted\banana_ripe\bananaimagebd_00787.jpg,0,0.026542598381638527
C:\Users\DELL-04-SMKKRIAN1\Documents\RipenAI\data\raw_external\bananaimagebd\extracted\banana_ripe\bananaimagebd_00788.jpg,0,0.44028156995773315
C:\Users\DELL-04-SMKKRIAN1\Documents\RipenAI\data\raw_external\bananaimagebd\extracted\banana_ripe\bananaimagebd_00789.jpg,0,0.0002765573444776237
C:\Users\DELL-04-SMKKRIAN1\Documents\RipenAI\data\raw_external\bananaimagebd\extracted\banana_ripe\bananaimagebd_00790.jpg,0,0.00017564704467076808
C:\Users\DELL-04-SMKKRIAN1\Documents\RipenAI\data\raw_external\bananaimagebd\extracted\banana_ripe\bananaimagebd_00791.jpg,0,0.000512699771206826
C:\Users\DELL-04-SMKKRIAN1\Documents\RipenAI\data\raw_external\bananaimagebd\extracted\banana_ripe\bananaimagebd_00792.jpg,0,0.0009987838566303253
C:\Users\DELL-04-SMKKRIAN1\Documents\RipenAI\data\raw_external\bananaimagebd\extracted\banana_ripe\bananaimagebd_00793.jpg,0,4.386957243696088e-06
C:\Users\DELL-04-SMKKRIAN1\Documents\RipenAI\data\raw_external\bananaimagebd\extracted\banana_ripe\bananaimagebd_00794.jpg,0,0.00020628099446184933
C:\Users\DELL-04-SMKKRIAN1\Documents\RipenAI\data\raw_external\bananaimagebd\extracted\banana_ripe\bananaimagebd_00795.jpg,0,0.0016550204018130898
C:\Users\DELL-04-SMKKRIAN1\Documents\RipenAI\data\raw_external\bananaimagebd\extracted\banana_ripe\bananaimagebd_00796.jpg,0,6.947624910935701e-07
C:\Users\DELL-04-SMKKRIAN1\Documents\RipenAI\data\raw_external\bananaimagebd\extracted\banana_ripe\bananaimagebd_00797.jpg,0,0.003258530283346772
C:\Users\DELL-04-SMKKRIAN1\Documents\RipenAI\data\raw_external\bananaimagebd\extracted\banana_ripe\bananaimagebd_00798.jpg,0,0.003682392416521907
C:\Users\DELL-04-SMKKRIAN1\Documents\RipenAI\data\raw_external\bananaimagebd\extracted\banana_ripe\bananaimagebd_00799.jpg,0,0.0005152448429726064
C:\Users\DELL-04-SMKKRIAN1\Documents\RipenAI\data\raw_external\bananaimagebd\extracted\banana_ripe\bananaimagebd_00800.jpg,0,0.00029926662682555616
C:\Users\DELL-04-SMKKRIAN1\Documents\RipenAI\data\raw_external\bananaimagebd\extracted\banana_ripe\bananaimagebd_00801.jpg,0,0.004017931874841452
C:\Users\DELL-04-SMKKRIAN1\Documents\RipenAI\data\raw_external\bananaimagebd\extracted\banana_ripe\bananaimagebd_00802.jpg,0,0.0009289183071814477
C:\Users\DELL-04-SMKKRIAN1\Documents\RipenAI\data\raw_external\bananaimagebd\extracted\banana_ripe\bananaimagebd_00803.jpg,0,0.018370715901255608
C:\Users\DELL-04-SMKKRIAN1\Documents\RipenAI\data\raw_external\bananaimagebd\extracted\banana_ripe\bananaimagebd_00804.jpg,0,0.010607822798192501
C:\Users\DELL-04-SMKKRIAN1\Documents\RipenAI\data\raw_external\bananaimagebd\extracted\banana_ripe\bananaimagebd_00805.jpg,0,0.0007322803139686584
C:\Users\DELL-04-SMKKRIAN1\Documents\RipenAI\data\raw_external\bananaimagebd\extracted\banana_ripe\bananaimagebd_00806.jpg,0,0.005786829628050327
C:\Users\DELL-04-SMKKRIAN1\Documents\RipenAI\data\raw_external\bananaimagebd\extracted\banana_ripe\bananaimagebd_00807.jpg,0,0.0005293833091855049
C:\Users\DELL-04-SMKKRIAN1\Documents\RipenAI\data\raw_external\bananaimagebd\extracted\banana_ripe\bananaimagebd_00808.jpg,0,0.010056545957922935
C:\Users\DELL-04-SMKKRIAN1\Documents\RipenAI\data\raw_external\bananaimagebd\extracted\banana_ripe\bananaimagebd_00809.jpg,0,0.010265938006341457
C:\Users\DELL-04-SMKKRIAN1\Documents\RipenAI\data\raw_external\bananaimagebd\extracted\banana_ripe\bananaimagebd_00810.jpg,0,9.548373054713011e-05
C:\Users\DELL-04-SMKKRIAN1\Documents\RipenAI\data\raw_external\bananaimagebd\extracted\banana_ripe\bananaimagebd_00811.jpg,0,0.00015725623234175146
C:\Users\DELL-04-SMKKRIAN1\Documents\RipenAI\data\raw_external\bananaimagebd\extracted\banana_ripe\bananaimagebd_00812.jpg,0,2.0340106857474893e-05
C:\Users\DELL-04-SMKKRIAN1\Documents\RipenAI\data\raw_external\bananaimagebd\extracted\banana_ripe\bananaimagebd_00813.jpg,0,0.0012106640497222543
C:\Users\DELL-04-SMKKRIAN1\Documents\RipenAI\data\raw_external\bananaimagebd\extracted\banana_ripe\bananaimagebd_00814.jpg,0,0.00016396376304328442
C:\Users\DELL-04-SMKKRIAN1\Documents\RipenAI\data\raw_external\bananaimagebd\extracted\banana_ripe\bananaimagebd_00815.jpg,0,0.00025702454149723053
C:\Users\DELL-04-SMKKRIAN1\Documents\RipenAI\data\raw_external\bananaimagebd\extracted\banana_ripe\bananaimagebd_00816.jpg,0,0.004000208340585232
C:\Users\DELL-04-SMKKRIAN1\Documents\RipenAI\data\raw_external\bananaimagebd\extracted\banana_ripe\bananaimagebd_00817.jpg,0,0.0013589541194960475
C:\Users\DELL-04-SMKKRIAN1\Documents\RipenAI\data\raw_external\bananaimagebd\extracted\banana_ripe\bananaimagebd_00818.jpg,0,0.00034407261409796774
C:\Users\DELL-04-SMKKRIAN1\Documents\RipenAI\data\raw_external\bananaimagebd\extracted\banana_ripe\bananaimagebd_00819.jpg,0,0.00010507596743991598
C:\Users\DELL-04-SMKKRIAN1\Documents\RipenAI\data\raw_external\bananaimagebd\extracted\banana_unripe\bananaimagebd_00000.jpg,0,0.0002801821392495185
C:\Users\DELL-04-SMKKRIAN1\Documents\RipenAI\data\raw_external\bananaimagebd\extracted\banana_unripe\bananaimagebd_00001.jpg,0,1.249326146535168e-06
C:\Users\DELL-04-SMKKRIAN1\Documents\RipenAI\data\raw_external\bananaimagebd\extracted\banana_unripe\bananaimagebd_00002.jpg,0,8.305144092446426e-07
C:\Users\DELL-04-SMKKRIAN1\Documents\RipenAI\data\raw_external\bananaimagebd\extracted\banana_unripe\bananaimagebd_00003.jpg,0,0.005082756280899048
C:\Users\DELL-04-SMKKRIAN1\Documents\RipenAI\data\raw_external\bananaimagebd\extracted\banana_unripe\bananaimagebd_00004.jpg,0,0.0011480165412649512
C:\Users\DELL-04-SMKKRIAN1\Documents\RipenAI\data\raw_external\bananaimagebd\extracted\banana_unripe\bananaimagebd_00005.jpg,0,0.001574224908836186
C:\Users\DELL-04-SMKKRIAN1\Documents\RipenAI\data\raw_external\bananaimagebd\extracted\banana_unripe\bananaimagebd_00006.jpg,0,5.030344982515089e-05
C:\Users\DELL-04-SMKKRIAN1\Documents\RipenAI\data\raw_external\bananaimagebd\extracted\banana_unripe\bananaimagebd_00007.jpg,0,9.363144636154175e-05
C:\Users\DELL-04-SMKKRIAN1\Documents\RipenAI\data\raw_external\bananaimagebd\extracted\banana_unripe\bananaimagebd_00008.jpg,0,6.417348686227342e-06
C:\Users\DELL-04-SMKKRIAN1\Documents\RipenAI\data\raw_external\bananaimagebd\extracted\banana_unripe\bananaimagebd_00009.jpg,0,0.00013338745338842273
C:\Users\DELL-04-SMKKRIAN1\Documents\RipenAI\data\raw_external\bananaimagebd\extracted\banana_unripe\bananaimagebd_00010.jpg,0,0.001235480303876102
C:\Users\DELL-04-SMKKRIAN1\Documents\RipenAI\data\raw_external\bananaimagebd\extracted\banana_unripe\bananaimagebd_00011.jpg,0,1.8320060917176306e-05
C:\Users\DELL-04-SMKKRIAN1\Documents\RipenAI\data\raw_external\bananaimagebd\extracted\banana_unripe\bananaimagebd_00012.jpg,0,4.3285813262627926e-06
C:\Users\DELL-04-SMKKRIAN1\Documents\RipenAI\data\raw_external\bananaimagebd\extracted\banana_unripe\bananaimagebd_00013.jpg,0,0.09717217087745667
C:\Users\DELL-04-SMKKRIAN1\Documents\RipenAI\data\raw_external\bananaimagebd\extracted\banana_unripe\bananaimagebd_00014.jpg,0,8.779971540207043e-05
C:\Users\DELL-04-SMKKRIAN1\Documents\RipenAI\data\raw_external\bananaimagebd\extracted\banana_unripe\bananaimagebd_00015.jpg,0,0.00037442095344886184
C:\Users\DELL-04-SMKKRIAN1\Documents\RipenAI\data\raw_external\bananaimagebd\extracted\banana_unripe\bananaimagebd_00016.jpg,0,5.7895387726603076e-05
C:\Users\DELL-04-SMKKRIAN1\Documents\RipenAI\data\raw_external\bananaimagebd\extracted\banana_unripe\bananaimagebd_00017.jpg,0,5.9248250181553885e-05
C:\Users\DELL-04-SMKKRIAN1\Documents\RipenAI\data\raw_external\bananaimagebd\extracted\banana_unripe\bananaimagebd_00018.jpg,0,0.00023821146169211715
C:\Users\DELL-04-SMKKRIAN1\Documents\RipenAI\data\raw_external\bananaimagebd\extracted\banana_unripe\bananaimagebd_00019.jpg,0,0.0005273738643154502
C:\Users\DELL-04-SMKKRIAN1\Documents\RipenAI\data\raw_external\bananaimagebd\extracted\banana_unripe\bananaimagebd_00020.jpg,0,0.00019758834969252348
C:\Users\DELL-04-SMKKRIAN1\Documents\RipenAI\data\raw_external\bananaimagebd\extracted\banana_unripe\bananaimagebd_00021.jpg,0,8.85694898897782e-05
C:\Users\DELL-04-SMKKRIAN1\Documents\RipenAI\data\raw_external\bananaimagebd\extracted\banana_unripe\bananaimagebd_00022.jpg,0,0.00039439398096874356
C:\Users\DELL-04-SMKKRIAN1\Documents\RipenAI\data\raw_external\bananaimagebd\extracted\banana_unripe\bananaimagebd_00023.jpg,0,0.0016461866907775402
C:\Users\DELL-04-SMKKRIAN1\Documents\RipenAI\data\raw_external\bananaimagebd\extracted\banana_unripe\bananaimagebd_00024.jpg,0,3.624067539931275e-05
C:\Users\DELL-04-SMKKRIAN1\Documents\RipenAI\data\raw_external\bananaimagebd\extracted\banana_unripe\bananaimagebd_00025.jpg,0,0.00020940814283676445
C:\Users\DELL-04-SMKKRIAN1\Documents\RipenAI\data\raw_external\bananaimagebd\extracted\banana_unripe\bananaimagebd_00026.jpg,0,8.345647802343592e-05
C:\Users\DELL-04-SMKKRIAN1\Documents\RipenAI\data\raw_external\bananaimagebd\extracted\banana_unripe\bananaimagebd_00027.jpg,0,0.0043430873192846775
C:\Users\DELL-04-SMKKRIAN1\Documents\RipenAI\data\raw_external\bananaimagebd\extracted\banana_unripe\bananaimagebd_00028.jpg,0,8.404449545196258e-06
C:\Users\DELL-04-SMKKRIAN1\Documents\RipenAI\data\raw_external\bananaimagebd\extracted\banana_unripe\bananaimagebd_00029.jpg,0,0.00010030512203229591
C:\Users\DELL-04-SMKKRIAN1\Documents\RipenAI\data\raw_external\bananaimagebd\extracted\banana_unripe\bananaimagebd_00030.jpg,0,0.00325974659062922
C:\Users\DELL-04-SMKKRIAN1\Documents\RipenAI\data\raw_external\bananaimagebd\extracted\banana_unripe\bananaimagebd_00031.jpg,0,2.5697139790281653e-05
C:\Users\DELL-04-SMKKRIAN1\Documents\RipenAI\data\raw_external\bananaimagebd\extracted\banana_unripe\bananaimagebd_00032.jpg,0,4.377058576210402e-05
C:\Users\DELL-04-SMKKRIAN1\Documents\RipenAI\data\raw_external\bananaimagebd\extracted\banana_unripe\bananaimagebd_00033.jpg,0,9.251291430700803e-07
C:\Users\DELL-04-SMKKRIAN1\Documents\RipenAI\data\raw_external\bananaimagebd\extracted\banana_unripe\bananaimagebd_00034.jpg,0,0.0001418508036294952
C:\Users\DELL-04-SMKKRIAN1\Documents\RipenAI\data\raw_external\bananaimagebd\extracted\banana_unripe\bananaimagebd_00035.jpg,0,0.0007591517642140388
C:\Users\DELL-04-SMKKRIAN1\Documents\RipenAI\data\raw_external\bananaimagebd\extracted\banana_unripe\bananaimagebd_00036.jpg,0,0.0009742716210894287
C:\Users\DELL-04-SMKKRIAN1\Documents\RipenAI\data\raw_external\bananaimagebd\extracted\banana_unripe\bananaimagebd_00037.jpg,0,1.729106588754803e-05
C:\Users\DELL-04-SMKKRIAN1\Documents\RipenAI\data\raw_external\bananaimagebd\extracted\banana_unripe\bananaimagebd_00038.jpg,0,0.00573424668982625
C:\Users\DELL-04-SMKKRIAN1\Documents\RipenAI\data\raw_external\bananaimagebd\extracted\banana_unripe\bananaimagebd_00039.jpg,0,5.473001510836184e-05
C:\Users\DELL-04-SMKKRIAN1\Documents\RipenAI\data\raw_external\bananaimagebd\extracted\banana_unripe\bananaimagebd_00040.jpg,0,1.3202838999859523e-05
C:\Users\DELL-04-SMKKRIAN1\Documents\RipenAI\data\raw_external\bananaimagebd\extracted\banana_unripe\bananaimagebd_00041.jpg,0,4.191666448605247e-06
C:\Users\DELL-04-SMKKRIAN1\Documents\RipenAI\data\raw_external\bananaimagebd\extracted\banana_unripe\bananaimagebd_00042.jpg,0,0.0011923027923330665
C:\Users\DELL-04-SMKKRIAN1\Documents\RipenAI\data\raw_external\bananaimagebd\extracted\banana_unripe\bananaimagebd_00043.jpg,0,0.00020433169265743345
C:\Users\DELL-04-SMKKRIAN1\Documents\RipenAI\data\raw_external\bananaimagebd\extracted\banana_unripe\bananaimagebd_00044.jpg,0,0.00017244605987798423
C:\Users\DELL-04-SMKKRIAN1\Documents\RipenAI\data\raw_external\bananaimagebd\extracted\banana_unripe\bananaimagebd_00045.jpg,0,8.459795935777947e-05
C:\Users\DELL-04-SMKKRIAN1\Documents\RipenAI\data\raw_external\bananaimagebd\extracted\banana_unripe\bananaimagebd_00046.jpg,0,0.17173932492733002
C:\Users\DELL-04-SMKKRIAN1\Documents\RipenAI\data\raw_external\bananaimagebd\extracted\banana_unripe\bananaimagebd_00047.jpg,0,1.1010325579263736e-05
C:\Users\DELL-04-SMKKRIAN1\Documents\RipenAI\data\raw_external\bananaimagebd\extracted\banana_unripe\bananaimagebd_00048.jpg,0,4.8716992750996724e-05
C:\Users\DELL-04-SMKKRIAN1\Documents\RipenAI\data\raw_external\bananaimagebd\extracted\banana_unripe\bananaimagebd_00049.jpg,0,8.719912148080766e-05
C:\Users\DELL-04-SMKKRIAN1\Documents\RipenAI\data\raw_external\bananaimagebd\extracted\banana_unripe\bananaimagebd_00050.jpg,0,1.156872855290203e-07
C:\Users\DELL-04-SMKKRIAN1\Documents\RipenAI\data\raw_external\bananaimagebd\extracted\banana_unripe\bananaimagebd_00051.jpg,0,0.00024359302187804133
C:\Users\DELL-04-SMKKRIAN1\Documents\RipenAI\data\raw_external\bananaimagebd\extracted\banana_unripe\bananaimagebd_00052.jpg,0,3.59272635250818e-05
C:\Users\DELL-04-SMKKRIAN1\Documents\RipenAI\data\raw_external\bananaimagebd\extracted\banana_unripe\bananaimagebd_00053.jpg,0,0.00042755375034175813
C:\Users\DELL-04-SMKKRIAN1\Documents\RipenAI\data\raw_external\bananaimagebd\extracted\banana_unripe\bananaimagebd_00054.jpg,0,4.973545219399966e-05
C:\Users\DELL-04-SMKKRIAN1\Documents\RipenAI\data\raw_external\bananaimagebd\extracted\banana_unripe\bananaimagebd_00055.jpg,0,0.0003077665460295975
C:\Users\DELL-04-SMKKRIAN1\Documents\RipenAI\data\raw_external\bananaimagebd\extracted\banana_unripe\bananaimagebd_00056.jpg,0,4.775909474119544e-05
C:\Users\DELL-04-SMKKRIAN1\Documents\RipenAI\data\raw_external\bananaimagebd\extracted\banana_unripe\bananaimagebd_00057.jpg,0,5.5659042118350044e-05
C:\Users\DELL-04-SMKKRIAN1\Documents\RipenAI\data\raw_external\bananaimagebd\extracted\banana_unripe\bananaimagebd_00058.jpg,0,0.000827467069029808
C:\Users\DELL-04-SMKKRIAN1\Documents\RipenAI\data\raw_external\bananaimagebd\extracted\banana_unripe\bananaimagebd_00059.jpg,0,3.995548468083143e-05
C:\Users\DELL-04-SMKKRIAN1\Documents\RipenAI\data\raw_external\bananaimagebd\extracted\banana_unripe\bananaimagebd_00060.jpg,0,0.0018946571508422494
C:\Users\DELL-04-SMKKRIAN1\Documents\RipenAI\data\raw_external\bananaimagebd\extracted\banana_unripe\bananaimagebd_00061.jpg,0,0.0002634853881318122
C:\Users\DELL-04-SMKKRIAN1\Documents\RipenAI\data\raw_external\bananaimagebd\extracted\banana_unripe\bananaimagebd_00062.jpg,0,0.00038078107172623277
C:\Users\DELL-04-SMKKRIAN1\Documents\RipenAI\data\raw_external\bananaimagebd\extracted\banana_unripe\bananaimagebd_00063.jpg,0,0.00010902075882768258
C:\Users\DELL-04-SMKKRIAN1\Documents\RipenAI\data\raw_external\bananaimagebd\extracted\banana_unripe\bananaimagebd_00064.jpg,0,0.00020667178614530712
C:\Users\DELL-04-SMKKRIAN1\Documents\RipenAI\data\raw_external\bananaimagebd\extracted\banana_unripe\bananaimagebd_00065.jpg,0,8.418111247010529e-05
C:\Users\DELL-04-SMKKRIAN1\Documents\RipenAI\data\raw_external\bananaimagebd\extracted\banana_unripe\bananaimagebd_00066.jpg,0,3.1748957098898245e-06
C:\Users\DELL-04-SMKKRIAN1\Documents\RipenAI\data\raw_external\bananaimagebd\extracted\banana_unripe\bananaimagebd_00067.jpg,0,0.04517454281449318
C:\Users\DELL-04-SMKKRIAN1\Documents\RipenAI\data\raw_external\bananaimagebd\extracted\banana_unripe\bananaimagebd_00068.jpg,0,0.00014896769425831735
C:\Users\DELL-04-SMKKRIAN1\Documents\RipenAI\data\raw_external\bananaimagebd\extracted\banana_unripe\bananaimagebd_00069.jpg,0,5.824478677141087e-08
C:\Users\DELL-04-SMKKRIAN1\Documents\RipenAI\data\raw_external\bananaimagebd\extracted\banana_unripe\bananaimagebd_00070.jpg,0,0.00038793531712144613
C:\Users\DELL-04-SMKKRIAN1\Documents\RipenAI\data\raw_external\bananaimagebd\extracted\banana_unripe\bananaimagebd_00071.jpg,0,5.1421713578747585e-05
C:\Users\DELL-04-SMKKRIAN1\Documents\RipenAI\data\raw_external\bananaimagebd\extracted\banana_unripe\bananaimagebd_00072.jpg,0,4.7021658247103915e-05
C:\Users\DELL-04-SMKKRIAN1\Documents\RipenAI\data\raw_external\bananaimagebd\extracted\banana_unripe\bananaimagebd_00073.jpg,0,0.00015323095431085676
C:\Users\DELL-04-SMKKRIAN1\Documents\RipenAI\data\raw_external\bananaimagebd\extracted\banana_unripe\bananaimagebd_00074.jpg,0,2.52058216574369e-05
C:\Users\DELL-04-SMKKRIAN1\Documents\RipenAI\data\raw_external\bananaimagebd\extracted\banana_unripe\bananaimagebd_00075.jpg,0,6.841216963948682e-05
C:\Users\DELL-04-SMKKRIAN1\Documents\RipenAI\data\raw_external\bananaimagebd\extracted\banana_unripe\bananaimagebd_00076.jpg,0,7.113317224138882e-06
C:\Users\DELL-04-SMKKRIAN1\Documents\RipenAI\data\raw_external\bananaimagebd\extracted\banana_unripe\bananaimagebd_00077.jpg,0,3.11062180458066e-08
C:\Users\DELL-04-SMKKRIAN1\Documents\RipenAI\data\raw_external\bananaimagebd\extracted\banana_unripe\bananaimagebd_00078.jpg,0,2.3762979253660887e-05
C:\Users\DELL-04-SMKKRIAN1\Documents\RipenAI\data\raw_external\bananaimagebd\extracted\banana_unripe\bananaimagebd_00079.jpg,0,1.5122499462449923e-05
C:\Users\DELL-04-SMKKRIAN1\Documents\RipenAI\data\raw_external\bananaimagebd\extracted\banana_unripe\bananaimagebd_00080.jpg,0,2.667684157131589e-06
C:\Users\DELL-04-SMKKRIAN1\Documents\RipenAI\data\raw_external\bananaimagebd\extracted\banana_unripe\bananaimagebd_00081.jpg,0,3.435107146287919e-06
C:\Users\DELL-04-SMKKRIAN1\Documents\RipenAI\data\raw_external\bananaimagebd\extracted\banana_unripe\bananaimagebd_00082.jpg,0,0.00010070189455291256
C:\Users\DELL-04-SMKKRIAN1\Documents\RipenAI\data\raw_external\bananaimagebd\extracted\banana_unripe\bananaimagebd_00083.jpg,0,1.3746329386776779e-05
C:\Users\DELL-04-SMKKRIAN1\Documents\RipenAI\data\raw_external\bananaimagebd\extracted\banana_unripe\bananaimagebd_00084.jpg,0,0.0011017202632501721
C:\Users\DELL-04-SMKKRIAN1\Documents\RipenAI\data\raw_external\bananaimagebd\extracted\banana_unripe\bananaimagebd_00085.jpg,0,0.00013738304551225156
C:\Users\DELL-04-SMKKRIAN1\Documents\RipenAI\data\raw_external\bananaimagebd\extracted\banana_unripe\bananaimagebd_00086.jpg,0,6.424957632589212e-07
C:\Users\DELL-04-SMKKRIAN1\Documents\RipenAI\data\raw_external\bananaimagebd\extracted\banana_unripe\bananaimagebd_00087.jpg,0,3.9919228584039956e-05
C:\Users\DELL-04-SMKKRIAN1\Documents\RipenAI\data\raw_external\bananaimagebd\extracted\banana_unripe\bananaimagebd_00088.jpg,0,6.233269232325256e-06
C:\Users\DELL-04-SMKKRIAN1\Documents\RipenAI\data\raw_external\bananaimagebd\extracted\banana_unripe\bananaimagebd_00089.jpg,0,1.2494270777096972e-05
C:\Users\DELL-04-SMKKRIAN1\Documents\RipenAI\data\raw_external\bananaimagebd\extracted\banana_unripe\bananaimagebd_00090.jpg,0,1.6480627209602972e-06
C:\Users\DELL-04-SMKKRIAN1\Documents\RipenAI\data\raw_external\bananaimagebd\extracted\banana_unripe\bananaimagebd_00091.jpg,0,2.1108562577865086e-06
C:\Users\DELL-04-SMKKRIAN1\Documents\RipenAI\data\raw_external\bananaimagebd\extracted\banana_unripe\bananaimagebd_00092.jpg,0,1.0577590728644282e-05
C:\Users\DELL-04-SMKKRIAN1\Documents\RipenAI\data\raw_external\bananaimagebd\extracted\banana_unripe\bananaimagebd_00093.jpg,0,5.3676511015510187e-05
C:\Users\DELL-04-SMKKRIAN1\Documents\RipenAI\data\raw_external\bananaimagebd\extracted\banana_unripe\bananaimagebd_00094.jpg,0,2.6086274829140166e-06
C:\Users\DELL-04-SMKKRIAN1\Documents\RipenAI\data\raw_external\bananaimagebd\extracted\banana_unripe\bananaimagebd_00095.jpg,0,6.746827807546651e-07
C:\Users\DELL-04-SMKKRIAN1\Documents\RipenAI\data\raw_external\bananaimagebd\extracted\banana_unripe\bananaimagebd_00096.jpg,0,0.00011643568723229691
C:\Users\DELL-04-SMKKRIAN1\Documents\RipenAI\data\raw_external\bananaimagebd\extracted\banana_unripe\bananaimagebd_00097.jpg,0,0.00395115977153182
C:\Users\DELL-04-SMKKRIAN1\Documents\RipenAI\data\raw_external\bananaimagebd\extracted\banana_unripe\bananaimagebd_00098.jpg,0,0.00042190455133095384
C:\Users\DELL-04-SMKKRIAN1\Documents\RipenAI\data\raw_external\bananaimagebd\extracted\banana_unripe\bananaimagebd_00099.jpg,0,2.409498847555369e-06
C:\Users\DELL-04-SMKKRIAN1\Documents\RipenAI\data\raw_external\bananaimagebd\extracted\banana_unripe\bananaimagebd_00100.jpg,0,2.9642733352375217e-05
C:\Users\DELL-04-SMKKRIAN1\Documents\RipenAI\data\raw_external\bananaimagebd\extracted\banana_unripe\bananaimagebd_00101.jpg,0,2.9196655304986052e-05
C:\Users\DELL-04-SMKKRIAN1\Documents\RipenAI\data\raw_external\bananaimagebd\extracted\banana_unripe\bananaimagebd_00102.jpg,0,2.4308039883180754e-06
C:\Users\DELL-04-SMKKRIAN1\Documents\RipenAI\data\raw_external\bananaimagebd\extracted\banana_unripe\bananaimagebd_00103.jpg,0,2.639074227772653e-05
C:\Users\DELL-04-SMKKRIAN1\Documents\RipenAI\data\raw_external\bananaimagebd\extracted\banana_unripe\bananaimagebd_00104.jpg,0,1.3330304682312999e-05
C:\Users\DELL-04-SMKKRIAN1\Documents\RipenAI\data\raw_external\bananaimagebd\extracted\banana_unripe\bananaimagebd_00105.jpg,0,1.3901587408327032e-05
C:\Users\DELL-04-SMKKRIAN1\Documents\RipenAI\data\raw_external\bananaimagebd\extracted\banana_unripe\bananaimagebd_00106.jpg,0,4.55665031040553e-05
C:\Users\DELL-04-SMKKRIAN1\Documents\RipenAI\data\raw_external\bananaimagebd\extracted\banana_unripe\bananaimagebd_00107.jpg,0,1.618508031242527e-05
C:\Users\DELL-04-SMKKRIAN1\Documents\RipenAI\data\raw_external\bananaimagebd\extracted\banana_unripe\bananaimagebd_00108.jpg,0,9.491897071711719e-05
C:\Users\DELL-04-SMKKRIAN1\Documents\RipenAI\data\raw_external\bananaimagebd\extracted\banana_unripe\bananaimagebd_00109.jpg,0,1.6808749933261424e-05
C:\Users\DELL-04-SMKKRIAN1\Documents\RipenAI\data\raw_external\bananaimagebd\extracted\banana_unripe\bananaimagebd_00110.jpg,0,0.05908467620611191
C:\Users\DELL-04-SMKKRIAN1\Documents\RipenAI\data\raw_external\bananaimagebd\extracted\banana_unripe\bananaimagebd_00111.jpg,0,0.00016474138828925788
C:\Users\DELL-04-SMKKRIAN1\Documents\RipenAI\data\raw_external\bananaimagebd\extracted\banana_unripe\bananaimagebd_00112.jpg,0,5.586605766438879e-05
C:\Users\DELL-04-SMKKRIAN1\Documents\RipenAI\data\raw_external\bananaimagebd\extracted\banana_unripe\bananaimagebd_00113.jpg,0,1.91659773918218e-06
C:\Users\DELL-04-SMKKRIAN1\Documents\RipenAI\data\raw_external\bananaimagebd\extracted\banana_unripe\bananaimagebd_00114.jpg,0,0.001353865722194314
C:\Users\DELL-04-SMKKRIAN1\Documents\RipenAI\data\raw_external\bananaimagebd\extracted\banana_unripe\bananaimagebd_00115.jpg,0,3.682558235595934e-05
C:\Users\DELL-04-SMKKRIAN1\Documents\RipenAI\data\raw_external\bananaimagebd\extracted\banana_unripe\bananaimagebd_00116.jpg,0,7.181746332207695e-05
C:\Users\DELL-04-SMKKRIAN1\Documents\RipenAI\data\raw_external\bananaimagebd\extracted\banana_unripe\bananaimagebd_00117.jpg,0,4.0991037053572654e-07
C:\Users\DELL-04-SMKKRIAN1\Documents\RipenAI\data\raw_external\bananaimagebd\extracted\banana_unripe\bananaimagebd_00118.jpg,0,2.965687235700898e-05
C:\Users\DELL-04-SMKKRIAN1\Documents\RipenAI\data\raw_external\bananaimagebd\extracted\banana_unripe\bananaimagebd_00119.jpg,0,5.987895929138176e-05
C:\Users\DELL-04-SMKKRIAN1\Documents\RipenAI\data\raw_external\bananaimagebd\extracted\banana_unripe\bananaimagebd_00120.jpg,0,0.00011004947737092152
C:\Users\DELL-04-SMKKRIAN1\Documents\RipenAI\data\raw_external\bananaimagebd\extracted\banana_unripe\bananaimagebd_00121.jpg,0,2.355270589760039e-05
C:\Users\DELL-04-SMKKRIAN1\Documents\RipenAI\data\raw_external\bananaimagebd\extracted\banana_unripe\bananaimagebd_00122.jpg,0,0.0002364654210396111
C:\Users\DELL-04-SMKKRIAN1\Documents\RipenAI\data\raw_external\bananaimagebd\extracted\banana_unripe\bananaimagebd_00123.jpg,0,0.0001703689486021176
C:\Users\DELL-04-SMKKRIAN1\Documents\RipenAI\data\raw_external\bananaimagebd\extracted\banana_unripe\bananaimagebd_00124.jpg,0,7.110302976798266e-05
C:\Users\DELL-04-SMKKRIAN1\Documents\RipenAI\data\raw_external\bananaimagebd\extracted\banana_unripe\bananaimagebd_00125.jpg,0,0.0004719893913716078
C:\Users\DELL-04-SMKKRIAN1\Documents\RipenAI\data\raw_external\bananaimagebd\extracted\banana_unripe\bananaimagebd_00126.jpg,0,2.087886241497472e-05
C:\Users\DELL-04-SMKKRIAN1\Documents\RipenAI\data\raw_external\bananaimagebd\extracted\banana_unripe\bananaimagebd_00127.jpg,0,0.002584257395938039
C:\Users\DELL-04-SMKKRIAN1\Documents\RipenAI\data\raw_external\bananaimagebd\extracted\banana_unripe\bananaimagebd_00128.jpg,0,5.337270340532996e-05
C:\Users\DELL-04-SMKKRIAN1\Documents\RipenAI\data\raw_external\bananaimagebd\extracted\banana_unripe\bananaimagebd_00129.jpg,0,1.291240323553211e-06
C:\Users\DELL-04-SMKKRIAN1\Documents\RipenAI\data\raw_external\bananaimagebd\extracted\banana_unripe\bananaimagebd_00130.jpg,0,0.00249280477873981
C:\Users\DELL-04-SMKKRIAN1\Documents\RipenAI\data\raw_external\bananaimagebd\extracted\banana_unripe\bananaimagebd_00131.jpg,0,1.1851962881337386e-05
C:\Users\DELL-04-SMKKRIAN1\Documents\RipenAI\data\raw_external\bananaimagebd\extracted\banana_unripe\bananaimagebd_00132.jpg,0,1.8366591802987386e-07
C:\Users\DELL-04-SMKKRIAN1\Documents\RipenAI\data\raw_external\bananaimagebd\extracted\banana_unripe\bananaimagebd_00133.jpg,0,3.314919740660116e-05
C:\Users\DELL-04-SMKKRIAN1\Documents\RipenAI\data\raw_external\bananaimagebd\extracted\banana_unripe\bananaimagebd_00134.jpg,0,5.127812528371578e-06
C:\Users\DELL-04-SMKKRIAN1\Documents\RipenAI\data\raw_external\bananaimagebd\extracted\banana_unripe\bananaimagebd_00135.jpg,0,0.0005298093892633915
C:\Users\DELL-04-SMKKRIAN1\Documents\RipenAI\data\raw_external\bananaimagebd\extracted\banana_unripe\bananaimagebd_00136.jpg,0,4.007210009149276e-05
C:\Users\DELL-04-SMKKRIAN1\Documents\RipenAI\data\raw_external\bananaimagebd\extracted\banana_unripe\bananaimagebd_00137.jpg,0,1.7211159502039663e-05
C:\Users\DELL-04-SMKKRIAN1\Documents\RipenAI\data\raw_external\bananaimagebd\extracted\banana_unripe\bananaimagebd_00138.jpg,0,0.0001302430173382163
C:\Users\DELL-04-SMKKRIAN1\Documents\RipenAI\data\raw_external\bananaimagebd\extracted\banana_unripe\bananaimagebd_00139.jpg,0,1.7803322407417e-05
C:\Users\DELL-04-SMKKRIAN1\Documents\RipenAI\data\raw_external\bananaimagebd\extracted\banana_unripe\bananaimagebd_00140.jpg,0,0.002415458206087351
C:\Users\DELL-04-SMKKRIAN1\Documents\RipenAI\data\raw_external\bananaimagebd\extracted\banana_unripe\bananaimagebd_00141.jpg,0,9.084285466087749e-07
C:\Users\DELL-04-SMKKRIAN1\Documents\RipenAI\data\raw_external\bananaimagebd\extracted\banana_unripe\bananaimagebd_00142.jpg,0,0.000292202370474115
C:\Users\DELL-04-SMKKRIAN1\Documents\RipenAI\data\raw_external\bananaimagebd\extracted\banana_unripe\bananaimagebd_00143.jpg,0,0.00048389731091447175
C:\Users\DELL-04-SMKKRIAN1\Documents\RipenAI\data\raw_external\bananaimagebd\extracted\banana_unripe\bananaimagebd_00144.jpg,0,1.641182097955607e-05
C:\Users\DELL-04-SMKKRIAN1\Documents\RipenAI\data\raw_external\bananaimagebd\extracted\banana_unripe\bananaimagebd_00145.jpg,0,0.0002442214172333479
C:\Users\DELL-04-SMKKRIAN1\Documents\RipenAI\data\raw_external\bananaimagebd\extracted\banana_unripe\bananaimagebd_00146.jpg,0,0.00020493420015554875
C:\Users\DELL-04-SMKKRIAN1\Documents\RipenAI\data\raw_external\bananaimagebd\extracted\banana_unripe\bananaimagebd_00147.jpg,0,2.8776326871593483e-05
C:\Users\DELL-04-SMKKRIAN1\Documents\RipenAI\data\raw_external\bananaimagebd\extracted\banana_unripe\bananaimagebd_00148.jpg,0,0.00010717527038650587
C:\Users\DELL-04-SMKKRIAN1\Documents\RipenAI\data\raw_external\bananaimagebd\extracted\banana_unripe\bananaimagebd_00149.jpg,0,5.392242655943846e-06
C:\Users\DELL-04-SMKKRIAN1\Documents\RipenAI\data\raw_external\bananaimagebd\extracted\banana_unripe\bananaimagebd_00150.jpg,0,8.563363371649757e-05
C:\Users\DELL-04-SMKKRIAN1\Documents\RipenAI\data\raw_external\bananaimagebd\extracted\banana_unripe\bananaimagebd_00151.jpg,0,0.0002141889708582312
C:\Users\DELL-04-SMKKRIAN1\Documents\RipenAI\data\raw_external\bananaimagebd\extracted\banana_unripe\bananaimagebd_00152.jpg,0,2.061972554656677e-05
C:\Users\DELL-04-SMKKRIAN1\Documents\RipenAI\data\raw_external\bananaimagebd\extracted\banana_unripe\bananaimagebd_00153.jpg,0,5.41809413334704e-06
C:\Users\DELL-04-SMKKRIAN1\Documents\RipenAI\data\raw_external\bananaimagebd\extracted\banana_unripe\bananaimagebd_00154.jpg,0,0.0006116928998380899
C:\Users\DELL-04-SMKKRIAN1\Documents\RipenAI\data\raw_external\bananaimagebd\extracted\banana_unripe\bananaimagebd_00155.jpg,0,0.0008109311456792057
C:\Users\DELL-04-SMKKRIAN1\Documents\RipenAI\data\raw_external\bananaimagebd\extracted\banana_unripe\bananaimagebd_00156.jpg,0,1.9340725998517883e-07
C:\Users\DELL-04-SMKKRIAN1\Documents\RipenAI\data\raw_external\bananaimagebd\extracted\banana_unripe\bananaimagebd_00157.jpg,0,5.750551963501493e-07
C:\Users\DELL-04-SMKKRIAN1\Documents\RipenAI\data\raw_external\bananaimagebd\extracted\banana_unripe\bananaimagebd_00158.jpg,0,0.00033765676198527217
C:\Users\DELL-04-SMKKRIAN1\Documents\RipenAI\data\raw_external\bananaimagebd\extracted\banana_unripe\bananaimagebd_00159.jpg,0,0.00029200303833931684
C:\Users\DELL-04-SMKKRIAN1\Documents\RipenAI\data\raw_external\bananaimagebd\extracted\banana_unripe\bananaimagebd_00160.jpg,0,2.228088533229311e-06
C:\Users\DELL-04-SMKKRIAN1\Documents\RipenAI\data\raw_external\bananaimagebd\extracted\banana_unripe\bananaimagebd_00161.jpg,0,0.0002633588155731559
C:\Users\DELL-04-SMKKRIAN1\Documents\RipenAI\data\raw_external\bananaimagebd\extracted\banana_unripe\bananaimagebd_00162.jpg,0,2.027722257480491e-05
C:\Users\DELL-04-SMKKRIAN1\Documents\RipenAI\data\raw_external\bananaimagebd\extracted\banana_unripe\bananaimagebd_00163.jpg,0,1.702887129795272e-05
C:\Users\DELL-04-SMKKRIAN1\Documents\RipenAI\data\raw_external\bananaimagebd\extracted\banana_unripe\bananaimagebd_00164.jpg,0,0.00043222567182965577
C:\Users\DELL-04-SMKKRIAN1\Documents\RipenAI\data\raw_external\bananaimagebd\extracted\banana_unripe\bananaimagebd_00165.jpg,0,2.3551538106403314e-05
C:\Users\DELL-04-SMKKRIAN1\Documents\RipenAI\data\raw_external\bananaimagebd\extracted\banana_unripe\bananaimagebd_00166.jpg,0,0.0014820228097960353
C:\Users\DELL-04-SMKKRIAN1\Documents\RipenAI\data\raw_external\bananaimagebd\extracted\banana_unripe\bananaimagebd_00167.jpg,0,3.6923061941251945e-08
C:\Users\DELL-04-SMKKRIAN1\Documents\RipenAI\data\raw_external\bananaimagebd\extracted\banana_unripe\bananaimagebd_00168.jpg,0,3.06725523842033e-05
C:\Users\DELL-04-SMKKRIAN1\Documents\RipenAI\data\raw_external\bananaimagebd\extracted\banana_unripe\bananaimagebd_00169.jpg,0,0.06420404464006424
C:\Users\DELL-04-SMKKRIAN1\Documents\RipenAI\data\raw_external\bananaimagebd\extracted\banana_unripe\bananaimagebd_00170.jpg,0,1.2570307262649294e-05
C:\Users\DELL-04-SMKKRIAN1\Documents\RipenAI\data\raw_external\bananaimagebd\extracted\banana_unripe\bananaimagebd_00171.jpg,0,0.005255754571408033
C:\Users\DELL-04-SMKKRIAN1\Documents\RipenAI\data\raw_external\bananaimagebd\extracted\banana_unripe\bananaimagebd_00172.jpg,0,1.2041080026392592e-06
C:\Users\DELL-04-SMKKRIAN1\Documents\RipenAI\data\raw_external\bananaimagebd\extracted\banana_unripe\bananaimagebd_00173.jpg,0,0.032220713794231415
C:\Users\DELL-04-SMKKRIAN1\Documents\RipenAI\data\raw_external\bananaimagebd\extracted\banana_unripe\bananaimagebd_00174.jpg,0,0.000460336625110358
C:\Users\DELL-04-SMKKRIAN1\Documents\RipenAI\data\raw_external\bananaimagebd\extracted\banana_unripe\bananaimagebd_00175.jpg,0,0.0013527728151530027
C:\Users\DELL-04-SMKKRIAN1\Documents\RipenAI\data\raw_external\bananaimagebd\extracted\banana_unripe\bananaimagebd_00176.jpg,0,2.5691209884826094e-05
C:\Users\DELL-04-SMKKRIAN1\Documents\RipenAI\data\raw_external\bananaimagebd\extracted\banana_unripe\bananaimagebd_00177.jpg,0,1.166941274277633e-06
C:\Users\DELL-04-SMKKRIAN1\Documents\RipenAI\data\raw_external\bananaimagebd\extracted\banana_unripe\bananaimagebd_00178.jpg,0,2.6441426598466933e-05
C:\Users\DELL-04-SMKKRIAN1\Documents\RipenAI\data\raw_external\bananaimagebd\extracted\banana_unripe\bananaimagebd_00179.jpg,0,0.005278914235532284
C:\Users\DELL-04-SMKKRIAN1\Documents\RipenAI\data\raw_external\bananaimagebd\extracted\banana_unripe\bananaimagebd_00180.jpg,0,0.0006638269987888634
C:\Users\DELL-04-SMKKRIAN1\Documents\RipenAI\data\raw_external\bananaimagebd\extracted\banana_unripe\bananaimagebd_00181.jpg,0,0.0001425734517397359
C:\Users\DELL-04-SMKKRIAN1\Documents\RipenAI\data\raw_external\bananaimagebd\extracted\banana_unripe\bananaimagebd_00182.jpg,0,7.86570308264345e-06
C:\Users\DELL-04-SMKKRIAN1\Documents\RipenAI\data\raw_external\bananaimagebd\extracted\banana_unripe\bananaimagebd_00183.jpg,0,0.0031359191052615643
C:\Users\DELL-04-SMKKRIAN1\Documents\RipenAI\data\raw_external\bananaimagebd\extracted\banana_unripe\bananaimagebd_00184.jpg,0,2.7108284484711476e-05
C:\Users\DELL-04-SMKKRIAN1\Documents\RipenAI\data\raw_external\bananaimagebd\extracted\banana_unripe\bananaimagebd_00185.jpg,0,0.0009841921273618937
C:\Users\DELL-04-SMKKRIAN1\Documents\RipenAI\data\raw_external\bananaimagebd\extracted\banana_unripe\bananaimagebd_00186.jpg,0,7.042007928248495e-05
C:\Users\DELL-04-SMKKRIAN1\Documents\RipenAI\data\raw_external\bananaimagebd\extracted\banana_unripe\bananaimagebd_00187.jpg,0,3.118616859865142e-06
C:\Users\DELL-04-SMKKRIAN1\Documents\RipenAI\data\raw_external\bananaimagebd\extracted\banana_unripe\bananaimagebd_00188.jpg,0,9.169855911750346e-05
C:\Users\DELL-04-SMKKRIAN1\Documents\RipenAI\data\raw_external\bananaimagebd\extracted\banana_unripe\bananaimagebd_00189.jpg,0,1.620355214981828e-05
C:\Users\DELL-04-SMKKRIAN1\Documents\RipenAI\data\raw_external\bananaimagebd\extracted\banana_unripe\bananaimagebd_00190.jpg,0,0.00020798917103093117
C:\Users\DELL-04-SMKKRIAN1\Documents\RipenAI\data\raw_external\bananaimagebd\extracted\banana_unripe\bananaimagebd_00191.jpg,0,1.683876871538814e-05
C:\Users\DELL-04-SMKKRIAN1\Documents\RipenAI\data\raw_external\bananaimagebd\extracted\banana_unripe\bananaimagebd_00192.jpg,0,0.044867802411317825
C:\Users\DELL-04-SMKKRIAN1\Documents\RipenAI\data\raw_external\bananaimagebd\extracted\banana_unripe\bananaimagebd_00193.jpg,0,0.008767394348978996
C:\Users\DELL-04-SMKKRIAN1\Documents\RipenAI\data\raw_external\bananaimagebd\extracted\banana_unripe\bananaimagebd_00194.jpg,0,0.0015737370122224092
C:\Users\DELL-04-SMKKRIAN1\Documents\RipenAI\data\raw_external\bananaimagebd\extracted\banana_unripe\bananaimagebd_00195.jpg,0,0.003799755359068513
C:\Users\DELL-04-SMKKRIAN1\Documents\RipenAI\data\raw_external\bananaimagebd\extracted\banana_unripe\bananaimagebd_00196.jpg,0,7.387469668174163e-05
C:\Users\DELL-04-SMKKRIAN1\Documents\RipenAI\data\raw_external\bananaimagebd\extracted\banana_unripe\bananaimagebd_00197.jpg,0,1.7008920849548304e-07
C:\Users\DELL-04-SMKKRIAN1\Documents\RipenAI\data\raw_external\bananaimagebd\extracted\banana_unripe\bananaimagebd_00198.jpg,0,7.064441120974152e-08
C:\Users\DELL-04-SMKKRIAN1\Documents\RipenAI\data\raw_external\bananaimagebd\extracted\banana_unripe\bananaimagebd_00199.jpg,0,1.2390290976327378e-05
C:\Users\DELL-04-SMKKRIAN1\Documents\RipenAI\data\raw_external\bananaimagebd\extracted\banana_unripe\bananaimagebd_00200.jpg,0,0.0002003329573199153
C:\Users\DELL-04-SMKKRIAN1\Documents\RipenAI\data\raw_external\bananaimagebd\extracted\banana_unripe\bananaimagebd_00201.jpg,0,0.00014064967399463058
C:\Users\DELL-04-SMKKRIAN1\Documents\RipenAI\data\raw_external\bananaimagebd\extracted\banana_unripe\bananaimagebd_00202.jpg,0,0.00454216031357646
C:\Users\DELL-04-SMKKRIAN1\Documents\RipenAI\data\raw_external\bananaimagebd\extracted\banana_unripe\bananaimagebd_00203.jpg,0,0.0009832956129685044
C:\Users\DELL-04-SMKKRIAN1\Documents\RipenAI\data\raw_external\bananaimagebd\extracted\banana_unripe\bananaimagebd_00204.jpg,0,0.01700090616941452
C:\Users\DELL-04-SMKKRIAN1\Documents\RipenAI\data\raw_external\bananaimagebd\extracted\banana_unripe\bananaimagebd_00205.jpg,0,6.3508346102025826e-06
C:\Users\DELL-04-SMKKRIAN1\Documents\RipenAI\data\raw_external\bananaimagebd\extracted\banana_unripe\bananaimagebd_00206.jpg,0,0.0007555676274932921
C:\Users\DELL-04-SMKKRIAN1\Documents\RipenAI\data\raw_external\bananaimagebd\extracted\banana_unripe\bananaimagebd_00207.jpg,0,0.00018474351963959634
C:\Users\DELL-04-SMKKRIAN1\Documents\RipenAI\data\raw_external\bananaimagebd\extracted\banana_unripe\bananaimagebd_00208.jpg,0,4.146697392570786e-06
C:\Users\DELL-04-SMKKRIAN1\Documents\RipenAI\data\raw_external\bananaimagebd\extracted\banana_unripe\bananaimagebd_00209.jpg,0,1.0529854080232326e-05
C:\Users\DELL-04-SMKKRIAN1\Documents\RipenAI\data\raw_external\bananaimagebd\extracted\banana_unripe\bananaimagebd_00210.jpg,0,3.5225557439844124e-06
C:\Users\DELL-04-SMKKRIAN1\Documents\RipenAI\data\raw_external\bananaimagebd\extracted\banana_unripe\bananaimagebd_00211.jpg,0,0.00010271959035890177
