path,true_rotten,rotten_probability
C:\Users\DELL-04-SMKKRIAN1\Documents\RipenAI\data\processed\test\apple_overripe\asadullahprl_0000000.jpg,0,0.014111609198153019
C:\Users\DELL-04-SMKKRIAN1\Documents\RipenAI\data\processed\test\apple_overripe\asadullahprl_0000001.jpg,0,0.008748489432036877
C:\Users\DELL-04-SMKKRIAN1\Documents\RipenAI\data\processed\test\apple_overripe\asadullahprl_0000002.jpg,0,0.00390663743019104
C:\Users\DELL-04-SMKKRIAN1\Documents\RipenAI\data\processed\test\apple_overripe\asadullahprl_0000003.jpg,0,0.19620610773563385
C:\Users\DELL-04-SMKKRIAN1\Documents\RipenAI\data\processed\test\apple_overripe\asadullahprl_0000004.jpg,0,0.010860812850296497
C:\Users\DELL-04-SMKKRIAN1\Documents\RipenAI\data\processed\test\apple_overripe\asadullahprl_0000005.jpg,0,0.036103833466768265
C:\Users\DELL-04-SMKKRIAN1\Documents\RipenAI\data\processed\test\apple_overripe\asadullahprl_0000006.jpg,0,0.0019322241423651576
C:\Users\DELL-04-SMKKRIAN1\Documents\RipenAI\data\processed\test\apple_overripe\asadullahprl_0000007.jpg,0,0.000740260467864573
C:\Users\DELL-04-SMKKRIAN1\Documents\RipenAI\data\processed\test\apple_overripe\asadullahprl_0000008.jpg,0,0.0006359856924973428
C:\Users\DELL-04-SMKKRIAN1\Documents\RipenAI\data\processed\test\apple_overripe\asadullahprl_0000009.jpg,0,0.0009657600312493742
C:\Users\DELL-04-SMKKRIAN1\Documents\RipenAI\data\processed\test\apple_overripe\asadullahprl_0000010.jpg,0,0.8204880952835083
C:\Users\DELL-04-SMKKRIAN1\Documents\RipenAI\data\processed\test\apple_overripe\asadullahprl_0000011.jpg,0,0.9122830629348755
C:\Users\DELL-04-SMKKRIAN1\Documents\RipenAI\data\processed\test\apple_overripe\asadullahprl_0000012.jpg,0,0.006048883777111769
C:\Users\DELL-04-SMKKRIAN1\Documents\RipenAI\data\processed\test\apple_ripe\alexcj10-ripenet_0000014.jpg,0,0.2603156864643097
C:\Users\DELL-04-SMKKRIAN1\Documents\RipenAI\data\processed\test\apple_ripe\alexcj10-ripenet_0000015.jpg,0,0.1309538632631302
C:\Users\DELL-04-SMKKRIAN1\Documents\RipenAI\data\processed\test\apple_ripe\alexcj10-ripenet_0000021.jpg,0,0.11774351447820663
C:\Users\DELL-04-SMKKRIAN1\Documents\RipenAI\data\processed\test\apple_ripe\alexcj10-ripenet_0000028.jpg,0,0.00037826161133125424
C:\Users\DELL-04-SMKKRIAN1\Documents\RipenAI\data\processed\test\apple_ripe\alexcj10-ripenet_0000029.jpg,0,0.18895626068115234
C:\Users\DELL-04-SMKKRIAN1\Documents\RipenAI\data\processed\test\apple_ripe\alexcj10-ripenet_0000033.jpg,0,0.7326928973197937
C:\Users\DELL-04-SMKKRIAN1\Documents\RipenAI\data\processed\test\apple_ripe\alexcj10-ripenet_0000036.jpg,0,0.11573723703622818
C:\Users\DELL-04-SMKKRIAN1\Documents\RipenAI\data\processed\test\apple_ripe\alexcj10-ripenet_0000040.jpg,0,0.02342538721859455
C:\Users\DELL-04-SMKKRIAN1\Documents\RipenAI\data\processed\test\apple_ripe\alexcj10-ripenet_0000044.jpg,0,0.0013031417038291693
C:\Users\DELL-04-SMKKRIAN1\Documents\RipenAI\data\processed\test\apple_ripe\alexcj10-ripenet_0000054.jpg,0,0.14586465060710907
C:\Users\DELL-04-SMKKRIAN1\Documents\RipenAI\data\processed\test\apple_ripe\alexcj10-ripenet_0000057.jpg,0,0.18189962208271027
C:\Users\DELL-04-SMKKRIAN1\Documents\RipenAI\data\processed\test\apple_ripe\alexcj10-ripenet_0000065.jpg,0,0.044644247740507126
C:\Users\DELL-04-SMKKRIAN1\Documents\RipenAI\data\processed\test\apple_ripe\alexcj10-ripenet_0000072.jpg,0,0.0341714546084404
C:\Users\DELL-04-SMKKRIAN1\Documents\RipenAI\data\processed\test\apple_ripe\alexcj10-ripenet_0000076.jpg,0,0.01677035726606846
C:\Users\DELL-04-SMKKRIAN1\Documents\RipenAI\data\processed\test\apple_ripe\alexcj10-ripenet_0000079.jpg,0,0.0035937184002250433
C:\Users\DELL-04-SMKKRIAN1\Documents\RipenAI\data\processed\test\apple_ripe\alexcj10-ripenet_0000093.jpg,0,0.11392522603273392
C:\Users\DELL-04-SMKKRIAN1\Documents\RipenAI\data\processed\test\apple_ripe\alexcj10-ripenet_0000095.jpg,0,0.010946569964289665
C:\Users\DELL-04-SMKKRIAN1\Documents\RipenAI\data\processed\test\apple_ripe\alexcj10-ripenet_0000103.jpg,0,0.005870874039828777
C:\Users\DELL-04-SMKKRIAN1\Documents\RipenAI\data\processed\test\apple_ripe\alexcj10-ripenet_0000146.jpg,0,0.1112736389040947
C:\Users\DELL-04-SMKKRIAN1\Documents\RipenAI\data\processed\test\apple_ripe\alexcj10-ripenet_0000154.jpg,0,0.062422364950180054
C:\Users\DELL-04-SMKKRIAN1\Documents\RipenAI\data\processed\test\apple_ripe\alexcj10-ripenet_0000160.jpg,0,0.33429616689682007
C:\Users\DELL-04-SMKKRIAN1\Documents\RipenAI\data\processed\test\apple_ripe\alexcj10-ripenet_0000168.jpg,0,0.08854128420352936
C:\Users\DELL-04-SMKKRIAN1\Documents\RipenAI\data\processed\test\apple_ripe\alexcj10-ripenet_0000169.jpg,0,0.046684641391038895
C:\Users\DELL-04-SMKKRIAN1\Documents\RipenAI\data\processed\test\apple_ripe\alexcj10-ripenet_0000176.jpg,0,0.04503398761153221
C:\Users\DELL-04-SMKKRIAN1\Documents\RipenAI\data\processed\test\apple_ripe\alexcj10-ripenet_0000187.jpg,0,0.3106941282749176
C:\Users\DELL-04-SMKKRIAN1\Documents\RipenAI\data\processed\test\apple_ripe\alexcj10-ripenet_0000190.jpg,0,0.21811708807945251
C:\Users\DELL-04-SMKKRIAN1\Documents\RipenAI\data\processed\test\apple_ripe\alexcj10-ripenet_0000194.jpg,0,0.05944903567433357
C:\Users\DELL-04-SMKKRIAN1\Documents\RipenAI\data\processed\test\apple_ripe\alexcj10-ripenet_0000200.jpg,0,0.009148916229605675
C:\Users\DELL-04-SMKKRIAN1\Documents\RipenAI\data\processed\test\apple_ripe\alexcj10-ripenet_0000218.jpg,0,0.29522472620010376
C:\Users\DELL-04-SMKKRIAN1\Documents\RipenAI\data\processed\test\apple_ripe\alexcj10-ripenet_0000219.jpg,0,0.06745856255292892
C:\Users\DELL-04-SMKKRIAN1\Documents\RipenAI\data\processed\test\apple_ripe\alexcj10-ripenet_0000226.jpg,0,0.11428005993366241
C:\Users\DELL-04-SMKKRIAN1\Documents\RipenAI\data\processed\test\apple_ripe\alexcj10-ripenet_0000232.jpg,0,0.11800143122673035
C:\Users\DELL-04-SMKKRIAN1\Documents\RipenAI\data\processed\test\apple_ripe\alexcj10-ripenet_0000250.jpg,0,0.08780208975076675
C:\Users\DELL-04-SMKKRIAN1\Documents\RipenAI\data\processed\test\apple_ripe\alexcj10-ripenet_0000256.jpg,0,0.8369691371917725
C:\Users\DELL-04-SMKKRIAN1\Documents\RipenAI\data\processed\test\apple_ripe\alexcj10-ripenet_0000258.jpg,0,0.028218435123562813
C:\Users\DELL-04-SMKKRIAN1\Documents\RipenAI\data\processed\test\apple_ripe\alexcj10-ripenet_0000259.jpg,0,0.12944741547107697
C:\Users\DELL-04-SMKKRIAN1\Documents\RipenAI\data\processed\test\apple_ripe\alexcj10-ripenet_0000260.jpg,0,0.04565821588039398
C:\Users\DELL-04-SMKKRIAN1\Documents\RipenAI\data\processed\test\apple_ripe\alexcj10-ripenet_0000262.jpg,0,0.07755865156650543
C:\Users\DELL-04-SMKKRIAN1\Documents\RipenAI\data\processed\test\apple_ripe\alexcj10-ripenet_0000275.jpg,0,0.020738616585731506
C:\Users\DELL-04-SMKKRIAN1\Documents\RipenAI\data\processed\test\apple_ripe\alexcj10-ripenet_0000278.jpg,0,0.05640755593776703
C:\Users\DELL-04-SMKKRIAN1\Documents\RipenAI\data\processed\test\apple_ripe\alexcj10-ripenet_0000280.jpg,0,0.18073710799217224
C:\Users\DELL-04-SMKKRIAN1\Documents\RipenAI\data\processed\test\apple_ripe\alexcj10-ripenet_0000286.jpg,0,0.02262292616069317
C:\Users\DELL-04-SMKKRIAN1\Documents\RipenAI\data\processed\test\apple_ripe\alexcj10-ripenet_0000290.jpg,0,0.12403198331594467
C:\Users\DELL-04-SMKKRIAN1\Documents\RipenAI\data\processed\test\apple_ripe\alexcj10-ripenet_0000292.jpg,0,0.00309474254027009
C:\Users\DELL-04-SMKKRIAN1\Documents\RipenAI\data\processed\test\apple_ripe\alexcj10-ripenet_0000294.jpg,0,0.008966527879238129
C:\Users\DELL-04-SMKKRIAN1\Documents\RipenAI\data\processed\test\apple_ripe\asadullahprl_0000016.jpg,0,0.018219521269202232
C:\Users\DELL-04-SMKKRIAN1\Documents\RipenAI\data\processed\test\apple_ripe\asadullahprl_0000025.jpg,0,0.00017525744624435902
C:\Users\DELL-04-SMKKRIAN1\Documents\RipenAI\data\processed\test\apple_ripe\asadullahprl_0000026.jpg,0,0.020569616928696632
C:\Users\DELL-04-SMKKRIAN1\Documents\RipenAI\data\processed\test\apple_ripe\asadullahprl_0000031.jpg,0,0.03485846891999245
C:\Users\DELL-04-SMKKRIAN1\Documents\RipenAI\data\processed\test\apple_ripe\asadullahprl_0000052.jpg,0,0.002218397334218025
C:\Users\DELL-04-SMKKRIAN1\Documents\RipenAI\data\processed\test\apple_ripe\asadullahprl_0000062.jpg,0,0.004026212729513645
C:\Users\DELL-04-SMKKRIAN1\Documents\RipenAI\data\processed\test\apple_ripe\asadullahprl_0000069.jpg,0,0.0015423247823491693
C:\Users\DELL-04-SMKKRIAN1\Documents\RipenAI\data\processed\test\apple_ripe\asadullahprl_0000074.jpg,0,0.005875368136912584
C:\Users\DELL-04-SMKKRIAN1\Documents\RipenAI\data\processed\test\apple_ripe\asadullahprl_0000075.jpg,0,0.04005526006221771
C:\Users\DELL-04-SMKKRIAN1\Documents\RipenAI\data\processed\test\apple_ripe\asadullahprl_0000094.jpg,0,0.04933692887425423
C:\Users\DELL-04-SMKKRIAN1\Documents\RipenAI\data\processed\test\apple_ripe\asadullahprl_0000102.jpg,0,0.005211370065808296
C:\Users\DELL-04-SMKKRIAN1\Documents\RipenAI\data\processed\test\apple_ripe\asadullahprl_0000104.jpg,0,0.00248332298360765
C:\Users\DELL-04-SMKKRIAN1\Documents\RipenAI\data\processed\test\apple_ripe\asadullahprl_0000106.jpg,0,0.0016615060158073902
C:\Users\DELL-04-SMKKRIAN1\Documents\RipenAI\data\processed\test\apple_ripe\asadullahprl_0000108.jpg,0,0.0025807914789766073
C:\Users\DELL-04-SMKKRIAN1\Documents\RipenAI\data\processed\test\apple_ripe\asadullahprl_0000114.jpg,0,0.030949948355555534
C:\Users\DELL-04-SMKKRIAN1\Documents\RipenAI\data\processed\test\apple_ripe\asadullahprl_0000115.jpg,0,0.006836200598627329
C:\Users\DELL-04-SMKKRIAN1\Documents\RipenAI\data\processed\test\apple_ripe\asadullahprl_0000117.jpg,0,0.000598204554989934
C:\Users\DELL-04-SMKKRIAN1\Documents\RipenAI\data\processed\test\apple_ripe\asadullahprl_0000120.jpg,0,0.0023714383132755756
C:\Users\DELL-04-SMKKRIAN1\Documents\RipenAI\data\processed\test\apple_ripe\asadullahprl_0000132.jpg,0,0.000721122429240495
C:\Users\DELL-04-SMKKRIAN1\Documents\RipenAI\data\processed\test\apple_ripe\asadullahprl_0000135.jpg,0,0.0016564453253522515
C:\Users\DELL-04-SMKKRIAN1\Documents\RipenAI\data\processed\test\apple_ripe\asadullahprl_0000144.jpg,0,8.480182441417128e-05
C:\Users\DELL-04-SMKKRIAN1\Documents\RipenAI\data\processed\test\apple_ripe\asadullahprl_0000147.jpg,0,0.0021959913428872824
C:\Users\DELL-04-SMKKRIAN1\Documents\RipenAI\data\processed\test\apple_ripe\asadullahprl_0000151.jpg,0,0.0008632006356492639
C:\Users\DELL-04-SMKKRIAN1\Documents\RipenAI\data\processed\test\apple_ripe\asadullahprl_0000166.jpg,0,0.0030385255813598633
C:\Users\DELL-04-SMKKRIAN1\Documents\RipenAI\data\processed\test\apple_ripe\asadullahprl_0000170.jpg,0,0.0015859425766393542
C:\Users\DELL-04-SMKKRIAN1\Documents\RipenAI\data\processed\test\apple_ripe\asadullahprl_0000196.jpg,0,0.02472401037812233
C:\Users\DELL-04-SMKKRIAN1\Documents\RipenAI\data\processed\test\apple_ripe\asadullahprl_0000197.jpg,0,0.012520701624453068
C:\Users\DELL-04-SMKKRIAN1\Documents\RipenAI\data\processed\test\apple_ripe\asadullahprl_0000199.jpg,0,0.0030678235925734043
C:\Users\DELL-04-SMKKRIAN1\Documents\RipenAI\data\processed\test\apple_ripe\asadullahprl_0000201.jpg,0,0.0029076540376991034
C:\Users\DELL-04-SMKKRIAN1\Documents\RipenAI\data\processed\test\apple_ripe\asadullahprl_0000202.jpg,0,0.003054369008168578
C:\Users\DELL-04-SMKKRIAN1\Documents\RipenAI\data\processed\test\apple_ripe\asadullahprl_0000208.jpg,0,0.005087667610496283
C:\Users\DELL-04-SMKKRIAN1\Documents\RipenAI\data\processed\test\apple_ripe\asadullahprl_0000210.jpg,0,0.0018949820660054684
C:\Users\DELL-04-SMKKRIAN1\Documents\RipenAI\data\processed\test\apple_ripe\asadullahprl_0000236.jpg,0,0.0012025291798636317
C:\Users\DELL-04-SMKKRIAN1\Documents\RipenAI\data\processed\test\apple_ripe\asadullahprl_0000239.jpg,0,0.0009827390313148499
C:\Users\DELL-04-SMKKRIAN1\Documents\RipenAI\data\processed\test\apple_ripe\asadullahprl_0000242.jpg,0,0.009188283234834671
C:\Users\DELL-04-SMKKRIAN1\Documents\RipenAI\data\processed\test\apple_ripe\asadullahprl_0000247.jpg,0,0.011491400189697742
C:\Users\DELL-04-SMKKRIAN1\Documents\RipenAI\data\processed\test\apple_ripe\asadullahprl_0000251.jpg,0,0.05399029329419136
C:\Users\DELL-04-SMKKRIAN1\Documents\RipenAI\data\processed\test\apple_ripe\asadullahprl_0000268.jpg,0,0.004509167745709419
C:\Users\DELL-04-SMKKRIAN1\Documents\RipenAI\data\processed\test\apple_ripe\asadullahprl_0000281.jpg,0,0.00012613435683306307
C:\Users\DELL-04-SMKKRIAN1\Documents\RipenAI\data\processed\test\apple_ripe\asadullahprl_0000289.jpg,0,0.005566146224737167
C:\Users\DELL-04-SMKKRIAN1\Documents\RipenAI\data\processed\test\apple_ripe\asadullahprl_0000297.jpg,0,0.08551934361457825
C:\Users\DELL-04-SMKKRIAN1\Documents\RipenAI\data\processed\test\apple_ripe\leftin_0000013.jpg,0,3.389149787835777e-05
C:\Users\DELL-04-SMKKRIAN1\Documents\RipenAI\data\processed\test\apple_ripe\leftin_0000017.jpg,0,7.202608685474843e-05
C:\Users\DELL-04-SMKKRIAN1\Documents\RipenAI\data\processed\test\apple_ripe\leftin_0000018.jpg,0,0.003319164039567113
C:\Users\DELL-04-SMKKRIAN1\Documents\RipenAI\data\processed\test\apple_ripe\leftin_0000019.jpg,0,4.028722287330311e-06
C:\Users\DELL-04-SMKKRIAN1\Documents\RipenAI\data\processed\test\apple_ripe\leftin_0000020.jpg,0,0.008103877305984497
C:\Users\DELL-04-SMKKRIAN1\Documents\RipenAI\data\processed\test\apple_ripe\leftin_0000022.jpg,0,2.2850192635814892e-06
C:\Users\DELL-04-SMKKRIAN1\Documents\RipenAI\data\processed\test\apple_ripe\leftin_0000023.jpg,0,0.028324715793132782
C:\Users\DELL-04-SMKKRIAN1\Documents\RipenAI\data\processed\test\apple_ripe\leftin_0000024.jpg,0,0.0010196607327088714
C:\Users\DELL-04-SMKKRIAN1\Documents\RipenAI\data\processed\test\apple_ripe\leftin_0000027.jpg,0,0.00027433354989625514
C:\Users\DELL-04-SMKKRIAN1\Documents\RipenAI\data\processed\test\apple_ripe\leftin_0000030.jpg,0,0.00032689576619304717
C:\Users\DELL-04-SMKKRIAN1\Documents\RipenAI\data\processed\test\apple_ripe\leftin_0000032.jpg,0,0.12058109045028687
C:\Users\DELL-04-SMKKRIAN1\Documents\RipenAI\data\processed\test\apple_ripe\leftin_0000034.jpg,0,0.0010161084355786443
C:\Users\DELL-04-SMKKRIAN1\Documents\RipenAI\data\processed\test\apple_ripe\leftin_0000035.jpg,0,3.085567357175023e-07
C:\Users\DELL-04-SMKKRIAN1\Documents\RipenAI\data\processed\test\apple_ripe\leftin_0000037.jpg,0,0.42110955715179443
C:\Users\DELL-04-SMKKRIAN1\Documents\RipenAI\data\processed\test\apple_ripe\leftin_0000038.jpg,0,6.889594033054891e-07
C:\Users\DELL-04-SMKKRIAN1\Documents\RipenAI\data\processed\test\apple_ripe\leftin_0000039.jpg,0,0.014293423853814602
C:\Users\DELL-04-SMKKRIAN1\Documents\RipenAI\data\processed\test\apple_ripe\leftin_0000041.jpg,0,0.0004095686599612236
C:\Users\DELL-04-SMKKRIAN1\Documents\RipenAI\data\processed\test\apple_ripe\leftin_0000042.jpg,0,0.0009175337036140263
C:\Users\DELL-04-SMKKRIAN1\Documents\RipenAI\data\processed\test\apple_ripe\leftin_0000043.jpg,0,2.1409963665064424e-05
C:\Users\DELL-04-SMKKRIAN1\Documents\RipenAI\data\processed\test\apple_ripe\leftin_0000045.jpg,0,0.5892351865768433
C:\Users\DELL-04-SMKKRIAN1\Documents\RipenAI\data\processed\test\apple_ripe\leftin_0000046.jpg,0,0.1799006313085556
C:\Users\DELL-04-SMKKRIAN1\Documents\RipenAI\data\processed\test\apple_ripe\leftin_0000047.jpg,0,0.001929331454448402
C:\Users\DELL-04-SMKKRIAN1\Documents\RipenAI\data\processed\test\apple_ripe\leftin_0000048.jpg,0,0.0023754937574267387
C:\Users\DELL-04-SMKKRIAN1\Documents\RipenAI\data\processed\test\apple_ripe\leftin_0000049.jpg,0,7.113590982044116e-05
C:\Users\DELL-04-SMKKRIAN1\Documents\RipenAI\data\processed\test\apple_ripe\leftin_0000050.jpg,0,0.0015154324937611818
C:\Users\DELL-04-SMKKRIAN1\Documents\RipenAI\data\processed\test\apple_ripe\leftin_0000051.jpg,0,0.00013746733020525426
C:\Users\DELL-04-SMKKRIAN1\Documents\RipenAI\data\processed\test\apple_ripe\leftin_0000053.jpg,0,0.000644365674816072
C:\Users\DELL-04-SMKKRIAN1\Documents\RipenAI\data\processed\test\apple_ripe\leftin_0000055.jpg,0,0.013929959386587143
C:\Users\DELL-04-SMKKRIAN1\Documents\RipenAI\data\processed\test\apple_ripe\leftin_0000056.jpg,0,0.003657795488834381
C:\Users\DELL-04-SMKKRIAN1\Documents\RipenAI\data\processed\test\apple_ripe\leftin_0000058.jpg,0,0.006107134744524956
C:\Users\DELL-04-SMKKRIAN1\Documents\RipenAI\data\processed\test\apple_ripe\leftin_0000059.jpg,0,0.0007325689075514674
C:\Users\DELL-04-SMKKRIAN1\Documents\RipenAI\data\processed\test\apple_ripe\leftin_0000060.jpg,0,0.0007562298560515046
C:\Users\DELL-04-SMKKRIAN1\Documents\RipenAI\data\processed\test\apple_ripe\leftin_0000061.jpg,0,0.0009810792980715632
C:\Users\DELL-04-SMKKRIAN1\Documents\RipenAI\data\processed\test\apple_ripe\leftin_0000063.jpg,0,0.017592832446098328
C:\Users\DELL-04-SMKKRIAN1\Documents\RipenAI\data\processed\test\apple_ripe\leftin_0000064.jpg,0,0.00018166875815950334
C:\Users\DELL-04-SMKKRIAN1\Documents\RipenAI\data\processed\test\apple_ripe\leftin_0000066.jpg,0,0.004646403715014458
C:\Users\DELL-04-SMKKRIAN1\Documents\RipenAI\data\processed\test\apple_ripe\leftin_0000067.jpg,0,6.936218414921314e-05
C:\Users\DELL-04-SMKKRIAN1\Documents\RipenAI\data\processed\test\apple_ripe\leftin_0000068.jpg,0,3.6323294807516504e-06
C:\Users\DELL-04-SMKKRIAN1\Documents\RipenAI\data\processed\test\apple_ripe\leftin_0000070.jpg,0,1.5803562973815133e-06
C:\Users\DELL-04-SMKKRIAN1\Documents\RipenAI\data\processed\test\apple_ripe\leftin_0000071.jpg,0,8.494959729432594e-06
C:\Users\DELL-04-SMKKRIAN1\Documents\RipenAI\data\processed\test\apple_ripe\leftin_0000073.jpg,0,0.0002481442061252892
C:\Users\DELL-04-SMKKRIAN1\Documents\RipenAI\data\processed\test\apple_ripe\leftin_0000077.jpg,0,0.0031948951072990894
C:\Users\DELL-04-SMKKRIAN1\Documents\RipenAI\data\processed\test\apple_ripe\leftin_0000078.jpg,0,0.00021342509717214853
C:\Users\DELL-04-SMKKRIAN1\Documents\RipenAI\data\processed\test\apple_ripe\leftin_0000080.jpg,0,5.760064595961012e-06
C:\Users\DELL-04-SMKKRIAN1\Documents\RipenAI\data\processed\test\apple_ripe\leftin_0000081.jpg,0,5.4563151934416965e-05
C:\Users\DELL-04-SMKKRIAN1\Documents\RipenAI\data\processed\test\apple_ripe\leftin_0000082.jpg,0,0.0019627977162599564
C:\Users\DELL-04-SMKKRIAN1\Documents\RipenAI\data\processed\test\apple_ripe\leftin_0000083.jpg,0,0.030135467648506165
C:\Users\DELL-04-SMKKRIAN1\Documents\RipenAI\data\processed\test\apple_ripe\leftin_0000084.jpg,0,0.00059512909501791
C:\Users\DELL-04-SMKKRIAN1\Documents\RipenAI\data\processed\test\apple_ripe\leftin_0000085.jpg,0,0.010480121709406376
C:\Users\DELL-04-SMKKRIAN1\Documents\RipenAI\data\processed\test\apple_ripe\leftin_0000086.jpg,0,0.0031697945669293404
C:\Users\DELL-04-SMKKRIAN1\Documents\RipenAI\data\processed\test\apple_ripe\leftin_0000087.jpg,0,0.00010996669880114496
C:\Users\DELL-04-SMKKRIAN1\Documents\RipenAI\data\processed\test\apple_ripe\leftin_0000088.jpg,0,1.818248892959673e-05
C:\Users\DELL-04-SMKKRIAN1\Documents\RipenAI\data\processed\test\apple_ripe\leftin_0000089.jpg,0,0.00026368742692284286
C:\Users\DELL-04-SMKKRIAN1\Documents\RipenAI\data\processed\test\apple_ripe\leftin_0000090.jpg,0,0.20543573796749115
C:\Users\DELL-04-SMKKRIAN1\Documents\RipenAI\data\processed\test\apple_ripe\leftin_0000091.jpg,0,0.0005448012962006032
C:\Users\DELL-04-SMKKRIAN1\Documents\RipenAI\data\processed\test\apple_ripe\leftin_0000092.jpg,0,1.0451630032548564e-06
C:\Users\DELL-04-SMKKRIAN1\Documents\RipenAI\data\processed\test\apple_ripe\leftin_0000096.jpg,0,0.0008320711203850806
C:\Users\DELL-04-SMKKRIAN1\Documents\RipenAI\data\processed\test\apple_ripe\leftin_0000097.jpg,0,0.0008035412756726146
C:\Users\DELL-04-SMKKRIAN1\Documents\RipenAI\data\processed\test\apple_ripe\leftin_0000098.jpg,0,0.025401262566447258
C:\Users\DELL-04-SMKKRIAN1\Documents\RipenAI\data\processed\test\apple_ripe\leftin_0000099.jpg,0,0.0013154810294508934
C:\Users\DELL-04-SMKKRIAN1\Documents\RipenAI\data\processed\test\apple_ripe\leftin_0000100.jpg,0,0.00034416414564475417
C:\Users\DELL-04-SMKKRIAN1\Documents\RipenAI\data\processed\test\apple_ripe\leftin_0000101.jpg,0,0.0010216229129582644
C:\Users\DELL-04-SMKKRIAN1\Documents\RipenAI\data\processed\test\apple_ripe\leftin_0000105.jpg,0,0.03625064343214035
C:\Users\DELL-04-SMKKRIAN1\Documents\RipenAI\data\processed\test\apple_ripe\leftin_0000107.jpg,0,0.0002037936937995255
C:\Users\DELL-04-SMKKRIAN1\Documents\RipenAI\data\processed\test\apple_ripe\leftin_0000109.jpg,0,0.0004907881375402212
C:\Users\DELL-04-SMKKRIAN1\Documents\RipenAI\data\processed\test\apple_ripe\leftin_0000110.jpg,0,0.0038278098218142986
C:\Users\DELL-04-SMKKRIAN1\Documents\RipenAI\data\processed\test\apple_ripe\leftin_0000111.jpg,0,0.0012700066436082125
C:\Users\DELL-04-SMKKRIAN1\Documents\RipenAI\data\processed\test\apple_ripe\leftin_0000112.jpg,0,0.00010781653691083193
C:\Users\DELL-04-SMKKRIAN1\Documents\RipenAI\data\processed\test\apple_ripe\leftin_0000113.jpg,0,0.0007680648704990745
C:\Users\DELL-04-SMKKRIAN1\Documents\RipenAI\data\processed\test\apple_ripe\leftin_0000116.jpg,0,2.710373701120261e-05
C:\Users\DELL-04-SMKKRIAN1\Documents\RipenAI\data\processed\test\apple_ripe\leftin_0000118.jpg,0,0.11558081209659576
C:\Users\DELL-04-SMKKRIAN1\Documents\RipenAI\data\processed\test\apple_ripe\leftin_0000119.jpg,0,0.006415582727640867
C:\Users\DELL-04-SMKKRIAN1\Documents\RipenAI\data\processed\test\apple_ripe\leftin_0000121.jpg,0,0.0005727218231186271
C:\Users\DELL-04-SMKKRIAN1\Documents\RipenAI\data\processed\test\apple_ripe\leftin_0000122.jpg,0,0.04810372367501259
C:\Users\DELL-04-SMKKRIAN1\Documents\RipenAI\data\processed\test\apple_ripe\leftin_0000123.jpg,0,0.004110967740416527
C:\Users\DELL-04-SMKKRIAN1\Documents\RipenAI\data\processed\test\apple_ripe\leftin_0000124.jpg,0,0.00045804301043972373
C:\Users\DELL-04-SMKKRIAN1\Documents\RipenAI\data\processed\test\apple_ripe\leftin_0000125.jpg,0,0.0006765945581719279
C:\Users\DELL-04-SMKKRIAN1\Documents\RipenAI\data\processed\test\apple_ripe\leftin_0000126.jpg,0,1.7741430156092974e-06
C:\Users\DELL-04-SMKKRIAN1\Documents\RipenAI\data\processed\test\apple_ripe\leftin_0000127.jpg,0,0.03427722677588463
C:\Users\DELL-04-SMKKRIAN1\Documents\RipenAI\data\processed\test\apple_ripe\leftin_0000128.jpg,0,0.0003568294341675937
C:\Users\DELL-04-SMKKRIAN1\Documents\RipenAI\data\processed\test\apple_ripe\leftin_0000129.jpg,0,0.00015960192831698805
C:\Users\DELL-04-SMKKRIAN1\Documents\RipenAI\data\processed\test\apple_ripe\leftin_0000130.jpg,0,0.0002046403387794271
C:\Users\DELL-04-SMKKRIAN1\Documents\RipenAI\data\processed\test\apple_ripe\leftin_0000131.jpg,0,0.2718583047389984
C:\Users\DELL-04-SMKKRIAN1\Documents\RipenAI\data\processed\test\apple_ripe\leftin_0000133.jpg,0,0.005369335412979126
C:\Users\DELL-04-SMKKRIAN1\Documents\RipenAI\data\processed\test\apple_ripe\leftin_0000134.jpg,0,4.044129673275165e-05
C:\Users\DELL-04-SMKKRIAN1\Documents\RipenAI\data\processed\test\apple_ripe\leftin_0000136.jpg,0,0.003729193238541484
C:\Users\DELL-04-SMKKRIAN1\Documents\RipenAI\data\processed\test\apple_ripe\leftin_0000137.jpg,0,2.6916781280306168e-05
C:\Users\DELL-04-SMKKRIAN1\Documents\RipenAI\data\processed\test\apple_ripe\leftin_0000138.jpg,0,0.011188022792339325
C:\Users\DELL-04-SMKKRIAN1\Documents\RipenAI\data\processed\test\apple_ripe\leftin_0000139.jpg,0,1.906608304125257e-05
C:\Users\DELL-04-SMKKRIAN1\Documents\RipenAI\data\processed\test\apple_ripe\leftin_0000140.jpg,0,4.2649870010791346e-05
C:\Users\DELL-04-SMKKRIAN1\Documents\RipenAI\data\processed\test\apple_ripe\leftin_0000141.jpg,0,0.00028539952472783625
C:\Users\DELL-04-SMKKRIAN1\Documents\RipenAI\data\processed\test\apple_ripe\leftin_0000142.jpg,0,0.0009177456959150732
C:\Users\DELL-04-SMKKRIAN1\Documents\RipenAI\data\processed\test\apple_ripe\leftin_0000143.jpg,0,2.1526536784222117e-06
C:\Users\DELL-04-SMKKRIAN1\Documents\RipenAI\data\processed\test\apple_ripe\leftin_0000145.jpg,0,0.0006870001670904458
C:\Users\DELL-04-SMKKRIAN1\Documents\RipenAI\data\processed\test\apple_ripe\leftin_0000148.jpg,0,0.0013578998623415828
C:\Users\DELL-04-SMKKRIAN1\Documents\RipenAI\data\processed\test\apple_ripe\leftin_0000149.jpg,0,0.00018019750132225454
C:\Users\DELL-04-SMKKRIAN1\Documents\RipenAI\data\processed\test\apple_ripe\leftin_0000150.jpg,0,0.07492095977067947
C:\Users\DELL-04-SMKKRIAN1\Documents\RipenAI\data\processed\test\apple_ripe\leftin_0000152.jpg,0,1.6785666957730427e-05
C:\Users\DELL-04-SMKKRIAN1\Documents\RipenAI\data\processed\test\apple_ripe\leftin_0000153.jpg,0,8.68964780238457e-05
C:\Users\DELL-04-SMKKRIAN1\Documents\RipenAI\data\processed\test\apple_ripe\leftin_0000155.jpg,0,0.00014082078996580094
C:\Users\DELL-04-SMKKRIAN1\Documents\RipenAI\data\processed\test\apple_ripe\leftin_0000156.jpg,0,0.004982163198292255
C:\Users\DELL-04-SMKKRIAN1\Documents\RipenAI\data\processed\test\apple_ripe\leftin_0000157.jpg,0,0.00019702830468304455
C:\Users\DELL-04-SMKKRIAN1\Documents\RipenAI\data\processed\test\apple_ripe\leftin_0000158.jpg,0,0.0034944682847708464
C:\Users\DELL-04-SMKKRIAN1\Documents\RipenAI\data\processed\test\apple_ripe\leftin_0000159.jpg,0,0.0006923502078279853
C:\Users\DELL-04-SMKKRIAN1\Documents\RipenAI\data\processed\test\apple_ripe\leftin_0000161.jpg,0,0.0017664749175310135
C:\Users\DELL-04-SMKKRIAN1\Documents\RipenAI\data\processed\test\apple_ripe\leftin_0000162.jpg,0,1.3258432773000095e-05
C:\Users\DELL-04-SMKKRIAN1\Documents\RipenAI\data\processed\test\apple_ripe\leftin_0000163.jpg,0,0.00010896306775975972
C:\Users\DELL-04-SMKKRIAN1\Documents\RipenAI\data\processed\test\apple_ripe\leftin_0000164.jpg,0,0.3936033546924591
C:\Users\DELL-04-SMKKRIAN1\Documents\RipenAI\data\processed\test\apple_ripe\leftin_0000165.jpg,0,0.00048652527038939297
C:\Users\DELL-04-SMKKRIAN1\Documents\RipenAI\data\processed\test\apple_ripe\leftin_0000167.jpg,0,0.0009247353300452232
C:\Users\DELL-04-SMKKRIAN1\Documents\RipenAI\data\processed\test\apple_ripe\leftin_0000171.jpg,0,0.000200237293029204
C:\Users\DELL-04-SMKKRIAN1\Documents\RipenAI\data\processed\test\apple_ripe\leftin_0000172.jpg,0,0.011568404734134674
C:\Users\DELL-04-SMKKRIAN1\Documents\RipenAI\data\processed\test\apple_ripe\leftin_0000173.jpg,0,0.0005101718124933541
C:\Users\DELL-04-SMKKRIAN1\Documents\RipenAI\data\processed\test\apple_ripe\leftin_0000174.jpg,0,8.876260108081624e-05
C:\Users\DELL-04-SMKKRIAN1\Documents\RipenAI\data\processed\test\apple_ripe\leftin_0000175.jpg,0,0.0011370735010132194
C:\Users\DELL-04-SMKKRIAN1\Documents\RipenAI\data\processed\test\apple_ripe\leftin_0000177.jpg,0,0.0002553818339947611
C:\Users\DELL-04-SMKKRIAN1\Documents\RipenAI\data\processed\test\apple_ripe\leftin_0000178.jpg,0,6.984474566706922e-06
C:\Users\DELL-04-SMKKRIAN1\Documents\RipenAI\data\processed\test\apple_ripe\leftin_0000179.jpg,0,0.06499652564525604
C:\Users\DELL-04-SMKKRIAN1\Documents\RipenAI\data\processed\test\apple_ripe\leftin_0000180.jpg,0,0.1081007570028305
C:\Users\DELL-04-SMKKRIAN1\Documents\RipenAI\data\processed\test\apple_ripe\leftin_0000181.jpg,0,0.00011924146383535117
C:\Users\DELL-04-SMKKRIAN1\Documents\RipenAI\data\processed\test\apple_ripe\leftin_0000182.jpg,0,0.004672721028327942
C:\Users\DELL-04-SMKKRIAN1\Documents\RipenAI\data\processed\test\apple_ripe\leftin_0000183.jpg,0,0.0012386493617668748
C:\Users\DELL-04-SMKKRIAN1\Documents\RipenAI\data\processed\test\apple_ripe\leftin_0000184.jpg,0,0.002661558100953698
C:\Users\DELL-04-SMKKRIAN1\Documents\RipenAI\data\processed\test\apple_ripe\leftin_0000185.jpg,0,0.030747903510928154
C:\Users\DELL-04-SMKKRIAN1\Documents\RipenAI\data\processed\test\apple_ripe\leftin_0000186.jpg,0,0.029783520847558975
C:\Users\DELL-04-SMKKRIAN1\Documents\RipenAI\data\processed\test\apple_ripe\leftin_0000188.jpg,0,0.010399148799479008
C:\Users\DELL-04-SMKKRIAN1\Documents\RipenAI\data\processed\test\apple_ripe\leftin_0000189.jpg,0,0.005693263839930296
C:\Users\DELL-04-SMKKRIAN1\Documents\RipenAI\data\processed\test\apple_ripe\leftin_0000191.jpg,0,0.0014234159607440233
C:\Users\DELL-04-SMKKRIAN1\Documents\RipenAI\data\processed\test\apple_ripe\leftin_0000192.jpg,0,0.0004619091341737658
C:\Users\DELL-04-SMKKRIAN1\Documents\RipenAI\data\processed\test\apple_ripe\leftin_0000193.jpg,0,0.05498107895255089
C:\Users\DELL-04-SMKKRIAN1\Documents\RipenAI\data\processed\test\apple_ripe\leftin_0000195.jpg,0,0.0005893298075534403
C:\Users\DELL-04-SMKKRIAN1\Documents\RipenAI\data\processed\test\apple_ripe\leftin_0000198.jpg,0,7.161918347264873e-06
C:\Users\DELL-04-SMKKRIAN1\Documents\RipenAI\data\processed\test\apple_ripe\leftin_0000203.jpg,0,0.04167097061872482
C:\Users\DELL-04-SMKKRIAN1\Documents\RipenAI\data\processed\test\apple_ripe\leftin_0000204.jpg,0,0.00574469892308116
C:\Users\DELL-04-SMKKRIAN1\Documents\RipenAI\data\processed\test\apple_ripe\leftin_0000205.jpg,0,2.0510483409452718e-06
C:\Users\DELL-04-SMKKRIAN1\Documents\RipenAI\data\processed\test\apple_ripe\leftin_0000206.jpg,0,0.11506526172161102
C:\Users\DELL-04-SMKKRIAN1\Documents\RipenAI\data\processed\test\apple_ripe\leftin_0000207.jpg,0,0.39636585116386414
C:\Users\DELL-04-SMKKRIAN1\Documents\RipenAI\data\processed\test\apple_ripe\leftin_0000209.jpg,0,0.031134668737649918
C:\Users\DELL-04-SMKKRIAN1\Documents\RipenAI\data\processed\test\apple_ripe\leftin_0000211.jpg,0,0.0008648814400658011
C:\Users\DELL-04-SMKKRIAN1\Documents\RipenAI\data\processed\test\apple_ripe\leftin_0000212.jpg,0,7.697488035773858e-05
C:\Users\DELL-04-SMKKRIAN1\Documents\RipenAI\data\processed\test\apple_ripe\leftin_0000213.jpg,0,0.016244782134890556
C:\Users\DELL-04-SMKKRIAN1\Documents\RipenAI\data\processed\test\apple_ripe\leftin_0000214.jpg,0,0.8309397101402283
C:\Users\DELL-04-SMKKRIAN1\Documents\RipenAI\data\processed\test\apple_ripe\leftin_0000215.jpg,0,1.208939738717163e-05
C:\Users\DELL-04-SMKKRIAN1\Documents\RipenAI\data\processed\test\apple_ripe\leftin_0000216.jpg,0,0.0002664420462679118
C:\Users\DELL-04-SMKKRIAN1\Documents\RipenAI\data\processed\test\apple_ripe\leftin_0000217.jpg,0,0.00033083645394071937
C:\Users\DELL-04-SMKKRIAN1\Documents\RipenAI\data\processed\test\apple_ripe\leftin_0000220.jpg,0,0.0004932028823532164
C:\Users\DELL-04-SMKKRIAN1\Documents\RipenAI\data\processed\test\apple_ripe\leftin_0000221.jpg,0,0.004689207766205072
C:\Users\DELL-04-SMKKRIAN1\Documents\RipenAI\data\processed\test\apple_ripe\leftin_0000222.jpg,0,0.00013125526311341673
C:\Users\DELL-04-SMKKRIAN1\Documents\RipenAI\data\processed\test\apple_ripe\leftin_0000223.jpg,0,0.0376240536570549
C:\Users\DELL-04-SMKKRIAN1\Documents\RipenAI\data\processed\test\apple_ripe\leftin_0000224.jpg,0,0.00015006258036009967
C:\Users\DELL-04-SMKKRIAN1\Documents\RipenAI\data\processed\test\apple_ripe\leftin_0000225.jpg,0,0.001163493492640555
C:\Users\DELL-04-SMKKRIAN1\Documents\RipenAI\data\processed\test\apple_ripe\leftin_0000227.jpg,0,0.0009408591431565583
C:\Users\DELL-04-SMKKRIAN1\Documents\RipenAI\data\processed\test\apple_ripe\leftin_0000228.jpg,0,0.00789706688374281
C:\Users\DELL-04-SMKKRIAN1\Documents\RipenAI\data\processed\test\apple_ripe\leftin_0000229.jpg,0,0.006410083267837763
C:\Users\DELL-04-SMKKRIAN1\Documents\RipenAI\data\processed\test\apple_ripe\leftin_0000230.jpg,0,4.693711889558472e-05
C:\Users\DELL-04-SMKKRIAN1\Documents\RipenAI\data\processed\test\apple_ripe\leftin_0000231.jpg,0,0.003084060037508607
C:\Users\DELL-04-SMKKRIAN1\Documents\RipenAI\data\processed\test\apple_ripe\leftin_0000233.jpg,0,0.00018346834986004978
C:\Users\DELL-04-SMKKRIAN1\Documents\RipenAI\data\processed\test\apple_ripe\leftin_0000234.jpg,0,0.0010660802945494652
C:\Users\DELL-04-SMKKRIAN1\Documents\RipenAI\data\processed\test\apple_ripe\leftin_0000235.jpg,0,0.0020983368158340454
C:\Users\DELL-04-SMKKRIAN1\Documents\RipenAI\data\processed\test\apple_ripe\leftin_0000237.jpg,0,7.796138379490003e-05
C:\Users\DELL-04-SMKKRIAN1\Documents\RipenAI\data\processed\test\apple_ripe\leftin_0000238.jpg,0,0.24050301313400269
C:\Users\DELL-04-SMKKRIAN1\Documents\RipenAI\data\processed\test\apple_ripe\leftin_0000240.jpg,0,0.0018050366779789329
C:\Users\DELL-04-SMKKRIAN1\Documents\RipenAI\data\processed\test\apple_ripe\leftin_0000241.jpg,0,0.000363470840966329
C:\Users\DELL-04-SMKKRIAN1\Documents\RipenAI\data\processed\test\apple_ripe\leftin_0000243.jpg,0,0.0010991895105689764
C:\Users\DELL-04-SMKKRIAN1\Documents\RipenAI\data\processed\test\apple_ripe\leftin_0000244.jpg,0,0.010997336357831955
C:\Users\DELL-04-SMKKRIAN1\Documents\RipenAI\data\processed\test\apple_ripe\leftin_0000245.jpg,0,0.005152449011802673
C:\Users\DELL-04-SMKKRIAN1\Documents\RipenAI\data\processed\test\apple_ripe\leftin_0000246.jpg,0,0.00011401164374547079
C:\Users\DELL-04-SMKKRIAN1\Documents\RipenAI\data\processed\test\apple_ripe\leftin_0000248.jpg,0,0.002994685899466276
C:\Users\DELL-04-SMKKRIAN1\Documents\RipenAI\data\processed\test\apple_ripe\leftin_0000249.jpg,0,0.0024171958211809397
C:\Users\DELL-04-SMKKRIAN1\Documents\RipenAI\data\processed\test\apple_ripe\leftin_0000252.jpg,0,0.0005556870019063354
C:\Users\DELL-04-SMKKRIAN1\Documents\RipenAI\data\processed\test\apple_ripe\leftin_0000253.jpg,0,0.0013518930645659566
C:\Users\DELL-04-SMKKRIAN1\Documents\RipenAI\data\processed\test\apple_ripe\leftin_0000254.jpg,0,0.0006741972756572068
C:\Users\DELL-04-SMKKRIAN1\Documents\RipenAI\data\processed\test\apple_ripe\leftin_0000255.jpg,0,9.832092473516241e-08
C:\Users\DELL-04-SMKKRIAN1\Documents\RipenAI\data\processed\test\apple_ripe\leftin_0000257.jpg,0,0.0006487902137450874
C:\Users\DELL-04-SMKKRIAN1\Documents\RipenAI\data\processed\test\apple_ripe\leftin_0000261.jpg,0,1.7524438590044156e-05
C:\Users\DELL-04-SMKKRIAN1\Documents\RipenAI\data\processed\test\apple_ripe\leftin_0000263.jpg,0,0.00010968896822305396
C:\Users\DELL-04-SMKKRIAN1\Documents\RipenAI\data\processed\test\apple_ripe\leftin_0000264.jpg,0,0.00014743951032869518
C:\Users\DELL-04-SMKKRIAN1\Documents\RipenAI\data\processed\test\apple_ripe\leftin_0000265.jpg,0,6.3021456298884e-05
C:\Users\DELL-04-SMKKRIAN1\Documents\RipenAI\data\processed\test\apple_ripe\leftin_0000266.jpg,0,0.0006181961507536471
C:\Users\DELL-04-SMKKRIAN1\Documents\RipenAI\data\processed\test\apple_ripe\leftin_0000267.jpg,0,0.0022468240931630135
C:\Users\DELL-04-SMKKRIAN1\Documents\RipenAI\data\processed\test\apple_ripe\leftin_0000269.jpg,0,0.0016978734638541937
C:\Users\DELL-04-SMKKRIAN1\Documents\RipenAI\data\processed\test\apple_ripe\leftin_0000270.jpg,0,0.004850102588534355
C:\Users\DELL-04-SMKKRIAN1\Documents\RipenAI\data\processed\test\apple_ripe\leftin_0000271.jpg,0,0.00010098770871991292
C:\Users\DELL-04-SMKKRIAN1\Documents\RipenAI\data\processed\test\apple_ripe\leftin_0000272.jpg,0,0.00011792044824687764
C:\Users\DELL-04-SMKKRIAN1\Documents\RipenAI\data\processed\test\apple_ripe\leftin_0000273.jpg,0,2.804001951517421e-06
C:\Users\DELL-04-SMKKRIAN1\Documents\RipenAI\data\processed\test\apple_ripe\leftin_0000274.jpg,0,0.005172582808881998
C:\Users\DELL-04-SMKKRIAN1\Documents\RipenAI\data\processed\test\apple_ripe\leftin_0000276.jpg,0,0.0006510382518172264
C:\Users\DELL-04-SMKKRIAN1\Documents\RipenAI\data\processed\test\apple_ripe\leftin_0000277.jpg,0,0.000533181824721396
C:\Users\DELL-04-SMKKRIAN1\Documents\RipenAI\data\processed\test\apple_ripe\leftin_0000279.jpg,0,0.034843891859054565
C:\Users\DELL-04-SMKKRIAN1\Documents\RipenAI\data\processed\test\apple_ripe\leftin_0000282.jpg,0,0.00030614063143730164
C:\Users\DELL-04-SMKKRIAN1\Documents\RipenAI\data\processed\test\apple_ripe\leftin_0000283.jpg,0,0.0028329931665211916
C:\Users\DELL-04-SMKKRIAN1\Documents\RipenAI\data\processed\test\apple_ripe\leftin_0000284.jpg,0,0.00017005178960971534
C:\Users\DELL-04-SMKKRIAN1\Documents\RipenAI\data\processed\test\apple_ripe\leftin_0000285.jpg,0,0.00031289190519601107
C:\Users\DELL-04-SMKKRIAN1\Documents\RipenAI\data\processed\test\apple_ripe\leftin_0000287.jpg,0,0.013837354257702827
C:\Users\DELL-04-SMKKRIAN1\Documents\RipenAI\data\processed\test\apple_ripe\leftin_0000288.jpg,0,0.0001554779300931841
C:\Users\DELL-04-SMKKRIAN1\Documents\RipenAI\data\processed\test\apple_ripe\leftin_0000291.jpg,0,5.219589002081193e-05
C:\Users\DELL-04-SMKKRIAN1\Documents\RipenAI\data\processed\test\apple_ripe\leftin_0000293.jpg,0,0.004050563555210829
C:\Users\DELL-04-SMKKRIAN1\Documents\RipenAI\data\processed\test\apple_ripe\leftin_0000295.jpg,0,6.477893475675955e-05
C:\Users\DELL-04-SMKKRIAN1\Documents\RipenAI\data\processed\test\apple_ripe\leftin_0000296.jpg,0,1.0378723345638718e-05
C:\Users\DELL-04-SMKKRIAN1\Documents\RipenAI\data\processed\test\apple_ripe\leftin_0000298.jpg,0,1.00071167707938e-06
C:\Users\DELL-04-SMKKRIAN1\Documents\RipenAI\data\processed\test\apple_ripe\leftin_0000299.jpg,0,6.461703014792874e-05
C:\Users\DELL-04-SMKKRIAN1\Documents\RipenAI\data\processed\test\apple_ripe\leftin_0000300.jpg,0,0.00056214485084638
C:\Users\DELL-04-SMKKRIAN1\Documents\RipenAI\data\processed\test\apple_ripe\leftin_0000301.jpg,0,0.010396474041044712
C:\Users\DELL-04-SMKKRIAN1\Documents\RipenAI\data\processed\test\apple_rotten\alexcj10-ripenet_0000302.jpg,1,0.9512190818786621
C:\Users\DELL-04-SMKKRIAN1\Documents\RipenAI\data\processed\test\apple_rotten\alexcj10-ripenet_0000304.jpg,1,0.6943357586860657
C:\Users\DELL-04-SMKKRIAN1\Documents\RipenAI\data\processed\test\apple_rotten\alexcj10-ripenet_0000305.jpg,1,0.9974072575569153
C:\Users\DELL-04-SMKKRIAN1\Documents\RipenAI\data\processed\test\apple_rotten\alexcj10-ripenet_0000315.jpg,1,0.9755343198776245
C:\Users\DELL-04-SMKKRIAN1\Documents\RipenAI\data\processed\test\apple_rotten\alexcj10-ripenet_0000316.jpg,1,0.999967098236084
C:\Users\DELL-04-SMKKRIAN1\Documents\RipenAI\data\processed\test\apple_rotten\alexcj10-ripenet_0000337.jpg,1,0.9981608986854553
C:\Users\DELL-04-SMKKRIAN1\Documents\RipenAI\data\processed\test\apple_rotten\alexcj10-ripenet_0000345.jpg,1,0.9089567065238953
C:\Users\DELL-04-SMKKRIAN1\Documents\RipenAI\data\processed\test\apple_rotten\alexcj10-ripenet_0000352.jpg,1,0.7870610356330872
C:\Users\DELL-04-SMKKRIAN1\Documents\RipenAI\data\processed\test\apple_rotten\alexcj10-ripenet_0000358.jpg,1,0.6810615062713623
C:\Users\DELL-04-SMKKRIAN1\Documents\RipenAI\data\processed\test\apple_rotten\alexcj10-ripenet_0000363.jpg,1,0.682773768901825
C:\Users\DELL-04-SMKKRIAN1\Documents\RipenAI\data\processed\test\apple_rotten\alexcj10-ripenet_0000371.jpg,1,0.7720357179641724
C:\Users\DELL-04-SMKKRIAN1\Documents\RipenAI\data\processed\test\apple_rotten\alexcj10-ripenet_0000375.jpg,1,0.6981641054153442
C:\Users\DELL-04-SMKKRIAN1\Documents\RipenAI\data\processed\test\apple_rotten\alexcj10-ripenet_0000377.jpg,1,0.9927701354026794
C:\Users\DELL-04-SMKKRIAN1\Documents\RipenAI\data\processed\test\apple_rotten\alexcj10-ripenet_0000395.jpg,1,0.9906731247901917
C:\Users\DELL-04-SMKKRIAN1\Documents\RipenAI\data\processed\test\apple_rotten\alexcj10-ripenet_0000398.jpg,1,0.9691463112831116
C:\Users\DELL-04-SMKKRIAN1\Documents\RipenAI\data\processed\test\apple_rotten\alexcj10-ripenet_0000400.jpg,1,0.340363085269928
C:\Users\DELL-04-SMKKRIAN1\Documents\RipenAI\data\processed\test\apple_rotten\alexcj10-ripenet_0000410.jpg,1,0.9445281624794006
C:\Users\DELL-04-SMKKRIAN1\Documents\RipenAI\data\processed\test\apple_rotten\alexcj10-ripenet_0000414.jpg,1,0.8761040568351746
C:\Users\DELL-04-SMKKRIAN1\Documents\RipenAI\data\processed\test\apple_rotten\alexcj10-ripenet_0000416.jpg,1,0.49615588784217834
C:\Users\DELL-04-SMKKRIAN1\Documents\RipenAI\data\processed\test\apple_rotten\alexcj10-ripenet_0000418.jpg,1,0.9991087317466736
C:\Users\DELL-04-SMKKRIAN1\Documents\RipenAI\data\processed\test\apple_rotten\alexcj10-ripenet_0000424.jpg,1,0.6627945303916931
C:\Users\DELL-04-SMKKRIAN1\Documents\RipenAI\data\processed\test\apple_rotten\alexcj10-ripenet_0000438.jpg,1,0.09469985961914062
C:\Users\DELL-04-SMKKRIAN1\Documents\RipenAI\data\processed\test\apple_rotten\alexcj10-ripenet_0000449.jpg,1,0.9840664863586426
C:\Users\DELL-04-SMKKRIAN1\Documents\RipenAI\data\processed\test\apple_rotten\alexcj10-ripenet_0000456.jpg,1,0.8946008682250977
C:\Users\DELL-04-SMKKRIAN1\Documents\RipenAI\data\processed\test\apple_rotten\alexcj10-ripenet_0000457.jpg,1,0.1731579601764679
C:\Users\DELL-04-SMKKRIAN1\Documents\RipenAI\data\processed\test\apple_rotten\alexcj10-ripenet_0000459.jpg,1,0.9734917879104614
C:\Users\DELL-04-SMKKRIAN1\Documents\RipenAI\data\processed\test\apple_rotten\alexcj10-ripenet_0000473.jpg,1,0.5471663475036621
C:\Users\DELL-04-SMKKRIAN1\Documents\RipenAI\data\processed\test\apple_rotten\alexcj10-ripenet_0000477.jpg,1,0.9977389574050903
C:\Users\DELL-04-SMKKRIAN1\Documents\RipenAI\data\processed\test\apple_rotten\alexcj10-ripenet_0000481.jpg,1,0.7714104652404785
C:\Users\DELL-04-SMKKRIAN1\Documents\RipenAI\data\processed\test\apple_rotten\alexcj10-ripenet_0000490.jpg,1,0.9333407282829285
C:\Users\DELL-04-SMKKRIAN1\Documents\RipenAI\data\processed\test\apple_rotten\alexcj10-ripenet_0000491.jpg,1,0.9260995388031006
C:\Users\DELL-04-SMKKRIAN1\Documents\RipenAI\data\processed\test\apple_rotten\alexcj10-ripenet_0000495.jpg,1,0.36278724670410156
C:\Users\DELL-04-SMKKRIAN1\Documents\RipenAI\data\processed\test\apple_rotten\alexcj10-ripenet_0000498.jpg,1,0.7891929149627686
C:\Users\DELL-04-SMKKRIAN1\Documents\RipenAI\data\processed\test\apple_rotten\alexcj10-ripenet_0000508.jpg,1,0.7894034385681152
C:\Users\DELL-04-SMKKRIAN1\Documents\RipenAI\data\processed\test\apple_rotten\alexcj10-ripenet_0000509.jpg,1,0.9823686480522156
C:\Users\DELL-04-SMKKRIAN1\Documents\RipenAI\data\processed\test\apple_rotten\alexcj10-ripenet_0000512.jpg,1,0.9915177226066589
C:\Users\DELL-04-SMKKRIAN1\Documents\RipenAI\data\processed\test\apple_rotten\alexcj10-ripenet_0000513.jpg,1,0.9730256795883179
C:\Users\DELL-04-SMKKRIAN1\Documents\RipenAI\data\processed\test\apple_rotten\alexcj10-ripenet_0000518.jpg,1,0.9900505542755127
C:\Users\DELL-04-SMKKRIAN1\Documents\RipenAI\data\processed\test\apple_rotten\alexcj10-ripenet_0000521.jpg,1,0.9941954016685486
C:\Users\DELL-04-SMKKRIAN1\Documents\RipenAI\data\processed\test\apple_rotten\alexcj10-ripenet_0000531.jpg,1,0.03639831021428108
C:\Users\DELL-04-SMKKRIAN1\Documents\RipenAI\data\processed\test\apple_rotten\alexcj10-ripenet_0000532.jpg,1,0.7187578082084656
C:\Users\DELL-04-SMKKRIAN1\Documents\RipenAI\data\processed\test\apple_rotten\alexcj10-ripenet_0000537.jpg,1,0.8885725140571594
C:\Users\DELL-04-SMKKRIAN1\Documents\RipenAI\data\processed\test\apple_rotten\alexcj10-ripenet_0000542.jpg,1,0.9983421564102173
C:\Users\DELL-04-SMKKRIAN1\Documents\RipenAI\data\processed\test\apple_rotten\alexcj10-ripenet_0000557.jpg,1,0.906618595123291
C:\Users\DELL-04-SMKKRIAN1\Documents\RipenAI\data\processed\test\apple_rotten\alexcj10-ripenet_0000558.jpg,1,0.9906944036483765
C:\Users\DELL-04-SMKKRIAN1\Documents\RipenAI\data\processed\test\apple_rotten\alexcj10-ripenet_0000563.jpg,1,0.675148606300354
C:\Users\DELL-04-SMKKRIAN1\Documents\RipenAI\data\processed\test\apple_rotten\alexcj10-ripenet_0000564.jpg,1,0.9956692457199097
C:\Users\DELL-04-SMKKRIAN1\Documents\RipenAI\data\processed\test\apple_rotten\alexcj10-ripenet_0000578.jpg,1,0.9252607226371765
C:\Users\DELL-04-SMKKRIAN1\Documents\RipenAI\data\processed\test\apple_rotten\alexcj10-ripenet_0000583.jpg,1,0.9807718992233276
C:\Users\DELL-04-SMKKRIAN1\Documents\RipenAI\data\processed\test\apple_rotten\alexcj10-ripenet_0000597.jpg,1,0.9252339601516724
C:\Users\DELL-04-SMKKRIAN1\Documents\RipenAI\data\processed\test\apple_rotten\alexcj10-ripenet_0000605.jpg,1,0.8394235372543335
C:\Users\DELL-04-SMKKRIAN1\Documents\RipenAI\data\processed\test\apple_rotten\alexcj10-ripenet_0000607.jpg,1,0.8433723449707031
C:\Users\DELL-04-SMKKRIAN1\Documents\RipenAI\data\processed\test\apple_rotten\alexcj10-ripenet_0000614.jpg,1,0.9828348159790039
C:\Users\DELL-04-SMKKRIAN1\Documents\RipenAI\data\processed\test\apple_rotten\alexcj10-ripenet_0000634.jpg,1,0.9105427265167236
C:\Users\DELL-04-SMKKRIAN1\Documents\RipenAI\data\processed\test\apple_rotten\alexcj10-ripenet_0000644.jpg,1,0.966401219367981
C:\Users\DELL-04-SMKKRIAN1\Documents\RipenAI\data\processed\test\apple_rotten\alexcj10-ripenet_0000647.jpg,1,0.7457112669944763
C:\Users\DELL-04-SMKKRIAN1\Documents\RipenAI\data\processed\test\apple_rotten\leftin_0000303.jpg,1,0.9834291934967041
C:\Users\DELL-04-SMKKRIAN1\Documents\RipenAI\data\processed\test\apple_rotten\leftin_0000306.jpg,1,0.8332607746124268
C:\Users\DELL-04-SMKKRIAN1\Documents\RipenAI\data\processed\test\apple_rotten\leftin_0000307.jpg,1,0.9999443292617798
C:\Users\DELL-04-SMKKRIAN1\Documents\RipenAI\data\processed\test\apple_rotten\leftin_0000308.jpg,1,0.9887928366661072
C:\Users\DELL-04-SMKKRIAN1\Documents\RipenAI\data\processed\test\apple_rotten\leftin_0000309.jpg,1,0.9999047517776489
C:\Users\DELL-04-SMKKRIAN1\Documents\RipenAI\data\processed\test\apple_rotten\leftin_0000310.jpg,1,0.7790777683258057
C:\Users\DELL-04-SMKKRIAN1\Documents\RipenAI\data\processed\test\apple_rotten\leftin_0000311.jpg,1,0.9999815225601196
C:\Users\DELL-04-SMKKRIAN1\Documents\RipenAI\data\processed\test\apple_rotten\leftin_0000312.jpg,1,0.9600743055343628
C:\Users\DELL-04-SMKKRIAN1\Documents\RipenAI\data\processed\test\apple_rotten\leftin_0000313.jpg,1,0.9999535083770752
C:\Users\DELL-04-SMKKRIAN1\Documents\RipenAI\data\processed\test\apple_rotten\leftin_0000314.jpg,1,0.9892809987068176
C:\Users\DELL-04-SMKKRIAN1\Documents\RipenAI\data\processed\test\apple_rotten\leftin_0000317.jpg,1,0.8530815839767456
C:\Users\DELL-04-SMKKRIAN1\Documents\RipenAI\data\processed\test\apple_rotten\leftin_0000318.jpg,1,0.9804444313049316
C:\Users\DELL-04-SMKKRIAN1\Documents\RipenAI\data\processed\test\apple_rotten\leftin_0000319.jpg,1,0.9965872764587402
C:\Users\DELL-04-SMKKRIAN1\Documents\RipenAI\data\processed\test\apple_rotten\leftin_0000320.jpg,1,0.9999356269836426
C:\Users\DELL-04-SMKKRIAN1\Documents\RipenAI\data\processed\test\apple_rotten\leftin_0000321.jpg,1,0.9991355538368225
C:\Users\DELL-04-SMKKRIAN1\Documents\RipenAI\data\processed\test\apple_rotten\leftin_0000322.jpg,1,0.9952000379562378
C:\Users\DELL-04-SMKKRIAN1\Documents\RipenAI\data\processed\test\apple_rotten\leftin_0000323.jpg,1,0.9900556802749634
C:\Users\DELL-04-SMKKRIAN1\Documents\RipenAI\data\processed\test\apple_rotten\leftin_0000324.jpg,1,0.9997758269309998
C:\Users\DELL-04-SMKKRIAN1\Documents\RipenAI\data\processed\test\apple_rotten\leftin_0000325.jpg,1,0.9981512427330017
C:\Users\DELL-04-SMKKRIAN1\Documents\RipenAI\data\processed\test\apple_rotten\leftin_0000326.jpg,1,0.9986409544944763
C:\Users\DELL-04-SMKKRIAN1\Documents\RipenAI\data\processed\test\apple_rotten\leftin_0000327.jpg,1,0.9999823570251465
C:\Users\DELL-04-SMKKRIAN1\Documents\RipenAI\data\processed\test\apple_rotten\leftin_0000328.jpg,1,0.9983672499656677
C:\Users\DELL-04-SMKKRIAN1\Documents\RipenAI\data\processed\test\apple_rotten\leftin_0000329.jpg,1,0.9989765882492065
C:\Users\DELL-04-SMKKRIAN1\Documents\RipenAI\data\processed\test\apple_rotten\leftin_0000330.jpg,1,0.9990298748016357
C:\Users\DELL-04-SMKKRIAN1\Documents\RipenAI\data\processed\test\apple_rotten\leftin_0000331.jpg,1,0.9999865293502808
C:\Users\DELL-04-SMKKRIAN1\Documents\RipenAI\data\processed\test\apple_rotten\leftin_0000332.jpg,1,0.29670509696006775
C:\Users\DELL-04-SMKKRIAN1\Documents\RipenAI\data\processed\test\apple_rotten\leftin_0000333.jpg,1,0.9957258701324463
C:\Users\DELL-04-SMKKRIAN1\Documents\RipenAI\data\processed\test\apple_rotten\leftin_0000334.jpg,1,0.921798825263977
C:\Users\DELL-04-SMKKRIAN1\Documents\RipenAI\data\processed\test\apple_rotten\leftin_0000335.jpg,1,0.9999972581863403
C:\Users\DELL-04-SMKKRIAN1\Documents\RipenAI\data\processed\test\apple_rotten\leftin_0000336.jpg,1,0.9989884495735168
C:\Users\DELL-04-SMKKRIAN1\Documents\RipenAI\data\processed\test\apple_rotten\leftin_0000338.jpg,1,0.968818724155426
C:\Users\DELL-04-SMKKRIAN1\Documents\RipenAI\data\processed\test\apple_rotten\leftin_0000339.jpg,1,0.9942142367362976
C:\Users\DELL-04-SMKKRIAN1\Documents\RipenAI\data\processed\test\apple_rotten\leftin_0000340.jpg,1,0.9976485371589661
C:\Users\DELL-04-SMKKRIAN1\Documents\RipenAI\data\processed\test\apple_rotten\leftin_0000341.jpg,1,0.9999995231628418
C:\Users\DELL-04-SMKKRIAN1\Documents\RipenAI\data\processed\test\apple_rotten\leftin_0000342.jpg,1,0.9999914169311523
C:\Users\DELL-04-SMKKRIAN1\Documents\RipenAI\data\processed\test\apple_rotten\leftin_0000343.jpg,1,0.9999932050704956
C:\Users\DELL-04-SMKKRIAN1\Documents\RipenAI\data\processed\test\apple_rotten\leftin_0000344.jpg,1,0.9989418387413025
C:\Users\DELL-04-SMKKRIAN1\Documents\RipenAI\data\processed\test\apple_rotten\leftin_0000346.jpg,1,0.9965697526931763
C:\Users\DELL-04-SMKKRIAN1\Documents\RipenAI\data\processed\test\apple_rotten\leftin_0000347.jpg,1,0.9998788833618164
C:\Users\DELL-04-SMKKRIAN1\Documents\RipenAI\data\processed\test\apple_rotten\leftin_0000348.jpg,1,0.9981264472007751
C:\Users\DELL-04-SMKKRIAN1\Documents\RipenAI\data\processed\test\apple_rotten\leftin_0000349.jpg,1,0.9997949004173279
C:\Users\DELL-04-SMKKRIAN1\Documents\RipenAI\data\processed\test\apple_rotten\leftin_0000350.jpg,1,0.9946452379226685
C:\Users\DELL-04-SMKKRIAN1\Documents\RipenAI\data\processed\test\apple_rotten\leftin_0000351.jpg,1,0.9988228678703308
C:\Users\DELL-04-SMKKRIAN1\Documents\RipenAI\data\processed\test\apple_rotten\leftin_0000353.jpg,1,0.9911242723464966
C:\Users\DELL-04-SMKKRIAN1\Documents\RipenAI\data\processed\test\apple_rotten\leftin_0000354.jpg,1,0.9983676075935364
C:\Users\DELL-04-SMKKRIAN1\Documents\RipenAI\data\processed\test\apple_rotten\leftin_0000355.jpg,1,0.9999892711639404
C:\Users\DELL-04-SMKKRIAN1\Documents\RipenAI\data\processed\test\apple_rotten\leftin_0000356.jpg,1,0.9998825788497925
C:\Users\DELL-04-SMKKRIAN1\Documents\RipenAI\data\processed\test\apple_rotten\leftin_0000357.jpg,1,0.999901294708252
C:\Users\DELL-04-SMKKRIAN1\Documents\RipenAI\data\processed\test\apple_rotten\leftin_0000359.jpg,1,0.9940308928489685
C:\Users\DELL-04-SMKKRIAN1\Documents\RipenAI\data\processed\test\apple_rotten\leftin_0000360.jpg,1,0.9906743168830872
C:\Users\DELL-04-SMKKRIAN1\Documents\RipenAI\data\processed\test\apple_rotten\leftin_0000361.jpg,1,0.9888999462127686
C:\Users\DELL-04-SMKKRIAN1\Documents\RipenAI\data\processed\test\apple_rotten\leftin_0000362.jpg,1,0.9830008745193481
C:\Users\DELL-04-SMKKRIAN1\Documents\RipenAI\data\processed\test\apple_rotten\leftin_0000364.jpg,1,0.9970235228538513
C:\Users\DELL-04-SMKKRIAN1\Documents\RipenAI\data\processed\test\apple_rotten\leftin_0000365.jpg,1,0.9975093603134155
C:\Users\DELL-04-SMKKRIAN1\Documents\RipenAI\data\processed\test\apple_rotten\leftin_0000366.jpg,1,0.9999120235443115
C:\Users\DELL-04-SMKKRIAN1\Documents\RipenAI\data\processed\test\apple_rotten\leftin_0000367.jpg,1,0.9997976422309875
C:\Users\DELL-04-SMKKRIAN1\Documents\RipenAI\data\processed\test\apple_rotten\leftin_0000368.jpg,1,0.9961571097373962
C:\Users\DELL-04-SMKKRIAN1\Documents\RipenAI\data\processed\test\apple_rotten\leftin_0000369.jpg,1,0.999729335308075
C:\Users\DELL-04-SMKKRIAN1\Documents\RipenAI\data\processed\test\apple_rotten\leftin_0000370.jpg,1,0.9985201954841614
C:\Users\DELL-04-SMKKRIAN1\Documents\RipenAI\data\processed\test\apple_rotten\leftin_0000372.jpg,1,0.9998944997787476
C:\Users\DELL-04-SMKKRIAN1\Documents\RipenAI\data\processed\test\apple_rotten\leftin_0000373.jpg,1,0.999843955039978
C:\Users\DELL-04-SMKKRIAN1\Documents\RipenAI\data\processed\test\apple_rotten\leftin_0000374.jpg,1,0.9924361109733582
C:\Users\DELL-04-SMKKRIAN1\Documents\RipenAI\data\processed\test\apple_rotten\leftin_0000376.jpg,1,0.9993281364440918
C:\Users\DELL-04-SMKKRIAN1\Documents\RipenAI\data\processed\test\apple_rotten\leftin_0000378.jpg,1,0.9987711310386658
C:\Users\DELL-04-SMKKRIAN1\Documents\RipenAI\data\processed\test\apple_rotten\leftin_0000379.jpg,1,0.9597912430763245
C:\Users\DELL-04-SMKKRIAN1\Documents\RipenAI\data\processed\test\apple_rotten\leftin_0000380.jpg,1,0.995019793510437
C:\Users\DELL-04-SMKKRIAN1\Documents\RipenAI\data\processed\test\apple_rotten\leftin_0000381.jpg,1,0.9999916553497314
C:\Users\DELL-04-SMKKRIAN1\Documents\RipenAI\data\processed\test\apple_rotten\leftin_0000382.jpg,1,0.9339786767959595
C:\Users\DELL-04-SMKKRIAN1\Documents\RipenAI\data\processed\test\apple_rotten\leftin_0000383.jpg,1,0.9986287355422974
C:\Users\DELL-04-SMKKRIAN1\Documents\RipenAI\data\processed\test\apple_rotten\leftin_0000384.jpg,1,0.9991734623908997
C:\Users\DELL-04-SMKKRIAN1\Documents\RipenAI\data\processed\test\apple_rotten\leftin_0000385.jpg,1,0.8458067178726196
C:\Users\DELL-04-SMKKRIAN1\Documents\RipenAI\data\processed\test\apple_rotten\leftin_0000386.jpg,1,0.9999474287033081
C:\Users\DELL-04-SMKKRIAN1\Documents\RipenAI\data\processed\test\apple_rotten\leftin_0000387.jpg,1,0.9999456405639648
C:\Users\DELL-04-SMKKRIAN1\Documents\RipenAI\data\processed\test\apple_rotten\leftin_0000388.jpg,1,0.9997884631156921
C:\Users\DELL-04-SMKKRIAN1\Documents\RipenAI\data\processed\test\apple_rotten\leftin_0000389.jpg,1,0.9996800422668457
C:\Users\DELL-04-SMKKRIAN1\Documents\RipenAI\data\processed\test\apple_rotten\leftin_0000390.jpg,1,0.9998811483383179
C:\Users\DELL-04-SMKKRIAN1\Documents\RipenAI\data\processed\test\apple_rotten\leftin_0000391.jpg,1,0.9985731840133667
C:\Users\DELL-04-SMKKRIAN1\Documents\RipenAI\data\processed\test\apple_rotten\leftin_0000392.jpg,1,0.9999657869338989
C:\Users\DELL-04-SMKKRIAN1\Documents\RipenAI\data\processed\test\apple_rotten\leftin_0000393.jpg,1,0.9510643482208252
C:\Users\DELL-04-SMKKRIAN1\Documents\RipenAI\data\processed\test\apple_rotten\leftin_0000394.jpg,1,0.9995342493057251
C:\Users\DELL-04-SMKKRIAN1\Documents\RipenAI\data\processed\test\apple_rotten\leftin_0000396.jpg,1,0.9998490810394287
C:\Users\DELL-04-SMKKRIAN1\Documents\RipenAI\data\processed\test\apple_rotten\leftin_0000397.jpg,1,0.9865076541900635
C:\Users\DELL-04-SMKKRIAN1\Documents\RipenAI\data\processed\test\apple_rotten\leftin_0000399.jpg,1,0.9995576739311218
C:\Users\DELL-04-SMKKRIAN1\Documents\RipenAI\data\processed\test\apple_rotten\leftin_0000401.jpg,1,0.9999994039535522
C:\Users\DELL-04-SMKKRIAN1\Documents\RipenAI\data\processed\test\apple_rotten\leftin_0000402.jpg,1,0.9958464503288269
C:\Users\DELL-04-SMKKRIAN1\Documents\RipenAI\data\processed\test\apple_rotten\leftin_0000403.jpg,1,0.996300458908081
C:\Users\DELL-04-SMKKRIAN1\Documents\RipenAI\data\processed\test\apple_rotten\leftin_0000404.jpg,1,0.9821165204048157
C:\Users\DELL-04-SMKKRIAN1\Documents\RipenAI\data\processed\test\apple_rotten\leftin_0000405.jpg,1,0.9993607401847839
C:\Users\DELL-04-SMKKRIAN1\Documents\RipenAI\data\processed\test\apple_rotten\leftin_0000406.jpg,1,0.9343050122261047
C:\Users\DELL-04-SMKKRIAN1\Documents\RipenAI\data\processed\test\apple_rotten\leftin_0000407.jpg,1,0.9997768998146057
C:\Users\DELL-04-SMKKRIAN1\Documents\RipenAI\data\processed\test\apple_rotten\leftin_0000408.jpg,1,0.999985933303833
C:\Users\DELL-04-SMKKRIAN1\Documents\RipenAI\data\processed\test\apple_rotten\leftin_0000409.jpg,1,0.9991920590400696
C:\Users\DELL-04-SMKKRIAN1\Documents\RipenAI\data\processed\test\apple_rotten\leftin_0000411.jpg,1,0.9999970197677612
C:\Users\DELL-04-SMKKRIAN1\Documents\RipenAI\data\processed\test\apple_rotten\leftin_0000412.jpg,1,0.9997346997261047
C:\Users\DELL-04-SMKKRIAN1\Documents\RipenAI\data\processed\test\apple_rotten\leftin_0000413.jpg,1,0.9988853335380554
C:\Users\DELL-04-SMKKRIAN1\Documents\RipenAI\data\processed\test\apple_rotten\leftin_0000415.jpg,1,0.9999085664749146
C:\Users\DELL-04-SMKKRIAN1\Documents\RipenAI\data\processed\test\apple_rotten\leftin_0000417.jpg,1,0.9998700618743896
C:\Users\DELL-04-SMKKRIAN1\Documents\RipenAI\data\processed\test\apple_rotten\leftin_0000419.jpg,1,0.9999971389770508
C:\Users\DELL-04-SMKKRIAN1\Documents\RipenAI\data\processed\test\apple_rotten\leftin_0000420.jpg,1,0.9385164976119995
C:\Users\DELL-04-SMKKRIAN1\Documents\RipenAI\data\processed\test\apple_rotten\leftin_0000421.jpg,1,0.9944435954093933
C:\Users\DELL-04-SMKKRIAN1\Documents\RipenAI\data\processed\test\apple_rotten\leftin_0000422.jpg,1,0.9986525177955627
C:\Users\DELL-04-SMKKRIAN1\Documents\RipenAI\data\processed\test\apple_rotten\leftin_0000423.jpg,1,0.9961013793945312
C:\Users\DELL-04-SMKKRIAN1\Documents\RipenAI\data\processed\test\apple_rotten\leftin_0000425.jpg,1,0.9896568059921265
C:\Users\DELL-04-SMKKRIAN1\Documents\RipenAI\data\processed\test\apple_rotten\leftin_0000426.jpg,1,0.9939145445823669
C:\Users\DELL-04-SMKKRIAN1\Documents\RipenAI\data\processed\test\apple_rotten\leftin_0000427.jpg,1,0.9999793767929077
C:\Users\DELL-04-SMKKRIAN1\Documents\RipenAI\data\processed\test\apple_rotten\leftin_0000428.jpg,1,0.9999986886978149
C:\Users\DELL-04-SMKKRIAN1\Documents\RipenAI\data\processed\test\apple_rotten\leftin_0000429.jpg,1,0.619873046875
C:\Users\DELL-04-SMKKRIAN1\Documents\RipenAI\data\processed\test\apple_rotten\leftin_0000430.jpg,1,0.9986428618431091
C:\Users\DELL-04-SMKKRIAN1\Documents\RipenAI\data\processed\test\apple_rotten\leftin_0000431.jpg,1,0.9999997615814209
C:\Users\DELL-04-SMKKRIAN1\Documents\RipenAI\data\processed\test\apple_rotten\leftin_0000432.jpg,1,0.9996490478515625
C:\Users\DELL-04-SMKKRIAN1\Documents\RipenAI\data\processed\test\apple_rotten\leftin_0000433.jpg,1,0.9997087121009827
C:\Users\DELL-04-SMKKRIAN1\Documents\RipenAI\data\processed\test\apple_rotten\leftin_0000434.jpg,1,0.9998210072517395
C:\Users\DELL-04-SMKKRIAN1\Documents\RipenAI\data\processed\test\apple_rotten\leftin_0000435.jpg,1,0.9994619488716125
C:\Users\DELL-04-SMKKRIAN1\Documents\RipenAI\data\processed\test\apple_rotten\leftin_0000436.jpg,1,0.999387264251709
C:\Users\DELL-04-SMKKRIAN1\Documents\RipenAI\data\processed\test\apple_rotten\leftin_0000437.jpg,1,0.9714379906654358
C:\Users\DELL-04-SMKKRIAN1\Documents\RipenAI\data\processed\test\apple_rotten\leftin_0000439.jpg,1,0.9999886751174927
C:\Users\DELL-04-SMKKRIAN1\Documents\RipenAI\data\processed\test\apple_rotten\leftin_0000440.jpg,1,0.9974028468132019
C:\Users\DELL-04-SMKKRIAN1\Documents\RipenAI\data\processed\test\apple_rotten\leftin_0000441.jpg,1,0.9973239898681641
C:\Users\DELL-04-SMKKRIAN1\Documents\RipenAI\data\processed\test\apple_rotten\leftin_0000442.jpg,1,0.9994520545005798
C:\Users\DELL-04-SMKKRIAN1\Documents\RipenAI\data\processed\test\apple_rotten\leftin_0000443.jpg,1,0.9780857563018799
C:\Users\DELL-04-SMKKRIAN1\Documents\RipenAI\data\processed\test\apple_rotten\leftin_0000444.jpg,1,0.9965085387229919
C:\Users\DELL-04-SMKKRIAN1\Documents\RipenAI\data\processed\test\apple_rotten\leftin_0000445.jpg,1,0.9920758008956909
C:\Users\DELL-04-SMKKRIAN1\Documents\RipenAI\data\processed\test\apple_rotten\leftin_0000446.jpg,1,0.998980700969696
C:\Users\DELL-04-SMKKRIAN1\Documents\RipenAI\data\processed\test\apple_rotten\leftin_0000447.jpg,1,0.914447546005249
C:\Users\DELL-04-SMKKRIAN1\Documents\RipenAI\data\processed\test\apple_rotten\leftin_0000448.jpg,1,0.9974460601806641
C:\Users\DELL-04-SMKKRIAN1\Documents\RipenAI\data\processed\test\apple_rotten\leftin_0000450.jpg,1,0.9998795986175537
C:\Users\DELL-04-SMKKRIAN1\Documents\RipenAI\data\processed\test\apple_rotten\leftin_0000451.jpg,1,0.9794846177101135
C:\Users\DELL-04-SMKKRIAN1\Documents\RipenAI\data\processed\test\apple_rotten\leftin_0000452.jpg,1,0.7067747116088867
C:\Users\DELL-04-SMKKRIAN1\Documents\RipenAI\data\processed\test\apple_rotten\leftin_0000453.jpg,1,0.9993211030960083
C:\Users\DELL-04-SMKKRIAN1\Documents\RipenAI\data\processed\test\apple_rotten\leftin_0000454.jpg,1,0.995364785194397
C:\Users\DELL-04-SMKKRIAN1\Documents\RipenAI\data\processed\test\apple_rotten\leftin_0000455.jpg,1,0.9982976317405701
C:\Users\DELL-04-SMKKRIAN1\Documents\RipenAI\data\processed\test\apple_rotten\leftin_0000458.jpg,1,0.9999196529388428
C:\Users\DELL-04-SMKKRIAN1\Documents\RipenAI\data\processed\test\apple_rotten\leftin_0000460.jpg,1,0.9977051615715027
C:\Users\DELL-04-SMKKRIAN1\Documents\RipenAI\data\processed\test\apple_rotten\leftin_0000461.jpg,1,0.9991925358772278
C:\Users\DELL-04-SMKKRIAN1\Documents\RipenAI\data\processed\test\apple_rotten\leftin_0000462.jpg,1,0.9999837875366211
C:\Users\DELL-04-SMKKRIAN1\Documents\RipenAI\data\processed\test\apple_rotten\leftin_0000463.jpg,1,0.9998965263366699
C:\Users\DELL-04-SMKKRIAN1\Documents\RipenAI\data\processed\test\apple_rotten\leftin_0000464.jpg,1,0.9856101870536804
C:\Users\DELL-04-SMKKRIAN1\Documents\RipenAI\data\processed\test\apple_rotten\leftin_0000465.jpg,1,0.9980661273002625
C:\Users\DELL-04-SMKKRIAN1\Documents\RipenAI\data\processed\test\apple_rotten\leftin_0000466.jpg,1,0.9996689558029175
C:\Users\DELL-04-SMKKRIAN1\Documents\RipenAI\data\processed\test\apple_rotten\leftin_0000467.jpg,1,0.9998210072517395
C:\Users\DELL-04-SMKKRIAN1\Documents\RipenAI\data\processed\test\apple_rotten\leftin_0000468.jpg,1,0.9842181205749512
C:\Users\DELL-04-SMKKRIAN1\Documents\RipenAI\data\processed\test\apple_rotten\leftin_0000469.jpg,1,0.999884843826294
C:\Users\DELL-04-SMKKRIAN1\Documents\RipenAI\data\processed\test\apple_rotten\leftin_0000470.jpg,1,0.9934490323066711
C:\Users\DELL-04-SMKKRIAN1\Documents\RipenAI\data\processed\test\apple_rotten\leftin_0000471.jpg,1,0.9997562766075134
C:\Users\DELL-04-SMKKRIAN1\Documents\RipenAI\data\processed\test\apple_rotten\leftin_0000472.jpg,1,0.9998137354850769
C:\Users\DELL-04-SMKKRIAN1\Documents\RipenAI\data\processed\test\apple_rotten\leftin_0000474.jpg,1,0.9992756247520447
C:\Users\DELL-04-SMKKRIAN1\Documents\RipenAI\data\processed\test\apple_rotten\leftin_0000475.jpg,1,0.9959553480148315
C:\Users\DELL-04-SMKKRIAN1\Documents\RipenAI\data\processed\test\apple_rotten\leftin_0000476.jpg,1,0.9997360110282898
C:\Users\DELL-04-SMKKRIAN1\Documents\RipenAI\data\processed\test\apple_rotten\leftin_0000478.jpg,1,0.9732349514961243
C:\Users\DELL-04-SMKKRIAN1\Documents\RipenAI\data\processed\test\apple_rotten\leftin_0000479.jpg,1,0.9992629885673523
C:\Users\DELL-04-SMKKRIAN1\Documents\RipenAI\data\processed\test\apple_rotten\leftin_0000480.jpg,1,0.6976265907287598
C:\Users\DELL-04-SMKKRIAN1\Documents\RipenAI\data\processed\test\apple_rotten\leftin_0000482.jpg,1,0.9992830157279968
C:\Users\DELL-04-SMKKRIAN1\Documents\RipenAI\data\processed\test\apple_rotten\leftin_0000483.jpg,1,0.9998619556427002
C:\Users\DELL-04-SMKKRIAN1\Documents\RipenAI\data\processed\test\apple_rotten\leftin_0000484.jpg,1,0.9998158812522888
C:\Users\DELL-04-SMKKRIAN1\Documents\RipenAI\data\processed\test\apple_rotten\leftin_0000485.jpg,1,0.9987670183181763
C:\Users\DELL-04-SMKKRIAN1\Documents\RipenAI\data\processed\test\apple_rotten\leftin_0000486.jpg,1,0.9553272128105164
C:\Users\DELL-04-SMKKRIAN1\Documents\RipenAI\data\processed\test\apple_rotten\leftin_0000487.jpg,1,0.9958855509757996
C:\Users\DELL-04-SMKKRIAN1\Documents\RipenAI\data\processed\test\apple_rotten\leftin_0000488.jpg,1,0.9999629259109497
C:\Users\DELL-04-SMKKRIAN1\Documents\RipenAI\data\processed\test\apple_rotten\leftin_0000489.jpg,1,0.9999192953109741
C:\Users\DELL-04-SMKKRIAN1\Documents\RipenAI\data\processed\test\apple_rotten\leftin_0000492.jpg,1,0.9999979734420776
C:\Users\DELL-04-SMKKRIAN1\Documents\RipenAI\data\processed\test\apple_rotten\leftin_0000493.jpg,1,0.9919412136077881
C:\Users\DELL-04-SMKKRIAN1\Documents\RipenAI\data\processed\test\apple_rotten\leftin_0000494.jpg,1,0.9988743662834167
C:\Users\DELL-04-SMKKRIAN1\Documents\RipenAI\data\processed\test\apple_rotten\leftin_0000496.jpg,1,0.9995061159133911
C:\Users\DELL-04-SMKKRIAN1\Documents\RipenAI\data\processed\test\apple_rotten\leftin_0000497.jpg,1,0.9652682542800903
C:\Users\DELL-04-SMKKRIAN1\Documents\RipenAI\data\processed\test\apple_rotten\leftin_0000499.jpg,1,0.995862603187561
C:\Users\DELL-04-SMKKRIAN1\Documents\RipenAI\data\processed\test\apple_rotten\leftin_0000500.jpg,1,0.99430251121521
C:\Users\DELL-04-SMKKRIAN1\Documents\RipenAI\data\processed\test\apple_rotten\leftin_0000501.jpg,1,0.9999867677688599
C:\Users\DELL-04-SMKKRIAN1\Documents\RipenAI\data\processed\test\apple_rotten\leftin_0000502.jpg,1,0.6170703172683716
C:\Users\DELL-04-SMKKRIAN1\Documents\RipenAI\data\processed\test\apple_rotten\leftin_0000503.jpg,1,0.9995470643043518
C:\Users\DELL-04-SMKKRIAN1\Documents\RipenAI\data\processed\test\apple_rotten\leftin_0000504.jpg,1,0.9996923208236694
C:\Users\DELL-04-SMKKRIAN1\Documents\RipenAI\data\processed\test\apple_rotten\leftin_0000505.jpg,1,0.9995563626289368
C:\Users\DELL-04-SMKKRIAN1\Documents\RipenAI\data\processed\test\apple_rotten\leftin_0000506.jpg,1,0.9999651908874512
C:\Users\DELL-04-SMKKRIAN1\Documents\RipenAI\data\processed\test\apple_rotten\leftin_0000507.jpg,1,0.9996656179428101
C:\Users\DELL-04-SMKKRIAN1\Documents\RipenAI\data\processed\test\apple_rotten\leftin_0000510.jpg,1,0.997974693775177
C:\Users\DELL-04-SMKKRIAN1\Documents\RipenAI\data\processed\test\apple_rotten\leftin_0000511.jpg,1,0.9998205304145813
C:\Users\DELL-04-SMKKRIAN1\Documents\RipenAI\data\processed\test\apple_rotten\leftin_0000514.jpg,1,0.9994449019432068
C:\Users\DELL-04-SMKKRIAN1\Documents\RipenAI\data\processed\test\apple_rotten\leftin_0000515.jpg,1,0.9999715089797974
C:\Users\DELL-04-SMKKRIAN1\Documents\RipenAI\data\processed\test\apple_rotten\leftin_0000516.jpg,1,0.9999909400939941
C:\Users\DELL-04-SMKKRIAN1\Documents\RipenAI\data\processed\test\apple_rotten\leftin_0000517.jpg,1,0.9999998807907104
C:\Users\DELL-04-SMKKRIAN1\Documents\RipenAI\data\processed\test\apple_rotten\leftin_0000519.jpg,1,0.9999873638153076
C:\Users\DELL-04-SMKKRIAN1\Documents\RipenAI\data\processed\test\apple_rotten\leftin_0000520.jpg,1,0.9687196016311646
C:\Users\DELL-04-SMKKRIAN1\Documents\RipenAI\data\processed\test\apple_rotten\leftin_0000522.jpg,1,0.9999960660934448
C:\Users\DELL-04-SMKKRIAN1\Documents\RipenAI\data\processed\test\apple_rotten\leftin_0000523.jpg,1,0.9999986886978149
C:\Users\DELL-04-SMKKRIAN1\Documents\RipenAI\data\processed\test\apple_rotten\leftin_0000524.jpg,1,0.9935991764068604
C:\Users\DELL-04-SMKKRIAN1\Documents\RipenAI\data\processed\test\apple_rotten\leftin_0000525.jpg,1,0.9999854564666748
C:\Users\DELL-04-SMKKRIAN1\Documents\RipenAI\data\processed\test\apple_rotten\leftin_0000526.jpg,1,0.9956888556480408
C:\Users\DELL-04-SMKKRIAN1\Documents\RipenAI\data\processed\test\apple_rotten\leftin_0000527.jpg,1,0.9864166975021362
C:\Users\DELL-04-SMKKRIAN1\Documents\RipenAI\data\processed\test\apple_rotten\leftin_0000528.jpg,1,0.999915599822998
C:\Users\DELL-04-SMKKRIAN1\Documents\RipenAI\data\processed\test\apple_rotten\leftin_0000529.jpg,1,0.9999979734420776
C:\Users\DELL-04-SMKKRIAN1\Documents\RipenAI\data\processed\test\apple_rotten\leftin_0000530.jpg,1,0.7905431389808655
C:\Users\DELL-04-SMKKRIAN1\Documents\RipenAI\data\processed\test\apple_rotten\leftin_0000533.jpg,1,0.9998949766159058
C:\Users\DELL-04-SMKKRIAN1\Documents\RipenAI\data\processed\test\apple_rotten\leftin_0000534.jpg,1,0.9997751116752625
C:\Users\DELL-04-SMKKRIAN1\Documents\RipenAI\data\processed\test\apple_rotten\leftin_0000535.jpg,1,0.9990838766098022
C:\Users\DELL-04-SMKKRIAN1\Documents\RipenAI\data\processed\test\apple_rotten\leftin_0000536.jpg,1,0.9987088441848755
C:\Users\DELL-04-SMKKRIAN1\Documents\RipenAI\data\processed\test\apple_rotten\leftin_0000538.jpg,1,0.9990414977073669
C:\Users\DELL-04-SMKKRIAN1\Documents\RipenAI\data\processed\test\apple_rotten\leftin_0000539.jpg,1,0.9992030262947083
C:\Users\DELL-04-SMKKRIAN1\Documents\RipenAI\data\processed\test\apple_rotten\leftin_0000540.jpg,1,0.9962880611419678
C:\Users\DELL-04-SMKKRIAN1\Documents\RipenAI\data\processed\test\apple_rotten\leftin_0000541.jpg,1,0.9822489023208618
C:\Users\DELL-04-SMKKRIAN1\Documents\RipenAI\data\processed\test\apple_rotten\leftin_0000543.jpg,1,0.9999924898147583
C:\Users\DELL-04-SMKKRIAN1\Documents\RipenAI\data\processed\test\apple_rotten\leftin_0000544.jpg,1,0.9999576807022095
C:\Users\DELL-04-SMKKRIAN1\Documents\RipenAI\data\processed\test\apple_rotten\leftin_0000545.jpg,1,0.9998705387115479
C:\Users\DELL-04-SMKKRIAN1\Documents\RipenAI\data\processed\test\apple_rotten\leftin_0000546.jpg,1,0.9999849796295166
C:\Users\DELL-04-SMKKRIAN1\Documents\RipenAI\data\processed\test\apple_rotten\leftin_0000547.jpg,1,0.9999980926513672
C:\Users\DELL-04-SMKKRIAN1\Documents\RipenAI\data\processed\test\apple_rotten\leftin_0000548.jpg,1,0.9922766089439392
C:\Users\DELL-04-SMKKRIAN1\Documents\RipenAI\data\processed\test\apple_rotten\leftin_0000549.jpg,1,0.7904535531997681
C:\Users\DELL-04-SMKKRIAN1\Documents\RipenAI\data\processed\test\apple_rotten\leftin_0000550.jpg,1,0.9998219609260559
C:\Users\DELL-04-SMKKRIAN1\Documents\RipenAI\data\processed\test\apple_rotten\leftin_0000551.jpg,1,0.9882761836051941
C:\Users\DELL-04-SMKKRIAN1\Documents\RipenAI\data\processed\test\apple_rotten\leftin_0000552.jpg,1,0.999951958656311
C:\Users\DELL-04-SMKKRIAN1\Documents\RipenAI\data\processed\test\apple_rotten\leftin_0000553.jpg,1,0.9999768733978271
C:\Users\DELL-04-SMKKRIAN1\Documents\RipenAI\data\processed\test\apple_rotten\leftin_0000554.jpg,1,0.6899853944778442
C:\Users\DELL-04-SMKKRIAN1\Documents\RipenAI\data\processed\test\apple_rotten\leftin_0000555.jpg,1,0.9897170066833496
C:\Users\DELL-04-SMKKRIAN1\Documents\RipenAI\data\processed\test\apple_rotten\leftin_0000556.jpg,1,0.7904322147369385
C:\Users\DELL-04-SMKKRIAN1\Documents\RipenAI\data\processed\test\apple_rotten\leftin_0000559.jpg,1,0.9998964071273804
C:\Users\DELL-04-SMKKRIAN1\Documents\RipenAI\data\processed\test\apple_rotten\leftin_0000560.jpg,1,0.9999207258224487
C:\Users\DELL-04-SMKKRIAN1\Documents\RipenAI\data\processed\test\apple_rotten\leftin_0000561.jpg,1,0.9999896287918091
C:\Users\DELL-04-SMKKRIAN1\Documents\RipenAI\data\processed\test\apple_rotten\leftin_0000562.jpg,1,0.9981375932693481
C:\Users\DELL-04-SMKKRIAN1\Documents\RipenAI\data\processed\test\apple_rotten\leftin_0000565.jpg,1,0.9992508292198181
C:\Users\DELL-04-SMKKRIAN1\Documents\RipenAI\data\processed\test\apple_rotten\leftin_0000566.jpg,1,0.9999306201934814
C:\Users\DELL-04-SMKKRIAN1\Documents\RipenAI\data\processed\test\apple_rotten\leftin_0000567.jpg,1,0.9997833371162415
C:\Users\DELL-04-SMKKRIAN1\Documents\RipenAI\data\processed\test\apple_rotten\leftin_0000568.jpg,1,0.9988007545471191
C:\Users\DELL-04-SMKKRIAN1\Documents\RipenAI\data\processed\test\apple_rotten\leftin_0000569.jpg,1,0.6735450625419617
C:\Users\DELL-04-SMKKRIAN1\Documents\RipenAI\data\processed\test\apple_rotten\leftin_0000570.jpg,1,0.9710633158683777
C:\Users\DELL-04-SMKKRIAN1\Documents\RipenAI\data\processed\test\apple_rotten\leftin_0000571.jpg,1,0.9876769781112671
C:\Users\DELL-04-SMKKRIAN1\Documents\RipenAI\data\processed\test\apple_rotten\leftin_0000572.jpg,1,0.9904464483261108
C:\Users\DELL-04-SMKKRIAN1\Documents\RipenAI\data\processed\test\apple_rotten\leftin_0000573.jpg,1,0.9999924898147583
C:\Users\DELL-04-SMKKRIAN1\Documents\RipenAI\data\processed\test\apple_rotten\leftin_0000574.jpg,1,0.9999985694885254
C:\Users\DELL-04-SMKKRIAN1\Documents\RipenAI\data\processed\test\apple_rotten\leftin_0000575.jpg,1,0.9528878331184387
C:\Users\DELL-04-SMKKRIAN1\Documents\RipenAI\data\processed\test\apple_rotten\leftin_0000576.jpg,1,0.997908353805542
C:\Users\DELL-04-SMKKRIAN1\Documents\RipenAI\data\processed\test\apple_rotten\leftin_0000577.jpg,1,0.9816341996192932
C:\Users\DELL-04-SMKKRIAN1\Documents\RipenAI\data\processed\test\apple_rotten\leftin_0000579.jpg,1,0.9999339580535889
C:\Users\DELL-04-SMKKRIAN1\Documents\RipenAI\data\processed\test\apple_rotten\leftin_0000580.jpg,1,0.9999785423278809
C:\Users\DELL-04-SMKKRIAN1\Documents\RipenAI\data\processed\test\apple_rotten\leftin_0000581.jpg,1,0.9976142644882202
C:\Users\DELL-04-SMKKRIAN1\Documents\RipenAI\data\processed\test\apple_rotten\leftin_0000582.jpg,1,0.999674916267395
C:\Users\DELL-04-SMKKRIAN1\Documents\RipenAI\data\processed\test\apple_rotten\leftin_0000584.jpg,1,0.9999948740005493
C:\Users\DELL-04-SMKKRIAN1\Documents\RipenAI\data\processed\test\apple_rotten\leftin_0000585.jpg,1,0.9999891519546509
C:\Users\DELL-04-SMKKRIAN1\Documents\RipenAI\data\processed\test\apple_rotten\leftin_0000586.jpg,1,0.9999988079071045
C:\Users\DELL-04-SMKKRIAN1\Documents\RipenAI\data\processed\test\apple_rotten\leftin_0000587.jpg,1,0.9995647072792053
C:\Users\DELL-04-SMKKRIAN1\Documents\RipenAI\data\processed\test\apple_rotten\leftin_0000588.jpg,1,0.999975323677063
C:\Users\DELL-04-SMKKRIAN1\Documents\RipenAI\data\processed\test\apple_rotten\leftin_0000589.jpg,1,0.999992847442627
C:\Users\DELL-04-SMKKRIAN1\Documents\RipenAI\data\processed\test\apple_rotten\leftin_0000590.jpg,1,0.9999948740005493
C:\Users\DELL-04-SMKKRIAN1\Documents\RipenAI\data\processed\test\apple_rotten\leftin_0000591.jpg,1,0.9901661276817322
C:\Users\DELL-04-SMKKRIAN1\Documents\RipenAI\data\processed\test\apple_rotten\leftin_0000592.jpg,1,0.998843789100647
C:\Users\DELL-04-SMKKRIAN1\Documents\RipenAI\data\processed\test\apple_rotten\leftin_0000593.jpg,1,0.9997407793998718
C:\Users\DELL-04-SMKKRIAN1\Documents\RipenAI\data\processed\test\apple_rotten\leftin_0000594.jpg,1,0.9999642372131348
C:\Users\DELL-04-SMKKRIAN1\Documents\RipenAI\data\processed\test\apple_rotten\leftin_0000595.jpg,1,0.9999350309371948
C:\Users\DELL-04-SMKKRIAN1\Documents\RipenAI\data\processed\test\apple_rotten\leftin_0000596.jpg,1,0.999019980430603
C:\Users\DELL-04-SMKKRIAN1\Documents\RipenAI\data\processed\test\apple_rotten\leftin_0000598.jpg,1,0.9998277425765991
C:\Users\DELL-04-SMKKRIAN1\Documents\RipenAI\data\processed\test\apple_rotten\leftin_0000599.jpg,1,0.9550279378890991
C:\Users\DELL-04-SMKKRIAN1\Documents\RipenAI\data\processed\test\apple_rotten\leftin_0000600.jpg,1,0.9998795986175537
C:\Users\DELL-04-SMKKRIAN1\Documents\RipenAI\data\processed\test\apple_rotten\leftin_0000601.jpg,1,0.9991276860237122
C:\Users\DELL-04-SMKKRIAN1\Documents\RipenAI\data\processed\test\apple_rotten\leftin_0000602.jpg,1,0.9993340373039246
C:\Users\DELL-04-SMKKRIAN1\Documents\RipenAI\data\processed\test\apple_rotten\leftin_0000603.jpg,1,0.9995830655097961
C:\Users\DELL-04-SMKKRIAN1\Documents\RipenAI\data\processed\test\apple_rotten\leftin_0000604.jpg,1,0.9694132208824158
C:\Users\DELL-04-SMKKRIAN1\Documents\RipenAI\data\processed\test\apple_rotten\leftin_0000606.jpg,1,0.992402195930481
C:\Users\DELL-04-SMKKRIAN1\Documents\RipenAI\data\processed\test\apple_rotten\leftin_0000608.jpg,1,0.9793877601623535
C:\Users\DELL-04-SMKKRIAN1\Documents\RipenAI\data\processed\test\apple_rotten\leftin_0000609.jpg,1,0.9984392523765564
C:\Users\DELL-04-SMKKRIAN1\Documents\RipenAI\data\processed\test\apple_rotten\leftin_0000610.jpg,1,0.9999276399612427
C:\Users\DELL-04-SMKKRIAN1\Documents\RipenAI\data\processed\test\apple_rotten\leftin_0000611.jpg,1,0.9999830722808838
C:\Users\DELL-04-SMKKRIAN1\Documents\RipenAI\data\processed\test\apple_rotten\leftin_0000612.jpg,1,0.9931610822677612
C:\Users\DELL-04-SMKKRIAN1\Documents\RipenAI\data\processed\test\apple_rotten\leftin_0000613.jpg,1,0.9999817609786987
C:\Users\DELL-04-SMKKRIAN1\Documents\RipenAI\data\processed\test\apple_rotten\leftin_0000615.jpg,1,0.9864574074745178
C:\Users\DELL-04-SMKKRIAN1\Documents\RipenAI\data\processed\test\apple_rotten\leftin_0000616.jpg,1,0.9999196529388428
C:\Users\DELL-04-SMKKRIAN1\Documents\RipenAI\data\processed\test\apple_rotten\leftin_0000617.jpg,1,0.9998468160629272
C:\Users\DELL-04-SMKKRIAN1\Documents\RipenAI\data\processed\test\apple_rotten\leftin_0000618.jpg,1,0.9987094402313232
C:\Users\DELL-04-SMKKRIAN1\Documents\RipenAI\data\processed\test\apple_rotten\leftin_0000619.jpg,1,0.9999947547912598
C:\Users\DELL-04-SMKKRIAN1\Documents\RipenAI\data\processed\test\apple_rotten\leftin_0000620.jpg,1,0.9999938011169434
C:\Users\DELL-04-SMKKRIAN1\Documents\RipenAI\data\processed\test\apple_rotten\leftin_0000621.jpg,1,0.9998795986175537
C:\Users\DELL-04-SMKKRIAN1\Documents\RipenAI\data\processed\test\apple_rotten\leftin_0000622.jpg,1,0.8076412081718445
C:\Users\DELL-04-SMKKRIAN1\Documents\RipenAI\data\processed\test\apple_rotten\leftin_0000623.jpg,1,0.9847267866134644
C:\Users\DELL-04-SMKKRIAN1\Documents\RipenAI\data\processed\test\apple_rotten\leftin_0000624.jpg,1,0.9944356679916382
C:\Users\DELL-04-SMKKRIAN1\Documents\RipenAI\data\processed\test\apple_rotten\leftin_0000625.jpg,1,0.9904127717018127
C:\Users\DELL-04-SMKKRIAN1\Documents\RipenAI\data\processed\test\apple_rotten\leftin_0000626.jpg,1,0.9998900890350342
C:\Users\DELL-04-SMKKRIAN1\Documents\RipenAI\data\processed\test\apple_rotten\leftin_0000627.jpg,1,0.7769877910614014
C:\Users\DELL-04-SMKKRIAN1\Documents\RipenAI\data\processed\test\apple_rotten\leftin_0000628.jpg,1,0.9999979734420776
C:\Users\DELL-04-SMKKRIAN1\Documents\RipenAI\data\processed\test\apple_rotten\leftin_0000629.jpg,1,0.9833980798721313
C:\Users\DELL-04-SMKKRIAN1\Documents\RipenAI\data\processed\test\apple_rotten\leftin_0000630.jpg,1,0.9679939150810242
C:\Users\DELL-04-SMKKRIAN1\Documents\RipenAI\data\processed\test\apple_rotten\leftin_0000631.jpg,1,0.9999966621398926
C:\Users\DELL-04-SMKKRIAN1\Documents\RipenAI\data\processed\test\apple_rotten\leftin_0000632.jpg,1,0.9650919437408447
C:\Users\DELL-04-SMKKRIAN1\Documents\RipenAI\data\processed\test\apple_rotten\leftin_0000633.jpg,1,0.9989159107208252
C:\Users\DELL-04-SMKKRIAN1\Documents\RipenAI\data\processed\test\apple_rotten\leftin_0000635.jpg,1,0.2350350022315979
C:\Users\DELL-04-SMKKRIAN1\Documents\RipenAI\data\processed\test\apple_rotten\leftin_0000636.jpg,1,0.9997290968894958
C:\Users\DELL-04-SMKKRIAN1\Documents\RipenAI\data\processed\test\apple_rotten\leftin_0000637.jpg,1,0.9999761581420898
C:\Users\DELL-04-SMKKRIAN1\Documents\RipenAI\data\processed\test\apple_rotten\leftin_0000638.jpg,1,0.9973033666610718
C:\Users\DELL-04-SMKKRIAN1\Documents\RipenAI\data\processed\test\apple_rotten\leftin_0000639.jpg,1,0.9998273253440857
C:\Users\DELL-04-SMKKRIAN1\Documents\RipenAI\data\processed\test\apple_rotten\leftin_0000640.jpg,1,0.999992847442627
C:\Users\DELL-04-SMKKRIAN1\Documents\RipenAI\data\processed\test\apple_rotten\leftin_0000641.jpg,1,0.9998204112052917
C:\Users\DELL-04-SMKKRIAN1\Documents\RipenAI\data\processed\test\apple_rotten\leftin_0000642.jpg,1,0.9999163150787354
C:\Users\DELL-04-SMKKRIAN1\Documents\RipenAI\data\processed\test\apple_rotten\leftin_0000643.jpg,1,0.999683141708374
C:\Users\DELL-04-SMKKRIAN1\Documents\RipenAI\data\processed\test\apple_rotten\leftin_0000645.jpg,1,0.999962568283081
C:\Users\DELL-04-SMKKRIAN1\Documents\RipenAI\data\processed\test\apple_rotten\leftin_0000646.jpg,1,0.999955415725708
C:\Users\DELL-04-SMKKRIAN1\Documents\RipenAI\data\processed\test\apple_rotten\leftin_0000648.jpg,1,0.9768799543380737
C:\Users\DELL-04-SMKKRIAN1\Documents\RipenAI\data\processed\test\apple_rotten\leftin_0000649.jpg,1,0.9996564388275146
C:\Users\DELL-04-SMKKRIAN1\Documents\RipenAI\data\processed\test\apple_unripe\alexcj10-ripenet_0000652.jpg,0,0.00860739778727293
C:\Users\DELL-04-SMKKRIAN1\Documents\RipenAI\data\processed\test\apple_unripe\alexcj10-ripenet_0000657.jpg,0,0.019074421375989914
C:\Users\DELL-04-SMKKRIAN1\Documents\RipenAI\data\processed\test\apple_unripe\alexcj10-ripenet_0000664.jpg,0,0.12009472399950027
C:\Users\DELL-04-SMKKRIAN1\Documents\RipenAI\data\processed\test\apple_unripe\alexcj10-ripenet_0000673.jpg,0,0.022258348762989044
C:\Users\DELL-04-SMKKRIAN1\Documents\RipenAI\data\processed\test\apple_unripe\alexcj10-ripenet_0000674.jpg,0,0.022987326607108116
C:\Users\DELL-04-SMKKRIAN1\Documents\RipenAI\data\processed\test\apple_unripe\alexcj10-ripenet_0000689.jpg,0,0.024914201349020004
C:\Users\DELL-04-SMKKRIAN1\Documents\RipenAI\data\processed\test\apple_unripe\alexcj10-ripenet_0000690.jpg,0,0.006668505258858204
C:\Users\DELL-04-SMKKRIAN1\Documents\RipenAI\data\processed\test\apple_unripe\alexcj10-ripenet_0000694.jpg,0,0.0287731122225523
C:\Users\DELL-04-SMKKRIAN1\Documents\RipenAI\data\processed\test\apple_unripe\alexcj10-ripenet_0000697.jpg,0,0.0003687237040139735
C:\Users\DELL-04-SMKKRIAN1\Documents\RipenAI\data\processed\test\apple_unripe\alexcj10-ripenet_0000701.jpg,0,0.00012690886796917766
C:\Users\DELL-04-SMKKRIAN1\Documents\RipenAI\data\processed\test\apple_unripe\alexcj10-ripenet_0000702.jpg,0,0.07733121514320374
C:\Users\DELL-04-SMKKRIAN1\Documents\RipenAI\data\processed\test\apple_unripe\alexcj10-ripenet_0000721.jpg,0,0.18298953771591187
C:\Users\DELL-04-SMKKRIAN1\Documents\RipenAI\data\processed\test\apple_unripe\alexcj10-ripenet_0000728.jpg,0,0.020133914425969124
C:\Users\DELL-04-SMKKRIAN1\Documents\RipenAI\data\processed\test\apple_unripe\alexcj10-ripenet_0000730.jpg,0,0.018104059621691704
C:\Users\DELL-04-SMKKRIAN1\Documents\RipenAI\data\processed\test\apple_unripe\alexcj10-ripenet_0000731.jpg,0,0.005037814844399691
C:\Users\DELL-04-SMKKRIAN1\Documents\RipenAI\data\processed\test\apple_unripe\alexcj10-ripenet_0000747.jpg,0,0.015677601099014282
C:\Users\DELL-04-SMKKRIAN1\Documents\RipenAI\data\processed\test\apple_unripe\alexcj10-ripenet_0000748.jpg,0,0.12986969947814941
C:\Users\DELL-04-SMKKRIAN1\Documents\RipenAI\data\processed\test\apple_unripe\alexcj10-ripenet_0000749.jpg,0,0.00015462264127563685
C:\Users\DELL-04-SMKKRIAN1\Documents\RipenAI\data\processed\test\apple_unripe\alexcj10-ripenet_0000755.jpg,0,0.011956151574850082
C:\Users\DELL-04-SMKKRIAN1\Documents\RipenAI\data\processed\test\apple_unripe\alexcj10-ripenet_0000771.jpg,0,0.03276020660996437
C:\Users\DELL-04-SMKKRIAN1\Documents\RipenAI\data\processed\test\apple_unripe\alexcj10-ripenet_0000772.jpg,0,0.07036661356687546
C:\Users\DELL-04-SMKKRIAN1\Documents\RipenAI\data\processed\test\apple_unripe\alexcj10-ripenet_0000778.jpg,0,0.08435802906751633
C:\Users\DELL-04-SMKKRIAN1\Documents\RipenAI\data\processed\test\apple_unripe\alexcj10-ripenet_0000782.jpg,0,0.0009786819573491812
C:\Users\DELL-04-SMKKRIAN1\Documents\RipenAI\data\processed\test\apple_unripe\alexcj10-ripenet_0000783.jpg,0,0.0009451817604713142
C:\Users\DELL-04-SMKKRIAN1\Documents\RipenAI\data\processed\test\apple_unripe\alexcj10-ripenet_0000787.jpg,0,0.01580420322716236
C:\Users\DELL-04-SMKKRIAN1\Documents\RipenAI\data\processed\test\apple_unripe\alexcj10-ripenet_0000800.jpg,0,0.00028416173881851137
C:\Users\DELL-04-SMKKRIAN1\Documents\RipenAI\data\processed\test\apple_unripe\alexcj10-ripenet_0000806.jpg,0,0.00034498865716159344
C:\Users\DELL-04-SMKKRIAN1\Documents\RipenAI\data\processed\test\apple_unripe\alexcj10-ripenet_0000807.jpg,0,0.0012620961060747504
C:\Users\DELL-04-SMKKRIAN1\Documents\RipenAI\data\processed\test\apple_unripe\alexcj10-ripenet_0000809.jpg,0,0.0010321637382730842
C:\Users\DELL-04-SMKKRIAN1\Documents\RipenAI\data\processed\test\apple_unripe\alexcj10-ripenet_0000812.jpg,0,0.0004768380313180387
C:\Users\DELL-04-SMKKRIAN1\Documents\RipenAI\data\processed\test\apple_unripe\alexcj10-ripenet_0000819.jpg,0,0.000353403011104092
C:\Users\DELL-04-SMKKRIAN1\Documents\RipenAI\data\processed\test\apple_unripe\alexcj10-ripenet_0000824.jpg,0,0.002677945187315345
C:\Users\DELL-04-SMKKRIAN1\Documents\RipenAI\data\processed\test\apple_unripe\alexcj10-ripenet_0000825.jpg,0,0.13501618802547455
C:\Users\DELL-04-SMKKRIAN1\Documents\RipenAI\data\processed\test\apple_unripe\alexcj10-ripenet_0000829.jpg,0,0.0034033560659736395
C:\Users\DELL-04-SMKKRIAN1\Documents\RipenAI\data\processed\test\apple_unripe\alexcj10-ripenet_0000833.jpg,0,0.00042176284478046
C:\Users\DELL-04-SMKKRIAN1\Documents\RipenAI\data\processed\test\apple_unripe\alexcj10-ripenet_0000847.jpg,0,4.148574225837365e-05
C:\Users\DELL-04-SMKKRIAN1\Documents\RipenAI\data\processed\test\apple_unripe\alexcj10-ripenet_0000850.jpg,0,0.03682372346520424
C:\Users\DELL-04-SMKKRIAN1\Documents\RipenAI\data\processed\test\apple_unripe\alexcj10-ripenet_0000853.jpg,0,0.0003462505992501974
C:\Users\DELL-04-SMKKRIAN1\Documents\RipenAI\data\processed\test\apple_unripe\alexcj10-ripenet_0000856.jpg,0,0.0003076914290431887
C:\Users\DELL-04-SMKKRIAN1\Documents\RipenAI\data\processed\test\apple_unripe\alexcj10-ripenet_0000875.jpg,0,1.2764191524183843e-05
C:\Users\DELL-04-SMKKRIAN1\Documents\RipenAI\data\processed\test\apple_unripe\alexcj10-ripenet_0000877.jpg,0,0.015624349005520344
C:\Users\DELL-04-SMKKRIAN1\Documents\RipenAI\data\processed\test\apple_unripe\alexcj10-ripenet_0000879.jpg,0,0.0004450830165296793
C:\Users\DELL-04-SMKKRIAN1\Documents\RipenAI\data\processed\test\apple_unripe\alexcj10-ripenet_0000888.jpg,0,0.001891222782433033
C:\Users\DELL-04-SMKKRIAN1\Documents\RipenAI\data\processed\test\apple_unripe\alexcj10-ripenet_0000900.jpg,0,0.0020419347565621138
C:\Users\DELL-04-SMKKRIAN1\Documents\RipenAI\data\processed\test\apple_unripe\alexcj10-ripenet_0000905.jpg,0,0.0006225052056834102
C:\Users\DELL-04-SMKKRIAN1\Documents\RipenAI\data\processed\test\apple_unripe\alexcj10-ripenet_0000910.jpg,0,0.002833524951711297
C:\Users\DELL-04-SMKKRIAN1\Documents\RipenAI\data\processed\test\apple_unripe\alexcj10-ripenet_0000911.jpg,0,0.00930474977940321
C:\Users\DELL-04-SMKKRIAN1\Documents\RipenAI\data\processed\test\apple_unripe\alexcj10-ripenet_0000912.jpg,0,0.034012533724308014
C:\Users\DELL-04-SMKKRIAN1\Documents\RipenAI\data\processed\test\apple_unripe\alexcj10-ripenet_0000913.jpg,0,0.00019360819715075195
C:\Users\DELL-04-SMKKRIAN1\Documents\RipenAI\data\processed\test\apple_unripe\alexcj10-ripenet_0000917.jpg,0,0.0017709055682644248
C:\Users\DELL-04-SMKKRIAN1\Documents\RipenAI\data\processed\test\apple_unripe\alexcj10-ripenet_0000922.jpg,0,0.002615767065435648
C:\Users\DELL-04-SMKKRIAN1\Documents\RipenAI\data\processed\test\apple_unripe\alexcj10-ripenet_0000930.jpg,0,0.01728040538728237
C:\Users\DELL-04-SMKKRIAN1\Documents\RipenAI\data\processed\test\apple_unripe\alexcj10-ripenet_0000934.jpg,0,0.001490769675001502
C:\Users\DELL-04-SMKKRIAN1\Documents\RipenAI\data\processed\test\apple_unripe\alexcj10-ripenet_0000935.jpg,0,0.003638756927102804
C:\Users\DELL-04-SMKKRIAN1\Documents\RipenAI\data\processed\test\apple_unripe\alexcj10-ripenet_0000936.jpg,0,0.0011401425581425428
C:\Users\DELL-04-SMKKRIAN1\Documents\RipenAI\data\processed\test\apple_unripe\alexcj10-ripenet_0000938.jpg,0,0.002158967312425375
C:\Users\DELL-04-SMKKRIAN1\Documents\RipenAI\data\processed\test\apple_unripe\alexcj10-ripenet_0000943.jpg,0,0.006973156705498695
C:\Users\DELL-04-SMKKRIAN1\Documents\RipenAI\data\processed\test\apple_unripe\alexcj10-ripenet_0000949.jpg,0,6.33775198366493e-05
C:\Users\DELL-04-SMKKRIAN1\Documents\RipenAI\data\processed\test\apple_unripe\alexcj10-ripenet_0000957.jpg,0,0.0010312431259080768
C:\Users\DELL-04-SMKKRIAN1\Documents\RipenAI\data\processed\test\apple_unripe\alexcj10-ripenet_0000965.jpg,0,2.8482065317803062e-05
C:\Users\DELL-04-SMKKRIAN1\Documents\RipenAI\data\processed\test\apple_unripe\asadullahprl_0000656.jpg,0,0.0010404880158603191
C:\Users\DELL-04-SMKKRIAN1\Documents\RipenAI\data\processed\test\apple_unripe\asadullahprl_0000665.jpg,0,0.0013212128542363644
C:\Users\DELL-04-SMKKRIAN1\Documents\RipenAI\data\processed\test\apple_unripe\asadullahprl_0000683.jpg,0,0.00018739925872068852
C:\Users\DELL-04-SMKKRIAN1\Documents\RipenAI\data\processed\test\apple_unripe\asadullahprl_0000714.jpg,0,0.00024784577544778585
C:\Users\DELL-04-SMKKRIAN1\Documents\RipenAI\data\processed\test\apple_unripe\asadullahprl_0000719.jpg,0,4.3061867472715676e-05
C:\Users\DELL-04-SMKKRIAN1\Documents\RipenAI\data\processed\test\apple_unripe\asadullahprl_0000724.jpg,0,0.0003452117380220443
C:\Users\DELL-04-SMKKRIAN1\Documents\RipenAI\data\processed\test\apple_unripe\asadullahprl_0000729.jpg,0,0.0004899615305475891
C:\Users\DELL-04-SMKKRIAN1\Documents\RipenAI\data\processed\test\apple_unripe\asadullahprl_0000741.jpg,0,0.00011256240395596251
C:\Users\DELL-04-SMKKRIAN1\Documents\RipenAI\data\processed\test\apple_unripe\asadullahprl_0000752.jpg,0,3.327401373098837e-06
C:\Users\DELL-04-SMKKRIAN1\Documents\RipenAI\data\processed\test\apple_unripe\asadullahprl_0000759.jpg,0,0.003574211150407791
C:\Users\DELL-04-SMKKRIAN1\Documents\RipenAI\data\processed\test\apple_unripe\asadullahprl_0000761.jpg,0,0.00040481938049197197
C:\Users\DELL-04-SMKKRIAN1\Documents\RipenAI\data\processed\test\apple_unripe\asadullahprl_0000779.jpg,0,0.00045832988689653575
C:\Users\DELL-04-SMKKRIAN1\Documents\RipenAI\data\processed\test\apple_unripe\asadullahprl_0000781.jpg,0,0.2045026570558548
C:\Users\DELL-04-SMKKRIAN1\Documents\RipenAI\data\processed\test\apple_unripe\asadullahprl_0000793.jpg,0,0.0014127310132607818
C:\Users\DELL-04-SMKKRIAN1\Documents\RipenAI\data\processed\test\apple_unripe\asadullahprl_0000815.jpg,0,0.0006977925077080727
C:\Users\DELL-04-SMKKRIAN1\Documents\RipenAI\data\processed\test\apple_unripe\asadullahprl_0000854.jpg,0,3.1952666176948696e-05
C:\Users\DELL-04-SMKKRIAN1\Documents\RipenAI\data\processed\test\apple_unripe\asadullahprl_0000863.jpg,0,6.570937694050372e-05
C:\Users\DELL-04-SMKKRIAN1\Documents\RipenAI\data\processed\test\apple_unripe\asadullahprl_0000867.jpg,0,0.00041863182559609413
C:\Users\DELL-04-SMKKRIAN1\Documents\RipenAI\data\processed\test\apple_unripe\asadullahprl_0000886.jpg,0,0.005664993077516556
C:\Users\DELL-04-SMKKRIAN1\Documents\RipenAI\data\processed\test\apple_unripe\asadullahprl_0000887.jpg,0,2.661995131347794e-05
C:\Users\DELL-04-SMKKRIAN1\Documents\RipenAI\data\processed\test\apple_unripe\asadullahprl_0000894.jpg,0,0.00013118919741827995
C:\Users\DELL-04-SMKKRIAN1\Documents\RipenAI\data\processed\test\apple_unripe\asadullahprl_0000907.jpg,0,0.0029940821696072817
C:\Users\DELL-04-SMKKRIAN1\Documents\RipenAI\data\processed\test\apple_unripe\asadullahprl_0000915.jpg,0,0.00012701905507128686
C:\Users\DELL-04-SMKKRIAN1\Documents\RipenAI\data\processed\test\apple_unripe\asadullahprl_0000916.jpg,0,0.0052572996355593204
C:\Users\DELL-04-SMKKRIAN1\Documents\RipenAI\data\processed\test\apple_unripe\asadullahprl_0000919.jpg,0,0.0038191445637494326
C:\Users\DELL-04-SMKKRIAN1\Documents\RipenAI\data\processed\test\apple_unripe\asadullahprl_0000925.jpg,0,0.00014180359721649438
C:\Users\DELL-04-SMKKRIAN1\Documents\RipenAI\data\processed\test\apple_unripe\asadullahprl_0000928.jpg,0,0.0016137294005602598
C:\Users\DELL-04-SMKKRIAN1\Documents\RipenAI\data\processed\test\apple_unripe\asadullahprl_0000933.jpg,0,4.008601536042988e-05
C:\Users\DELL-04-SMKKRIAN1\Documents\RipenAI\data\processed\test\apple_unripe\asadullahprl_0000952.jpg,0,0.0003440887085162103
C:\Users\DELL-04-SMKKRIAN1\Documents\RipenAI\data\processed\test\apple_unripe\asadullahprl_0000959.jpg,0,0.0034073449205607176
C:\Users\DELL-04-SMKKRIAN1\Documents\RipenAI\data\processed\test\apple_unripe\asadullahprl_0000964.jpg,0,9.519443119643256e-05
C:\Users\DELL-04-SMKKRIAN1\Documents\RipenAI\data\processed\test\apple_unripe\leftin_0000650.jpg,0,8.644604531582445e-05
C:\Users\DELL-04-SMKKRIAN1\Documents\RipenAI\data\processed\test\apple_unripe\leftin_0000651.jpg,0,1.3663058240354076e-08
C:\Users\DELL-04-SMKKRIAN1\Documents\RipenAI\data\processed\test\apple_unripe\leftin_0000653.jpg,0,0.00015611627895850688
C:\Users\DELL-04-SMKKRIAN1\Documents\RipenAI\data\processed\test\apple_unripe\leftin_0000654.jpg,0,7.478045063180616e-06
C:\Users\DELL-04-SMKKRIAN1\Documents\RipenAI\data\processed\test\apple_unripe\leftin_0000655.jpg,0,6.759630650776671e-07
C:\Users\DELL-04-SMKKRIAN1\Documents\RipenAI\data\processed\test\apple_unripe\leftin_0000658.jpg,0,1.357763608211826e-06
C:\Users\DELL-04-SMKKRIAN1\Documents\RipenAI\data\processed\test\apple_unripe\leftin_0000659.jpg,0,6.326448055915534e-05
C:\Users\DELL-04-SMKKRIAN1\Documents\RipenAI\data\processed\test\apple_unripe\leftin_0000660.jpg,0,2.3630907435290283e-06
C:\Users\DELL-04-SMKKRIAN1\Documents\RipenAI\data\processed\test\apple_unripe\leftin_0000661.jpg,0,3.6080928111914545e-06
C:\Users\DELL-04-SMKKRIAN1\Documents\RipenAI\data\processed\test\apple_unripe\leftin_0000662.jpg,0,9.522683512841468e-07
C:\Users\DELL-04-SMKKRIAN1\Documents\RipenAI\data\processed\test\apple_unripe\leftin_0000663.jpg,0,3.67540096135599e-08
C:\Users\DELL-04-SMKKRIAN1\Documents\RipenAI\data\processed\test\apple_unripe\leftin_0000666.jpg,0,9.97072561403911e-07
C:\Users\DELL-04-SMKKRIAN1\Documents\RipenAI\data\processed\test\apple_unripe\leftin_0000667.jpg,0,8.147020707838237e-05
C:\Users\DELL-04-SMKKRIAN1\Documents\RipenAI\data\processed\test\apple_unripe\leftin_0000668.jpg,0,6.417630356736481e-05
C:\Users\DELL-04-SMKKRIAN1\Documents\RipenAI\data\processed\test\apple_unripe\leftin_0000669.jpg,0,2.7839039830723777e-05
C:\Users\DELL-04-SMKKRIAN1\Documents\RipenAI\data\processed\test\apple_unripe\leftin_0000670.jpg,0,0.00023177922412287444
C:\Users\DELL-04-SMKKRIAN1\Documents\RipenAI\data\processed\test\apple_unripe\leftin_0000671.jpg,0,2.723310171859339e-05
C:\Users\DELL-04-SMKKRIAN1\Documents\RipenAI\data\processed\test\apple_unripe\leftin_0000672.jpg,0,7.821822123332822e-07
C:\Users\DELL-04-SMKKRIAN1\Documents\RipenAI\data\processed\test\apple_unripe\leftin_0000675.jpg,0,3.0935216273064725e-06
C:\Users\DELL-04-SMKKRIAN1\Documents\RipenAI\data\processed\test\apple_unripe\leftin_0000676.jpg,0,5.883970152353868e-05
C:\Users\DELL-04-SMKKRIAN1\Documents\RipenAI\data\processed\test\apple_unripe\leftin_0000677.jpg,0,2.8242475309525616e-05
C:\Users\DELL-04-SMKKRIAN1\Documents\RipenAI\data\processed\test\apple_unripe\leftin_0000678.jpg,0,3.545165441209974e-07
C:\Users\DELL-04-SMKKRIAN1\Documents\RipenAI\data\processed\test\apple_unripe\leftin_0000679.jpg,0,8.574945240980014e-06
C:\Users\DELL-04-SMKKRIAN1\Documents\RipenAI\data\processed\test\apple_unripe\leftin_0000680.jpg,0,8.086136404017452e-06
C:\Users\DELL-04-SMKKRIAN1\Documents\RipenAI\data\processed\test\apple_unripe\leftin_0000681.jpg,0,2.701529774640221e-05
C:\Users\DELL-04-SMKKRIAN1\Documents\RipenAI\data\processed\test\apple_unripe\leftin_0000682.jpg,0,2.693765509320656e-06
C:\Users\DELL-04-SMKKRIAN1\Documents\RipenAI\data\processed\test\apple_unripe\leftin_0000684.jpg,0,6.076950376154855e-05
C:\Users\DELL-04-SMKKRIAN1\Documents\RipenAI\data\processed\test\apple_unripe\leftin_0000685.jpg,0,0.00036115350667387247
C:\Users\DELL-04-SMKKRIAN1\Documents\RipenAI\data\processed\test\apple_unripe\leftin_0000686.jpg,0,3.954792646254646e-06
C:\Users\DELL-04-SMKKRIAN1\Documents\RipenAI\data\processed\test\apple_unripe\leftin_0000687.jpg,0,3.7605452234856784e-05
C:\Users\DELL-04-SMKKRIAN1\Documents\RipenAI\data\processed\test\apple_unripe\leftin_0000688.jpg,0,3.181947931807372e-07
C:\Users\DELL-04-SMKKRIAN1\Documents\RipenAI\data\processed\test\apple_unripe\leftin_0000691.jpg,0,8.456961353431325e-09
C:\Users\DELL-04-SMKKRIAN1\Documents\RipenAI\data\processed\test\apple_unripe\leftin_0000692.jpg,0,2.429982828289212e-07
C:\Users\DELL-04-SMKKRIAN1\Documents\RipenAI\data\processed\test\apple_unripe\leftin_0000693.jpg,0,6.356665949169837e-08
C:\Users\DELL-04-SMKKRIAN1\Documents\RipenAI\data\processed\test\apple_unripe\leftin_0000695.jpg,0,4.235063897795044e-05
C:\Users\DELL-04-SMKKRIAN1\Documents\RipenAI\data\processed\test\apple_unripe\leftin_0000696.jpg,0,0.001438650768250227
C:\Users\DELL-04-SMKKRIAN1\Documents\RipenAI\data\processed\test\apple_unripe\leftin_0000698.jpg,0,4.121393067180179e-05
C:\Users\DELL-04-SMKKRIAN1\Documents\RipenAI\data\processed\test\apple_unripe\leftin_0000699.jpg,0,2.0476400095503777e-05
C:\Users\DELL-04-SMKKRIAN1\Documents\RipenAI\data\processed\test\apple_unripe\leftin_0000700.jpg,0,0.0001443473738618195
C:\Users\DELL-04-SMKKRIAN1\Documents\RipenAI\data\processed\test\apple_unripe\leftin_0000703.jpg,0,0.00010586518328636885
C:\Users\DELL-04-SMKKRIAN1\Documents\RipenAI\data\processed\test\apple_unripe\leftin_0000704.jpg,0,5.193244874135416e-07
C:\Users\DELL-04-SMKKRIAN1\Documents\RipenAI\data\processed\test\apple_unripe\leftin_0000705.jpg,0,0.0018836806993931532
C:\Users\DELL-04-SMKKRIAN1\Documents\RipenAI\data\processed\test\apple_unripe\leftin_0000706.jpg,0,0.0001308954379055649
C:\Users\DELL-04-SMKKRIAN1\Documents\RipenAI\data\processed\test\apple_unripe\leftin_0000707.jpg,0,0.0005295993760228157
C:\Users\DELL-04-SMKKRIAN1\Documents\RipenAI\data\processed\test\apple_unripe\leftin_0000708.jpg,0,1.1862211124480382e-07
C:\Users\DELL-04-SMKKRIAN1\Documents\RipenAI\data\processed\test\apple_unripe\leftin_0000709.jpg,0,1.581539947892452e-07
C:\Users\DELL-04-SMKKRIAN1\Documents\RipenAI\data\processed\test\apple_unripe\leftin_0000710.jpg,0,0.00029981808620505035
C:\Users\DELL-04-SMKKRIAN1\Documents\RipenAI\data\processed\test\apple_unripe\leftin_0000711.jpg,0,0.00020256178686395288
C:\Users\DELL-04-SMKKRIAN1\Documents\RipenAI\data\processed\test\apple_unripe\leftin_0000712.jpg,0,5.551668778025487e-07
C:\Users\DELL-04-SMKKRIAN1\Documents\RipenAI\data\processed\test\apple_unripe\leftin_0000713.jpg,0,1.561780777592503e-06
C:\Users\DELL-04-SMKKRIAN1\Documents\RipenAI\data\processed\test\apple_unripe\leftin_0000715.jpg,0,5.080587015982019e-06
C:\Users\DELL-04-SMKKRIAN1\Documents\RipenAI\data\processed\test\apple_unripe\leftin_0000716.jpg,0,4.290842844056897e-05
C:\Users\DELL-04-SMKKRIAN1\Documents\RipenAI\data\processed\test\apple_unripe\leftin_0000717.jpg,0,3.856764578813454e-06
C:\Users\DELL-04-SMKKRIAN1\Documents\RipenAI\data\processed\test\apple_unripe\leftin_0000718.jpg,0,2.03284662347869e-06
C:\Users\DELL-04-SMKKRIAN1\Documents\RipenAI\data\processed\test\apple_unripe\leftin_0000720.jpg,0,1.5033872102776513e-07
C:\Users\DELL-04-SMKKRIAN1\Documents\RipenAI\data\processed\test\apple_unripe\leftin_0000722.jpg,0,2.3026316853247408e-08
C:\Users\DELL-04-SMKKRIAN1\Documents\RipenAI\data\processed\test\apple_unripe\leftin_0000723.jpg,0,4.707454479557782e-07
C:\Users\DELL-04-SMKKRIAN1\Documents\RipenAI\data\processed\test\apple_unripe\leftin_0000725.jpg,0,0.0007955543696880341
C:\Users\DELL-04-SMKKRIAN1\Documents\RipenAI\data\processed\test\apple_unripe\leftin_0000726.jpg,0,2.844889877451351e-06
C:\Users\DELL-04-SMKKRIAN1\Documents\RipenAI\data\processed\test\apple_unripe\leftin_0000727.jpg,0,3.0038913791941013e-06
C:\Users\DELL-04-SMKKRIAN1\Documents\RipenAI\data\processed\test\apple_unripe\leftin_0000732.jpg,0,5.437366780824959e-05
C:\Users\DELL-04-SMKKRIAN1\Documents\RipenAI\data\processed\test\apple_unripe\leftin_0000733.jpg,0,0.0014031274477019906
C:\Users\DELL-04-SMKKRIAN1\Documents\RipenAI\data\processed\test\apple_unripe\leftin_0000734.jpg,0,1.200093265651958e-06
C:\Users\DELL-04-SMKKRIAN1\Documents\RipenAI\data\processed\test\apple_unripe\leftin_0000735.jpg,0,8.031486800064158e-07
C:\Users\DELL-04-SMKKRIAN1\Documents\RipenAI\data\processed\test\apple_unripe\leftin_0000736.jpg,0,6.896228654795777e-08
C:\Users\DELL-04-SMKKRIAN1\Documents\RipenAI\data\processed\test\apple_unripe\leftin_0000737.jpg,0,0.0002414587652310729
C:\Users\DELL-04-SMKKRIAN1\Documents\RipenAI\data\processed\test\apple_unripe\leftin_0000738.jpg,0,0.00014781126810703427
C:\Users\DELL-04-SMKKRIAN1\Documents\RipenAI\data\processed\test\apple_unripe\leftin_0000739.jpg,0,2.5768832401240616e-08
C:\Users\DELL-04-SMKKRIAN1\Documents\RipenAI\data\processed\test\apple_unripe\leftin_0000740.jpg,0,1.6104742826428264e-05
C:\Users\DELL-04-SMKKRIAN1\Documents\RipenAI\data\processed\test\apple_unripe\leftin_0000742.jpg,0,1.1934165513594053e-06
C:\Users\DELL-04-SMKKRIAN1\Documents\RipenAI\data\processed\test\apple_unripe\leftin_0000743.jpg,0,5.614539304588106e-07
C:\Users\DELL-04-SMKKRIAN1\Documents\RipenAI\data\processed\test\apple_unripe\leftin_0000744.jpg,0,3.7186673580436036e-05
C:\Users\DELL-04-SMKKRIAN1\Documents\RipenAI\data\processed\test\apple_unripe\leftin_0000745.jpg,0,4.289554271963425e-05
C:\Users\DELL-04-SMKKRIAN1\Documents\RipenAI\data\processed\test\apple_unripe\leftin_0000746.jpg,0,0.00010382688196841627
C:\Users\DELL-04-SMKKRIAN1\Documents\RipenAI\data\processed\test\apple_unripe\leftin_0000750.jpg,0,1.693682492032167e-07
C:\Users\DELL-04-SMKKRIAN1\Documents\RipenAI\data\processed\test\apple_unripe\leftin_0000751.jpg,0,4.7235315037141845e-07
C:\Users\DELL-04-SMKKRIAN1\Documents\RipenAI\data\processed\test\apple_unripe\leftin_0000753.jpg,0,0.00016906106611713767
C:\Users\DELL-04-SMKKRIAN1\Documents\RipenAI\data\processed\test\apple_unripe\leftin_0000754.jpg,0,0.0001752119860611856
C:\Users\DELL-04-SMKKRIAN1\Documents\RipenAI\data\processed\test\apple_unripe\leftin_0000756.jpg,0,5.860550663783215e-05
C:\Users\DELL-04-SMKKRIAN1\Documents\RipenAI\data\processed\test\apple_unripe\leftin_0000757.jpg,0,5.538070581678767e-06
C:\Users\DELL-04-SMKKRIAN1\Documents\RipenAI\data\processed\test\apple_unripe\leftin_0000758.jpg,0,1.8948834679122228e-07
C:\Users\DELL-04-SMKKRIAN1\Documents\RipenAI\data\processed\test\apple_unripe\leftin_0000760.jpg,0,0.0011377709452062845
C:\Users\DELL-04-SMKKRIAN1\Documents\RipenAI\data\processed\test\apple_unripe\leftin_0000762.jpg,0,2.1657044726453023e-06
C:\Users\DELL-04-SMKKRIAN1\Documents\RipenAI\data\processed\test\apple_unripe\leftin_0000763.jpg,0,1.550845081510488e-05
C:\Users\DELL-04-SMKKRIAN1\Documents\RipenAI\data\processed\test\apple_unripe\leftin_0000764.jpg,0,9.483039320912212e-06
C:\Users\DELL-04-SMKKRIAN1\Documents\RipenAI\data\processed\test\apple_unripe\leftin_0000765.jpg,0,2.520358430047054e-05
C:\Users\DELL-04-SMKKRIAN1\Documents\RipenAI\data\processed\test\apple_unripe\leftin_0000766.jpg,0,1.2799828255083412e-06
C:\Users\DELL-04-SMKKRIAN1\Documents\RipenAI\data\processed\test\apple_unripe\leftin_0000767.jpg,0,1.3624041457660496e-05
C:\Users\DELL-04-SMKKRIAN1\Documents\RipenAI\data\processed\test\apple_unripe\leftin_0000768.jpg,0,6.629901690757833e-06
C:\Users\DELL-04-SMKKRIAN1\Documents\RipenAI\data\processed\test\apple_unripe\leftin_0000769.jpg,0,1.6810324723337544e-06
C:\Users\DELL-04-SMKKRIAN1\Documents\RipenAI\data\processed\test\apple_unripe\leftin_0000770.jpg,0,1.6189752614081954e-06
C:\Users\DELL-04-SMKKRIAN1\Documents\RipenAI\data\processed\test\apple_unripe\leftin_0000773.jpg,0,4.346561013335304e-07
C:\Users\DELL-04-SMKKRIAN1\Documents\RipenAI\data\processed\test\apple_unripe\leftin_0000774.jpg,0,2.7591391699388623e-05
C:\Users\DELL-04-SMKKRIAN1\Documents\RipenAI\data\processed\test\apple_unripe\leftin_0000775.jpg,0,6.032290548318997e-05
C:\Users\DELL-04-SMKKRIAN1\Documents\RipenAI\data\processed\test\apple_unripe\leftin_0000776.jpg,0,6.192689738782065e-08
C:\Users\DELL-04-SMKKRIAN1\Documents\RipenAI\data\processed\test\apple_unripe\leftin_0000777.jpg,0,6.671368169008929e-08
C:\Users\DELL-04-SMKKRIAN1\Documents\RipenAI\data\processed\test\apple_unripe\leftin_0000780.jpg,0,0.006485236342996359
C:\Users\DELL-04-SMKKRIAN1\Documents\RipenAI\data\processed\test\apple_unripe\leftin_0000784.jpg,0,5.712105917154986e-07
C:\Users\DELL-04-SMKKRIAN1\Documents\RipenAI\data\processed\test\apple_unripe\leftin_0000785.jpg,0,5.221430001256522e-06
C:\Users\DELL-04-SMKKRIAN1\Documents\RipenAI\data\processed\test\apple_unripe\leftin_0000786.jpg,0,2.7557480279938318e-06
C:\Users\DELL-04-SMKKRIAN1\Documents\RipenAI\data\processed\test\apple_unripe\leftin_0000788.jpg,0,6.866787316539558e-06
C:\Users\DELL-04-SMKKRIAN1\Documents\RipenAI\data\processed\test\apple_unripe\leftin_0000789.jpg,0,7.794035809638444e-06
C:\Users\DELL-04-SMKKRIAN1\Documents\RipenAI\data\processed\test\apple_unripe\leftin_0000790.jpg,0,0.00010935686441371217
C:\Users\DELL-04-SMKKRIAN1\Documents\RipenAI\data\processed\test\apple_unripe\leftin_0000791.jpg,0,3.831987385183311e-07
C:\Users\DELL-04-SMKKRIAN1\Documents\RipenAI\data\processed\test\apple_unripe\leftin_0000792.jpg,0,1.9845288079523016e-06
C:\Users\DELL-04-SMKKRIAN1\Documents\RipenAI\data\processed\test\apple_unripe\leftin_0000794.jpg,0,3.757712931928836e-07
C:\Users\DELL-04-SMKKRIAN1\Documents\RipenAI\data\processed\test\apple_unripe\leftin_0000795.jpg,0,7.327752427954692e-06
C:\Users\DELL-04-SMKKRIAN1\Documents\RipenAI\data\processed\test\apple_unripe\leftin_0000796.jpg,0,2.3438378775608726e-06
C:\Users\DELL-04-SMKKRIAN1\Documents\RipenAI\data\processed\test\apple_unripe\leftin_0000797.jpg,0,2.62795680328054e-07
C:\Users\DELL-04-SMKKRIAN1\Documents\RipenAI\data\processed\test\apple_unripe\leftin_0000798.jpg,0,9.78571279119933e-06
C:\Users\DELL-04-SMKKRIAN1\Documents\RipenAI\data\processed\test\apple_unripe\leftin_0000799.jpg,0,0.00017367688997182995
C:\Users\DELL-04-SMKKRIAN1\Documents\RipenAI\data\processed\test\apple_unripe\leftin_0000801.jpg,0,3.1760796446178574e-06
C:\Users\DELL-04-SMKKRIAN1\Documents\RipenAI\data\processed\test\apple_unripe\leftin_0000802.jpg,0,2.8090121304558124e-06
C:\Users\DELL-04-SMKKRIAN1\Documents\RipenAI\data\processed\test\apple_unripe\leftin_0000803.jpg,0,3.1600097827322315e-06
C:\Users\DELL-04-SMKKRIAN1\Documents\RipenAI\data\processed\test\apple_unripe\leftin_0000804.jpg,0,1.529133260191884e-05
C:\Users\DELL-04-SMKKRIAN1\Documents\RipenAI\data\processed\test\apple_unripe\leftin_0000805.jpg,0,0.0006154211587272584
C:\Users\DELL-04-SMKKRIAN1\Documents\RipenAI\data\processed\test\apple_unripe\leftin_0000808.jpg,0,0.0008657111902721226
C:\Users\DELL-04-SMKKRIAN1\Documents\RipenAI\data\processed\test\apple_unripe\leftin_0000810.jpg,0,0.00019047777459491044
C:\Users\DELL-04-SMKKRIAN1\Documents\RipenAI\data\processed\test\apple_unripe\leftin_0000811.jpg,0,2.312915967195295e-06
C:\Users\DELL-04-SMKKRIAN1\Documents\RipenAI\data\processed\test\apple_unripe\leftin_0000813.jpg,0,6.0157806728966534e-05
C:\Users\DELL-04-SMKKRIAN1\Documents\RipenAI\data\processed\test\apple_unripe\leftin_0000814.jpg,0,0.00010968594142468646
C:\Users\DELL-04-SMKKRIAN1\Documents\RipenAI\data\processed\test\apple_unripe\leftin_0000816.jpg,0,0.00012125966168241575
C:\Users\DELL-04-SMKKRIAN1\Documents\RipenAI\data\processed\test\apple_unripe\leftin_0000817.jpg,0,1.7860385526091704e-07
C:\Users\DELL-04-SMKKRIAN1\Documents\RipenAI\data\processed\test\apple_unripe\leftin_0000818.jpg,0,0.00012416862591635436
C:\Users\DELL-04-SMKKRIAN1\Documents\RipenAI\data\processed\test\apple_unripe\leftin_0000820.jpg,0,0.00014970102347433567
C:\Users\DELL-04-SMKKRIAN1\Documents\RipenAI\data\processed\test\apple_unripe\leftin_0000821.jpg,0,2.2327385522658005e-06
C:\Users\DELL-04-SMKKRIAN1\Documents\RipenAI\data\processed\test\apple_unripe\leftin_0000822.jpg,0,6.179398769745603e-05
C:\Users\DELL-04-SMKKRIAN1\Documents\RipenAI\data\processed\test\apple_unripe\leftin_0000823.jpg,0,0.0017448482103645802
C:\Users\DELL-04-SMKKRIAN1\Documents\RipenAI\data\processed\test\apple_unripe\leftin_0000826.jpg,0,0.0017175261164084077
C:\Users\DELL-04-SMKKRIAN1\Documents\RipenAI\data\processed\test\apple_unripe\leftin_0000827.jpg,0,1.7081664509532857e-06
C:\Users\DELL-04-SMKKRIAN1\Documents\RipenAI\data\processed\test\apple_unripe\leftin_0000828.jpg,0,2.3738418519769766e-07
C:\Users\DELL-04-SMKKRIAN1\Documents\RipenAI\data\processed\test\apple_unripe\leftin_0000830.jpg,0,0.00011616731353569776
C:\Users\DELL-04-SMKKRIAN1\Documents\RipenAI\data\processed\test\apple_unripe\leftin_0000831.jpg,0,2.799673438858008e-06
C:\Users\DELL-04-SMKKRIAN1\Documents\RipenAI\data\processed\test\apple_unripe\leftin_0000832.jpg,0,5.189603598410031e-06
C:\Users\DELL-04-SMKKRIAN1\Documents\RipenAI\data\processed\test\apple_unripe\leftin_0000834.jpg,0,1.1591910009656203e-07
C:\Users\DELL-04-SMKKRIAN1\Documents\RipenAI\data\processed\test\apple_unripe\leftin_0000835.jpg,0,0.00022037760936655104
C:\Users\DELL-04-SMKKRIAN1\Documents\RipenAI\data\processed\test\apple_unripe\leftin_0000836.jpg,0,2.3059948262016405e-07
C:\Users\DELL-04-SMKKRIAN1\Documents\RipenAI\data\processed\test\apple_unripe\leftin_0000837.jpg,0,7.0304449764080346e-06
C:\Users\DELL-04-SMKKRIAN1\Documents\RipenAI\data\processed\test\apple_unripe\leftin_0000838.jpg,0,1.722251852243062e-07
C:\Users\DELL-04-SMKKRIAN1\Documents\RipenAI\data\processed\test\apple_unripe\leftin_0000839.jpg,0,4.7654826630605385e-05
C:\Users\DELL-04-SMKKRIAN1\Documents\RipenAI\data\processed\test\apple_unripe\leftin_0000840.jpg,0,4.4476801122073084e-05
C:\Users\DELL-04-SMKKRIAN1\Documents\RipenAI\data\processed\test\apple_unripe\leftin_0000841.jpg,0,0.001343977521173656
C:\Users\DELL-04-SMKKRIAN1\Documents\RipenAI\data\processed\test\apple_unripe\leftin_0000842.jpg,0,0.00030258140759542584
C:\Users\DELL-04-SMKKRIAN1\Documents\RipenAI\data\processed\test\apple_unripe\leftin_0000843.jpg,0,5.94303173784283e-06
C:\Users\DELL-04-SMKKRIAN1\Documents\RipenAI\data\processed\test\apple_unripe\leftin_0000844.jpg,0,8.144119192365906e-07
C:\Users\DELL-04-SMKKRIAN1\Documents\RipenAI\data\processed\test\apple_unripe\leftin_0000845.jpg,0,8.246308880188735e-08
C:\Users\DELL-04-SMKKRIAN1\Documents\RipenAI\data\processed\test\apple_unripe\leftin_0000846.jpg,0,1.7365009625791572e-06
C:\Users\DELL-04-SMKKRIAN1\Documents\RipenAI\data\processed\test\apple_unripe\leftin_0000848.jpg,0,3.3536139198986348e-06
C:\Users\DELL-04-SMKKRIAN1\Documents\RipenAI\data\processed\test\apple_unripe\leftin_0000849.jpg,0,2.8913313144585118e-05
C:\Users\DELL-04-SMKKRIAN1\Documents\RipenAI\data\processed\test\apple_unripe\leftin_0000851.jpg,0,2.423562648345978e-07
C:\Users\DELL-04-SMKKRIAN1\Documents\RipenAI\data\processed\test\apple_unripe\leftin_0000852.jpg,0,0.0008150625508278608
C:\Users\DELL-04-SMKKRIAN1\Documents\RipenAI\data\processed\test\apple_unripe\leftin_0000855.jpg,0,2.0393617887748405e-05
C:\Users\DELL-04-SMKKRIAN1\Documents\RipenAI\data\processed\test\apple_unripe\leftin_0000857.jpg,0,2.278902968555485e-07
C:\Users\DELL-04-SMKKRIAN1\Documents\RipenAI\data\processed\test\apple_unripe\leftin_0000858.jpg,0,4.403354978421703e-06
C:\Users\DELL-04-SMKKRIAN1\Documents\RipenAI\data\processed\test\apple_unripe\leftin_0000859.jpg,0,5.2079400347793126e-08
C:\Users\DELL-04-SMKKRIAN1\Documents\RipenAI\data\processed\test\apple_unripe\leftin_0000860.jpg,0,1.6471905837533996e-05
C:\Users\DELL-04-SMKKRIAN1\Documents\RipenAI\data\processed\test\apple_unripe\leftin_0000861.jpg,0,0.00021184739307500422
C:\Users\DELL-04-SMKKRIAN1\Documents\RipenAI\data\processed\test\apple_unripe\leftin_0000862.jpg,0,8.982064514384547e-07
C:\Users\DELL-04-SMKKRIAN1\Documents\RipenAI\data\processed\test\apple_unripe\leftin_0000864.jpg,0,1.8815502471625223e-06
C:\Users\DELL-04-SMKKRIAN1\Documents\RipenAI\data\processed\test\apple_unripe\leftin_0000865.jpg,0,7.364771590800956e-06
C:\Users\DELL-04-SMKKRIAN1\Documents\RipenAI\data\processed\test\apple_unripe\leftin_0000866.jpg,0,0.0002826973795890808
C:\Users\DELL-04-SMKKRIAN1\Documents\RipenAI\data\processed\test\apple_unripe\leftin_0000868.jpg,0,8.70049261720851e-05
C:\Users\DELL-04-SMKKRIAN1\Documents\RipenAI\data\processed\test\apple_unripe\leftin_0000869.jpg,0,2.3298205178434728e-06
C:\Users\DELL-04-SMKKRIAN1\Documents\RipenAI\data\processed\test\apple_unripe\leftin_0000870.jpg,0,7.292926602531224e-05
C:\Users\DELL-04-SMKKRIAN1\Documents\RipenAI\data\processed\test\apple_unripe\leftin_0000871.jpg,0,0.0001263992307940498
C:\Users\DELL-04-SMKKRIAN1\Documents\RipenAI\data\processed\test\apple_unripe\leftin_0000872.jpg,0,1.3910146208218066e-06
C:\Users\DELL-04-SMKKRIAN1\Documents\RipenAI\data\processed\test\apple_unripe\leftin_0000873.jpg,0,3.693405915328185e-06
C:\Users\DELL-04-SMKKRIAN1\Documents\RipenAI\data\processed\test\apple_unripe\leftin_0000874.jpg,0,1.3678498362423852e-05
C:\Users\DELL-04-SMKKRIAN1\Documents\RipenAI\data\processed\test\apple_unripe\leftin_0000876.jpg,0,0.0006159771583043039
C:\Users\DELL-04-SMKKRIAN1\Documents\RipenAI\data\processed\test\apple_unripe\leftin_0000878.jpg,0,2.376932570768986e-05
C:\Users\DELL-04-SMKKRIAN1\Documents\RipenAI\data\processed\test\apple_unripe\leftin_0000880.jpg,0,0.0001368714147247374
C:\Users\DELL-04-SMKKRIAN1\Documents\RipenAI\data\processed\test\apple_unripe\leftin_0000881.jpg,0,2.921950681411545e-07
C:\Users\DELL-04-SMKKRIAN1\Documents\RipenAI\data\processed\test\apple_unripe\leftin_0000882.jpg,0,6.136374850029824e-06
C:\Users\DELL-04-SMKKRIAN1\Documents\RipenAI\data\processed\test\apple_unripe\leftin_0000883.jpg,0,0.00038240800495259464
C:\Users\DELL-04-SMKKRIAN1\Documents\RipenAI\data\processed\test\apple_unripe\leftin_0000884.jpg,0,4.207223901175894e-05
C:\Users\DELL-04-SMKKRIAN1\Documents\RipenAI\data\processed\test\apple_unripe\leftin_0000885.jpg,0,1.1543041011918831e-07
C:\Users\DELL-04-SMKKRIAN1\Documents\RipenAI\data\processed\test\apple_unripe\leftin_0000889.jpg,0,0.001753137563355267
C:\Users\DELL-04-SMKKRIAN1\Documents\RipenAI\data\processed\test\apple_unripe\leftin_0000890.jpg,0,3.0946841889090138e-06
C:\Users\DELL-04-SMKKRIAN1\Documents\RipenAI\data\processed\test\apple_unripe\leftin_0000891.jpg,0,5.366978257370647e-07
C:\Users\DELL-04-SMKKRIAN1\Documents\RipenAI\data\processed\test\apple_unripe\leftin_0000892.jpg,0,1.783414882083889e-05
C:\Users\DELL-04-SMKKRIAN1\Documents\RipenAI\data\processed\test\apple_unripe\leftin_0000893.jpg,0,2.749626219156198e-06
C:\Users\DELL-04-SMKKRIAN1\Documents\RipenAI\data\processed\test\apple_unripe\leftin_0000895.jpg,0,1.8423025949232397e-06
C:\Users\DELL-04-SMKKRIAN1\Documents\RipenAI\data\processed\test\apple_unripe\leftin_0000896.jpg,0,1.6921690985327587e-05
C:\Users\DELL-04-SMKKRIAN1\Documents\RipenAI\data\processed\test\apple_unripe\leftin_0000897.jpg,0,7.637871135557361e-08
C:\Users\DELL-04-SMKKRIAN1\Documents\RipenAI\data\processed\test\apple_unripe\leftin_0000898.jpg,0,1.758271173457615e-05
C:\Users\DELL-04-SMKKRIAN1\Documents\RipenAI\data\processed\test\apple_unripe\leftin_0000899.jpg,0,5.654994311043993e-06
C:\Users\DELL-04-SMKKRIAN1\Documents\RipenAI\data\processed\test\apple_unripe\leftin_0000901.jpg,0,2.2294318569038296e-06
C:\Users\DELL-04-SMKKRIAN1\Documents\RipenAI\data\processed\test\apple_unripe\leftin_0000902.jpg,0,2.6435978725203313e-05
C:\Users\DELL-04-SMKKRIAN1\Documents\RipenAI\data\processed\test\apple_unripe\leftin_0000903.jpg,0,3.796655391852255e-06
C:\Users\DELL-04-SMKKRIAN1\Documents\RipenAI\data\processed\test\apple_unripe\leftin_0000904.jpg,0,2.096223852277035e-06
C:\Users\DELL-04-SMKKRIAN1\Documents\RipenAI\data\processed\test\apple_unripe\leftin_0000906.jpg,0,1.6775060203144676e-06
C:\Users\DELL-04-SMKKRIAN1\Documents\RipenAI\data\processed\test\apple_unripe\leftin_0000908.jpg,0,7.418892346322536e-05
C:\Users\DELL-04-SMKKRIAN1\Documents\RipenAI\data\processed\test\apple_unripe\leftin_0000909.jpg,0,0.00017952214693650603
C:\Users\DELL-04-SMKKRIAN1\Documents\RipenAI\data\processed\test\apple_unripe\leftin_0000914.jpg,0,2.3500558654632187e-06
C:\Users\DELL-04-SMKKRIAN1\Documents\RipenAI\data\processed\test\apple_unripe\leftin_0000918.jpg,0,8.092694770311937e-06
C:\Users\DELL-04-SMKKRIAN1\Documents\RipenAI\data\processed\test\apple_unripe\leftin_0000920.jpg,0,8.608153621025849e-06
C:\Users\DELL-04-SMKKRIAN1\Documents\RipenAI\data\processed\test\apple_unripe\leftin_0000921.jpg,0,3.718836296684458e-06
C:\Users\DELL-04-SMKKRIAN1\Documents\RipenAI\data\processed\test\apple_unripe\leftin_0000923.jpg,0,5.039406005380442e-06
C:\Users\DELL-04-SMKKRIAN1\Documents\RipenAI\data\processed\test\apple_unripe\leftin_0000924.jpg,0,1.4621201444242615e-05
C:\Users\DELL-04-SMKKRIAN1\Documents\RipenAI\data\processed\test\apple_unripe\leftin_0000926.jpg,0,0.00012317804794292897
C:\Users\DELL-04-SMKKRIAN1\Documents\RipenAI\data\processed\test\apple_unripe\leftin_0000927.jpg,0,0.00031969882547855377
C:\Users\DELL-04-SMKKRIAN1\Documents\RipenAI\data\processed\test\apple_unripe\leftin_0000929.jpg,0,1.554143636894878e-05
C:\Users\DELL-04-SMKKRIAN1\Documents\RipenAI\data\processed\test\apple_unripe\leftin_0000931.jpg,0,0.0003236012125853449
C:\Users\DELL-04-SMKKRIAN1\Documents\RipenAI\data\processed\test\apple_unripe\leftin_0000932.jpg,0,1.526280539110303e-05
C:\Users\DELL-04-SMKKRIAN1\Documents\RipenAI\data\processed\test\apple_unripe\leftin_0000937.jpg,0,0.0017980822594836354
C:\Users\DELL-04-SMKKRIAN1\Documents\RipenAI\data\processed\test\apple_unripe\leftin_0000939.jpg,0,0.0003479063743725419
C:\Users\DELL-04-SMKKRIAN1\Documents\RipenAI\data\processed\test\apple_unripe\leftin_0000940.jpg,0,0.00035111443139612675
C:\Users\DELL-04-SMKKRIAN1\Documents\RipenAI\data\processed\test\apple_unripe\leftin_0000941.jpg,0,1.6842752302181907e-05
C:\Users\DELL-04-SMKKRIAN1\Documents\RipenAI\data\processed\test\apple_unripe\leftin_0000942.jpg,0,9.513898112345487e-05
C:\Users\DELL-04-SMKKRIAN1\Documents\RipenAI\data\processed\test\apple_unripe\leftin_0000944.jpg,0,0.00042564450995996594
C:\Users\DELL-04-SMKKRIAN1\Documents\RipenAI\data\processed\test\apple_unripe\leftin_0000945.jpg,0,0.0006007555639371276
C:\Users\DELL-04-SMKKRIAN1\Documents\RipenAI\data\processed\test\apple_unripe\leftin_0000946.jpg,0,9.60094098445552e-07
C:\Users\DELL-04-SMKKRIAN1\Documents\RipenAI\data\processed\test\apple_unripe\leftin_0000947.jpg,0,9.127639089001605e-08
C:\Users\DELL-04-SMKKRIAN1\Documents\RipenAI\data\processed\test\apple_unripe\leftin_0000948.jpg,0,5.265703180157288e-07
C:\Users\DELL-04-SMKKRIAN1\Documents\RipenAI\data\processed\test\apple_unripe\leftin_0000950.jpg,0,0.0008555067470297217
C:\Users\DELL-04-SMKKRIAN1\Documents\RipenAI\data\processed\test\apple_unripe\leftin_0000951.jpg,0,2.1739153453381732e-05
C:\Users\DELL-04-SMKKRIAN1\Documents\RipenAI\data\processed\test\apple_unripe\leftin_0000953.jpg,0,8.520773775444468e-08
C:\Users\DELL-04-SMKKRIAN1\Documents\RipenAI\data\processed\test\apple_unripe\leftin_0000954.jpg,0,0.00046830667997710407
C:\Users\DELL-04-SMKKRIAN1\Documents\RipenAI\data\processed\test\apple_unripe\leftin_0000955.jpg,0,7.180631769188039e-07
C:\Users\DELL-04-SMKKRIAN1\Documents\RipenAI\data\processed\test\apple_unripe\leftin_0000956.jpg,0,0.0001399875181959942
C:\Users\DELL-04-SMKKRIAN1\Documents\RipenAI\data\processed\test\apple_unripe\leftin_0000958.jpg,0,0.0002309797127963975
C:\Users\DELL-04-SMKKRIAN1\Documents\RipenAI\data\processed\test\apple_unripe\leftin_0000960.jpg,0,0.0030994240660220385
C:\Users\DELL-04-SMKKRIAN1\Documents\RipenAI\data\processed\test\apple_unripe\leftin_0000961.jpg,0,7.450477278325707e-05
C:\Users\DELL-04-SMKKRIAN1\Documents\RipenAI\data\processed\test\apple_unripe\leftin_0000962.jpg,0,3.769783916141023e-06
C:\Users\DELL-04-SMKKRIAN1\Documents\RipenAI\data\processed\test\apple_unripe\leftin_0000963.jpg,0,2.381234116910491e-05
C:\Users\DELL-04-SMKKRIAN1\Documents\RipenAI\data\processed\test\apple_unripe\leftin_0000966.jpg,0,2.5655712306615897e-05
C:\Users\DELL-04-SMKKRIAN1\Documents\RipenAI\data\processed\test\banana_overripe\asadullahprl_0000967.jpg,0,0.07517809420824051
C:\Users\DELL-04-SMKKRIAN1\Documents\RipenAI\data\processed\test\banana_overripe\asadullahprl_0000968.jpg,0,0.00017057586228474975
C:\Users\DELL-04-SMKKRIAN1\Documents\RipenAI\data\processed\test\banana_overripe\asadullahprl_0000969.jpg,0,0.024814754724502563
C:\Users\DELL-04-SMKKRIAN1\Documents\RipenAI\data\processed\test\banana_overripe\asadullahprl_0000970.jpg,0,0.01946885511279106
C:\Users\DELL-04-SMKKRIAN1\Documents\RipenAI\data\processed\test\banana_overripe\asadullahprl_0000972.jpg,0,0.11360722035169601
C:\Users\DELL-04-SMKKRIAN1\Documents\RipenAI\data\processed\test\banana_overripe\asadullahprl_0000973.jpg,0,0.13334278762340546
C:\Users\DELL-04-SMKKRIAN1\Documents\RipenAI\data\processed\test\banana_overripe\asadullahprl_0000974.jpg,0,0.00011650579108390957
C:\Users\DELL-04-SMKKRIAN1\Documents\RipenAI\data\processed\test\banana_overripe\asadullahprl_0000975.jpg,0,0.06696294993162155
C:\Users\DELL-04-SMKKRIAN1\Documents\RipenAI\data\processed\test\banana_overripe\asadullahprl_0000976.jpg,0,0.9526081085205078
C:\Users\DELL-04-SMKKRIAN1\Documents\RipenAI\data\processed\test\banana_overripe\asadullahprl_0000978.jpg,0,0.011529267765581608
C:\Users\DELL-04-SMKKRIAN1\Documents\RipenAI\data\processed\test\banana_overripe\asadullahprl_0000979.jpg,0,0.004939425736665726
C:\Users\DELL-04-SMKKRIAN1\Documents\RipenAI\data\processed\test\banana_overripe\asadullahprl_0000980.jpg,0,0.014119633473455906
C:\Users\DELL-04-SMKKRIAN1\Documents\RipenAI\data\processed\test\banana_overripe\asadullahprl_0000982.jpg,0,0.5244986414909363
C:\Users\DELL-04-SMKKRIAN1\Documents\RipenAI\data\processed\test\banana_overripe\asadullahprl_0000984.jpg,0,0.03262191638350487
C:\Users\DELL-04-SMKKRIAN1\Documents\RipenAI\data\processed\test\banana_overripe\asadullahprl_0000985.jpg,0,0.1086144745349884
C:\Users\DELL-04-SMKKRIAN1\Documents\RipenAI\data\processed\test\banana_overripe\asadullahprl_0000986.jpg,0,0.9960338473320007
C:\Users\DELL-04-SMKKRIAN1\Documents\RipenAI\data\processed\test\banana_overripe\asadullahprl_0000988.jpg,0,0.015604186803102493
C:\Users\DELL-04-SMKKRIAN1\Documents\RipenAI\data\processed\test\banana_overripe\asadullahprl_0000989.jpg,0,8.22409347165376e-05
C:\Users\DELL-04-SMKKRIAN1\Documents\RipenAI\data\processed\test\banana_overripe\asadullahprl_0000991.jpg,0,0.0058904956094920635
C:\Users\DELL-04-SMKKRIAN1\Documents\RipenAI\data\processed\test\banana_overripe\asadullahprl_0000994.jpg,0,0.0033148513175547123
C:\Users\DELL-04-SMKKRIAN1\Documents\RipenAI\data\processed\test\banana_overripe\asadullahprl_0000995.jpg,0,0.6135240793228149
C:\Users\DELL-04-SMKKRIAN1\Documents\RipenAI\data\processed\test\banana_overripe\asadullahprl_0000996.jpg,0,0.012780304066836834
C:\Users\DELL-04-SMKKRIAN1\Documents\RipenAI\data\processed\test\banana_overripe\asadullahprl_0000998.jpg,0,3.198705962859094e-05
C:\Users\DELL-04-SMKKRIAN1\Documents\RipenAI\data\processed\test\banana_overripe\asadullahprl_0000999.jpg,0,0.0018497600685805082
C:\Users\DELL-04-SMKKRIAN1\Documents\RipenAI\data\processed\test\banana_overripe\asadullahprl_0001001.jpg,0,0.000727689650375396
C:\Users\DELL-04-SMKKRIAN1\Documents\RipenAI\data\processed\test\banana_overripe\asadullahprl_0001003.jpg,0,0.0003416147083044052
C:\Users\DELL-04-SMKKRIAN1\Documents\RipenAI\data\processed\test\banana_overripe\asadullahprl_0001004.jpg,0,0.8870380520820618
C:\Users\DELL-04-SMKKRIAN1\Documents\RipenAI\data\processed\test\banana_overripe\asadullahprl_0001007.jpg,0,0.10134679079055786
C:\Users\DELL-04-SMKKRIAN1\Documents\RipenAI\data\processed\test\banana_overripe\asadullahprl_0001008.jpg,0,0.001744528184644878
C:\Users\DELL-04-SMKKRIAN1\Documents\RipenAI\data\processed\test\banana_overripe\asadullahprl_0001011.jpg,0,0.0005181790329515934
C:\Users\DELL-04-SMKKRIAN1\Documents\RipenAI\data\processed\test\banana_overripe\asadullahprl_0001014.jpg,0,0.00033370641176588833
C:\Users\DELL-04-SMKKRIAN1\Documents\RipenAI\data\processed\test\banana_overripe\asadullahprl_0001016.jpg,0,0.014225427061319351
C:\Users\DELL-04-SMKKRIAN1\Documents\RipenAI\data\processed\test\banana_overripe\asadullahprl_0001017.jpg,0,0.04332108050584793
C:\Users\DELL-04-SMKKRIAN1\Documents\RipenAI\data\processed\test\banana_overripe\asadullahprl_0001023.jpg,0,0.0670834481716156
C:\Users\DELL-04-SMKKRIAN1\Documents\RipenAI\data\processed\test\banana_overripe\bananaimagebd_0000971.jpg,0,0.08689797669649124
C:\Users\DELL-04-SMKKRIAN1\Documents\RipenAI\data\processed\test\banana_overripe\bananaimagebd_0000977.jpg,0,0.005514856893569231
C:\Users\DELL-04-SMKKRIAN1\Documents\RipenAI\data\processed\test\banana_overripe\bananaimagebd_0000981.jpg,0,0.0012168388348072767
C:\Users\DELL-04-SMKKRIAN1\Documents\RipenAI\data\processed\test\banana_overripe\bananaimagebd_0000983.jpg,0,0.03811020404100418
C:\Users\DELL-04-SMKKRIAN1\Documents\RipenAI\data\processed\test\banana_overripe\bananaimagebd_0000987.jpg,0,0.0006098708254285157
C:\Users\DELL-04-SMKKRIAN1\Documents\RipenAI\data\processed\test\banana_overripe\bananaimagebd_0000990.jpg,0,0.000525875948369503
C:\Users\DELL-04-SMKKRIAN1\Documents\RipenAI\data\processed\test\banana_overripe\bananaimagebd_0000992.jpg,0,0.00028990203281864524
C:\Users\DELL-04-SMKKRIAN1\Documents\RipenAI\data\processed\test\banana_overripe\bananaimagebd_0000993.jpg,0,0.0009239114006049931
C:\Users\DELL-04-SMKKRIAN1\Documents\RipenAI\data\processed\test\banana_overripe\bananaimagebd_0000997.jpg,0,9.840397979132831e-05
C:\Users\DELL-04-SMKKRIAN1\Documents\RipenAI\data\processed\test\banana_overripe\bananaimagebd_0001000.jpg,0,0.04397805780172348
C:\Users\DELL-04-SMKKRIAN1\Documents\RipenAI\data\processed\test\banana_overripe\bananaimagebd_0001002.jpg,0,5.626544225378893e-05
C:\Users\DELL-04-SMKKRIAN1\Documents\RipenAI\data\processed\test\banana_overripe\bananaimagebd_0001005.jpg,0,0.34522074460983276
C:\Users\DELL-04-SMKKRIAN1\Documents\RipenAI\data\processed\test\banana_overripe\bananaimagebd_0001006.jpg,0,0.002290449570864439
C:\Users\DELL-04-SMKKRIAN1\Documents\RipenAI\data\processed\test\banana_overripe\bananaimagebd_0001009.jpg,0,0.0017703981138765812
C:\Users\DELL-04-SMKKRIAN1\Documents\RipenAI\data\processed\test\banana_overripe\bananaimagebd_0001010.jpg,0,0.0006817949470132589
C:\Users\DELL-04-SMKKRIAN1\Documents\RipenAI\data\processed\test\banana_overripe\bananaimagebd_0001012.jpg,0,0.009169280529022217
C:\Users\DELL-04-SMKKRIAN1\Documents\RipenAI\data\processed\test\banana_overripe\bananaimagebd_0001013.jpg,0,0.0026887233834713697
C:\Users\DELL-04-SMKKRIAN1\Documents\RipenAI\data\processed\test\banana_overripe\bananaimagebd_0001015.jpg,0,0.0003940222959499806
C:\Users\DELL-04-SMKKRIAN1\Documents\RipenAI\data\processed\test\banana_overripe\bananaimagebd_0001018.jpg,0,0.00034877509460784495
C:\Users\DELL-04-SMKKRIAN1\Documents\RipenAI\data\processed\test\banana_overripe\bananaimagebd_0001019.jpg,0,0.04190119355916977
C:\Users\DELL-04-SMKKRIAN1\Documents\RipenAI\data\processed\test\banana_overripe\bananaimagebd_0001020.jpg,0,0.0036125152837485075
C:\Users\DELL-04-SMKKRIAN1\Documents\RipenAI\data\processed\test\banana_overripe\bananaimagebd_0001021.jpg,0,0.009231935255229473
C:\Users\DELL-04-SMKKRIAN1\Documents\RipenAI\data\processed\test\banana_overripe\bananaimagebd_0001022.jpg,0,0.07942388206720352
C:\Users\DELL-04-SMKKRIAN1\Documents\RipenAI\data\processed\test\banana_ripe\alexcj10-ripenet_0001024.jpg,0,0.014343244023621082
C:\Users\DELL-04-SMKKRIAN1\Documents\RipenAI\data\processed\test\banana_ripe\alexcj10-ripenet_0001035.jpg,0,0.01803773269057274
C:\Users\DELL-04-SMKKRIAN1\Documents\RipenAI\data\processed\test\banana_ripe\alexcj10-ripenet_0001053.jpg,0,0.06849192827939987
C:\Users\DELL-04-SMKKRIAN1\Documents\RipenAI\data\processed\test\banana_ripe\alexcj10-ripenet_0001057.jpg,0,0.013894712552428246
C:\Users\DELL-04-SMKKRIAN1\Documents\RipenAI\data\processed\test\banana_ripe\alexcj10-ripenet_0001059.jpg,0,0.6814086437225342
C:\Users\DELL-04-SMKKRIAN1\Documents\RipenAI\data\processed\test\banana_ripe\alexcj10-ripenet_0001062.jpg,0,0.13626569509506226
C:\Users\DELL-04-SMKKRIAN1\Documents\RipenAI\data\processed\test\banana_ripe\alexcj10-ripenet_0001064.jpg,0,0.4945889413356781
C:\Users\DELL-04-SMKKRIAN1\Documents\RipenAI\data\processed\test\banana_ripe\alexcj10-ripenet_0001069.jpg,0,0.0054504768922924995
C:\Users\DELL-04-SMKKRIAN1\Documents\RipenAI\data\processed\test\banana_ripe\alexcj10-ripenet_0001074.jpg,0,0.7565388083457947
C:\Users\DELL-04-SMKKRIAN1\Documents\RipenAI\data\processed\test\banana_ripe\alexcj10-ripenet_0001087.jpg,0,0.08434414118528366
C:\Users\DELL-04-SMKKRIAN1\Documents\RipenAI\data\processed\test\banana_ripe\alexcj10-ripenet_0001096.jpg,0,0.13476453721523285
C:\Users\DELL-04-SMKKRIAN1\Documents\RipenAI\data\processed\test\banana_ripe\alexcj10-ripenet_0001100.jpg,0,0.031972791999578476
C:\Users\DELL-04-SMKKRIAN1\Documents\RipenAI\data\processed\test\banana_ripe\alexcj10-ripenet_0001103.jpg,0,0.9357812404632568
C:\Users\DELL-04-SMKKRIAN1\Documents\RipenAI\data\processed\test\banana_ripe\alexcj10-ripenet_0001106.jpg,0,0.5704320669174194
C:\Users\DELL-04-SMKKRIAN1\Documents\RipenAI\data\processed\test\banana_ripe\alexcj10-ripenet_0001109.jpg,0,0.08388496935367584
C:\Users\DELL-04-SMKKRIAN1\Documents\RipenAI\data\processed\test\banana_ripe\alexcj10-ripenet_0001115.jpg,0,0.0010389498202130198
C:\Users\DELL-04-SMKKRIAN1\Documents\RipenAI\data\processed\test\banana_ripe\alexcj10-ripenet_0001122.jpg,0,0.027375129982829094
C:\Users\DELL-04-SMKKRIAN1\Documents\RipenAI\data\processed\test\banana_ripe\alexcj10-ripenet_0001126.jpg,0,0.09562915563583374
C:\Users\DELL-04-SMKKRIAN1\Documents\RipenAI\data\processed\test\banana_ripe\alexcj10-ripenet_0001128.jpg,0,0.046170417219400406
C:\Users\DELL-04-SMKKRIAN1\Documents\RipenAI\data\processed\test\banana_ripe\alexcj10-ripenet_0001135.jpg,0,0.0668444111943245
C:\Users\DELL-04-SMKKRIAN1\Documents\RipenAI\data\processed\test\banana_ripe\alexcj10-ripenet_0001136.jpg,0,0.5373290777206421
C:\Users\DELL-04-SMKKRIAN1\Documents\RipenAI\data\processed\test\banana_ripe\alexcj10-ripenet_0001148.jpg,0,0.23790675401687622
C:\Users\DELL-04-SMKKRIAN1\Documents\RipenAI\data\processed\test\banana_ripe\alexcj10-ripenet_0001152.jpg,0,0.3788672387599945
C:\Users\DELL-04-SMKKRIAN1\Documents\RipenAI\data\processed\test\banana_ripe\alexcj10-ripenet_0001183.jpg,0,0.3868465721607208
C:\Users\DELL-04-SMKKRIAN1\Documents\RipenAI\data\processed\test\banana_ripe\alexcj10-ripenet_0001186.jpg,0,0.124662384390831
C:\Users\DELL-04-SMKKRIAN1\Documents\RipenAI\data\processed\test\banana_ripe\alexcj10-ripenet_0001190.jpg,0,0.12353992462158203
C:\Users\DELL-04-SMKKRIAN1\Documents\RipenAI\data\processed\test\banana_ripe\alexcj10-ripenet_0001195.jpg,0,0.018301675096154213
C:\Users\DELL-04-SMKKRIAN1\Documents\RipenAI\data\processed\test\banana_ripe\alexcj10-ripenet_0001211.jpg,0,0.00629535224288702
C:\Users\DELL-04-SMKKRIAN1\Documents\RipenAI\data\processed\test\banana_ripe\alexcj10-ripenet_0001220.jpg,0,0.0036230587866157293
C:\Users\DELL-04-SMKKRIAN1\Documents\RipenAI\data\processed\test\banana_ripe\alexcj10-ripenet_0001229.jpg,0,0.10335876792669296
C:\Users\DELL-04-SMKKRIAN1\Documents\RipenAI\data\processed\test\banana_ripe\alexcj10-ripenet_0001231.jpg,0,0.2446586936712265
C:\Users\DELL-04-SMKKRIAN1\Documents\RipenAI\data\processed\test\banana_ripe\alexcj10-ripenet_0001233.jpg,0,0.0443810299038887
C:\Users\DELL-04-SMKKRIAN1\Documents\RipenAI\data\processed\test\banana_ripe\alexcj10-ripenet_0001240.jpg,0,0.24760296940803528
C:\Users\DELL-04-SMKKRIAN1\Documents\RipenAI\data\processed\test\banana_ripe\alexcj10-ripenet_0001242.jpg,0,0.005413091275840998
C:\Users\DELL-04-SMKKRIAN1\Documents\RipenAI\data\processed\test\banana_ripe\alexcj10-ripenet_0001244.jpg,0,0.10361528396606445
C:\Users\DELL-04-SMKKRIAN1\Documents\RipenAI\data\processed\test\banana_ripe\alexcj10-ripenet_0001251.jpg,0,0.042439110577106476
C:\Users\DELL-04-SMKKRIAN1\Documents\RipenAI\data\processed\test\banana_ripe\alexcj10-ripenet_0001257.jpg,0,0.11219750344753265
C:\Users\DELL-04-SMKKRIAN1\Documents\RipenAI\data\processed\test\banana_ripe\alexcj10-ripenet_0001262.jpg,0,0.034681305289268494
C:\Users\DELL-04-SMKKRIAN1\Documents\RipenAI\data\processed\test\banana_ripe\alexcj10-ripenet_0001263.jpg,0,0.08203599601984024
C:\Users\DELL-04-SMKKRIAN1\Documents\RipenAI\data\processed\test\banana_ripe\alexcj10-ripenet_0001276.jpg,0,0.1879180371761322
C:\Users\DELL-04-SMKKRIAN1\Documents\RipenAI\data\processed\test\banana_ripe\alexcj10-ripenet_0001284.jpg,0,0.015811624005436897
C:\Users\DELL-04-SMKKRIAN1\Documents\RipenAI\data\processed\test\banana_ripe\alexcj10-ripenet_0001289.jpg,0,0.24470748007297516
C:\Users\DELL-04-SMKKRIAN1\Documents\RipenAI\data\processed\test\banana_ripe\alexcj10-ripenet_0001297.jpg,0,0.020178623497486115
C:\Users\DELL-04-SMKKRIAN1\Documents\RipenAI\data\processed\test\banana_ripe\alexcj10-ripenet_0001312.jpg,0,0.0020086218137294054
C:\Users\DELL-04-SMKKRIAN1\Documents\RipenAI\data\processed\test\banana_ripe\alexcj10-ripenet_0001323.jpg,0,0.0014738825848326087
C:\Users\DELL-04-SMKKRIAN1\Documents\RipenAI\data\processed\test\banana_ripe\alexcj10-ripenet_0001338.jpg,0,0.10763263702392578
C:\Users\DELL-04-SMKKRIAN1\Documents\RipenAI\data\processed\test\banana_ripe\alexcj10-ripenet_0001343.jpg,0,0.009610322304069996
C:\Users\DELL-04-SMKKRIAN1\Documents\RipenAI\data\processed\test\banana_ripe\alexcj10-ripenet_0001344.jpg,0,0.295412540435791
C:\Users\DELL-04-SMKKRIAN1\Documents\RipenAI\data\processed\test\banana_ripe\alexcj10-ripenet_0001346.jpg,0,0.00013510017015505582
C:\Users\DELL-04-SMKKRIAN1\Documents\RipenAI\data\processed\test\banana_ripe\alexcj10-ripenet_0001347.jpg,0,0.06387434899806976
C:\Users\DELL-04-SMKKRIAN1\Documents\RipenAI\data\processed\test\banana_ripe\alexcj10-ripenet_0001348.jpg,0,0.0005145263276062906
C:\Users\DELL-04-SMKKRIAN1\Documents\RipenAI\data\processed\test\banana_ripe\alexcj10-ripenet_0001362.jpg,0,0.12234973907470703
C:\Users\DELL-04-SMKKRIAN1\Documents\RipenAI\data\processed\test\banana_ripe\asadullahprl_0001028.jpg,0,0.0004476637113839388
C:\Users\DELL-04-SMKKRIAN1\Documents\RipenAI\data\processed\test\banana_ripe\asadullahprl_0001030.jpg,0,0.009060550481081009
C:\Users\DELL-04-SMKKRIAN1\Documents\RipenAI\data\processed\test\banana_ripe\asadullahprl_0001036.jpg,0,0.011000583879649639
C:\Users\DELL-04-SMKKRIAN1\Documents\RipenAI\data\processed\test\banana_ripe\asadullahprl_0001041.jpg,0,0.00043782038846984506
C:\Users\DELL-04-SMKKRIAN1\Documents\RipenAI\data\processed\test\banana_ripe\asadullahprl_0001054.jpg,0,0.002287456067278981
C:\Users\DELL-04-SMKKRIAN1\Documents\RipenAI\data\processed\test\banana_ripe\asadullahprl_0001056.jpg,0,1.3081449878882268e-07
C:\Users\DELL-04-SMKKRIAN1\Documents\RipenAI\data\processed\test\banana_ripe\asadullahprl_0001073.jpg,0,0.0069618308916687965
C:\Users\DELL-04-SMKKRIAN1\Documents\RipenAI\data\processed\test\banana_ripe\asadullahprl_0001076.jpg,0,0.020009351894259453
C:\Users\DELL-04-SMKKRIAN1\Documents\RipenAI\data\processed\test\banana_ripe\asadullahprl_0001078.jpg,0,1.2607546523213387e-05
C:\Users\DELL-04-SMKKRIAN1\Documents\RipenAI\data\processed\test\banana_ripe\asadullahprl_0001080.jpg,0,0.05270768702030182
C:\Users\DELL-04-SMKKRIAN1\Documents\RipenAI\data\processed\test\banana_ripe\asadullahprl_0001091.jpg,0,8.359700586879626e-06
C:\Users\DELL-04-SMKKRIAN1\Documents\RipenAI\data\processed\test\banana_ripe\asadullahprl_0001113.jpg,0,0.0025063585489988327
C:\Users\DELL-04-SMKKRIAN1\Documents\RipenAI\data\processed\test\banana_ripe\asadullahprl_0001123.jpg,0,0.004420713055878878
C:\Users\DELL-04-SMKKRIAN1\Documents\RipenAI\data\processed\test\banana_ripe\asadullahprl_0001129.jpg,0,0.01220687385648489
C:\Users\DELL-04-SMKKRIAN1\Documents\RipenAI\data\processed\test\banana_ripe\asadullahprl_0001145.jpg,0,3.162524080835283e-06
C:\Users\DELL-04-SMKKRIAN1\Documents\RipenAI\data\processed\test\banana_ripe\asadullahprl_0001147.jpg,0,0.000842149427626282
C:\Users\DELL-04-SMKKRIAN1\Documents\RipenAI\data\processed\test\banana_ripe\asadullahprl_0001149.jpg,0,0.0007751708617433906
C:\Users\DELL-04-SMKKRIAN1\Documents\RipenAI\data\processed\test\banana_ripe\asadullahprl_0001153.jpg,0,0.0038021020591259003
C:\Users\DELL-04-SMKKRIAN1\Documents\RipenAI\data\processed\test\banana_ripe\asadullahprl_0001159.jpg,0,5.815081294713309e-06
C:\Users\DELL-04-SMKKRIAN1\Documents\RipenAI\data\processed\test\banana_ripe\asadullahprl_0001161.jpg,0,2.2369951693690382e-05
C:\Users\DELL-04-SMKKRIAN1\Documents\RipenAI\data\processed\test\banana_ripe\asadullahprl_0001167.jpg,0,3.50628312162371e-07
C:\Users\DELL-04-SMKKRIAN1\Documents\RipenAI\data\processed\test\banana_ripe\asadullahprl_0001182.jpg,0,0.0004693476657848805
C:\Users\DELL-04-SMKKRIAN1\Documents\RipenAI\data\processed\test\banana_ripe\asadullahprl_0001189.jpg,0,0.0004520225338637829
C:\Users\DELL-04-SMKKRIAN1\Documents\RipenAI\data\processed\test\banana_ripe\asadullahprl_0001191.jpg,0,0.014200962148606777
C:\Users\DELL-04-SMKKRIAN1\Documents\RipenAI\data\processed\test\banana_ripe\asadullahprl_0001192.jpg,0,4.653524229070172e-05
C:\Users\DELL-04-SMKKRIAN1\Documents\RipenAI\data\processed\test\banana_ripe\asadullahprl_0001208.jpg,0,0.009013104252517223
C:\Users\DELL-04-SMKKRIAN1\Documents\RipenAI\data\processed\test\banana_ripe\asadullahprl_0001237.jpg,0,0.0014562868745997548
C:\Users\DELL-04-SMKKRIAN1\Documents\RipenAI\data\processed\test\banana_ripe\asadullahprl_0001243.jpg,0,0.0017720760079100728
C:\Users\DELL-04-SMKKRIAN1\Documents\RipenAI\data\processed\test\banana_ripe\asadullahprl_0001249.jpg,0,0.004446323495358229
C:\Users\DELL-04-SMKKRIAN1\Documents\RipenAI\data\processed\test\banana_ripe\asadullahprl_0001253.jpg,0,0.00044126450666226447
C:\Users\DELL-04-SMKKRIAN1\Documents\RipenAI\data\processed\test\banana_ripe\asadullahprl_0001264.jpg,0,2.6195433747489005e-05
C:\Users\DELL-04-SMKKRIAN1\Documents\RipenAI\data\processed\test\banana_ripe\asadullahprl_0001277.jpg,0,0.0011171431979164481
C:\Users\DELL-04-SMKKRIAN1\Documents\RipenAI\data\processed\test\banana_ripe\asadullahprl_0001278.jpg,0,0.0001316929265158251
C:\Users\DELL-04-SMKKRIAN1\Documents\RipenAI\data\processed\test\banana_ripe\asadullahprl_0001279.jpg,0,0.0016106779221445322
C:\Users\DELL-04-SMKKRIAN1\Documents\RipenAI\data\processed\test\banana_ripe\asadullahprl_0001280.jpg,0,0.000501081405673176
C:\Users\DELL-04-SMKKRIAN1\Documents\RipenAI\data\processed\test\banana_ripe\asadullahprl_0001296.jpg,0,0.001196760917082429
C:\Users\DELL-04-SMKKRIAN1\Documents\RipenAI\data\processed\test\banana_ripe\asadullahprl_0001300.jpg,0,0.10968703031539917
C:\Users\DELL-04-SMKKRIAN1\Documents\RipenAI\data\processed\test\banana_ripe\asadullahprl_0001302.jpg,0,0.04382320120930672
C:\Users\DELL-04-SMKKRIAN1\Documents\RipenAI\data\processed\test\banana_ripe\asadullahprl_0001303.jpg,0,6.697692879242823e-05
C:\Users\DELL-04-SMKKRIAN1\Documents\RipenAI\data\processed\test\banana_ripe\asadullahprl_0001306.jpg,0,0.00018421262211631984
C:\Users\DELL-04-SMKKRIAN1\Documents\RipenAI\data\processed\test\banana_ripe\asadullahprl_0001320.jpg,0,0.03825795277953148
C:\Users\DELL-04-SMKKRIAN1\Documents\RipenAI\data\processed\test\banana_ripe\asadullahprl_0001321.jpg,0,0.00039642152842134237
C:\Users\DELL-04-SMKKRIAN1\Documents\RipenAI\data\processed\test\banana_ripe\asadullahprl_0001329.jpg,0,5.9774218243546784e-05
C:\Users\DELL-04-SMKKRIAN1\Documents\RipenAI\data\processed\test\banana_ripe\asadullahprl_0001330.jpg,0,0.016165541484951973
C:\Users\DELL-04-SMKKRIAN1\Documents\RipenAI\data\processed\test\banana_ripe\asadullahprl_0001332.jpg,0,0.0037656535860151052
C:\Users\DELL-04-SMKKRIAN1\Documents\RipenAI\data\processed\test\banana_ripe\asadullahprl_0001334.jpg,0,5.161036460776813e-05
C:\Users\DELL-04-SMKKRIAN1\Documents\RipenAI\data\processed\test\banana_ripe\asadullahprl_0001335.jpg,0,6.539051537401974e-05
C:\Users\DELL-04-SMKKRIAN1\Documents\RipenAI\data\processed\test\banana_ripe\asadullahprl_0001337.jpg,0,0.12235564738512039
C:\Users\DELL-04-SMKKRIAN1\Documents\RipenAI\data\processed\test\banana_ripe\asadullahprl_0001358.jpg,0,0.0015267468988895416
C:\Users\DELL-04-SMKKRIAN1\Documents\RipenAI\data\processed\test\banana_ripe\asadullahprl_0001361.jpg,0,0.0013467783574014902
C:\Users\DELL-04-SMKKRIAN1\Documents\RipenAI\data\processed\test\banana_ripe\asadullahprl_0001364.jpg,0,0.0003445844922680408
C:\Users\DELL-04-SMKKRIAN1\Documents\RipenAI\data\processed\test\banana_ripe\bananaimagebd_0001027.jpg,0,2.572023367974907e-05
C:\Users\DELL-04-SMKKRIAN1\Documents\RipenAI\data\processed\test\banana_ripe\bananaimagebd_0001032.jpg,0,0.013152019120752811
C:\Users\DELL-04-SMKKRIAN1\Documents\RipenAI\data\processed\test\banana_ripe\bananaimagebd_0001049.jpg,0,6.580481567652896e-05
C:\Users\DELL-04-SMKKRIAN1\Documents\RipenAI\data\processed\test\banana_ripe\bananaimagebd_0001061.jpg,0,2.2457950308307773e-06
C:\Users\DELL-04-SMKKRIAN1\Documents\RipenAI\data\processed\test\banana_ripe\bananaimagebd_0001065.jpg,0,0.0005880690296180546
C:\Users\DELL-04-SMKKRIAN1\Documents\RipenAI\data\processed\test\banana_ripe\bananaimagebd_0001071.jpg,0,0.0001283138117287308
C:\Users\DELL-04-SMKKRIAN1\Documents\RipenAI\data\processed\test\banana_ripe\bananaimagebd_0001086.jpg,0,0.0004015063459519297
C:\Users\DELL-04-SMKKRIAN1\Documents\RipenAI\data\processed\test\banana_ripe\bananaimagebd_0001094.jpg,0,0.007668602745980024
C:\Users\DELL-04-SMKKRIAN1\Documents\RipenAI\data\processed\test\banana_ripe\bananaimagebd_0001104.jpg,0,0.010403964668512344
C:\Users\DELL-04-SMKKRIAN1\Documents\RipenAI\data\processed\test\banana_ripe\bananaimagebd_0001111.jpg,0,9.096350549953058e-05
C:\Users\DELL-04-SMKKRIAN1\Documents\RipenAI\data\processed\test\banana_ripe\bananaimagebd_0001114.jpg,0,5.5606789828743786e-05
C:\Users\DELL-04-SMKKRIAN1\Documents\RipenAI\data\processed\test\banana_ripe\bananaimagebd_0001127.jpg,0,0.00028947589453309774
C:\Users\DELL-04-SMKKRIAN1\Documents\RipenAI\data\processed\test\banana_ripe\bananaimagebd_0001131.jpg,0,0.13709188997745514
C:\Users\DELL-04-SMKKRIAN1\Documents\RipenAI\data\processed\test\banana_ripe\bananaimagebd_0001134.jpg,0,0.00015130416431929916
C:\Users\DELL-04-SMKKRIAN1\Documents\RipenAI\data\processed\test\banana_ripe\bananaimagebd_0001140.jpg,0,3.5691358789335936e-05
C:\Users\DELL-04-SMKKRIAN1\Documents\RipenAI\data\processed\test\banana_ripe\bananaimagebd_0001154.jpg,0,5.457803126773797e-05
C:\Users\DELL-04-SMKKRIAN1\Documents\RipenAI\data\processed\test\banana_ripe\bananaimagebd_0001162.jpg,0,7.457421452272683e-05
C:\Users\DELL-04-SMKKRIAN1\Documents\RipenAI\data\processed\test\banana_ripe\bananaimagebd_0001209.jpg,0,4.010658449260518e-05
C:\Users\DELL-04-SMKKRIAN1\Documents\RipenAI\data\processed\test\banana_ripe\bananaimagebd_0001212.jpg,0,0.0026065597776323557
C:\Users\DELL-04-SMKKRIAN1\Documents\RipenAI\data\processed\test\banana_ripe\bananaimagebd_0001218.jpg,0,0.014982243068516254
C:\Users\DELL-04-SMKKRIAN1\Documents\RipenAI\data\processed\test\banana_ripe\bananaimagebd_0001223.jpg,0,0.00309937447309494
C:\Users\DELL-04-SMKKRIAN1\Documents\RipenAI\data\processed\test\banana_ripe\bananaimagebd_0001232.jpg,0,0.016591744497418404
C:\Users\DELL-04-SMKKRIAN1\Documents\RipenAI\data\processed\test\banana_ripe\bananaimagebd_0001239.jpg,0,0.0012175622396171093
C:\Users\DELL-04-SMKKRIAN1\Documents\RipenAI\data\processed\test\banana_ripe\bananaimagebd_0001252.jpg,0,0.0020043461117893457
C:\Users\DELL-04-SMKKRIAN1\Documents\RipenAI\data\processed\test\banana_ripe\bananaimagebd_0001266.jpg,0,0.0004558691871352494
C:\Users\DELL-04-SMKKRIAN1\Documents\RipenAI\data\processed\test\banana_ripe\bananaimagebd_0001271.jpg,0,0.007526820991188288
C:\Users\DELL-04-SMKKRIAN1\Documents\RipenAI\data\processed\test\banana_ripe\bananaimagebd_0001281.jpg,0,4.0681890823179856e-05
C:\Users\DELL-04-SMKKRIAN1\Documents\RipenAI\data\processed\test\banana_ripe\bananaimagebd_0001287.jpg,0,1.3377846698858775e-05
C:\Users\DELL-04-SMKKRIAN1\Documents\RipenAI\data\processed\test\banana_ripe\bananaimagebd_0001298.jpg,0,0.0001849842956289649
C:\Users\DELL-04-SMKKRIAN1\Documents\RipenAI\data\processed\test\banana_ripe\bananaimagebd_0001301.jpg,0,0.0002543020818848163
C:\Users\DELL-04-SMKKRIAN1\Documents\RipenAI\data\processed\test\banana_ripe\bananaimagebd_0001313.jpg,0,0.0005454788915812969
C:\Users\DELL-04-SMKKRIAN1\Documents\RipenAI\data\processed\test\banana_ripe\bananaimagebd_0001325.jpg,0,5.645565397571772e-05
C:\Users\DELL-04-SMKKRIAN1\Documents\RipenAI\data\processed\test\banana_ripe\bananaimagebd_0001355.jpg,0,4.653956239053514e-06
C:\Users\DELL-04-SMKKRIAN1\Documents\RipenAI\data\processed\test\banana_ripe\bananaimagebd_0001357.jpg,0,0.00016271439380943775
C:\Users\DELL-04-SMKKRIAN1\Documents\RipenAI\data\processed\test\banana_ripe\leftin_0001025.jpg,0,0.010545010678470135
C:\Users\DELL-04-SMKKRIAN1\Documents\RipenAI\data\processed\test\banana_ripe\leftin_0001026.jpg,0,1.024691664497368e-05
C:\Users\DELL-04-SMKKRIAN1\Documents\RipenAI\data\processed\test\banana_ripe\leftin_0001029.jpg,0,7.578476652270183e-05
C:\Users\DELL-04-SMKKRIAN1\Documents\RipenAI\data\processed\test\banana_ripe\leftin_0001031.jpg,0,2.6344119760324247e-05
C:\Users\DELL-04-SMKKRIAN1\Documents\RipenAI\data\processed\test\banana_ripe\leftin_0001033.jpg,0,0.007624316494911909
C:\Users\DELL-04-SMKKRIAN1\Documents\RipenAI\data\processed\test\banana_ripe\leftin_0001034.jpg,0,0.0012611516285687685
C:\Users\DELL-04-SMKKRIAN1\Documents\RipenAI\data\processed\test\banana_ripe\leftin_0001037.jpg,0,7.758226274745539e-05
C:\Users\DELL-04-SMKKRIAN1\Documents\RipenAI\data\processed\test\banana_ripe\leftin_0001038.jpg,0,0.0009323817794211209
C:\Users\DELL-04-SMKKRIAN1\Documents\RipenAI\data\processed\test\banana_ripe\leftin_0001039.jpg,0,2.7780459276982583e-05
C:\Users\DELL-04-SMKKRIAN1\Documents\RipenAI\data\processed\test\banana_ripe\leftin_0001040.jpg,0,9.995488653657958e-06
C:\Users\DELL-04-SMKKRIAN1\Documents\RipenAI\data\processed\test\banana_ripe\leftin_0001042.jpg,0,0.0005653274129144847
C:\Users\DELL-04-SMKKRIAN1\Documents\RipenAI\data\processed\test\banana_ripe\leftin_0001043.jpg,0,0.04404398053884506
C:\Users\DELL-04-SMKKRIAN1\Documents\RipenAI\data\processed\test\banana_ripe\leftin_0001044.jpg,0,0.004606017842888832
C:\Users\DELL-04-SMKKRIAN1\Documents\RipenAI\data\processed\test\banana_ripe\leftin_0001045.jpg,0,0.0034937080927193165
C:\Users\DELL-04-SMKKRIAN1\Documents\RipenAI\data\processed\test\banana_ripe\leftin_0001046.jpg,0,7.980873306223657e-06
C:\Users\DELL-04-SMKKRIAN1\Documents\RipenAI\data\processed\test\banana_ripe\leftin_0001047.jpg,0,0.0008273968705907464
C:\Users\DELL-04-SMKKRIAN1\Documents\RipenAI\data\processed\test\banana_ripe\leftin_0001048.jpg,0,0.0012134405551478267
C:\Users\DELL-04-SMKKRIAN1\Documents\RipenAI\data\processed\test\banana_ripe\leftin_0001050.jpg,0,0.0017161398427560925
C:\Users\DELL-04-SMKKRIAN1\Documents\RipenAI\data\processed\test\banana_ripe\leftin_0001051.jpg,0,0.054714884608983994
C:\Users\DELL-04-SMKKRIAN1\Documents\RipenAI\data\processed\test\banana_ripe\leftin_0001052.jpg,0,0.0002770825522020459
C:\Users\DELL-04-SMKKRIAN1\Documents\RipenAI\data\processed\test\banana_ripe\leftin_0001055.jpg,0,6.892522651469335e-05
C:\Users\DELL-04-SMKKRIAN1\Documents\RipenAI\data\processed\test\banana_ripe\leftin_0001058.jpg,0,0.0036543093156069517
C:\Users\DELL-04-SMKKRIAN1\Documents\RipenAI\data\processed\test\banana_ripe\leftin_0001060.jpg,0,0.004184584133327007
C:\Users\DELL-04-SMKKRIAN1\Documents\RipenAI\data\processed\test\banana_ripe\leftin_0001063.jpg,0,1.514884024800267e-05
C:\Users\DELL-04-SMKKRIAN1\Documents\RipenAI\data\processed\test\banana_ripe\leftin_0001066.jpg,0,0.001465882989577949
C:\Users\DELL-04-SMKKRIAN1\Documents\RipenAI\data\processed\test\banana_ripe\leftin_0001067.jpg,0,0.001587014994584024
C:\Users\DELL-04-SMKKRIAN1\Documents\RipenAI\data\processed\test\banana_ripe\leftin_0001068.jpg,0,5.311284985509701e-05
C:\Users\DELL-04-SMKKRIAN1\Documents\RipenAI\data\processed\test\banana_ripe\leftin_0001070.jpg,0,0.000616230710875243
C:\Users\DELL-04-SMKKRIAN1\Documents\RipenAI\data\processed\test\banana_ripe\leftin_0001072.jpg,0,0.4800341725349426
C:\Users\DELL-04-SMKKRIAN1\Documents\RipenAI\data\processed\test\banana_ripe\leftin_0001075.jpg,0,4.3354742956580594e-05
C:\Users\DELL-04-SMKKRIAN1\Documents\RipenAI\data\processed\test\banana_ripe\leftin_0001077.jpg,0,0.008936194702982903
C:\Users\DELL-04-SMKKRIAN1\Documents\RipenAI\data\processed\test\banana_ripe\leftin_0001079.jpg,0,0.0005958736874163151
C:\Users\DELL-04-SMKKRIAN1\Documents\RipenAI\data\processed\test\banana_ripe\leftin_0001081.jpg,0,2.5434488634346053e-05
C:\Users\DELL-04-SMKKRIAN1\Documents\RipenAI\data\processed\test\banana_ripe\leftin_0001082.jpg,0,0.00428205169737339
C:\Users\DELL-04-SMKKRIAN1\Documents\RipenAI\data\processed\test\banana_ripe\leftin_0001083.jpg,0,0.007334815803915262
C:\Users\DELL-04-SMKKRIAN1\Documents\RipenAI\data\processed\test\banana_ripe\leftin_0001084.jpg,0,0.000856504833791405
C:\Users\DELL-04-SMKKRIAN1\Documents\RipenAI\data\processed\test\banana_ripe\leftin_0001085.jpg,0,0.003336117137223482
C:\Users\DELL-04-SMKKRIAN1\Documents\RipenAI\data\processed\test\banana_ripe\leftin_0001088.jpg,0,3.0398212402360514e-05
C:\Users\DELL-04-SMKKRIAN1\Documents\RipenAI\data\processed\test\banana_ripe\leftin_0001089.jpg,0,0.0014327323297038674
C:\Users\DELL-04-SMKKRIAN1\Documents\RipenAI\data\processed\test\banana_ripe\leftin_0001090.jpg,0,0.00012819543189834803
C:\Users\DELL-04-SMKKRIAN1\Documents\RipenAI\data\processed\test\banana_ripe\leftin_0001092.jpg,0,0.0003528761735651642
C:\Users\DELL-04-SMKKRIAN1\Documents\RipenAI\data\processed\test\banana_ripe\leftin_0001093.jpg,0,0.026524726301431656
C:\Users\DELL-04-SMKKRIAN1\Documents\RipenAI\data\processed\test\banana_ripe\leftin_0001095.jpg,0,0.0017497442895546556
C:\Users\DELL-04-SMKKRIAN1\Documents\RipenAI\data\processed\test\banana_ripe\leftin_0001097.jpg,0,0.0012212184956297278
C:\Users\DELL-04-SMKKRIAN1\Documents\RipenAI\data\processed\test\banana_ripe\leftin_0001098.jpg,0,7.299801654880866e-05
C:\Users\DELL-04-SMKKRIAN1\Documents\RipenAI\data\processed\test\banana_ripe\leftin_0001099.jpg,0,0.4247409999370575
C:\Users\DELL-04-SMKKRIAN1\Documents\RipenAI\data\processed\test\banana_ripe\leftin_0001101.jpg,0,0.0019643146079033613
C:\Users\DELL-04-SMKKRIAN1\Documents\RipenAI\data\processed\test\banana_ripe\leftin_0001102.jpg,0,0.012764972634613514
C:\Users\DELL-04-SMKKRIAN1\Documents\RipenAI\data\processed\test\banana_ripe\leftin_0001105.jpg,0,1.8113152009391342e-06
C:\Users\DELL-04-SMKKRIAN1\Documents\RipenAI\data\processed\test\banana_ripe\leftin_0001107.jpg,0,0.011591198854148388
C:\Users\DELL-04-SMKKRIAN1\Documents\RipenAI\data\processed\test\banana_ripe\leftin_0001108.jpg,0,0.0005658498266711831
C:\Users\DELL-04-SMKKRIAN1\Documents\RipenAI\data\processed\test\banana_ripe\leftin_0001110.jpg,0,9.281856910092756e-05
C:\Users\DELL-04-SMKKRIAN1\Documents\RipenAI\data\processed\test\banana_ripe\leftin_0001112.jpg,0,0.0010770249646157026
C:\Users\DELL-04-SMKKRIAN1\Documents\RipenAI\data\processed\test\banana_ripe\leftin_0001116.jpg,0,0.000519056455232203
C:\Users\DELL-04-SMKKRIAN1\Documents\RipenAI\data\processed\test\banana_ripe\leftin_0001117.jpg,0,0.008057782426476479
C:\Users\DELL-04-SMKKRIAN1\Documents\RipenAI\data\processed\test\banana_ripe\leftin_0001118.jpg,0,0.00397595576941967
C:\Users\DELL-04-SMKKRIAN1\Documents\RipenAI\data\processed\test\banana_ripe\leftin_0001119.jpg,0,0.000984235666692257
C:\Users\DELL-04-SMKKRIAN1\Documents\RipenAI\data\processed\test\banana_ripe\leftin_0001120.jpg,0,0.0007142917602322996
C:\Users\DELL-04-SMKKRIAN1\Documents\RipenAI\data\processed\test\banana_ripe\leftin_0001121.jpg,0,0.0014483924023807049
C:\Users\DELL-04-SMKKRIAN1\Documents\RipenAI\data\processed\test\banana_ripe\leftin_0001124.jpg,0,2.0999392290832475e-05
C:\Users\DELL-04-SMKKRIAN1\Documents\RipenAI\data\processed\test\banana_ripe\leftin_0001125.jpg,0,0.010628140531480312
C:\Users\DELL-04-SMKKRIAN1\Documents\RipenAI\data\processed\test\banana_ripe\leftin_0001130.jpg,0,0.0011033619521185756
C:\Users\DELL-04-SMKKRIAN1\Documents\RipenAI\data\processed\test\banana_ripe\leftin_0001132.jpg,0,0.00011644835467450321
C:\Users\DELL-04-SMKKRIAN1\Documents\RipenAI\data\processed\test\banana_ripe\leftin_0001133.jpg,0,0.2554832994937897
C:\Users\DELL-04-SMKKRIAN1\Documents\RipenAI\data\processed\test\banana_ripe\leftin_0001137.jpg,0,0.021518953144550323
C:\Users\DELL-04-SMKKRIAN1\Documents\RipenAI\data\processed\test\banana_ripe\leftin_0001138.jpg,0,0.003915492910891771
C:\Users\DELL-04-SMKKRIAN1\Documents\RipenAI\data\processed\test\banana_ripe\leftin_0001139.jpg,0,0.00013360497541725636
C:\Users\DELL-04-SMKKRIAN1\Documents\RipenAI\data\processed\test\banana_ripe\leftin_0001141.jpg,0,0.00022664929565507919
C:\Users\DELL-04-SMKKRIAN1\Documents\RipenAI\data\processed\test\banana_ripe\leftin_0001142.jpg,0,0.00041043927194550633
C:\Users\DELL-04-SMKKRIAN1\Documents\RipenAI\data\processed\test\banana_ripe\leftin_0001143.jpg,0,0.037389788776636124
C:\Users\DELL-04-SMKKRIAN1\Documents\RipenAI\data\processed\test\banana_ripe\leftin_0001144.jpg,0,0.0018078482244163752
C:\Users\DELL-04-SMKKRIAN1\Documents\RipenAI\data\processed\test\banana_ripe\leftin_0001146.jpg,0,4.465802339836955e-05
C:\Users\DELL-04-SMKKRIAN1\Documents\RipenAI\data\processed\test\banana_ripe\leftin_0001150.jpg,0,0.0012942656176164746
C:\Users\DELL-04-SMKKRIAN1\Documents\RipenAI\data\processed\test\banana_ripe\leftin_0001151.jpg,0,0.0033550409134477377
C:\Users\DELL-04-SMKKRIAN1\Documents\RipenAI\data\processed\test\banana_ripe\leftin_0001155.jpg,0,0.030672939494252205
C:\Users\DELL-04-SMKKRIAN1\Documents\RipenAI\data\processed\test\banana_ripe\leftin_0001156.jpg,0,0.00011684757191687822
C:\Users\DELL-04-SMKKRIAN1\Documents\RipenAI\data\processed\test\banana_ripe\leftin_0001157.jpg,0,0.005595522932708263
C:\Users\DELL-04-SMKKRIAN1\Documents\RipenAI\data\processed\test\banana_ripe\leftin_0001158.jpg,0,0.0001703859743429348
C:\Users\DELL-04-SMKKRIAN1\Documents\RipenAI\data\processed\test\banana_ripe\leftin_0001160.jpg,0,0.00013975526962894946
C:\Users\DELL-04-SMKKRIAN1\Documents\RipenAI\data\processed\test\banana_ripe\leftin_0001163.jpg,0,1.860972770373337e-05
C:\Users\DELL-04-SMKKRIAN1\Documents\RipenAI\data\processed\test\banana_ripe\leftin_0001164.jpg,0,0.00014540085976477712
C:\Users\DELL-04-SMKKRIAN1\Documents\RipenAI\data\processed\test\banana_ripe\leftin_0001165.jpg,0,0.00024509403738193214
C:\Users\DELL-04-SMKKRIAN1\Documents\RipenAI\data\processed\test\banana_ripe\leftin_0001166.jpg,0,0.01367104984819889
C:\Users\DELL-04-SMKKRIAN1\Documents\RipenAI\data\processed\test\banana_ripe\leftin_0001168.jpg,0,0.00045608976506628096
C:\Users\DELL-04-SMKKRIAN1\Documents\RipenAI\data\processed\test\banana_ripe\leftin_0001169.jpg,0,0.0004056327452417463
C:\Users\DELL-04-SMKKRIAN1\Documents\RipenAI\data\processed\test\banana_ripe\leftin_0001170.jpg,0,0.00023713234986644238
C:\Users\DELL-04-SMKKRIAN1\Documents\RipenAI\data\processed\test\banana_ripe\leftin_0001171.jpg,0,0.0015805516159161925
C:\Users\DELL-04-SMKKRIAN1\Documents\RipenAI\data\processed\test\banana_ripe\leftin_0001172.jpg,0,0.019779732450842857
C:\Users\DELL-04-SMKKRIAN1\Documents\RipenAI\data\processed\test\banana_ripe\leftin_0001173.jpg,0,0.1114983856678009
C:\Users\DELL-04-SMKKRIAN1\Documents\RipenAI\data\processed\test\banana_ripe\leftin_0001174.jpg,0,0.036427661776542664
C:\Users\DELL-04-SMKKRIAN1\Documents\RipenAI\data\processed\test\banana_ripe\leftin_0001175.jpg,0,0.036281611770391464
C:\Users\DELL-04-SMKKRIAN1\Documents\RipenAI\data\processed\test\banana_ripe\leftin_0001176.jpg,0,0.027258502319455147
C:\Users\DELL-04-SMKKRIAN1\Documents\RipenAI\data\processed\test\banana_ripe\leftin_0001177.jpg,0,0.0005308502586558461
C:\Users\DELL-04-SMKKRIAN1\Documents\RipenAI\data\processed\test\banana_ripe\leftin_0001178.jpg,0,0.00034396094270050526
C:\Users\DELL-04-SMKKRIAN1\Documents\RipenAI\data\processed\test\banana_ripe\leftin_0001179.jpg,0,3.061343159060925e-05
C:\Users\DELL-04-SMKKRIAN1\Documents\RipenAI\data\processed\test\banana_ripe\leftin_0001180.jpg,0,0.007127493619918823
C:\Users\DELL-04-SMKKRIAN1\Documents\RipenAI\data\processed\test\banana_ripe\leftin_0001181.jpg,0,0.007891327142715454
C:\Users\DELL-04-SMKKRIAN1\Documents\RipenAI\data\processed\test\banana_ripe\leftin_0001184.jpg,0,0.0020017381757497787
C:\Users\DELL-04-SMKKRIAN1\Documents\RipenAI\data\processed\test\banana_ripe\leftin_0001185.jpg,0,5.086634337203577e-05
C:\Users\DELL-04-SMKKRIAN1\Documents\RipenAI\data\processed\test\banana_ripe\leftin_0001187.jpg,0,2.669616515049711e-05
C:\Users\DELL-04-SMKKRIAN1\Documents\RipenAI\data\processed\test\banana_ripe\leftin_0001188.jpg,0,0.00875602662563324
C:\Users\DELL-04-SMKKRIAN1\Documents\RipenAI\data\processed\test\banana_ripe\leftin_0001193.jpg,0,0.012173238210380077
C:\Users\DELL-04-SMKKRIAN1\Documents\RipenAI\data\processed\test\banana_ripe\leftin_0001194.jpg,0,0.007327383384108543
C:\Users\DELL-04-SMKKRIAN1\Documents\RipenAI\data\processed\test\banana_ripe\leftin_0001196.jpg,0,0.0002549089549575001
C:\Users\DELL-04-SMKKRIAN1\Documents\RipenAI\data\processed\test\banana_ripe\leftin_0001197.jpg,0,0.00022178422659635544
C:\Users\DELL-04-SMKKRIAN1\Documents\RipenAI\data\processed\test\banana_ripe\leftin_0001198.jpg,0,0.0003449002397246659
C:\Users\DELL-04-SMKKRIAN1\Documents\RipenAI\data\processed\test\banana_ripe\leftin_0001199.jpg,0,0.018976528197526932
C:\Users\DELL-04-SMKKRIAN1\Documents\RipenAI\data\processed\test\banana_ripe\leftin_0001200.jpg,0,0.0010905744275078177
C:\Users\DELL-04-SMKKRIAN1\Documents\RipenAI\data\processed\test\banana_ripe\leftin_0001201.jpg,0,0.13797849416732788
C:\Users\DELL-04-SMKKRIAN1\Documents\RipenAI\data\processed\test\banana_ripe\leftin_0001202.jpg,0,0.00045385665725916624
C:\Users\DELL-04-SMKKRIAN1\Documents\RipenAI\data\processed\test\banana_ripe\leftin_0001203.jpg,0,0.0003246753476560116
C:\Users\DELL-04-SMKKRIAN1\Documents\RipenAI\data\processed\test\banana_ripe\leftin_0001204.jpg,0,0.018855204805731773
C:\Users\DELL-04-SMKKRIAN1\Documents\RipenAI\data\processed\test\banana_ripe\leftin_0001205.jpg,0,0.0027200125623494387
C:\Users\DELL-04-SMKKRIAN1\Documents\RipenAI\data\processed\test\banana_ripe\leftin_0001206.jpg,0,0.015620904043316841
C:\Users\DELL-04-SMKKRIAN1\Documents\RipenAI\data\processed\test\banana_ripe\leftin_0001207.jpg,0,0.07395576685667038
C:\Users\DELL-04-SMKKRIAN1\Documents\RipenAI\data\processed\test\banana_ripe\leftin_0001210.jpg,0,0.3157443702220917
C:\Users\DELL-04-SMKKRIAN1\Documents\RipenAI\data\processed\test\banana_ripe\leftin_0001213.jpg,0,8.330889977514744e-05
C:\Users\DELL-04-SMKKRIAN1\Documents\RipenAI\data\processed\test\banana_ripe\leftin_0001214.jpg,0,0.0004627471207641065
C:\Users\DELL-04-SMKKRIAN1\Documents\RipenAI\data\processed\test\banana_ripe\leftin_0001215.jpg,0,0.0006333097699098289
C:\Users\DELL-04-SMKKRIAN1\Documents\RipenAI\data\processed\test\banana_ripe\leftin_0001216.jpg,0,0.00024166212824638933
C:\Users\DELL-04-SMKKRIAN1\Documents\RipenAI\data\processed\test\banana_ripe\leftin_0001217.jpg,0,0.04806937277317047
C:\Users\DELL-04-SMKKRIAN1\Documents\RipenAI\data\processed\test\banana_ripe\leftin_0001219.jpg,0,0.013540610671043396
C:\Users\DELL-04-SMKKRIAN1\Documents\RipenAI\data\processed\test\banana_ripe\leftin_0001221.jpg,0,3.3916146549017867e-06
C:\Users\DELL-04-SMKKRIAN1\Documents\RipenAI\data\processed\test\banana_ripe\leftin_0001222.jpg,0,0.0021359282545745373
C:\Users\DELL-04-SMKKRIAN1\Documents\RipenAI\data\processed\test\banana_ripe\leftin_0001224.jpg,0,0.0008599844295531511
C:\Users\DELL-04-SMKKRIAN1\Documents\RipenAI\data\processed\test\banana_ripe\leftin_0001225.jpg,0,0.5759503841400146
C:\Users\DELL-04-SMKKRIAN1\Documents\RipenAI\data\processed\test\banana_ripe\leftin_0001226.jpg,0,0.0058449264615774155
C:\Users\DELL-04-SMKKRIAN1\Documents\RipenAI\data\processed\test\banana_ripe\leftin_0001227.jpg,0,0.0010839381720870733
C:\Users\DELL-04-SMKKRIAN1\Documents\RipenAI\data\processed\test\banana_ripe\leftin_0001228.jpg,0,0.0027600806206464767
C:\Users\DELL-04-SMKKRIAN1\Documents\RipenAI\data\processed\test\banana_ripe\leftin_0001230.jpg,0,0.007196679711341858
C:\Users\DELL-04-SMKKRIAN1\Documents\RipenAI\data\processed\test\banana_ripe\leftin_0001234.jpg,0,0.00016887740639504045
C:\Users\DELL-04-SMKKRIAN1\Documents\RipenAI\data\processed\test\banana_ripe\leftin_0001235.jpg,0,0.00020489747112151235
C:\Users\DELL-04-SMKKRIAN1\Documents\RipenAI\data\processed\test\banana_ripe\leftin_0001236.jpg,0,0.001622779993340373
C:\Users\DELL-04-SMKKRIAN1\Documents\RipenAI\data\processed\test\banana_ripe\leftin_0001238.jpg,0,0.0008832049206830561
C:\Users\DELL-04-SMKKRIAN1\Documents\RipenAI\data\processed\test\banana_ripe\leftin_0001241.jpg,0,0.008305812254548073
C:\Users\DELL-04-SMKKRIAN1\Documents\RipenAI\data\processed\test\banana_ripe\leftin_0001245.jpg,0,0.0005432353354990482
C:\Users\DELL-04-SMKKRIAN1\Documents\RipenAI\data\processed\test\banana_ripe\leftin_0001246.jpg,0,0.002578707644715905
C:\Users\DELL-04-SMKKRIAN1\Documents\RipenAI\data\processed\test\banana_ripe\leftin_0001247.jpg,0,0.0033796271309256554
C:\Users\DELL-04-SMKKRIAN1\Documents\RipenAI\data\processed\test\banana_ripe\leftin_0001248.jpg,0,0.00042265086085535586
C:\Users\DELL-04-SMKKRIAN1\Documents\RipenAI\data\processed\test\banana_ripe\leftin_0001250.jpg,0,5.432116086012684e-05
C:\Users\DELL-04-SMKKRIAN1\Documents\RipenAI\data\processed\test\banana_ripe\leftin_0001254.jpg,0,0.028253115713596344
C:\Users\DELL-04-SMKKRIAN1\Documents\RipenAI\data\processed\test\banana_ripe\leftin_0001255.jpg,0,0.026150444522500038
C:\Users\DELL-04-SMKKRIAN1\Documents\RipenAI\data\processed\test\banana_ripe\leftin_0001256.jpg,0,0.0073679485358297825
C:\Users\DELL-04-SMKKRIAN1\Documents\RipenAI\data\processed\test\banana_ripe\leftin_0001258.jpg,0,5.7977158576250076e-05
C:\Users\DELL-04-SMKKRIAN1\Documents\RipenAI\data\processed\test\banana_ripe\leftin_0001259.jpg,0,0.0001445807283744216
C:\Users\DELL-04-SMKKRIAN1\Documents\RipenAI\data\processed\test\banana_ripe\leftin_0001260.jpg,0,0.003262016922235489
C:\Users\DELL-04-SMKKRIAN1\Documents\RipenAI\data\processed\test\banana_ripe\leftin_0001261.jpg,0,7.536480097769527e-06
C:\Users\DELL-04-SMKKRIAN1\Documents\RipenAI\data\processed\test\banana_ripe\leftin_0001265.jpg,0,0.00014004771946929395
C:\Users\DELL-04-SMKKRIAN1\Documents\RipenAI\data\processed\test\banana_ripe\leftin_0001267.jpg,0,0.1946222335100174
C:\Users\DELL-04-SMKKRIAN1\Documents\RipenAI\data\processed\test\banana_ripe\leftin_0001268.jpg,0,0.00013575695629697293
C:\Users\DELL-04-SMKKRIAN1\Documents\RipenAI\data\processed\test\banana_ripe\leftin_0001269.jpg,0,0.0008862506365403533
C:\Users\DELL-04-SMKKRIAN1\Documents\RipenAI\data\processed\test\banana_ripe\leftin_0001270.jpg,0,0.00010621433466440067
C:\Users\DELL-04-SMKKRIAN1\Documents\RipenAI\data\processed\test\banana_ripe\leftin_0001272.jpg,0,0.0027586163487285376
C:\Users\DELL-04-SMKKRIAN1\Documents\RipenAI\data\processed\test\banana_ripe\leftin_0001273.jpg,0,0.001248542102985084
C:\Users\DELL-04-SMKKRIAN1\Documents\RipenAI\data\processed\test\banana_ripe\leftin_0001274.jpg,0,0.0008058716193772852
C:\Users\DELL-04-SMKKRIAN1\Documents\RipenAI\data\processed\test\banana_ripe\leftin_0001275.jpg,0,0.00028697933885268867
C:\Users\DELL-04-SMKKRIAN1\Documents\RipenAI\data\processed\test\banana_ripe\leftin_0001282.jpg,0,0.021114900708198547
C:\Users\DELL-04-SMKKRIAN1\Documents\RipenAI\data\processed\test\banana_ripe\leftin_0001283.jpg,0,0.010258386842906475
C:\Users\DELL-04-SMKKRIAN1\Documents\RipenAI\data\processed\test\banana_ripe\leftin_0001285.jpg,0,0.00011301130871288478
C:\Users\DELL-04-SMKKRIAN1\Documents\RipenAI\data\processed\test\banana_ripe\leftin_0001286.jpg,0,0.05097504332661629
C:\Users\DELL-04-SMKKRIAN1\Documents\RipenAI\data\processed\test\banana_ripe\leftin_0001288.jpg,0,0.0003010611981153488
C:\Users\DELL-04-SMKKRIAN1\Documents\RipenAI\data\processed\test\banana_ripe\leftin_0001290.jpg,0,0.05168076604604721
C:\Users\DELL-04-SMKKRIAN1\Documents\RipenAI\data\processed\test\banana_ripe\leftin_0001291.jpg,0,0.00013226350711192936
C:\Users\DELL-04-SMKKRIAN1\Documents\RipenAI\data\processed\test\banana_ripe\leftin_0001292.jpg,0,0.07577820867300034
C:\Users\DELL-04-SMKKRIAN1\Documents\RipenAI\data\processed\test\banana_ripe\leftin_0001293.jpg,0,0.002249058336019516
C:\Users\DELL-04-SMKKRIAN1\Documents\RipenAI\data\processed\test\banana_ripe\leftin_0001294.jpg,0,0.004271289333701134
C:\Users\DELL-04-SMKKRIAN1\Documents\RipenAI\data\processed\test\banana_ripe\leftin_0001295.jpg,0,0.00017583592853043228
C:\Users\DELL-04-SMKKRIAN1\Documents\RipenAI\data\processed\test\banana_ripe\leftin_0001299.jpg,0,0.0010992827592417598
C:\Users\DELL-04-SMKKRIAN1\Documents\RipenAI\data\processed\test\banana_ripe\leftin_0001304.jpg,0,0.012385254725813866
C:\Users\DELL-04-SMKKRIAN1\Documents\RipenAI\data\processed\test\banana_ripe\leftin_0001305.jpg,0,0.00015832811186555773
C:\Users\DELL-04-SMKKRIAN1\Documents\RipenAI\data\processed\test\banana_ripe\leftin_0001307.jpg,0,0.01282635796815157
C:\Users\DELL-04-SMKKRIAN1\Documents\RipenAI\data\processed\test\banana_ripe\leftin_0001308.jpg,0,0.032115813344717026
C:\Users\DELL-04-SMKKRIAN1\Documents\RipenAI\data\processed\test\banana_ripe\leftin_0001309.jpg,0,0.005868036299943924
C:\Users\DELL-04-SMKKRIAN1\Documents\RipenAI\data\processed\test\banana_ripe\leftin_0001310.jpg,0,1.941597838595044e-05
C:\Users\DELL-04-SMKKRIAN1\Documents\RipenAI\data\processed\test\banana_ripe\leftin_0001311.jpg,0,0.006708262022584677
C:\Users\DELL-04-SMKKRIAN1\Documents\RipenAI\data\processed\test\banana_ripe\leftin_0001314.jpg,0,0.0042597027495503426
C:\Users\DELL-04-SMKKRIAN1\Documents\RipenAI\data\processed\test\banana_ripe\leftin_0001315.jpg,0,6.551284604938701e-05
C:\Users\DELL-04-SMKKRIAN1\Documents\RipenAI\data\processed\test\banana_ripe\leftin_0001316.jpg,0,9.98882096610032e-05
C:\Users\DELL-04-SMKKRIAN1\Documents\RipenAI\data\processed\test\banana_ripe\leftin_0001317.jpg,0,0.011672422289848328
C:\Users\DELL-04-SMKKRIAN1\Documents\RipenAI\data\processed\test\banana_ripe\leftin_0001318.jpg,0,0.008852565661072731
C:\Users\DELL-04-SMKKRIAN1\Documents\RipenAI\data\processed\test\banana_ripe\leftin_0001319.jpg,0,0.011044240556657314
C:\Users\DELL-04-SMKKRIAN1\Documents\RipenAI\data\processed\test\banana_ripe\leftin_0001322.jpg,0,1.0245745215797797e-05
C:\Users\DELL-04-SMKKRIAN1\Documents\RipenAI\data\processed\test\banana_ripe\leftin_0001324.jpg,0,0.0024876927491277456
C:\Users\DELL-04-SMKKRIAN1\Documents\RipenAI\data\processed\test\banana_ripe\leftin_0001326.jpg,0,0.0014068551827222109
C:\Users\DELL-04-SMKKRIAN1\Documents\RipenAI\data\processed\test\banana_ripe\leftin_0001327.jpg,0,0.00022139081556815654
C:\Users\DELL-04-SMKKRIAN1\Documents\RipenAI\data\processed\test\banana_ripe\leftin_0001328.jpg,0,0.002094113267958164
C:\Users\DELL-04-SMKKRIAN1\Documents\RipenAI\data\processed\test\banana_ripe\leftin_0001331.jpg,0,0.0002898213278967887
C:\Users\DELL-04-SMKKRIAN1\Documents\RipenAI\data\processed\test\banana_ripe\leftin_0001333.jpg,0,0.006577272433787584
C:\Users\DELL-04-SMKKRIAN1\Documents\RipenAI\data\processed\test\banana_ripe\leftin_0001336.jpg,0,0.00013473970466293395
C:\Users\DELL-04-SMKKRIAN1\Documents\RipenAI\data\processed\test\banana_ripe\leftin_0001339.jpg,0,0.004361649509519339
C:\Users\DELL-04-SMKKRIAN1\Documents\RipenAI\data\processed\test\banana_ripe\leftin_0001340.jpg,0,0.011629720218479633
C:\Users\DELL-04-SMKKRIAN1\Documents\RipenAI\data\processed\test\banana_ripe\leftin_0001341.jpg,0,0.003796492936089635
C:\Users\DELL-04-SMKKRIAN1\Documents\RipenAI\data\processed\test\banana_ripe\leftin_0001342.jpg,0,0.00044651090865954757
C:\Users\DELL-04-SMKKRIAN1\Documents\RipenAI\data\processed\test\banana_ripe\leftin_0001345.jpg,0,1.4435560842684936e-05
C:\Users\DELL-04-SMKKRIAN1\Documents\RipenAI\data\processed\test\banana_ripe\leftin_0001349.jpg,0,0.02405950240790844
C:\Users\DELL-04-SMKKRIAN1\Documents\RipenAI\data\processed\test\banana_ripe\leftin_0001350.jpg,0,1.989664087886922e-05
C:\Users\DELL-04-SMKKRIAN1\Documents\RipenAI\data\processed\test\banana_ripe\leftin_0001351.jpg,0,2.1709422071580775e-05
C:\Users\DELL-04-SMKKRIAN1\Documents\RipenAI\data\processed\test\banana_ripe\leftin_0001352.jpg,0,0.0010691857896745205
C:\Users\DELL-04-SMKKRIAN1\Documents\RipenAI\data\processed\test\banana_ripe\leftin_0001353.jpg,0,0.020227108150720596
C:\Users\DELL-04-SMKKRIAN1\Documents\RipenAI\data\processed\test\banana_ripe\leftin_0001354.jpg,0,0.0007076625479385257
C:\Users\DELL-04-SMKKRIAN1\Documents\RipenAI\data\processed\test\banana_ripe\leftin_0001356.jpg,0,0.0009110459941439331
C:\Users\DELL-04-SMKKRIAN1\Documents\RipenAI\data\processed\test\banana_ripe\leftin_0001359.jpg,0,0.0003319909446872771
C:\Users\DELL-04-SMKKRIAN1\Documents\RipenAI\data\processed\test\banana_ripe\leftin_0001360.jpg,0,0.005199091043323278
C:\Users\DELL-04-SMKKRIAN1\Documents\RipenAI\data\processed\test\banana_ripe\leftin_0001363.jpg,0,0.0019139433279633522
C:\Users\DELL-04-SMKKRIAN1\Documents\RipenAI\data\processed\test\banana_ripe\leftin_0001365.jpg,0,0.0028107648249715567
C:\Users\DELL-04-SMKKRIAN1\Documents\RipenAI\data\processed\test\banana_ripe\leftin_0001366.jpg,0,0.006145930383354425
C:\Users\DELL-04-SMKKRIAN1\Documents\RipenAI\data\processed\test\banana_ripe\leftin_0001367.jpg,0,0.0017547865863889456
C:\Users\DELL-04-SMKKRIAN1\Documents\RipenAI\data\processed\test\banana_ripe\leftin_0001368.jpg,0,2.6735657229437493e-05
C:\Users\DELL-04-SMKKRIAN1\Documents\RipenAI\data\processed\test\banana_ripe\leftin_0001369.jpg,0,0.00017708115046843886
C:\Users\DELL-04-SMKKRIAN1\Documents\RipenAI\data\processed\test\banana_rotten\alexcj10-ripenet_0001373.jpg,1,0.8646780252456665
C:\Users\DELL-04-SMKKRIAN1\Documents\RipenAI\data\processed\test\banana_rotten\alexcj10-ripenet_0001379.jpg,1,0.8410011529922485
C:\Users\DELL-04-SMKKRIAN1\Documents\RipenAI\data\processed\test\banana_rotten\alexcj10-ripenet_0001385.jpg,1,0.9993062019348145
C:\Users\DELL-04-SMKKRIAN1\Documents\RipenAI\data\processed\test\banana_rotten\alexcj10-ripenet_0001390.jpg,1,0.9911947250366211
C:\Users\DELL-04-SMKKRIAN1\Documents\RipenAI\data\processed\test\banana_rotten\alexcj10-ripenet_0001391.jpg,1,0.983635425567627
C:\Users\DELL-04-SMKKRIAN1\Documents\RipenAI\data\processed\test\banana_rotten\alexcj10-ripenet_0001404.jpg,1,0.9978396892547607
C:\Users\DELL-04-SMKKRIAN1\Documents\RipenAI\data\processed\test\banana_rotten\alexcj10-ripenet_0001411.jpg,1,0.849098265171051
C:\Users\DELL-04-SMKKRIAN1\Documents\RipenAI\data\processed\test\banana_rotten\alexcj10-ripenet_0001432.jpg,1,0.9962148070335388
C:\Users\DELL-04-SMKKRIAN1\Documents\RipenAI\data\processed\test\banana_rotten\alexcj10-ripenet_0001437.jpg,1,0.9990173578262329
C:\Users\DELL-04-SMKKRIAN1\Documents\RipenAI\data\processed\test\banana_rotten\alexcj10-ripenet_0001441.jpg,1,0.9869579672813416
C:\Users\DELL-04-SMKKRIAN1\Documents\RipenAI\data\processed\test\banana_rotten\alexcj10-ripenet_0001447.jpg,1,0.8291637897491455
C:\Users\DELL-04-SMKKRIAN1\Documents\RipenAI\data\processed\test\banana_rotten\alexcj10-ripenet_0001450.jpg,1,0.9953403472900391
C:\Users\DELL-04-SMKKRIAN1\Documents\RipenAI\data\processed\test\banana_rotten\alexcj10-ripenet_0001455.jpg,1,0.7202240824699402
C:\Users\DELL-04-SMKKRIAN1\Documents\RipenAI\data\processed\test\banana_rotten\alexcj10-ripenet_0001462.jpg,1,0.9996563196182251
C:\Users\DELL-04-SMKKRIAN1\Documents\RipenAI\data\processed\test\banana_rotten\alexcj10-ripenet_0001466.jpg,1,0.6171984076499939
C:\Users\DELL-04-SMKKRIAN1\Documents\RipenAI\data\processed\test\banana_rotten\alexcj10-ripenet_0001469.jpg,1,0.9871159195899963
C:\Users\DELL-04-SMKKRIAN1\Documents\RipenAI\data\processed\test\banana_rotten\alexcj10-ripenet_0001472.jpg,1,0.9988366961479187
C:\Users\DELL-04-SMKKRIAN1\Documents\RipenAI\data\processed\test\banana_rotten\alexcj10-ripenet_0001476.jpg,1,0.9795429706573486
C:\Users\DELL-04-SMKKRIAN1\Documents\RipenAI\data\processed\test\banana_rotten\alexcj10-ripenet_0001477.jpg,1,0.9996716976165771
C:\Users\DELL-04-SMKKRIAN1\Documents\RipenAI\data\processed\test\banana_rotten\alexcj10-ripenet_0001502.jpg,1,0.9960456490516663
C:\Users\DELL-04-SMKKRIAN1\Documents\RipenAI\data\processed\test\banana_rotten\alexcj10-ripenet_0001504.jpg,1,0.9753629565238953
C:\Users\DELL-04-SMKKRIAN1\Documents\RipenAI\data\processed\test\banana_rotten\alexcj10-ripenet_0001506.jpg,1,0.9996254444122314
C:\Users\DELL-04-SMKKRIAN1\Documents\RipenAI\data\processed\test\banana_rotten\alexcj10-ripenet_0001511.jpg,1,0.3273676931858063
C:\Users\DELL-04-SMKKRIAN1\Documents\RipenAI\data\processed\test\banana_rotten\alexcj10-ripenet_0001526.jpg,1,0.9964674711227417
C:\Users\DELL-04-SMKKRIAN1\Documents\RipenAI\data\processed\test\banana_rotten\alexcj10-ripenet_0001529.jpg,1,0.9207208752632141
C:\Users\DELL-04-SMKKRIAN1\Documents\RipenAI\data\processed\test\banana_rotten\alexcj10-ripenet_0001532.jpg,1,0.9882709383964539
C:\Users\DELL-04-SMKKRIAN1\Documents\RipenAI\data\processed\test\banana_rotten\alexcj10-ripenet_0001535.jpg,1,0.9640029668807983
C:\Users\DELL-04-SMKKRIAN1\Documents\RipenAI\data\processed\test\banana_rotten\alexcj10-ripenet_0001542.jpg,1,0.9103519916534424
C:\Users\DELL-04-SMKKRIAN1\Documents\RipenAI\data\processed\test\banana_rotten\alexcj10-ripenet_0001543.jpg,1,0.9993982315063477
C:\Users\DELL-04-SMKKRIAN1\Documents\RipenAI\data\processed\test\banana_rotten\alexcj10-ripenet_0001544.jpg,1,0.40849024057388306
C:\Users\DELL-04-SMKKRIAN1\Documents\RipenAI\data\processed\test\banana_rotten\alexcj10-ripenet_0001547.jpg,1,0.9986324906349182
C:\Users\DELL-04-SMKKRIAN1\Documents\RipenAI\data\processed\test\banana_rotten\alexcj10-ripenet_0001564.jpg,1,0.9962179064750671
C:\Users\DELL-04-SMKKRIAN1\Documents\RipenAI\data\processed\test\banana_rotten\alexcj10-ripenet_0001571.jpg,1,0.8139107823371887
C:\Users\DELL-04-SMKKRIAN1\Documents\RipenAI\data\processed\test\banana_rotten\alexcj10-ripenet_0001577.jpg,1,0.9899001717567444
C:\Users\DELL-04-SMKKRIAN1\Documents\RipenAI\data\processed\test\banana_rotten\alexcj10-ripenet_0001578.jpg,1,0.8751471042633057
C:\Users\DELL-04-SMKKRIAN1\Documents\RipenAI\data\processed\test\banana_rotten\alexcj10-ripenet_0001586.jpg,1,0.7135019302368164
C:\Users\DELL-04-SMKKRIAN1\Documents\RipenAI\data\processed\test\banana_rotten\alexcj10-ripenet_0001588.jpg,1,0.995019793510437
C:\Users\DELL-04-SMKKRIAN1\Documents\RipenAI\data\processed\test\banana_rotten\alexcj10-ripenet_0001593.jpg,1,0.8182316422462463
C:\Users\DELL-04-SMKKRIAN1\Documents\RipenAI\data\processed\test\banana_rotten\alexcj10-ripenet_0001606.jpg,1,0.9969677329063416
C:\Users\DELL-04-SMKKRIAN1\Documents\RipenAI\data\processed\test\banana_rotten\alexcj10-ripenet_0001609.jpg,1,0.9890196919441223
C:\Users\DELL-04-SMKKRIAN1\Documents\RipenAI\data\processed\test\banana_rotten\alexcj10-ripenet_0001623.jpg,1,0.995662271976471
C:\Users\DELL-04-SMKKRIAN1\Documents\RipenAI\data\processed\test\banana_rotten\alexcj10-ripenet_0001661.jpg,1,0.9065445065498352
C:\Users\DELL-04-SMKKRIAN1\Documents\RipenAI\data\processed\test\banana_rotten\alexcj10-ripenet_0001662.jpg,1,0.8081945180892944
C:\Users\DELL-04-SMKKRIAN1\Documents\RipenAI\data\processed\test\banana_rotten\alexcj10-ripenet_0001663.jpg,1,0.9927461743354797
C:\Users\DELL-04-SMKKRIAN1\Documents\RipenAI\data\processed\test\banana_rotten\alexcj10-ripenet_0001670.jpg,1,0.9841011166572571
C:\Users\DELL-04-SMKKRIAN1\Documents\RipenAI\data\processed\test\banana_rotten\alexcj10-ripenet_0001683.jpg,1,0.9991841912269592
C:\Users\DELL-04-SMKKRIAN1\Documents\RipenAI\data\processed\test\banana_rotten\alexcj10-ripenet_0001687.jpg,1,0.9962483048439026
C:\Users\DELL-04-SMKKRIAN1\Documents\RipenAI\data\processed\test\banana_rotten\alexcj10-ripenet_0001691.jpg,1,0.9290791153907776
C:\Users\DELL-04-SMKKRIAN1\Documents\RipenAI\data\processed\test\banana_rotten\leftin_0001370.jpg,1,0.9999943971633911
C:\Users\DELL-04-SMKKRIAN1\Documents\RipenAI\data\processed\test\banana_rotten\leftin_0001371.jpg,1,0.9991772770881653
C:\Users\DELL-04-SMKKRIAN1\Documents\RipenAI\data\processed\test\banana_rotten\leftin_0001372.jpg,1,0.999967098236084
C:\Users\DELL-04-SMKKRIAN1\Documents\RipenAI\data\processed\test\banana_rotten\leftin_0001374.jpg,1,0.9030387997627258
C:\Users\DELL-04-SMKKRIAN1\Documents\RipenAI\data\processed\test\banana_rotten\leftin_0001375.jpg,1,0.9999102354049683
C:\Users\DELL-04-SMKKRIAN1\Documents\RipenAI\data\processed\test\banana_rotten\leftin_0001376.jpg,1,0.9939193725585938
C:\Users\DELL-04-SMKKRIAN1\Documents\RipenAI\data\processed\test\banana_rotten\leftin_0001377.jpg,1,0.9647597074508667
C:\Users\DELL-04-SMKKRIAN1\Documents\RipenAI\data\processed\test\banana_rotten\leftin_0001378.jpg,1,0.9997102618217468
C:\Users\DELL-04-SMKKRIAN1\Documents\RipenAI\data\processed\test\banana_rotten\leftin_0001380.jpg,1,0.9914621114730835
C:\Users\DELL-04-SMKKRIAN1\Documents\RipenAI\data\processed\test\banana_rotten\leftin_0001381.jpg,1,0.9964830875396729
C:\Users\DELL-04-SMKKRIAN1\Documents\RipenAI\data\processed\test\banana_rotten\leftin_0001382.jpg,1,0.9997113347053528
C:\Users\DELL-04-SMKKRIAN1\Documents\RipenAI\data\processed\test\banana_rotten\leftin_0001383.jpg,1,0.9826212525367737
C:\Users\DELL-04-SMKKRIAN1\Documents\RipenAI\data\processed\test\banana_rotten\leftin_0001384.jpg,1,0.9999741315841675
C:\Users\DELL-04-SMKKRIAN1\Documents\RipenAI\data\processed\test\banana_rotten\leftin_0001386.jpg,1,0.9975812435150146
C:\Users\DELL-04-SMKKRIAN1\Documents\RipenAI\data\processed\test\banana_rotten\leftin_0001387.jpg,1,0.9992948770523071
C:\Users\DELL-04-SMKKRIAN1\Documents\RipenAI\data\processed\test\banana_rotten\leftin_0001388.jpg,1,0.9997125267982483
C:\Users\DELL-04-SMKKRIAN1\Documents\RipenAI\data\processed\test\banana_rotten\leftin_0001389.jpg,1,0.99996018409729
C:\Users\DELL-04-SMKKRIAN1\Documents\RipenAI\data\processed\test\banana_rotten\leftin_0001392.jpg,1,0.99404376745224
C:\Users\DELL-04-SMKKRIAN1\Documents\RipenAI\data\processed\test\banana_rotten\leftin_0001393.jpg,1,0.9996672868728638
C:\Users\DELL-04-SMKKRIAN1\Documents\RipenAI\data\processed\test\banana_rotten\leftin_0001394.jpg,1,0.995530903339386
C:\Users\DELL-04-SMKKRIAN1\Documents\RipenAI\data\processed\test\banana_rotten\leftin_0001395.jpg,1,0.999860405921936
C:\Users\DELL-04-SMKKRIAN1\Documents\RipenAI\data\processed\test\banana_rotten\leftin_0001396.jpg,1,0.9999581575393677
C:\Users\DELL-04-SMKKRIAN1\Documents\RipenAI\data\processed\test\banana_rotten\leftin_0001397.jpg,1,0.9998359680175781
C:\Users\DELL-04-SMKKRIAN1\Documents\RipenAI\data\processed\test\banana_rotten\leftin_0001398.jpg,1,0.999976396560669
C:\Users\DELL-04-SMKKRIAN1\Documents\RipenAI\data\processed\test\banana_rotten\leftin_0001399.jpg,1,0.9995225667953491
C:\Users\DELL-04-SMKKRIAN1\Documents\RipenAI\data\processed\test\banana_rotten\leftin_0001400.jpg,1,0.99993896484375
C:\Users\DELL-04-SMKKRIAN1\Documents\RipenAI\data\processed\test\banana_rotten\leftin_0001401.jpg,1,0.9999982118606567
C:\Users\DELL-04-SMKKRIAN1\Documents\RipenAI\data\processed\test\banana_rotten\leftin_0001402.jpg,1,0.9998584985733032
C:\Users\DELL-04-SMKKRIAN1\Documents\RipenAI\data\processed\test\banana_rotten\leftin_0001403.jpg,1,0.9984623193740845
C:\Users\DELL-04-SMKKRIAN1\Documents\RipenAI\data\processed\test\banana_rotten\leftin_0001405.jpg,1,0.7912249565124512
C:\Users\DELL-04-SMKKRIAN1\Documents\RipenAI\data\processed\test\banana_rotten\leftin_0001406.jpg,1,0.9944953322410583
C:\Users\DELL-04-SMKKRIAN1\Documents\RipenAI\data\processed\test\banana_rotten\leftin_0001407.jpg,1,0.9995338916778564
C:\Users\DELL-04-SMKKRIAN1\Documents\RipenAI\data\processed\test\banana_rotten\leftin_0001408.jpg,1,0.9996808767318726
C:\Users\DELL-04-SMKKRIAN1\Documents\RipenAI\data\processed\test\banana_rotten\leftin_0001409.jpg,1,0.9969542026519775
C:\Users\DELL-04-SMKKRIAN1\Documents\RipenAI\data\processed\test\banana_rotten\leftin_0001410.jpg,1,0.9983859062194824
C:\Users\DELL-04-SMKKRIAN1\Documents\RipenAI\data\processed\test\banana_rotten\leftin_0001412.jpg,1,0.9998762607574463
C:\Users\DELL-04-SMKKRIAN1\Documents\RipenAI\data\processed\test\banana_rotten\leftin_0001413.jpg,1,0.999981164932251
C:\Users\DELL-04-SMKKRIAN1\Documents\RipenAI\data\processed\test\banana_rotten\leftin_0001414.jpg,1,0.9989203214645386
C:\Users\DELL-04-SMKKRIAN1\Documents\RipenAI\data\processed\test\banana_rotten\leftin_0001415.jpg,1,0.995757520198822
C:\Users\DELL-04-SMKKRIAN1\Documents\RipenAI\data\processed\test\banana_rotten\leftin_0001416.jpg,1,0.9962707757949829
C:\Users\DELL-04-SMKKRIAN1\Documents\RipenAI\data\processed\test\banana_rotten\leftin_0001417.jpg,1,0.9994795918464661
C:\Users\DELL-04-SMKKRIAN1\Documents\RipenAI\data\processed\test\banana_rotten\leftin_0001418.jpg,1,0.9999737739562988
C:\Users\DELL-04-SMKKRIAN1\Documents\RipenAI\data\processed\test\banana_rotten\leftin_0001419.jpg,1,0.9999594688415527
C:\Users\DELL-04-SMKKRIAN1\Documents\RipenAI\data\processed\test\banana_rotten\leftin_0001420.jpg,1,0.9574970602989197
C:\Users\DELL-04-SMKKRIAN1\Documents\RipenAI\data\processed\test\banana_rotten\leftin_0001421.jpg,1,0.9987244009971619
C:\Users\DELL-04-SMKKRIAN1\Documents\RipenAI\data\processed\test\banana_rotten\leftin_0001422.jpg,1,0.9999340772628784
C:\Users\DELL-04-SMKKRIAN1\Documents\RipenAI\data\processed\test\banana_rotten\leftin_0001423.jpg,1,0.9998281002044678
C:\Users\DELL-04-SMKKRIAN1\Documents\RipenAI\data\processed\test\banana_rotten\leftin_0001424.jpg,1,0.9995729327201843
C:\Users\DELL-04-SMKKRIAN1\Documents\RipenAI\data\processed\test\banana_rotten\leftin_0001425.jpg,1,0.9323765635490417
C:\Users\DELL-04-SMKKRIAN1\Documents\RipenAI\data\processed\test\banana_rotten\leftin_0001426.jpg,1,0.9984595775604248
C:\Users\DELL-04-SMKKRIAN1\Documents\RipenAI\data\processed\test\banana_rotten\leftin_0001427.jpg,1,0.9999312162399292
C:\Users\DELL-04-SMKKRIAN1\Documents\RipenAI\data\processed\test\banana_rotten\leftin_0001428.jpg,1,0.999922513961792
C:\Users\DELL-04-SMKKRIAN1\Documents\RipenAI\data\processed\test\banana_rotten\leftin_0001429.jpg,1,0.9990069270133972
C:\Users\DELL-04-SMKKRIAN1\Documents\RipenAI\data\processed\test\banana_rotten\leftin_0001430.jpg,1,0.9956176280975342
C:\Users\DELL-04-SMKKRIAN1\Documents\RipenAI\data\processed\test\banana_rotten\leftin_0001431.jpg,1,0.9991052746772766
C:\Users\DELL-04-SMKKRIAN1\Documents\RipenAI\data\processed\test\banana_rotten\leftin_0001433.jpg,1,0.9999418258666992
C:\Users\DELL-04-SMKKRIAN1\Documents\RipenAI\data\processed\test\banana_rotten\leftin_0001434.jpg,1,0.9977352619171143
C:\Users\DELL-04-SMKKRIAN1\Documents\RipenAI\data\processed\test\banana_rotten\leftin_0001435.jpg,1,0.9987797141075134
C:\Users\DELL-04-SMKKRIAN1\Documents\RipenAI\data\processed\test\banana_rotten\leftin_0001436.jpg,1,0.9999146461486816
C:\Users\DELL-04-SMKKRIAN1\Documents\RipenAI\data\processed\test\banana_rotten\leftin_0001438.jpg,1,0.9989000558853149
C:\Users\DELL-04-SMKKRIAN1\Documents\RipenAI\data\processed\test\banana_rotten\leftin_0001439.jpg,1,0.9984399676322937
C:\Users\DELL-04-SMKKRIAN1\Documents\RipenAI\data\processed\test\banana_rotten\leftin_0001440.jpg,1,0.9963303208351135
C:\Users\DELL-04-SMKKRIAN1\Documents\RipenAI\data\processed\test\banana_rotten\leftin_0001442.jpg,1,0.999642014503479
C:\Users\DELL-04-SMKKRIAN1\Documents\RipenAI\data\processed\test\banana_rotten\leftin_0001443.jpg,1,0.9969415068626404
C:\Users\DELL-04-SMKKRIAN1\Documents\RipenAI\data\processed\test\banana_rotten\leftin_0001444.jpg,1,0.9999853372573853
C:\Users\DELL-04-SMKKRIAN1\Documents\RipenAI\data\processed\test\banana_rotten\leftin_0001445.jpg,1,0.9999775886535645
C:\Users\DELL-04-SMKKRIAN1\Documents\RipenAI\data\processed\test\banana_rotten\leftin_0001446.jpg,1,0.9999972581863403
C:\Users\DELL-04-SMKKRIAN1\Documents\RipenAI\data\processed\test\banana_rotten\leftin_0001448.jpg,1,0.9990133047103882
C:\Users\DELL-04-SMKKRIAN1\Documents\RipenAI\data\processed\test\banana_rotten\leftin_0001449.jpg,1,0.999219536781311
C:\Users\DELL-04-SMKKRIAN1\Documents\RipenAI\data\processed\test\banana_rotten\leftin_0001451.jpg,1,0.997943103313446
C:\Users\DELL-04-SMKKRIAN1\Documents\RipenAI\data\processed\test\banana_rotten\leftin_0001452.jpg,1,0.9999414682388306
C:\Users\DELL-04-SMKKRIAN1\Documents\RipenAI\data\processed\test\banana_rotten\leftin_0001453.jpg,1,0.9999961853027344
C:\Users\DELL-04-SMKKRIAN1\Documents\RipenAI\data\processed\test\banana_rotten\leftin_0001454.jpg,1,0.9996620416641235
C:\Users\DELL-04-SMKKRIAN1\Documents\RipenAI\data\processed\test\banana_rotten\leftin_0001456.jpg,1,0.9999654293060303
C:\Users\DELL-04-SMKKRIAN1\Documents\RipenAI\data\processed\test\banana_rotten\leftin_0001457.jpg,1,0.9984404444694519
C:\Users\DELL-04-SMKKRIAN1\Documents\RipenAI\data\processed\test\banana_rotten\leftin_0001458.jpg,1,0.9999991655349731
C:\Users\DELL-04-SMKKRIAN1\Documents\RipenAI\data\processed\test\banana_rotten\leftin_0001459.jpg,1,0.9993855953216553
C:\Users\DELL-04-SMKKRIAN1\Documents\RipenAI\data\processed\test\banana_rotten\leftin_0001460.jpg,1,0.9881755113601685
C:\Users\DELL-04-SMKKRIAN1\Documents\RipenAI\data\processed\test\banana_rotten\leftin_0001461.jpg,1,0.9982557892799377
C:\Users\DELL-04-SMKKRIAN1\Documents\RipenAI\data\processed\test\banana_rotten\leftin_0001463.jpg,1,0.999982476234436
C:\Users\DELL-04-SMKKRIAN1\Documents\RipenAI\data\processed\test\banana_rotten\leftin_0001464.jpg,1,0.9993613362312317
C:\Users\DELL-04-SMKKRIAN1\Documents\RipenAI\data\processed\test\banana_rotten\leftin_0001465.jpg,1,0.9996334314346313
C:\Users\DELL-04-SMKKRIAN1\Documents\RipenAI\data\processed\test\banana_rotten\leftin_0001467.jpg,1,0.9941381216049194
C:\Users\DELL-04-SMKKRIAN1\Documents\RipenAI\data\processed\test\banana_rotten\leftin_0001468.jpg,1,0.9744774699211121
C:\Users\DELL-04-SMKKRIAN1\Documents\RipenAI\data\processed\test\banana_rotten\leftin_0001470.jpg,1,0.9990929365158081
C:\Users\DELL-04-SMKKRIAN1\Documents\RipenAI\data\processed\test\banana_rotten\leftin_0001471.jpg,1,0.9984090924263
C:\Users\DELL-04-SMKKRIAN1\Documents\RipenAI\data\processed\test\banana_rotten\leftin_0001473.jpg,1,0.9930952191352844
C:\Users\DELL-04-SMKKRIAN1\Documents\RipenAI\data\processed\test\banana_rotten\leftin_0001474.jpg,1,0.9991694688796997
C:\Users\DELL-04-SMKKRIAN1\Documents\RipenAI\data\processed\test\banana_rotten\leftin_0001475.jpg,1,0.9999946355819702
C:\Users\DELL-04-SMKKRIAN1\Documents\RipenAI\data\processed\test\banana_rotten\leftin_0001478.jpg,1,0.9998389482498169
C:\Users\DELL-04-SMKKRIAN1\Documents\RipenAI\data\processed\test\banana_rotten\leftin_0001479.jpg,1,0.9997434020042419
C:\Users\DELL-04-SMKKRIAN1\Documents\RipenAI\data\processed\test\banana_rotten\leftin_0001480.jpg,1,0.9989497065544128
C:\Users\DELL-04-SMKKRIAN1\Documents\RipenAI\data\processed\test\banana_rotten\leftin_0001481.jpg,1,0.9999598264694214
C:\Users\DELL-04-SMKKRIAN1\Documents\RipenAI\data\processed\test\banana_rotten\leftin_0001482.jpg,1,0.9999780654907227
C:\Users\DELL-04-SMKKRIAN1\Documents\RipenAI\data\processed\test\banana_rotten\leftin_0001483.jpg,1,0.99950110912323
C:\Users\DELL-04-SMKKRIAN1\Documents\RipenAI\data\processed\test\banana_rotten\leftin_0001484.jpg,1,0.6500667929649353
C:\Users\DELL-04-SMKKRIAN1\Documents\RipenAI\data\processed\test\banana_rotten\leftin_0001485.jpg,1,0.999518871307373
C:\Users\DELL-04-SMKKRIAN1\Documents\RipenAI\data\processed\test\banana_rotten\leftin_0001486.jpg,1,0.9972199201583862
C:\Users\DELL-04-SMKKRIAN1\Documents\RipenAI\data\processed\test\banana_rotten\leftin_0001487.jpg,1,0.9994334578514099
C:\Users\DELL-04-SMKKRIAN1\Documents\RipenAI\data\processed\test\banana_rotten\leftin_0001488.jpg,1,0.9735584259033203
C:\Users\DELL-04-SMKKRIAN1\Documents\RipenAI\data\processed\test\banana_rotten\leftin_0001489.jpg,1,0.9997733235359192
C:\Users\DELL-04-SMKKRIAN1\Documents\RipenAI\data\processed\test\banana_rotten\leftin_0001490.jpg,1,0.9999905824661255
C:\Users\DELL-04-SMKKRIAN1\Documents\RipenAI\data\processed\test\banana_rotten\leftin_0001491.jpg,1,0.9985290765762329
C:\Users\DELL-04-SMKKRIAN1\Documents\RipenAI\data\processed\test\banana_rotten\leftin_0001492.jpg,1,0.9999806880950928
C:\Users\DELL-04-SMKKRIAN1\Documents\RipenAI\data\processed\test\banana_rotten\leftin_0001493.jpg,1,0.9838829636573792
C:\Users\DELL-04-SMKKRIAN1\Documents\RipenAI\data\processed\test\banana_rotten\leftin_0001494.jpg,1,0.9999585151672363
C:\Users\DELL-04-SMKKRIAN1\Documents\RipenAI\data\processed\test\banana_rotten\leftin_0001495.jpg,1,0.9902655482292175
C:\Users\DELL-04-SMKKRIAN1\Documents\RipenAI\data\processed\test\banana_rotten\leftin_0001496.jpg,1,0.9999866485595703
C:\Users\DELL-04-SMKKRIAN1\Documents\RipenAI\data\processed\test\banana_rotten\leftin_0001497.jpg,1,0.9965774416923523
C:\Users\DELL-04-SMKKRIAN1\Documents\RipenAI\data\processed\test\banana_rotten\leftin_0001498.jpg,1,0.9997915625572205
C:\Users\DELL-04-SMKKRIAN1\Documents\RipenAI\data\processed\test\banana_rotten\leftin_0001499.jpg,1,0.9989368319511414
C:\Users\DELL-04-SMKKRIAN1\Documents\RipenAI\data\processed\test\banana_rotten\leftin_0001500.jpg,1,0.9995343685150146
C:\Users\DELL-04-SMKKRIAN1\Documents\RipenAI\data\processed\test\banana_rotten\leftin_0001501.jpg,1,0.994968831539154
C:\Users\DELL-04-SMKKRIAN1\Documents\RipenAI\data\processed\test\banana_rotten\leftin_0001503.jpg,1,0.9994950294494629
C:\Users\DELL-04-SMKKRIAN1\Documents\RipenAI\data\processed\test\banana_rotten\leftin_0001505.jpg,1,0.9999892711639404
C:\Users\DELL-04-SMKKRIAN1\Documents\RipenAI\data\processed\test\banana_rotten\leftin_0001507.jpg,1,0.9978564381599426
C:\Users\DELL-04-SMKKRIAN1\Documents\RipenAI\data\processed\test\banana_rotten\leftin_0001508.jpg,1,0.9998416900634766
C:\Users\DELL-04-SMKKRIAN1\Documents\RipenAI\data\processed\test\banana_rotten\leftin_0001509.jpg,1,0.9993119239807129
C:\Users\DELL-04-SMKKRIAN1\Documents\RipenAI\data\processed\test\banana_rotten\leftin_0001510.jpg,1,0.9951260685920715
C:\Users\DELL-04-SMKKRIAN1\Documents\RipenAI\data\processed\test\banana_rotten\leftin_0001512.jpg,1,0.9962828755378723
C:\Users\DELL-04-SMKKRIAN1\Documents\RipenAI\data\processed\test\banana_rotten\leftin_0001513.jpg,1,0.9999198913574219
C:\Users\DELL-04-SMKKRIAN1\Documents\RipenAI\data\processed\test\banana_rotten\leftin_0001514.jpg,1,0.9977943897247314
C:\Users\DELL-04-SMKKRIAN1\Documents\RipenAI\data\processed\test\banana_rotten\leftin_0001515.jpg,1,0.9979740977287292
C:\Users\DELL-04-SMKKRIAN1\Documents\RipenAI\data\processed\test\banana_rotten\leftin_0001516.jpg,1,0.9998431205749512
C:\Users\DELL-04-SMKKRIAN1\Documents\RipenAI\data\processed\test\banana_rotten\leftin_0001517.jpg,1,0.9931661486625671
C:\Users\DELL-04-SMKKRIAN1\Documents\RipenAI\data\processed\test\banana_rotten\leftin_0001518.jpg,1,0.9992699027061462
C:\Users\DELL-04-SMKKRIAN1\Documents\RipenAI\data\processed\test\banana_rotten\leftin_0001519.jpg,1,0.9978716373443604
C:\Users\DELL-04-SMKKRIAN1\Documents\RipenAI\data\processed\test\banana_rotten\leftin_0001520.jpg,1,0.9998260140419006
C:\Users\DELL-04-SMKKRIAN1\Documents\RipenAI\data\processed\test\banana_rotten\leftin_0001521.jpg,1,0.9996440410614014
C:\Users\DELL-04-SMKKRIAN1\Documents\RipenAI\data\processed\test\banana_rotten\leftin_0001522.jpg,1,0.9999933242797852
C:\Users\DELL-04-SMKKRIAN1\Documents\RipenAI\data\processed\test\banana_rotten\leftin_0001523.jpg,1,0.9912241697311401
C:\Users\DELL-04-SMKKRIAN1\Documents\RipenAI\data\processed\test\banana_rotten\leftin_0001524.jpg,1,0.9988846182823181
C:\Users\DELL-04-SMKKRIAN1\Documents\RipenAI\data\processed\test\banana_rotten\leftin_0001525.jpg,1,0.9885852932929993
C:\Users\DELL-04-SMKKRIAN1\Documents\RipenAI\data\processed\test\banana_rotten\leftin_0001527.jpg,1,0.9998327493667603
C:\Users\DELL-04-SMKKRIAN1\Documents\RipenAI\data\processed\test\banana_rotten\leftin_0001528.jpg,1,0.999626874923706
C:\Users\DELL-04-SMKKRIAN1\Documents\RipenAI\data\processed\test\banana_rotten\leftin_0001530.jpg,1,0.9996824264526367
C:\Users\DELL-04-SMKKRIAN1\Documents\RipenAI\data\processed\test\banana_rotten\leftin_0001531.jpg,1,0.9953972697257996
C:\Users\DELL-04-SMKKRIAN1\Documents\RipenAI\data\processed\test\banana_rotten\leftin_0001533.jpg,1,0.9999215602874756
C:\Users\DELL-04-SMKKRIAN1\Documents\RipenAI\data\processed\test\banana_rotten\leftin_0001534.jpg,1,0.9973509311676025
C:\Users\DELL-04-SMKKRIAN1\Documents\RipenAI\data\processed\test\banana_rotten\leftin_0001536.jpg,1,0.9999933242797852
C:\Users\DELL-04-SMKKRIAN1\Documents\RipenAI\data\processed\test\banana_rotten\leftin_0001537.jpg,1,0.9999849796295166
C:\Users\DELL-04-SMKKRIAN1\Documents\RipenAI\data\processed\test\banana_rotten\leftin_0001538.jpg,1,0.999990701675415
C:\Users\DELL-04-SMKKRIAN1\Documents\RipenAI\data\processed\test\banana_rotten\leftin_0001539.jpg,1,0.9990811347961426
C:\Users\DELL-04-SMKKRIAN1\Documents\RipenAI\data\processed\test\banana_rotten\leftin_0001540.jpg,1,0.9999068975448608
C:\Users\DELL-04-SMKKRIAN1\Documents\RipenAI\data\processed\test\banana_rotten\leftin_0001541.jpg,1,0.9998691082000732
C:\Users\DELL-04-SMKKRIAN1\Documents\RipenAI\data\processed\test\banana_rotten\leftin_0001545.jpg,1,0.999977707862854
C:\Users\DELL-04-SMKKRIAN1\Documents\RipenAI\data\processed\test\banana_rotten\leftin_0001546.jpg,1,0.9998794794082642
C:\Users\DELL-04-SMKKRIAN1\Documents\RipenAI\data\processed\test\banana_rotten\leftin_0001548.jpg,1,0.9985698461532593
C:\Users\DELL-04-SMKKRIAN1\Documents\RipenAI\data\processed\test\banana_rotten\leftin_0001549.jpg,1,0.9999791383743286
C:\Users\DELL-04-SMKKRIAN1\Documents\RipenAI\data\processed\test\banana_rotten\leftin_0001550.jpg,1,0.9990068078041077
C:\Users\DELL-04-SMKKRIAN1\Documents\RipenAI\data\processed\test\banana_rotten\leftin_0001551.jpg,1,0.9971975088119507
C:\Users\DELL-04-SMKKRIAN1\Documents\RipenAI\data\processed\test\banana_rotten\leftin_0001552.jpg,1,0.999980092048645
C:\Users\DELL-04-SMKKRIAN1\Documents\RipenAI\data\processed\test\banana_rotten\leftin_0001553.jpg,1,0.9906798005104065
C:\Users\DELL-04-SMKKRIAN1\Documents\RipenAI\data\processed\test\banana_rotten\leftin_0001554.jpg,1,0.9984425902366638
C:\Users\DELL-04-SMKKRIAN1\Documents\RipenAI\data\processed\test\banana_rotten\leftin_0001555.jpg,1,0.9985949397087097
C:\Users\DELL-04-SMKKRIAN1\Documents\RipenAI\data\processed\test\banana_rotten\leftin_0001556.jpg,1,0.99998939037323
C:\Users\DELL-04-SMKKRIAN1\Documents\RipenAI\data\processed\test\banana_rotten\leftin_0001557.jpg,1,0.985276997089386
C:\Users\DELL-04-SMKKRIAN1\Documents\RipenAI\data\processed\test\banana_rotten\leftin_0001558.jpg,1,0.9993900060653687
C:\Users\DELL-04-SMKKRIAN1\Documents\RipenAI\data\processed\test\banana_rotten\leftin_0001559.jpg,1,0.9638069868087769
C:\Users\DELL-04-SMKKRIAN1\Documents\RipenAI\data\processed\test\banana_rotten\leftin_0001560.jpg,1,0.9990573525428772
C:\Users\DELL-04-SMKKRIAN1\Documents\RipenAI\data\processed\test\banana_rotten\leftin_0001561.jpg,1,0.9999971389770508
C:\Users\DELL-04-SMKKRIAN1\Documents\RipenAI\data\processed\test\banana_rotten\leftin_0001562.jpg,1,0.918268620967865
C:\Users\DELL-04-SMKKRIAN1\Documents\RipenAI\data\processed\test\banana_rotten\leftin_0001563.jpg,1,0.9990585446357727
C:\Users\DELL-04-SMKKRIAN1\Documents\RipenAI\data\processed\test\banana_rotten\leftin_0001565.jpg,1,0.9981780052185059
C:\Users\DELL-04-SMKKRIAN1\Documents\RipenAI\data\processed\test\banana_rotten\leftin_0001566.jpg,1,0.9996515512466431
C:\Users\DELL-04-SMKKRIAN1\Documents\RipenAI\data\processed\test\banana_rotten\leftin_0001567.jpg,1,0.9987741112709045
C:\Users\DELL-04-SMKKRIAN1\Documents\RipenAI\data\processed\test\banana_rotten\leftin_0001568.jpg,1,0.9998593330383301
C:\Users\DELL-04-SMKKRIAN1\Documents\RipenAI\data\processed\test\banana_rotten\leftin_0001569.jpg,1,0.9996036887168884
C:\Users\DELL-04-SMKKRIAN1\Documents\RipenAI\data\processed\test\banana_rotten\leftin_0001570.jpg,1,0.9998689889907837
C:\Users\DELL-04-SMKKRIAN1\Documents\RipenAI\data\processed\test\banana_rotten\leftin_0001572.jpg,1,0.45433682203292847
C:\Users\DELL-04-SMKKRIAN1\Documents\RipenAI\data\processed\test\banana_rotten\leftin_0001573.jpg,1,0.9997583031654358
C:\Users\DELL-04-SMKKRIAN1\Documents\RipenAI\data\processed\test\banana_rotten\leftin_0001574.jpg,1,0.9969577789306641
C:\Users\DELL-04-SMKKRIAN1\Documents\RipenAI\data\processed\test\banana_rotten\leftin_0001575.jpg,1,0.999992847442627
C:\Users\DELL-04-SMKKRIAN1\Documents\RipenAI\data\processed\test\banana_rotten\leftin_0001576.jpg,1,0.9997034668922424
C:\Users\DELL-04-SMKKRIAN1\Documents\RipenAI\data\processed\test\banana_rotten\leftin_0001579.jpg,1,0.9912739396095276
C:\Users\DELL-04-SMKKRIAN1\Documents\RipenAI\data\processed\test\banana_rotten\leftin_0001580.jpg,1,0.9994587302207947
C:\Users\DELL-04-SMKKRIAN1\Documents\RipenAI\data\processed\test\banana_rotten\leftin_0001581.jpg,1,0.9799107313156128
C:\Users\DELL-04-SMKKRIAN1\Documents\RipenAI\data\processed\test\banana_rotten\leftin_0001582.jpg,1,0.9893717765808105
C:\Users\DELL-04-SMKKRIAN1\Documents\RipenAI\data\processed\test\banana_rotten\leftin_0001583.jpg,1,0.9998371601104736
C:\Users\DELL-04-SMKKRIAN1\Documents\RipenAI\data\processed\test\banana_rotten\leftin_0001584.jpg,1,0.9995723366737366
C:\Users\DELL-04-SMKKRIAN1\Documents\RipenAI\data\processed\test\banana_rotten\leftin_0001585.jpg,1,0.9998900890350342
C:\Users\DELL-04-SMKKRIAN1\Documents\RipenAI\data\processed\test\banana_rotten\leftin_0001587.jpg,1,0.9867088794708252
C:\Users\DELL-04-SMKKRIAN1\Documents\RipenAI\data\processed\test\banana_rotten\leftin_0001589.jpg,1,0.9975923895835876
C:\Users\DELL-04-SMKKRIAN1\Documents\RipenAI\data\processed\test\banana_rotten\leftin_0001590.jpg,1,0.9997506737709045
C:\Users\DELL-04-SMKKRIAN1\Documents\RipenAI\data\processed\test\banana_rotten\leftin_0001591.jpg,1,0.9981702566146851
C:\Users\DELL-04-SMKKRIAN1\Documents\RipenAI\data\processed\test\banana_rotten\leftin_0001592.jpg,1,0.9985393285751343
C:\Users\DELL-04-SMKKRIAN1\Documents\RipenAI\data\processed\test\banana_rotten\leftin_0001594.jpg,1,0.9999910593032837
C:\Users\DELL-04-SMKKRIAN1\Documents\RipenAI\data\processed\test\banana_rotten\leftin_0001595.jpg,1,0.9978925585746765
C:\Users\DELL-04-SMKKRIAN1\Documents\RipenAI\data\processed\test\banana_rotten\leftin_0001596.jpg,1,0.9993570446968079
C:\Users\DELL-04-SMKKRIAN1\Documents\RipenAI\data\processed\test\banana_rotten\leftin_0001597.jpg,1,0.9902835488319397
C:\Users\DELL-04-SMKKRIAN1\Documents\RipenAI\data\processed\test\banana_rotten\leftin_0001598.jpg,1,0.9921278953552246
C:\Users\DELL-04-SMKKRIAN1\Documents\RipenAI\data\processed\test\banana_rotten\leftin_0001599.jpg,1,0.9996910095214844
C:\Users\DELL-04-SMKKRIAN1\Documents\RipenAI\data\processed\test\banana_rotten\leftin_0001600.jpg,1,0.9965871572494507
C:\Users\DELL-04-SMKKRIAN1\Documents\RipenAI\data\processed\test\banana_rotten\leftin_0001601.jpg,1,0.9985532164573669
C:\Users\DELL-04-SMKKRIAN1\Documents\RipenAI\data\processed\test\banana_rotten\leftin_0001602.jpg,1,0.8632429242134094
C:\Users\DELL-04-SMKKRIAN1\Documents\RipenAI\data\processed\test\banana_rotten\leftin_0001603.jpg,1,0.9978495836257935
C:\Users\DELL-04-SMKKRIAN1\Documents\RipenAI\data\processed\test\banana_rotten\leftin_0001604.jpg,1,0.999962329864502
C:\Users\DELL-04-SMKKRIAN1\Documents\RipenAI\data\processed\test\banana_rotten\leftin_0001605.jpg,1,0.9999567270278931
C:\Users\DELL-04-SMKKRIAN1\Documents\RipenAI\data\processed\test\banana_rotten\leftin_0001607.jpg,1,0.9950866103172302
C:\Users\DELL-04-SMKKRIAN1\Documents\RipenAI\data\processed\test\banana_rotten\leftin_0001608.jpg,1,0.9758830666542053
C:\Users\DELL-04-SMKKRIAN1\Documents\RipenAI\data\processed\test\banana_rotten\leftin_0001610.jpg,1,0.9994255304336548
C:\Users\DELL-04-SMKKRIAN1\Documents\RipenAI\data\processed\test\banana_rotten\leftin_0001611.jpg,1,0.9999943971633911
C:\Users\DELL-04-SMKKRIAN1\Documents\RipenAI\data\processed\test\banana_rotten\leftin_0001612.jpg,1,0.9995747208595276
C:\Users\DELL-04-SMKKRIAN1\Documents\RipenAI\data\processed\test\banana_rotten\leftin_0001613.jpg,1,0.9997889399528503
C:\Users\DELL-04-SMKKRIAN1\Documents\RipenAI\data\processed\test\banana_rotten\leftin_0001614.jpg,1,0.9947367310523987
C:\Users\DELL-04-SMKKRIAN1\Documents\RipenAI\data\processed\test\banana_rotten\leftin_0001615.jpg,1,0.9988487958908081
C:\Users\DELL-04-SMKKRIAN1\Documents\RipenAI\data\processed\test\banana_rotten\leftin_0001616.jpg,1,0.9811978936195374
C:\Users\DELL-04-SMKKRIAN1\Documents\RipenAI\data\processed\test\banana_rotten\leftin_0001617.jpg,1,0.9984038472175598
C:\Users\DELL-04-SMKKRIAN1\Documents\RipenAI\data\processed\test\banana_rotten\leftin_0001618.jpg,1,0.982566237449646
C:\Users\DELL-04-SMKKRIAN1\Documents\RipenAI\data\processed\test\banana_rotten\leftin_0001619.jpg,1,0.9999686479568481
C:\Users\DELL-04-SMKKRIAN1\Documents\RipenAI\data\processed\test\banana_rotten\leftin_0001620.jpg,1,0.999832272529602
C:\Users\DELL-04-SMKKRIAN1\Documents\RipenAI\data\processed\test\banana_rotten\leftin_0001621.jpg,1,0.9999768733978271
C:\Users\DELL-04-SMKKRIAN1\Documents\RipenAI\data\processed\test\banana_rotten\leftin_0001622.jpg,1,0.9999628067016602
C:\Users\DELL-04-SMKKRIAN1\Documents\RipenAI\data\processed\test\banana_rotten\leftin_0001624.jpg,1,0.9974594712257385
C:\Users\DELL-04-SMKKRIAN1\Documents\RipenAI\data\processed\test\banana_rotten\leftin_0001625.jpg,1,0.9999396800994873
C:\Users\DELL-04-SMKKRIAN1\Documents\RipenAI\data\processed\test\banana_rotten\leftin_0001626.jpg,1,0.9999990463256836
C:\Users\DELL-04-SMKKRIAN1\Documents\RipenAI\data\processed\test\banana_rotten\leftin_0001627.jpg,1,0.9986200332641602
C:\Users\DELL-04-SMKKRIAN1\Documents\RipenAI\data\processed\test\banana_rotten\leftin_0001628.jpg,1,0.7444373369216919
C:\Users\DELL-04-SMKKRIAN1\Documents\RipenAI\data\processed\test\banana_rotten\leftin_0001629.jpg,1,0.9990764856338501
C:\Users\DELL-04-SMKKRIAN1\Documents\RipenAI\data\processed\test\banana_rotten\leftin_0001630.jpg,1,0.9999210834503174
C:\Users\DELL-04-SMKKRIAN1\Documents\RipenAI\data\processed\test\banana_rotten\leftin_0001631.jpg,1,0.9676708579063416
C:\Users\DELL-04-SMKKRIAN1\Documents\RipenAI\data\processed\test\banana_rotten\leftin_0001632.jpg,1,0.9999964237213135
C:\Users\DELL-04-SMKKRIAN1\Documents\RipenAI\data\processed\test\banana_rotten\leftin_0001633.jpg,1,0.9998199343681335
C:\Users\DELL-04-SMKKRIAN1\Documents\RipenAI\data\processed\test\banana_rotten\leftin_0001634.jpg,1,0.9995222091674805
C:\Users\DELL-04-SMKKRIAN1\Documents\RipenAI\data\processed\test\banana_rotten\leftin_0001635.jpg,1,0.9256204962730408
C:\Users\DELL-04-SMKKRIAN1\Documents\RipenAI\data\processed\test\banana_rotten\leftin_0001636.jpg,1,0.998286783695221
C:\Users\DELL-04-SMKKRIAN1\Documents\RipenAI\data\processed\test\banana_rotten\leftin_0001637.jpg,1,0.9999359846115112
C:\Users\DELL-04-SMKKRIAN1\Documents\RipenAI\data\processed\test\banana_rotten\leftin_0001638.jpg,1,0.9995551705360413
C:\Users\DELL-04-SMKKRIAN1\Documents\RipenAI\data\processed\test\banana_rotten\leftin_0001639.jpg,1,0.9996721744537354
C:\Users\DELL-04-SMKKRIAN1\Documents\RipenAI\data\processed\test\banana_rotten\leftin_0001640.jpg,1,0.9990656971931458
C:\Users\DELL-04-SMKKRIAN1\Documents\RipenAI\data\processed\test\banana_rotten\leftin_0001641.jpg,1,0.9768120646476746
C:\Users\DELL-04-SMKKRIAN1\Documents\RipenAI\data\processed\test\banana_rotten\leftin_0001642.jpg,1,0.990996241569519
C:\Users\DELL-04-SMKKRIAN1\Documents\RipenAI\data\processed\test\banana_rotten\leftin_0001643.jpg,1,0.9987207055091858
C:\Users\DELL-04-SMKKRIAN1\Documents\RipenAI\data\processed\test\banana_rotten\leftin_0001644.jpg,1,0.9776001572608948
C:\Users\DELL-04-SMKKRIAN1\Documents\RipenAI\data\processed\test\banana_rotten\leftin_0001645.jpg,1,0.9996770620346069
C:\Users\DELL-04-SMKKRIAN1\Documents\RipenAI\data\processed\test\banana_rotten\leftin_0001646.jpg,1,0.9966465830802917
C:\Users\DELL-04-SMKKRIAN1\Documents\RipenAI\data\processed\test\banana_rotten\leftin_0001647.jpg,1,0.999909520149231
C:\Users\DELL-04-SMKKRIAN1\Documents\RipenAI\data\processed\test\banana_rotten\leftin_0001648.jpg,1,0.9946290850639343
C:\Users\DELL-04-SMKKRIAN1\Documents\RipenAI\data\processed\test\banana_rotten\leftin_0001649.jpg,1,0.9997389912605286
C:\Users\DELL-04-SMKKRIAN1\Documents\RipenAI\data\processed\test\banana_rotten\leftin_0001650.jpg,1,0.999840497970581
C:\Users\DELL-04-SMKKRIAN1\Documents\RipenAI\data\processed\test\banana_rotten\leftin_0001651.jpg,1,0.9820213317871094
C:\Users\DELL-04-SMKKRIAN1\Documents\RipenAI\data\processed\test\banana_rotten\leftin_0001652.jpg,1,0.9999728202819824
C:\Users\DELL-04-SMKKRIAN1\Documents\RipenAI\data\processed\test\banana_rotten\leftin_0001653.jpg,1,0.9944764971733093
C:\Users\DELL-04-SMKKRIAN1\Documents\RipenAI\data\processed\test\banana_rotten\leftin_0001654.jpg,1,0.9179803133010864
C:\Users\DELL-04-SMKKRIAN1\Documents\RipenAI\data\processed\test\banana_rotten\leftin_0001655.jpg,1,0.9992864727973938
C:\Users\DELL-04-SMKKRIAN1\Documents\RipenAI\data\processed\test\banana_rotten\leftin_0001656.jpg,1,0.996401309967041
C:\Users\DELL-04-SMKKRIAN1\Documents\RipenAI\data\processed\test\banana_rotten\leftin_0001657.jpg,1,0.9995492100715637
C:\Users\DELL-04-SMKKRIAN1\Documents\RipenAI\data\processed\test\banana_rotten\leftin_0001658.jpg,1,0.9972779154777527
C:\Users\DELL-04-SMKKRIAN1\Documents\RipenAI\data\processed\test\banana_rotten\leftin_0001659.jpg,1,0.9998112320899963
C:\Users\DELL-04-SMKKRIAN1\Documents\RipenAI\data\processed\test\banana_rotten\leftin_0001660.jpg,1,0.9671195149421692
C:\Users\DELL-04-SMKKRIAN1\Documents\RipenAI\data\processed\test\banana_rotten\leftin_0001664.jpg,1,0.9994818568229675
C:\Users\DELL-04-SMKKRIAN1\Documents\RipenAI\data\processed\test\banana_rotten\leftin_0001665.jpg,1,0.9999359846115112
C:\Users\DELL-04-SMKKRIAN1\Documents\RipenAI\data\processed\test\banana_rotten\leftin_0001666.jpg,1,0.9991777539253235
C:\Users\DELL-04-SMKKRIAN1\Documents\RipenAI\data\processed\test\banana_rotten\leftin_0001667.jpg,1,0.9999492168426514
C:\Users\DELL-04-SMKKRIAN1\Documents\RipenAI\data\processed\test\banana_rotten\leftin_0001668.jpg,1,0.9639655947685242
C:\Users\DELL-04-SMKKRIAN1\Documents\RipenAI\data\processed\test\banana_rotten\leftin_0001669.jpg,1,0.9962015748023987
C:\Users\DELL-04-SMKKRIAN1\Documents\RipenAI\data\processed\test\banana_rotten\leftin_0001671.jpg,1,0.9999678134918213
C:\Users\DELL-04-SMKKRIAN1\Documents\RipenAI\data\processed\test\banana_rotten\leftin_0001672.jpg,1,0.9999382495880127
C:\Users\DELL-04-SMKKRIAN1\Documents\RipenAI\data\processed\test\banana_rotten\leftin_0001673.jpg,1,0.9953446984291077
C:\Users\DELL-04-SMKKRIAN1\Documents\RipenAI\data\processed\test\banana_rotten\leftin_0001674.jpg,1,0.9999659061431885
C:\Users\DELL-04-SMKKRIAN1\Documents\RipenAI\data\processed\test\banana_rotten\leftin_0001675.jpg,1,0.9989375472068787
C:\Users\DELL-04-SMKKRIAN1\Documents\RipenAI\data\processed\test\banana_rotten\leftin_0001676.jpg,1,0.9894905686378479
C:\Users\DELL-04-SMKKRIAN1\Documents\RipenAI\data\processed\test\banana_rotten\leftin_0001677.jpg,1,0.9975960850715637
C:\Users\DELL-04-SMKKRIAN1\Documents\RipenAI\data\processed\test\banana_rotten\leftin_0001678.jpg,1,0.9987465143203735
C:\Users\DELL-04-SMKKRIAN1\Documents\RipenAI\data\processed\test\banana_rotten\leftin_0001679.jpg,1,0.9974416494369507
C:\Users\DELL-04-SMKKRIAN1\Documents\RipenAI\data\processed\test\banana_rotten\leftin_0001680.jpg,1,0.9995949864387512
C:\Users\DELL-04-SMKKRIAN1\Documents\RipenAI\data\processed\test\banana_rotten\leftin_0001681.jpg,1,0.9941290616989136
C:\Users\DELL-04-SMKKRIAN1\Documents\RipenAI\data\processed\test\banana_rotten\leftin_0001682.jpg,1,0.999998927116394
C:\Users\DELL-04-SMKKRIAN1\Documents\RipenAI\data\processed\test\banana_rotten\leftin_0001684.jpg,1,0.9979579448699951
C:\Users\DELL-04-SMKKRIAN1\Documents\RipenAI\data\processed\test\banana_rotten\leftin_0001685.jpg,1,0.999739944934845
C:\Users\DELL-04-SMKKRIAN1\Documents\RipenAI\data\processed\test\banana_rotten\leftin_0001686.jpg,1,0.9999271631240845
C:\Users\DELL-04-SMKKRIAN1\Documents\RipenAI\data\processed\test\banana_rotten\leftin_0001688.jpg,1,0.99925297498703
C:\Users\DELL-04-SMKKRIAN1\Documents\RipenAI\data\processed\test\banana_rotten\leftin_0001689.jpg,1,0.9998086094856262
C:\Users\DELL-04-SMKKRIAN1\Documents\RipenAI\data\processed\test\banana_rotten\leftin_0001690.jpg,1,0.9983982443809509
C:\Users\DELL-04-SMKKRIAN1\Documents\RipenAI\data\processed\test\banana_rotten\leftin_0001692.jpg,1,0.9976750016212463
C:\Users\DELL-04-SMKKRIAN1\Documents\RipenAI\data\processed\test\banana_rotten\leftin_0001693.jpg,1,0.9946861267089844
C:\Users\DELL-04-SMKKRIAN1\Documents\RipenAI\data\processed\test\banana_rotten\leftin_0001694.jpg,1,0.9982023239135742
C:\Users\DELL-04-SMKKRIAN1\Documents\RipenAI\data\processed\test\banana_rotten\leftin_0001695.jpg,1,0.9999986886978149
C:\Users\DELL-04-SMKKRIAN1\Documents\RipenAI\data\processed\test\banana_unripe\alexcj10-ripenet_0001697.jpg,0,0.06020934879779816
C:\Users\DELL-04-SMKKRIAN1\Documents\RipenAI\data\processed\test\banana_unripe\alexcj10-ripenet_0001700.jpg,0,0.0021662383805960417
C:\Users\DELL-04-SMKKRIAN1\Documents\RipenAI\data\processed\test\banana_unripe\alexcj10-ripenet_0001710.jpg,0,0.0005796722252853215
C:\Users\DELL-04-SMKKRIAN1\Documents\RipenAI\data\processed\test\banana_unripe\alexcj10-ripenet_0001720.jpg,0,0.003093157196417451
C:\Users\DELL-04-SMKKRIAN1\Documents\RipenAI\data\processed\test\banana_unripe\alexcj10-ripenet_0001733.jpg,0,0.00028854096308350563
C:\Users\DELL-04-SMKKRIAN1\Documents\RipenAI\data\processed\test\banana_unripe\alexcj10-ripenet_0001747.jpg,0,0.0012352813500910997
C:\Users\DELL-04-SMKKRIAN1\Documents\RipenAI\data\processed\test\banana_unripe\alexcj10-ripenet_0001757.jpg,0,8.075625373749062e-06
C:\Users\DELL-04-SMKKRIAN1\Documents\RipenAI\data\processed\test\banana_unripe\alexcj10-ripenet_0001774.jpg,0,0.00021400257537607104
C:\Users\DELL-04-SMKKRIAN1\Documents\RipenAI\data\processed\test\banana_unripe\alexcj10-ripenet_0001778.jpg,0,0.0048592486418783665
C:\Users\DELL-04-SMKKRIAN1\Documents\RipenAI\data\processed\test\banana_unripe\alexcj10-ripenet_0001786.jpg,0,0.08846957981586456
C:\Users\DELL-04-SMKKRIAN1\Documents\RipenAI\data\processed\test\banana_unripe\alexcj10-ripenet_0001788.jpg,0,0.014571797102689743
C:\Users\DELL-04-SMKKRIAN1\Documents\RipenAI\data\processed\test\banana_unripe\alexcj10-ripenet_0001797.jpg,0,0.0003741920809261501
C:\Users\DELL-04-SMKKRIAN1\Documents\RipenAI\data\processed\test\banana_unripe\alexcj10-ripenet_0001802.jpg,0,0.01725304313004017
C:\Users\DELL-04-SMKKRIAN1\Documents\RipenAI\data\processed\test\banana_unripe\alexcj10-ripenet_0001845.jpg,0,7.839795580366626e-05
C:\Users\DELL-04-SMKKRIAN1\Documents\RipenAI\data\processed\test\banana_unripe\alexcj10-ripenet_0001847.jpg,0,0.000537011947017163
C:\Users\DELL-04-SMKKRIAN1\Documents\RipenAI\data\processed\test\banana_unripe\alexcj10-ripenet_0001849.jpg,0,0.000912941643036902
C:\Users\DELL-04-SMKKRIAN1\Documents\RipenAI\data\processed\test\banana_unripe\alexcj10-ripenet_0001851.jpg,0,0.003244109684601426
C:\Users\DELL-04-SMKKRIAN1\Documents\RipenAI\data\processed\test\banana_unripe\alexcj10-ripenet_0001862.jpg,0,0.010951166041195393
C:\Users\DELL-04-SMKKRIAN1\Documents\RipenAI\data\processed\test\banana_unripe\alexcj10-ripenet_0001864.jpg,0,0.0014511399203911424
C:\Users\DELL-04-SMKKRIAN1\Documents\RipenAI\data\processed\test\banana_unripe\alexcj10-ripenet_0001884.jpg,0,0.0004260977730154991
C:\Users\DELL-04-SMKKRIAN1\Documents\RipenAI\data\processed\test\banana_unripe\alexcj10-ripenet_0001888.jpg,0,0.004177087917923927
C:\Users\DELL-04-SMKKRIAN1\Documents\RipenAI\data\processed\test\banana_unripe\alexcj10-ripenet_0001904.jpg,0,0.032624613493680954
C:\Users\DELL-04-SMKKRIAN1\Documents\RipenAI\data\processed\test\banana_unripe\alexcj10-ripenet_0001915.jpg,0,0.003622057382017374
C:\Users\DELL-04-SMKKRIAN1\Documents\RipenAI\data\processed\test\banana_unripe\alexcj10-ripenet_0001925.jpg,0,0.00020171840151306242
C:\Users\DELL-04-SMKKRIAN1\Documents\RipenAI\data\processed\test\banana_unripe\alexcj10-ripenet_0001926.jpg,0,0.03410544618964195
C:\Users\DELL-04-SMKKRIAN1\Documents\RipenAI\data\processed\test\banana_unripe\alexcj10-ripenet_0001929.jpg,0,0.06463148444890976
C:\Users\DELL-04-SMKKRIAN1\Documents\RipenAI\data\processed\test\banana_unripe\alexcj10-ripenet_0001931.jpg,0,0.01683366484940052
C:\Users\DELL-04-SMKKRIAN1\Documents\RipenAI\data\processed\test\banana_unripe\alexcj10-ripenet_0001953.jpg,0,0.305163711309433
C:\Users\DELL-04-SMKKRIAN1\Documents\RipenAI\data\processed\test\banana_unripe\alexcj10-ripenet_0001957.jpg,0,0.0009686097037047148
C:\Users\DELL-04-SMKKRIAN1\Documents\RipenAI\data\processed\test\banana_unripe\alexcj10-ripenet_0001961.jpg,0,0.08198714256286621
C:\Users\DELL-04-SMKKRIAN1\Documents\RipenAI\data\processed\test\banana_unripe\alexcj10-ripenet_0001962.jpg,0,0.0026694070547819138
C:\Users\DELL-04-SMKKRIAN1\Documents\RipenAI\data\processed\test\banana_unripe\alexcj10-ripenet_0001975.jpg,0,0.00013642161502502859
C:\Users\DELL-04-SMKKRIAN1\Documents\RipenAI\data\processed\test\banana_unripe\alexcj10-ripenet_0001999.jpg,0,0.0016642791451886296
C:\Users\DELL-04-SMKKRIAN1\Documents\RipenAI\data\processed\test\banana_unripe\alexcj10-ripenet_0002000.jpg,0,0.0004692385846283287
C:\Users\DELL-04-SMKKRIAN1\Documents\RipenAI\data\processed\test\banana_unripe\alexcj10-ripenet_0002017.jpg,0,0.00015456898836418986
C:\Users\DELL-04-SMKKRIAN1\Documents\RipenAI\data\processed\test\banana_unripe\alexcj10-ripenet_0002023.jpg,0,0.07015939801931381
C:\Users\DELL-04-SMKKRIAN1\Documents\RipenAI\data\processed\test\banana_unripe\alexcj10-ripenet_0002028.jpg,0,6.514746200991794e-05
C:\Users\DELL-04-SMKKRIAN1\Documents\RipenAI\data\processed\test\banana_unripe\alexcj10-ripenet_0002030.jpg,0,0.0066711269319057465
C:\Users\DELL-04-SMKKRIAN1\Documents\RipenAI\data\processed\test\banana_unripe\alexcj10-ripenet_0002031.jpg,0,0.0027793236076831818
C:\Users\DELL-04-SMKKRIAN1\Documents\RipenAI\data\processed\test\banana_unripe\asadullahprl_0001728.jpg,0,0.0004228832258377224
C:\Users\DELL-04-SMKKRIAN1\Documents\RipenAI\data\processed\test\banana_unripe\asadullahprl_0001732.jpg,0,0.0019544668029993773
C:\Users\DELL-04-SMKKRIAN1\Documents\RipenAI\data\processed\test\banana_unripe\asadullahprl_0001768.jpg,0,0.008829592727124691
C:\Users\DELL-04-SMKKRIAN1\Documents\RipenAI\data\processed\test\banana_unripe\asadullahprl_0001769.jpg,0,0.11725340038537979
C:\Users\DELL-04-SMKKRIAN1\Documents\RipenAI\data\processed\test\banana_unripe\asadullahprl_0001772.jpg,0,3.196656325599179e-05
C:\Users\DELL-04-SMKKRIAN1\Documents\RipenAI\data\processed\test\banana_unripe\asadullahprl_0001780.jpg,0,0.00011667700164252892
C:\Users\DELL-04-SMKKRIAN1\Documents\RipenAI\data\processed\test\banana_unripe\asadullahprl_0001782.jpg,0,0.00012039335706504062
C:\Users\DELL-04-SMKKRIAN1\Documents\RipenAI\data\processed\test\banana_unripe\asadullahprl_0001784.jpg,0,0.00034410212538205087
C:\Users\DELL-04-SMKKRIAN1\Documents\RipenAI\data\processed\test\banana_unripe\asadullahprl_0001789.jpg,0,6.308891897788271e-05
C:\Users\DELL-04-SMKKRIAN1\Documents\RipenAI\data\processed\test\banana_unripe\asadullahprl_0001796.jpg,0,0.0001290755462832749
C:\Users\DELL-04-SMKKRIAN1\Documents\RipenAI\data\processed\test\banana_unripe\asadullahprl_0001800.jpg,0,1.321805757470429e-05
C:\Users\DELL-04-SMKKRIAN1\Documents\RipenAI\data\processed\test\banana_unripe\asadullahprl_0001803.jpg,0,2.1239384295768104e-05
C:\Users\DELL-04-SMKKRIAN1\Documents\RipenAI\data\processed\test\banana_unripe\asadullahprl_0001813.jpg,0,1.269070139642281e-06
C:\Users\DELL-04-SMKKRIAN1\Documents\RipenAI\data\processed\test\banana_unripe\asadullahprl_0001815.jpg,0,1.688704469415825e-05
C:\Users\DELL-04-SMKKRIAN1\Documents\RipenAI\data\processed\test\banana_unripe\asadullahprl_0001824.jpg,0,1.255116512766108e-05
C:\Users\DELL-04-SMKKRIAN1\Documents\RipenAI\data\processed\test\banana_unripe\asadullahprl_0001830.jpg,0,2.8426709832274355e-05
C:\Users\DELL-04-SMKKRIAN1\Documents\RipenAI\data\processed\test\banana_unripe\asadullahprl_0001839.jpg,0,0.00033522958983667195
C:\Users\DELL-04-SMKKRIAN1\Documents\RipenAI\data\processed\test\banana_unripe\asadullahprl_0001841.jpg,0,0.0024797890800982714
C:\Users\DELL-04-SMKKRIAN1\Documents\RipenAI\data\processed\test\banana_unripe\asadullahprl_0001850.jpg,0,0.001522271428257227
C:\Users\DELL-04-SMKKRIAN1\Documents\RipenAI\data\processed\test\banana_unripe\asadullahprl_0001861.jpg,0,2.4756923266977537e-06
C:\Users\DELL-04-SMKKRIAN1\Documents\RipenAI\data\processed\test\banana_unripe\asadullahprl_0001865.jpg,0,0.037451088428497314
C:\Users\DELL-04-SMKKRIAN1\Documents\RipenAI\data\processed\test\banana_unripe\asadullahprl_0001868.jpg,0,0.0001855633599916473
C:\Users\DELL-04-SMKKRIAN1\Documents\RipenAI\data\processed\test\banana_unripe\asadullahprl_0001874.jpg,0,0.00016985248657874763
C:\Users\DELL-04-SMKKRIAN1\Documents\RipenAI\data\processed\test\banana_unripe\asadullahprl_0001880.jpg,0,8.025207876016793e-07
C:\Users\DELL-04-SMKKRIAN1\Documents\RipenAI\data\processed\test\banana_unripe\asadullahprl_0001902.jpg,0,0.00023738140589557588
C:\Users\DELL-04-SMKKRIAN1\Documents\RipenAI\data\processed\test\banana_unripe\asadullahprl_0001909.jpg,0,0.000588559138122946
C:\Users\DELL-04-SMKKRIAN1\Documents\RipenAI\data\processed\test\banana_unripe\asadullahprl_0001917.jpg,0,0.0007294476381503046
C:\Users\DELL-04-SMKKRIAN1\Documents\RipenAI\data\processed\test\banana_unripe\asadullahprl_0001921.jpg,0,7.462388020940125e-05
C:\Users\DELL-04-SMKKRIAN1\Documents\RipenAI\data\processed\test\banana_unripe\asadullahprl_0001933.jpg,0,0.0007277413387782872
C:\Users\DELL-04-SMKKRIAN1\Documents\RipenAI\data\processed\test\banana_unripe\asadullahprl_0001965.jpg,0,0.0010014118161052465
C:\Users\DELL-04-SMKKRIAN1\Documents\RipenAI\data\processed\test\banana_unripe\asadullahprl_0001971.jpg,0,0.0007754619000479579
C:\Users\DELL-04-SMKKRIAN1\Documents\RipenAI\data\processed\test\banana_unripe\asadullahprl_0001972.jpg,0,0.00013071282592136413
C:\Users\DELL-04-SMKKRIAN1\Documents\RipenAI\data\processed\test\banana_unripe\asadullahprl_0001980.jpg,0,0.006181625649333
C:\Users\DELL-04-SMKKRIAN1\Documents\RipenAI\data\processed\test\banana_unripe\asadullahprl_0001988.jpg,0,0.0006069500232115388
C:\Users\DELL-04-SMKKRIAN1\Documents\RipenAI\data\processed\test\banana_unripe\asadullahprl_0002001.jpg,0,0.00013398812734521925
C:\Users\DELL-04-SMKKRIAN1\Documents\RipenAI\data\processed\test\banana_unripe\asadullahprl_0002007.jpg,0,0.0009171077399514616
C:\Users\DELL-04-SMKKRIAN1\Documents\RipenAI\data\processed\test\banana_unripe\asadullahprl_0002008.jpg,0,0.00532081862911582
C:\Users\DELL-04-SMKKRIAN1\Documents\RipenAI\data\processed\test\banana_unripe\asadullahprl_0002010.jpg,0,0.005341760814189911
C:\Users\DELL-04-SMKKRIAN1\Documents\RipenAI\data\processed\test\banana_unripe\asadullahprl_0002020.jpg,0,0.0013888735556975007
C:\Users\DELL-04-SMKKRIAN1\Documents\RipenAI\data\processed\test\banana_unripe\asadullahprl_0002022.jpg,0,0.0007304242462851107
C:\Users\DELL-04-SMKKRIAN1\Documents\RipenAI\data\processed\test\banana_unripe\asadullahprl_0002025.jpg,0,4.96939173899591e-05
C:\Users\DELL-04-SMKKRIAN1\Documents\RipenAI\data\processed\test\banana_unripe\asadullahprl_0002041.jpg,0,0.027981700375676155
C:\Users\DELL-04-SMKKRIAN1\Documents\RipenAI\data\processed\test\banana_unripe\asadullahprl_0002043.jpg,0,0.030409742146730423
C:\Users\DELL-04-SMKKRIAN1\Documents\RipenAI\data\processed\test\banana_unripe\bananaimagebd_0001702.jpg,0,1.4772219401493203e-05
C:\Users\DELL-04-SMKKRIAN1\Documents\RipenAI\data\processed\test\banana_unripe\bananaimagebd_0001713.jpg,0,0.004755321890115738
C:\Users\DELL-04-SMKKRIAN1\Documents\RipenAI\data\processed\test\banana_unripe\bananaimagebd_0001725.jpg,0,0.00010938313062069938
C:\Users\DELL-04-SMKKRIAN1\Documents\RipenAI\data\processed\test\banana_unripe\bananaimagebd_0001739.jpg,0,0.04586846008896828
C:\Users\DELL-04-SMKKRIAN1\Documents\RipenAI\data\processed\test\banana_unripe\bananaimagebd_0001792.jpg,0,0.001877802424132824
C:\Users\DELL-04-SMKKRIAN1\Documents\RipenAI\data\processed\test\banana_unripe\bananaimagebd_0001794.jpg,0,2.5348692361149006e-05
C:\Users\DELL-04-SMKKRIAN1\Documents\RipenAI\data\processed\test\banana_unripe\bananaimagebd_0001817.jpg,0,3.542368358466774e-05
C:\Users\DELL-04-SMKKRIAN1\Documents\RipenAI\data\processed\test\banana_unripe\bananaimagebd_0001843.jpg,0,2.2545315005118027e-05
C:\Users\DELL-04-SMKKRIAN1\Documents\RipenAI\data\processed\test\banana_unripe\bananaimagebd_0001855.jpg,0,1.6333640814991668e-05
C:\Users\DELL-04-SMKKRIAN1\Documents\RipenAI\data\processed\test\banana_unripe\bananaimagebd_0001863.jpg,0,4.930551949655637e-05
C:\Users\DELL-04-SMKKRIAN1\Documents\RipenAI\data\processed\test\banana_unripe\bananaimagebd_0001893.jpg,0,8.357769547728822e-05
C:\Users\DELL-04-SMKKRIAN1\Documents\RipenAI\data\processed\test\banana_unripe\bananaimagebd_0001894.jpg,0,3.602191645768471e-05
C:\Users\DELL-04-SMKKRIAN1\Documents\RipenAI\data\processed\test\banana_unripe\bananaimagebd_0001897.jpg,0,0.000695614842697978
C:\Users\DELL-04-SMKKRIAN1\Documents\RipenAI\data\processed\test\banana_unripe\bananaimagebd_0001916.jpg,0,0.00023571134079247713
C:\Users\DELL-04-SMKKRIAN1\Documents\RipenAI\data\processed\test\banana_unripe\bananaimagebd_0001919.jpg,0,1.4923743037797976e-05
C:\Users\DELL-04-SMKKRIAN1\Documents\RipenAI\data\processed\test\banana_unripe\bananaimagebd_0001934.jpg,0,9.892490879792604e-07
C:\Users\DELL-04-SMKKRIAN1\Documents\RipenAI\data\processed\test\banana_unripe\bananaimagebd_0001937.jpg,0,0.029230555519461632
C:\Users\DELL-04-SMKKRIAN1\Documents\RipenAI\data\processed\test\banana_unripe\bananaimagebd_0001942.jpg,0,1.088049521058565e-05
C:\Users\DELL-04-SMKKRIAN1\Documents\RipenAI\data\processed\test\banana_unripe\bananaimagebd_0001979.jpg,0,1.5519815406150883e-06
C:\Users\DELL-04-SMKKRIAN1\Documents\RipenAI\data\processed\test\banana_unripe\bananaimagebd_0001982.jpg,0,3.139119144179858e-05
C:\Users\DELL-04-SMKKRIAN1\Documents\RipenAI\data\processed\test\banana_unripe\bananaimagebd_0001989.jpg,0,0.004470213782042265
C:\Users\DELL-04-SMKKRIAN1\Documents\RipenAI\data\processed\test\banana_unripe\bananaimagebd_0001996.jpg,0,0.00024401706468779594
C:\Users\DELL-04-SMKKRIAN1\Documents\RipenAI\data\processed\test\banana_unripe\bananaimagebd_0002011.jpg,0,0.005560996942222118
C:\Users\DELL-04-SMKKRIAN1\Documents\RipenAI\data\processed\test\banana_unripe\bananaimagebd_0002026.jpg,0,9.843076441029552e-06
C:\Users\DELL-04-SMKKRIAN1\Documents\RipenAI\data\processed\test\banana_unripe\leftin_0001696.jpg,0,0.0004290452634450048
C:\Users\DELL-04-SMKKRIAN1\Documents\RipenAI\data\processed\test\banana_unripe\leftin_0001698.jpg,0,0.0007020653574727476
C:\Users\DELL-04-SMKKRIAN1\Documents\RipenAI\data\processed\test\banana_unripe\leftin_0001699.jpg,0,0.0006882707821205258
C:\Users\DELL-04-SMKKRIAN1\Documents\RipenAI\data\processed\test\banana_unripe\leftin_0001701.jpg,0,0.00010689357441151515
C:\Users\DELL-04-SMKKRIAN1\Documents\RipenAI\data\processed\test\banana_unripe\leftin_0001703.jpg,0,9.307049367635045e-06
C:\Users\DELL-04-SMKKRIAN1\Documents\RipenAI\data\processed\test\banana_unripe\leftin_0001704.jpg,0,2.1424774843126215e-07
C:\Users\DELL-04-SMKKRIAN1\Documents\RipenAI\data\processed\test\banana_unripe\leftin_0001705.jpg,0,0.0001441385829821229
C:\Users\DELL-04-SMKKRIAN1\Documents\RipenAI\data\processed\test\banana_unripe\leftin_0001706.jpg,0,0.0006734247435815632
C:\Users\DELL-04-SMKKRIAN1\Documents\RipenAI\data\processed\test\banana_unripe\leftin_0001707.jpg,0,1.8348121102462756e-06
C:\Users\DELL-04-SMKKRIAN1\Documents\RipenAI\data\processed\test\banana_unripe\leftin_0001708.jpg,0,6.500607923953794e-06
C:\Users\DELL-04-SMKKRIAN1\Documents\RipenAI\data\processed\test\banana_unripe\leftin_0001709.jpg,0,2.044940856649191e-06
C:\Users\DELL-04-SMKKRIAN1\Documents\RipenAI\data\processed\test\banana_unripe\leftin_0001711.jpg,0,1.20369929845765e-06
C:\Users\DELL-04-SMKKRIAN1\Documents\RipenAI\data\processed\test\banana_unripe\leftin_0001712.jpg,0,5.171531483938452e-06
C:\Users\DELL-04-SMKKRIAN1\Documents\RipenAI\data\processed\test\banana_unripe\leftin_0001714.jpg,0,2.0761366670285497e-07
C:\Users\DELL-04-SMKKRIAN1\Documents\RipenAI\data\processed\test\banana_unripe\leftin_0001715.jpg,0,1.2978115648820676e-07
C:\Users\DELL-04-SMKKRIAN1\Documents\RipenAI\data\processed\test\banana_unripe\leftin_0001716.jpg,0,1.3673090961674461e-06
C:\Users\DELL-04-SMKKRIAN1\Documents\RipenAI\data\processed\test\banana_unripe\leftin_0001717.jpg,0,0.003412060672417283
C:\Users\DELL-04-SMKKRIAN1\Documents\RipenAI\data\processed\test\banana_unripe\leftin_0001718.jpg,0,8.652901306049898e-05
C:\Users\DELL-04-SMKKRIAN1\Documents\RipenAI\data\processed\test\banana_unripe\leftin_0001719.jpg,0,0.0028524945955723524
C:\Users\DELL-04-SMKKRIAN1\Documents\RipenAI\data\processed\test\banana_unripe\leftin_0001721.jpg,0,4.9380910240870435e-06
C:\Users\DELL-04-SMKKRIAN1\Documents\RipenAI\data\processed\test\banana_unripe\leftin_0001722.jpg,0,7.404748316730547e-07
C:\Users\DELL-04-SMKKRIAN1\Documents\RipenAI\data\processed\test\banana_unripe\leftin_0001723.jpg,0,2.0707300762978775e-08
C:\Users\DELL-04-SMKKRIAN1\Documents\RipenAI\data\processed\test\banana_unripe\leftin_0001724.jpg,0,3.6042368378730316e-07
C:\Users\DELL-04-SMKKRIAN1\Documents\RipenAI\data\processed\test\banana_unripe\leftin_0001726.jpg,0,1.4197256703596395e-08
C:\Users\DELL-04-SMKKRIAN1\Documents\RipenAI\data\processed\test\banana_unripe\leftin_0001727.jpg,0,6.363623106153682e-05
C:\Users\DELL-04-SMKKRIAN1\Documents\RipenAI\data\processed\test\banana_unripe\leftin_0001729.jpg,0,0.00048718208563514054
C:\Users\DELL-04-SMKKRIAN1\Documents\RipenAI\data\processed\test\banana_unripe\leftin_0001730.jpg,0,1.5304960470530204e-05
C:\Users\DELL-04-SMKKRIAN1\Documents\RipenAI\data\processed\test\banana_unripe\leftin_0001731.jpg,0,3.442213028392871e-06
C:\Users\DELL-04-SMKKRIAN1\Documents\RipenAI\data\processed\test\banana_unripe\leftin_0001734.jpg,0,2.6223257009405643e-05
C:\Users\DELL-04-SMKKRIAN1\Documents\RipenAI\data\processed\test\banana_unripe\leftin_0001735.jpg,0,1.923740273923613e-05
C:\Users\DELL-04-SMKKRIAN1\Documents\RipenAI\data\processed\test\banana_unripe\leftin_0001736.jpg,0,5.317306417396139e-08
C:\Users\DELL-04-SMKKRIAN1\Documents\RipenAI\data\processed\test\banana_unripe\leftin_0001737.jpg,0,0.0022076512686908245
C:\Users\DELL-04-SMKKRIAN1\Documents\RipenAI\data\processed\test\banana_unripe\leftin_0001738.jpg,0,2.357449830014957e-06
C:\Users\DELL-04-SMKKRIAN1\Documents\RipenAI\data\processed\test\banana_unripe\leftin_0001740.jpg,0,8.473457273794338e-05
C:\Users\DELL-04-SMKKRIAN1\Documents\RipenAI\data\processed\test\banana_unripe\leftin_0001741.jpg,0,1.3652985444423393e-06
C:\Users\DELL-04-SMKKRIAN1\Documents\RipenAI\data\processed\test\banana_unripe\leftin_0001742.jpg,0,5.456767394207418e-05
C:\Users\DELL-04-SMKKRIAN1\Documents\RipenAI\data\processed\test\banana_unripe\leftin_0001743.jpg,0,0.008236182853579521
C:\Users\DELL-04-SMKKRIAN1\Documents\RipenAI\data\processed\test\banana_unripe\leftin_0001744.jpg,0,2.845411017915467e-06
C:\Users\DELL-04-SMKKRIAN1\Documents\RipenAI\data\processed\test\banana_unripe\leftin_0001745.jpg,0,0.0002362630475545302
C:\Users\DELL-04-SMKKRIAN1\Documents\RipenAI\data\processed\test\banana_unripe\leftin_0001746.jpg,0,1.2523688042165304e-07
C:\Users\DELL-04-SMKKRIAN1\Documents\RipenAI\data\processed\test\banana_unripe\leftin_0001748.jpg,0,8.906138828024268e-05
C:\Users\DELL-04-SMKKRIAN1\Documents\RipenAI\data\processed\test\banana_unripe\leftin_0001749.jpg,0,5.6509026762796566e-05
C:\Users\DELL-04-SMKKRIAN1\Documents\RipenAI\data\processed\test\banana_unripe\leftin_0001750.jpg,0,4.4182189640196157e-07
C:\Users\DELL-04-SMKKRIAN1\Documents\RipenAI\data\processed\test\banana_unripe\leftin_0001751.jpg,0,1.388422447234916e-06
C:\Users\DELL-04-SMKKRIAN1\Documents\RipenAI\data\processed\test\banana_unripe\leftin_0001752.jpg,0,0.006685139611363411
C:\Users\DELL-04-SMKKRIAN1\Documents\RipenAI\data\processed\test\banana_unripe\leftin_0001753.jpg,0,3.642903175204992e-05
C:\Users\DELL-04-SMKKRIAN1\Documents\RipenAI\data\processed\test\banana_unripe\leftin_0001754.jpg,0,9.097052679862827e-05
C:\Users\DELL-04-SMKKRIAN1\Documents\RipenAI\data\processed\test\banana_unripe\leftin_0001755.jpg,0,4.309142127567611e-07
C:\Users\DELL-04-SMKKRIAN1\Documents\RipenAI\data\processed\test\banana_unripe\leftin_0001756.jpg,0,9.857011900749058e-05
C:\Users\DELL-04-SMKKRIAN1\Documents\RipenAI\data\processed\test\banana_unripe\leftin_0001758.jpg,0,8.13004226074554e-06
C:\Users\DELL-04-SMKKRIAN1\Documents\RipenAI\data\processed\test\banana_unripe\leftin_0001759.jpg,0,1.3054424925940111e-05
C:\Users\DELL-04-SMKKRIAN1\Documents\RipenAI\data\processed\test\banana_unripe\leftin_0001760.jpg,0,0.00010934121382888407
C:\Users\DELL-04-SMKKRIAN1\Documents\RipenAI\data\processed\test\banana_unripe\leftin_0001761.jpg,0,4.241093483869918e-05
C:\Users\DELL-04-SMKKRIAN1\Documents\RipenAI\data\processed\test\banana_unripe\leftin_0001762.jpg,0,1.2924628478572231e-08
C:\Users\DELL-04-SMKKRIAN1\Documents\RipenAI\data\processed\test\banana_unripe\leftin_0001763.jpg,0,0.0013450108235701919
C:\Users\DELL-04-SMKKRIAN1\Documents\RipenAI\data\processed\test\banana_unripe\leftin_0001764.jpg,0,0.0028333081863820553
C:\Users\DELL-04-SMKKRIAN1\Documents\RipenAI\data\processed\test\banana_unripe\leftin_0001765.jpg,0,1.2439817510312423e-05
C:\Users\DELL-04-SMKKRIAN1\Documents\RipenAI\data\processed\test\banana_unripe\leftin_0001766.jpg,0,0.0009638604824431241
C:\Users\DELL-04-SMKKRIAN1\Documents\RipenAI\data\processed\test\banana_unripe\leftin_0001767.jpg,0,2.7596825020737015e-06
C:\Users\DELL-04-SMKKRIAN1\Documents\RipenAI\data\processed\test\banana_unripe\leftin_0001770.jpg,0,1.1710150147337117e-06
C:\Users\DELL-04-SMKKRIAN1\Documents\RipenAI\data\processed\test\banana_unripe\leftin_0001771.jpg,0,1.226458334713243e-05
C:\Users\DELL-04-SMKKRIAN1\Documents\RipenAI\data\processed\test\banana_unripe\leftin_0001773.jpg,0,1.93082314581261e-06
C:\Users\DELL-04-SMKKRIAN1\Documents\RipenAI\data\processed\test\banana_unripe\leftin_0001775.jpg,0,2.97128258353041e-06
C:\Users\DELL-04-SMKKRIAN1\Documents\RipenAI\data\processed\test\banana_unripe\leftin_0001776.jpg,0,2.186786150559783e-05
C:\Users\DELL-04-SMKKRIAN1\Documents\RipenAI\data\processed\test\banana_unripe\leftin_0001777.jpg,0,1.2668006093008444e-06
C:\Users\DELL-04-SMKKRIAN1\Documents\RipenAI\data\processed\test\banana_unripe\leftin_0001779.jpg,0,0.001447274349629879
C:\Users\DELL-04-SMKKRIAN1\Documents\RipenAI\data\processed\test\banana_unripe\leftin_0001781.jpg,0,3.7948566387058236e-06
C:\Users\DELL-04-SMKKRIAN1\Documents\RipenAI\data\processed\test\banana_unripe\leftin_0001783.jpg,0,5.346878242562525e-05
C:\Users\DELL-04-SMKKRIAN1\Documents\RipenAI\data\processed\test\banana_unripe\leftin_0001785.jpg,0,2.734886948019266e-06
C:\Users\DELL-04-SMKKRIAN1\Documents\RipenAI\data\processed\test\banana_unripe\leftin_0001787.jpg,0,5.394235813582782e-07
C:\Users\DELL-04-SMKKRIAN1\Documents\RipenAI\data\processed\test\banana_unripe\leftin_0001790.jpg,0,0.00016499715275131166
C:\Users\DELL-04-SMKKRIAN1\Documents\RipenAI\data\processed\test\banana_unripe\leftin_0001791.jpg,0,2.8387647788008508e-08
C:\Users\DELL-04-SMKKRIAN1\Documents\RipenAI\data\processed\test\banana_unripe\leftin_0001793.jpg,0,0.0011357178445905447
C:\Users\DELL-04-SMKKRIAN1\Documents\RipenAI\data\processed\test\banana_unripe\leftin_0001795.jpg,0,0.0032970476895570755
C:\Users\DELL-04-SMKKRIAN1\Documents\RipenAI\data\processed\test\banana_unripe\leftin_0001798.jpg,0,4.7646938128309557e-07
C:\Users\DELL-04-SMKKRIAN1\Documents\RipenAI\data\processed\test\banana_unripe\leftin_0001799.jpg,0,8.649606364485862e-09
C:\Users\DELL-04-SMKKRIAN1\Documents\RipenAI\data\processed\test\banana_unripe\leftin_0001801.jpg,0,0.0006165704107843339
C:\Users\DELL-04-SMKKRIAN1\Documents\RipenAI\data\processed\test\banana_unripe\leftin_0001804.jpg,0,2.7306878109811805e-05
C:\Users\DELL-04-SMKKRIAN1\Documents\RipenAI\data\processed\test\banana_unripe\leftin_0001805.jpg,0,0.26916447281837463
C:\Users\DELL-04-SMKKRIAN1\Documents\RipenAI\data\processed\test\banana_unripe\leftin_0001806.jpg,0,1.152353888755897e-05
C:\Users\DELL-04-SMKKRIAN1\Documents\RipenAI\data\processed\test\banana_unripe\leftin_0001807.jpg,0,0.0013083614176139235
C:\Users\DELL-04-SMKKRIAN1\Documents\RipenAI\data\processed\test\banana_unripe\leftin_0001808.jpg,0,0.002204661723226309
C:\Users\DELL-04-SMKKRIAN1\Documents\RipenAI\data\processed\test\banana_unripe\leftin_0001809.jpg,0,6.444133759941906e-08
C:\Users\DELL-04-SMKKRIAN1\Documents\RipenAI\data\processed\test\banana_unripe\leftin_0001810.jpg,0,2.585073161753826e-06
C:\Users\DELL-04-SMKKRIAN1\Documents\RipenAI\data\processed\test\banana_unripe\leftin_0001811.jpg,0,6.647677946602926e-05
C:\Users\DELL-04-SMKKRIAN1\Documents\RipenAI\data\processed\test\banana_unripe\leftin_0001812.jpg,0,1.4510342225548811e-06
C:\Users\DELL-04-SMKKRIAN1\Documents\RipenAI\data\processed\test\banana_unripe\leftin_0001814.jpg,0,1.1194189255547826e-06
C:\Users\DELL-04-SMKKRIAN1\Documents\RipenAI\data\processed\test\banana_unripe\leftin_0001816.jpg,0,2.277311432408169e-05
C:\Users\DELL-04-SMKKRIAN1\Documents\RipenAI\data\processed\test\banana_unripe\leftin_0001818.jpg,0,2.502950110283564e-06
C:\Users\DELL-04-SMKKRIAN1\Documents\RipenAI\data\processed\test\banana_unripe\leftin_0001819.jpg,0,6.09427008857466e-10
C:\Users\DELL-04-SMKKRIAN1\Documents\RipenAI\data\processed\test\banana_unripe\leftin_0001820.jpg,0,3.119450866506668e-07
C:\Users\DELL-04-SMKKRIAN1\Documents\RipenAI\data\processed\test\banana_unripe\leftin_0001821.jpg,0,2.9952074328321032e-05
C:\Users\DELL-04-SMKKRIAN1\Documents\RipenAI\data\processed\test\banana_unripe\leftin_0001822.jpg,0,2.9324008210096508e-05
C:\Users\DELL-04-SMKKRIAN1\Documents\RipenAI\data\processed\test\banana_unripe\leftin_0001823.jpg,0,0.004156749229878187
C:\Users\DELL-04-SMKKRIAN1\Documents\RipenAI\data\processed\test\banana_unripe\leftin_0001825.jpg,0,3.5288245271658525e-05
C:\Users\DELL-04-SMKKRIAN1\Documents\RipenAI\data\processed\test\banana_unripe\leftin_0001826.jpg,0,1.1165365521037529e-07
C:\Users\DELL-04-SMKKRIAN1\Documents\RipenAI\data\processed\test\banana_unripe\leftin_0001827.jpg,0,1.3797449582853005e-07
C:\Users\DELL-04-SMKKRIAN1\Documents\RipenAI\data\processed\test\banana_unripe\leftin_0001828.jpg,0,8.908275049179792e-06
C:\Users\DELL-04-SMKKRIAN1\Documents\RipenAI\data\processed\test\banana_unripe\leftin_0001829.jpg,0,8.470418833894655e-05
C:\Users\DELL-04-SMKKRIAN1\Documents\RipenAI\data\processed\test\banana_unripe\leftin_0001831.jpg,0,0.0037507640663534403
C:\Users\DELL-04-SMKKRIAN1\Documents\RipenAI\data\processed\test\banana_unripe\leftin_0001832.jpg,0,0.0009683583630248904
C:\Users\DELL-04-SMKKRIAN1\Documents\RipenAI\data\processed\test\banana_unripe\leftin_0001833.jpg,0,1.0080168067361228e-05
C:\Users\DELL-04-SMKKRIAN1\Documents\RipenAI\data\processed\test\banana_unripe\leftin_0001834.jpg,0,5.683285417035222e-05
C:\Users\DELL-04-SMKKRIAN1\Documents\RipenAI\data\processed\test\banana_unripe\leftin_0001835.jpg,0,1.1571422874112613e-05
C:\Users\DELL-04-SMKKRIAN1\Documents\RipenAI\data\processed\test\banana_unripe\leftin_0001836.jpg,0,0.00015187871758826077
C:\Users\DELL-04-SMKKRIAN1\Documents\RipenAI\data\processed\test\banana_unripe\leftin_0001837.jpg,0,0.000100030614703428
C:\Users\DELL-04-SMKKRIAN1\Documents\RipenAI\data\processed\test\banana_unripe\leftin_0001838.jpg,0,5.490533681040688e-07
C:\Users\DELL-04-SMKKRIAN1\Documents\RipenAI\data\processed\test\banana_unripe\leftin_0001840.jpg,0,0.0008662707405164838
C:\Users\DELL-04-SMKKRIAN1\Documents\RipenAI\data\processed\test\banana_unripe\leftin_0001842.jpg,0,2.8233348530193325e-06
C:\Users\DELL-04-SMKKRIAN1\Documents\RipenAI\data\processed\test\banana_unripe\leftin_0001844.jpg,0,4.676113530877046e-05
C:\Users\DELL-04-SMKKRIAN1\Documents\RipenAI\data\processed\test\banana_unripe\leftin_0001846.jpg,0,1.3736827895627357e-05
C:\Users\DELL-04-SMKKRIAN1\Documents\RipenAI\data\processed\test\banana_unripe\leftin_0001848.jpg,0,4.726541374111548e-05
C:\Users\DELL-04-SMKKRIAN1\Documents\RipenAI\data\processed\test\banana_unripe\leftin_0001852.jpg,0,5.646214731314103e-07
C:\Users\DELL-04-SMKKRIAN1\Documents\RipenAI\data\processed\test\banana_unripe\leftin_0001853.jpg,0,0.0015756201464682817
C:\Users\DELL-04-SMKKRIAN1\Documents\RipenAI\data\processed\test\banana_unripe\leftin_0001854.jpg,0,0.0017990926280617714
C:\Users\DELL-04-SMKKRIAN1\Documents\RipenAI\data\processed\test\banana_unripe\leftin_0001856.jpg,0,7.4819990203423e-09
C:\Users\DELL-04-SMKKRIAN1\Documents\RipenAI\data\processed\test\banana_unripe\leftin_0001857.jpg,0,0.00011579760757740587
C:\Users\DELL-04-SMKKRIAN1\Documents\RipenAI\data\processed\test\banana_unripe\leftin_0001858.jpg,0,0.0004277086700312793
C:\Users\DELL-04-SMKKRIAN1\Documents\RipenAI\data\processed\test\banana_unripe\leftin_0001859.jpg,0,6.733478221576661e-05
C:\Users\DELL-04-SMKKRIAN1\Documents\RipenAI\data\processed\test\banana_unripe\leftin_0001860.jpg,0,9.687917190603912e-05
C:\Users\DELL-04-SMKKRIAN1\Documents\RipenAI\data\processed\test\banana_unripe\leftin_0001866.jpg,0,6.206572038536251e-07
C:\Users\DELL-04-SMKKRIAN1\Documents\RipenAI\data\processed\test\banana_unripe\leftin_0001867.jpg,0,0.0002629348309710622
C:\Users\DELL-04-SMKKRIAN1\Documents\RipenAI\data\processed\test\banana_unripe\leftin_0001869.jpg,0,9.995412256103009e-06
C:\Users\DELL-04-SMKKRIAN1\Documents\RipenAI\data\processed\test\banana_unripe\leftin_0001870.jpg,0,1.4052012886622833e-07
C:\Users\DELL-04-SMKKRIAN1\Documents\RipenAI\data\processed\test\banana_unripe\leftin_0001871.jpg,0,0.001180659863166511
C:\Users\DELL-04-SMKKRIAN1\Documents\RipenAI\data\processed\test\banana_unripe\leftin_0001872.jpg,0,1.9612178220995702e-05
C:\Users\DELL-04-SMKKRIAN1\Documents\RipenAI\data\processed\test\banana_unripe\leftin_0001873.jpg,0,6.572899292223155e-05
C:\Users\DELL-04-SMKKRIAN1\Documents\RipenAI\data\processed\test\banana_unripe\leftin_0001875.jpg,0,1.4659664593352772e-08
C:\Users\DELL-04-SMKKRIAN1\Documents\RipenAI\data\processed\test\banana_unripe\leftin_0001876.jpg,0,4.331949457991868e-05
C:\Users\DELL-04-SMKKRIAN1\Documents\RipenAI\data\processed\test\banana_unripe\leftin_0001877.jpg,0,1.6815071148812422e-06
C:\Users\DELL-04-SMKKRIAN1\Documents\RipenAI\data\processed\test\banana_unripe\leftin_0001878.jpg,0,1.7030612070811912e-05
C:\Users\DELL-04-SMKKRIAN1\Documents\RipenAI\data\processed\test\banana_unripe\leftin_0001879.jpg,0,0.000797995482571423
C:\Users\DELL-04-SMKKRIAN1\Documents\RipenAI\data\processed\test\banana_unripe\leftin_0001881.jpg,0,0.010053835809230804
C:\Users\DELL-04-SMKKRIAN1\Documents\RipenAI\data\processed\test\banana_unripe\leftin_0001882.jpg,0,1.5313842638420283e-08
C:\Users\DELL-04-SMKKRIAN1\Documents\RipenAI\data\processed\test\banana_unripe\leftin_0001883.jpg,0,0.0020911400206387043
C:\Users\DELL-04-SMKKRIAN1\Documents\RipenAI\data\processed\test\banana_unripe\leftin_0001885.jpg,0,0.005948355887085199
C:\Users\DELL-04-SMKKRIAN1\Documents\RipenAI\data\processed\test\banana_unripe\leftin_0001886.jpg,0,0.00011084155266871676
C:\Users\DELL-04-SMKKRIAN1\Documents\RipenAI\data\processed\test\banana_unripe\leftin_0001887.jpg,0,0.0004405888030305505
C:\Users\DELL-04-SMKKRIAN1\Documents\RipenAI\data\processed\test\banana_unripe\leftin_0001889.jpg,0,5.533725470741047e-06
C:\Users\DELL-04-SMKKRIAN1\Documents\RipenAI\data\processed\test\banana_unripe\leftin_0001890.jpg,0,3.358934819175374e-08
C:\Users\DELL-04-SMKKRIAN1\Documents\RipenAI\data\processed\test\banana_unripe\leftin_0001891.jpg,0,0.008888817392289639
C:\Users\DELL-04-SMKKRIAN1\Documents\RipenAI\data\processed\test\banana_unripe\leftin_0001892.jpg,0,5.242535917204805e-05
C:\Users\DELL-04-SMKKRIAN1\Documents\RipenAI\data\processed\test\banana_unripe\leftin_0001895.jpg,0,9.835240780375898e-05
C:\Users\DELL-04-SMKKRIAN1\Documents\RipenAI\data\processed\test\banana_unripe\leftin_0001896.jpg,0,1.8063201423501596e-05
C:\Users\DELL-04-SMKKRIAN1\Documents\RipenAI\data\processed\test\banana_unripe\leftin_0001898.jpg,0,0.007816861383616924
C:\Users\DELL-04-SMKKRIAN1\Documents\RipenAI\data\processed\test\banana_unripe\leftin_0001899.jpg,0,1.8814871509675868e-05
C:\Users\DELL-04-SMKKRIAN1\Documents\RipenAI\data\processed\test\banana_unripe\leftin_0001900.jpg,0,0.000636380398645997
C:\Users\DELL-04-SMKKRIAN1\Documents\RipenAI\data\processed\test\banana_unripe\leftin_0001901.jpg,0,8.614526450401172e-06
C:\Users\DELL-04-SMKKRIAN1\Documents\RipenAI\data\processed\test\banana_unripe\leftin_0001903.jpg,0,9.101281506218584e-09
C:\Users\DELL-04-SMKKRIAN1\Documents\RipenAI\data\processed\test\banana_unripe\leftin_0001905.jpg,0,0.00010998221841873601
C:\Users\DELL-04-SMKKRIAN1\Documents\RipenAI\data\processed\test\banana_unripe\leftin_0001906.jpg,0,2.084364678012207e-05
C:\Users\DELL-04-SMKKRIAN1\Documents\RipenAI\data\processed\test\banana_unripe\leftin_0001907.jpg,0,6.4289817913731895e-09
C:\Users\DELL-04-SMKKRIAN1\Documents\RipenAI\data\processed\test\banana_unripe\leftin_0001908.jpg,0,8.78004175319802e-06
C:\Users\DELL-04-SMKKRIAN1\Documents\RipenAI\data\processed\test\banana_unripe\leftin_0001910.jpg,0,0.004164862912148237
C:\Users\DELL-04-SMKKRIAN1\Documents\RipenAI\data\processed\test\banana_unripe\leftin_0001911.jpg,0,4.048407390655484e-06
C:\Users\DELL-04-SMKKRIAN1\Documents\RipenAI\data\processed\test\banana_unripe\leftin_0001912.jpg,0,3.7067443372507114e-06
C:\Users\DELL-04-SMKKRIAN1\Documents\RipenAI\data\processed\test\banana_unripe\leftin_0001913.jpg,0,0.0007112058810889721
C:\Users\DELL-04-SMKKRIAN1\Documents\RipenAI\data\processed\test\banana_unripe\leftin_0001914.jpg,0,1.2329223864071537e-05
C:\Users\DELL-04-SMKKRIAN1\Documents\RipenAI\data\processed\test\banana_unripe\leftin_0001918.jpg,0,2.2231211005419027e-07
C:\Users\DELL-04-SMKKRIAN1\Documents\RipenAI\data\processed\test\banana_unripe\leftin_0001920.jpg,0,0.00042181528988294303
C:\Users\DELL-04-SMKKRIAN1\Documents\RipenAI\data\processed\test\banana_unripe\leftin_0001922.jpg,0,3.852727786579635e-06
C:\Users\DELL-04-SMKKRIAN1\Documents\RipenAI\data\processed\test\banana_unripe\leftin_0001923.jpg,0,1.9159931241574668e-07
C:\Users\DELL-04-SMKKRIAN1\Documents\RipenAI\data\processed\test\banana_unripe\leftin_0001924.jpg,0,4.453579458640888e-05
C:\Users\DELL-04-SMKKRIAN1\Documents\RipenAI\data\processed\test\banana_unripe\leftin_0001927.jpg,0,6.349462182697607e-07
C:\Users\DELL-04-SMKKRIAN1\Documents\RipenAI\data\processed\test\banana_unripe\leftin_0001928.jpg,0,1.0734433431025536e-07
C:\Users\DELL-04-SMKKRIAN1\Documents\RipenAI\data\processed\test\banana_unripe\leftin_0001930.jpg,0,1.7935228697751882e-06
C:\Users\DELL-04-SMKKRIAN1\Documents\RipenAI\data\processed\test\banana_unripe\leftin_0001932.jpg,0,8.099551450868603e-06
C:\Users\DELL-04-SMKKRIAN1\Documents\RipenAI\data\processed\test\banana_unripe\leftin_0001935.jpg,0,0.001156297279521823
C:\Users\DELL-04-SMKKRIAN1\Documents\RipenAI\data\processed\test\banana_unripe\leftin_0001936.jpg,0,0.00011899681703653187
C:\Users\DELL-04-SMKKRIAN1\Documents\RipenAI\data\processed\test\banana_unripe\leftin_0001938.jpg,0,2.1923574422544334e-06
C:\Users\DELL-04-SMKKRIAN1\Documents\RipenAI\data\processed\test\banana_unripe\leftin_0001939.jpg,0,0.0009724119445309043
C:\Users\DELL-04-SMKKRIAN1\Documents\RipenAI\data\processed\test\banana_unripe\leftin_0001940.jpg,0,4.676487151300535e-06
C:\Users\DELL-04-SMKKRIAN1\Documents\RipenAI\data\processed\test\banana_unripe\leftin_0001941.jpg,0,0.0004646141023840755
C:\Users\DELL-04-SMKKRIAN1\Documents\RipenAI\data\processed\test\banana_unripe\leftin_0001943.jpg,0,7.834281132090837e-05
C:\Users\DELL-04-SMKKRIAN1\Documents\RipenAI\data\processed\test\banana_unripe\leftin_0001944.jpg,0,2.064130785583984e-05
C:\Users\DELL-04-SMKKRIAN1\Documents\RipenAI\data\processed\test\banana_unripe\leftin_0001945.jpg,0,0.0003319023526273668
C:\Users\DELL-04-SMKKRIAN1\Documents\RipenAI\data\processed\test\banana_unripe\leftin_0001946.jpg,0,6.956170182093047e-06
C:\Users\DELL-04-SMKKRIAN1\Documents\RipenAI\data\processed\test\banana_unripe\leftin_0001947.jpg,0,0.00012181373313069344
C:\Users\DELL-04-SMKKRIAN1\Documents\RipenAI\data\processed\test\banana_unripe\leftin_0001948.jpg,0,2.7207634047954343e-05
C:\Users\DELL-04-SMKKRIAN1\Documents\RipenAI\data\processed\test\banana_unripe\leftin_0001949.jpg,0,5.437807340058498e-05
C:\Users\DELL-04-SMKKRIAN1\Documents\RipenAI\data\processed\test\banana_unripe\leftin_0001950.jpg,0,0.0017816093750298023
C:\Users\DELL-04-SMKKRIAN1\Documents\RipenAI\data\processed\test\banana_unripe\leftin_0001951.jpg,0,0.0012434509117156267
C:\Users\DELL-04-SMKKRIAN1\Documents\RipenAI\data\processed\test\banana_unripe\leftin_0001952.jpg,0,4.7563022235408425e-05
C:\Users\DELL-04-SMKKRIAN1\Documents\RipenAI\data\processed\test\banana_unripe\leftin_0001954.jpg,0,0.0034839969594031572
C:\Users\DELL-04-SMKKRIAN1\Documents\RipenAI\data\processed\test\banana_unripe\leftin_0001955.jpg,0,6.9503748818533495e-06
C:\Users\DELL-04-SMKKRIAN1\Documents\RipenAI\data\processed\test\banana_unripe\leftin_0001956.jpg,0,7.225885838124668e-06
C:\Users\DELL-04-SMKKRIAN1\Documents\RipenAI\data\processed\test\banana_unripe\leftin_0001958.jpg,0,1.745811641740147e-05
C:\Users\DELL-04-SMKKRIAN1\Documents\RipenAI\data\processed\test\banana_unripe\leftin_0001959.jpg,0,0.00010038149048341438
C:\Users\DELL-04-SMKKRIAN1\Documents\RipenAI\data\processed\test\banana_unripe\leftin_0001960.jpg,0,0.0012272029416635633
C:\Users\DELL-04-SMKKRIAN1\Documents\RipenAI\data\processed\test\banana_unripe\leftin_0001963.jpg,0,3.8875165046192706e-05
C:\Users\DELL-04-SMKKRIAN1\Documents\RipenAI\data\processed\test\banana_unripe\leftin_0001964.jpg,0,0.003905890043824911
C:\Users\DELL-04-SMKKRIAN1\Documents\RipenAI\data\processed\test\banana_unripe\leftin_0001966.jpg,0,1.0151992455575964e-06
C:\Users\DELL-04-SMKKRIAN1\Documents\RipenAI\data\processed\test\banana_unripe\leftin_0001967.jpg,0,1.522754011773486e-08
C:\Users\DELL-04-SMKKRIAN1\Documents\RipenAI\data\processed\test\banana_unripe\leftin_0001968.jpg,0,1.3586737622972578e-05
C:\Users\DELL-04-SMKKRIAN1\Documents\RipenAI\data\processed\test\banana_unripe\leftin_0001969.jpg,0,3.813306102529168e-05
C:\Users\DELL-04-SMKKRIAN1\Documents\RipenAI\data\processed\test\banana_unripe\leftin_0001970.jpg,0,1.4434390323003754e-06
C:\Users\DELL-04-SMKKRIAN1\Documents\RipenAI\data\processed\test\banana_unripe\leftin_0001973.jpg,0,0.0007666078163310885
C:\Users\DELL-04-SMKKRIAN1\Documents\RipenAI\data\processed\test\banana_unripe\leftin_0001974.jpg,0,3.867390114464797e-05
C:\Users\DELL-04-SMKKRIAN1\Documents\RipenAI\data\processed\test\banana_unripe\leftin_0001976.jpg,0,0.0003020677831955254
C:\Users\DELL-04-SMKKRIAN1\Documents\RipenAI\data\processed\test\banana_unripe\leftin_0001977.jpg,0,2.076140788176417e-07
C:\Users\DELL-04-SMKKRIAN1\Documents\RipenAI\data\processed\test\banana_unripe\leftin_0001978.jpg,0,5.501972736965399e-06
C:\Users\DELL-04-SMKKRIAN1\Documents\RipenAI\data\processed\test\banana_unripe\leftin_0001981.jpg,0,3.589414700400084e-05
C:\Users\DELL-04-SMKKRIAN1\Documents\RipenAI\data\processed\test\banana_unripe\leftin_0001983.jpg,0,0.0005735111190006137
C:\Users\DELL-04-SMKKRIAN1\Documents\RipenAI\data\processed\test\banana_unripe\leftin_0001984.jpg,0,0.000524910690728575
C:\Users\DELL-04-SMKKRIAN1\Documents\RipenAI\data\processed\test\banana_unripe\leftin_0001985.jpg,0,4.357241778052412e-06
C:\Users\DELL-04-SMKKRIAN1\Documents\RipenAI\data\processed\test\banana_unripe\leftin_0001986.jpg,0,7.664908480364829e-05
C:\Users\DELL-04-SMKKRIAN1\Documents\RipenAI\data\processed\test\banana_unripe\leftin_0001987.jpg,0,2.9829985148666083e-09
C:\Users\DELL-04-SMKKRIAN1\Documents\RipenAI\data\processed\test\banana_unripe\leftin_0001990.jpg,0,0.0003086595388595015
C:\Users\DELL-04-SMKKRIAN1\Documents\RipenAI\data\processed\test\banana_unripe\leftin_0001991.jpg,0,3.322010115880403e-07
C:\Users\DELL-04-SMKKRIAN1\Documents\RipenAI\data\processed\test\banana_unripe\leftin_0001992.jpg,0,3.2964813101443724e-08
C:\Users\DELL-04-SMKKRIAN1\Documents\RipenAI\data\processed\test\banana_unripe\leftin_0001993.jpg,0,2.9796121452818625e-05
C:\Users\DELL-04-SMKKRIAN1\Documents\RipenAI\data\processed\test\banana_unripe\leftin_0001994.jpg,0,0.0035732551477849483
C:\Users\DELL-04-SMKKRIAN1\Documents\RipenAI\data\processed\test\banana_unripe\leftin_0001995.jpg,0,4.8053214413812384e-05
C:\Users\DELL-04-SMKKRIAN1\Documents\RipenAI\data\processed\test\banana_unripe\leftin_0001997.jpg,0,3.2817495139170205e-06
C:\Users\DELL-04-SMKKRIAN1\Documents\RipenAI\data\processed\test\banana_unripe\leftin_0001998.jpg,0,1.7364334780722857e-05
C:\Users\DELL-04-SMKKRIAN1\Documents\RipenAI\data\processed\test\banana_unripe\leftin_0002002.jpg,0,8.429523035147213e-08
C:\Users\DELL-04-SMKKRIAN1\Documents\RipenAI\data\processed\test\banana_unripe\leftin_0002003.jpg,0,2.0603125872042938e-09
C:\Users\DELL-04-SMKKRIAN1\Documents\RipenAI\data\processed\test\banana_unripe\leftin_0002004.jpg,0,8.127181558847951e-07
C:\Users\DELL-04-SMKKRIAN1\Documents\RipenAI\data\processed\test\banana_unripe\leftin_0002005.jpg,0,9.630001295590773e-05
C:\Users\DELL-04-SMKKRIAN1\Documents\RipenAI\data\processed\test\banana_unripe\leftin_0002006.jpg,0,3.6228162691998023e-09
C:\Users\DELL-04-SMKKRIAN1\Documents\RipenAI\data\processed\test\banana_unripe\leftin_0002009.jpg,0,4.0340219698009605e-07
C:\Users\DELL-04-SMKKRIAN1\Documents\RipenAI\data\processed\test\banana_unripe\leftin_0002012.jpg,0,0.01056162640452385
C:\Users\DELL-04-SMKKRIAN1\Documents\RipenAI\data\processed\test\banana_unripe\leftin_0002013.jpg,0,0.00018481363076716661
C:\Users\DELL-04-SMKKRIAN1\Documents\RipenAI\data\processed\test\banana_unripe\leftin_0002014.jpg,0,0.0005031959735788405
C:\Users\DELL-04-SMKKRIAN1\Documents\RipenAI\data\processed\test\banana_unripe\leftin_0002015.jpg,0,2.1620868650984448e-08
C:\Users\DELL-04-SMKKRIAN1\Documents\RipenAI\data\processed\test\banana_unripe\leftin_0002016.jpg,0,0.015570755116641521
C:\Users\DELL-04-SMKKRIAN1\Documents\RipenAI\data\processed\test\banana_unripe\leftin_0002018.jpg,0,6.149965429358417e-06
C:\Users\DELL-04-SMKKRIAN1\Documents\RipenAI\data\processed\test\banana_unripe\leftin_0002019.jpg,0,6.729311280651018e-05
C:\Users\DELL-04-SMKKRIAN1\Documents\RipenAI\data\processed\test\banana_unripe\leftin_0002021.jpg,0,0.0013780698645859957
C:\Users\DELL-04-SMKKRIAN1\Documents\RipenAI\data\processed\test\banana_unripe\leftin_0002024.jpg,0,4.568156327877659e-06
C:\Users\DELL-04-SMKKRIAN1\Documents\RipenAI\data\processed\test\banana_unripe\leftin_0002027.jpg,0,0.0027258237823843956
C:\Users\DELL-04-SMKKRIAN1\Documents\RipenAI\data\processed\test\banana_unripe\leftin_0002029.jpg,0,7.014265975158196e-06
C:\Users\DELL-04-SMKKRIAN1\Documents\RipenAI\data\processed\test\banana_unripe\leftin_0002032.jpg,0,0.0003101341426372528
C:\Users\DELL-04-SMKKRIAN1\Documents\RipenAI\data\processed\test\banana_unripe\leftin_0002033.jpg,0,0.0019746669568121433
C:\Users\DELL-04-SMKKRIAN1\Documents\RipenAI\data\processed\test\banana_unripe\leftin_0002034.jpg,0,1.5252533557941206e-05
C:\Users\DELL-04-SMKKRIAN1\Documents\RipenAI\data\processed\test\banana_unripe\leftin_0002035.jpg,0,5.961948409094475e-05
C:\Users\DELL-04-SMKKRIAN1\Documents\RipenAI\data\processed\test\banana_unripe\leftin_0002036.jpg,0,0.013019300997257233
C:\Users\DELL-04-SMKKRIAN1\Documents\RipenAI\data\processed\test\banana_unripe\leftin_0002037.jpg,0,0.0029740494210273027
C:\Users\DELL-04-SMKKRIAN1\Documents\RipenAI\data\processed\test\banana_unripe\leftin_0002038.jpg,0,0.0026467458810657263
C:\Users\DELL-04-SMKKRIAN1\Documents\RipenAI\data\processed\test\banana_unripe\leftin_0002039.jpg,0,3.224959357339685e-07
C:\Users\DELL-04-SMKKRIAN1\Documents\RipenAI\data\processed\test\banana_unripe\leftin_0002040.jpg,0,1.4309834206471805e-08
C:\Users\DELL-04-SMKKRIAN1\Documents\RipenAI\data\processed\test\banana_unripe\leftin_0002042.jpg,0,2.2569138025119173e-07
C:\Users\DELL-04-SMKKRIAN1\Documents\RipenAI\data\processed\test\banana_unripe\leftin_0002044.jpg,0,0.0011344050290063024
C:\Users\DELL-04-SMKKRIAN1\Documents\RipenAI\data\processed\test\banana_unripe\leftin_0002045.jpg,0,3.2337564334739e-05
C:\Users\DELL-04-SMKKRIAN1\Documents\RipenAI\data\processed\test\banana_unripe\leftin_0002046.jpg,0,0.0005772622535005212
C:\Users\DELL-04-SMKKRIAN1\Documents\RipenAI\data\processed\test\banana_unripe\leftin_0002047.jpg,0,3.3291556178483006e-07
C:\Users\DELL-04-SMKKRIAN1\Documents\RipenAI\data\processed\test\banana_unripe\leftin_0002048.jpg,0,0.0011264580534771085
C:\Users\DELL-04-SMKKRIAN1\Documents\RipenAI\data\processed\test\mango_overripe\asadullahprl_0002049.jpg,0,0.594832181930542
C:\Users\DELL-04-SMKKRIAN1\Documents\RipenAI\data\processed\test\mango_overripe\asadullahprl_0002050.jpg,0,0.0004614675126504153
C:\Users\DELL-04-SMKKRIAN1\Documents\RipenAI\data\processed\test\mango_overripe\asadullahprl_0002051.jpg,0,0.0046026152558624744
C:\Users\DELL-04-SMKKRIAN1\Documents\RipenAI\data\processed\test\mango_overripe\asadullahprl_0002052.jpg,0,0.0003171947319060564
C:\Users\DELL-04-SMKKRIAN1\Documents\RipenAI\data\processed\test\mango_overripe\asadullahprl_0002053.jpg,0,0.29827040433883667
C:\Users\DELL-04-SMKKRIAN1\Documents\RipenAI\data\processed\test\mango_overripe\asadullahprl_0002054.jpg,0,0.017985360696911812
C:\Users\DELL-04-SMKKRIAN1\Documents\RipenAI\data\processed\test\mango_overripe\asadullahprl_0002055.jpg,0,0.004958150442689657
C:\Users\DELL-04-SMKKRIAN1\Documents\RipenAI\data\processed\test\mango_overripe\asadullahprl_0002056.jpg,0,0.08154619485139847
C:\Users\DELL-04-SMKKRIAN1\Documents\RipenAI\data\processed\test\mango_overripe\asadullahprl_0002057.jpg,0,0.0006288948934525251
C:\Users\DELL-04-SMKKRIAN1\Documents\RipenAI\data\processed\test\mango_overripe\asadullahprl_0002058.jpg,0,0.0013877787860110402
C:\Users\DELL-04-SMKKRIAN1\Documents\RipenAI\data\processed\test\mango_overripe\asadullahprl_0002059.jpg,0,0.047709546983242035
C:\Users\DELL-04-SMKKRIAN1\Documents\RipenAI\data\processed\test\mango_overripe\asadullahprl_0002060.jpg,0,0.042428597807884216
C:\Users\DELL-04-SMKKRIAN1\Documents\RipenAI\data\processed\test\mango_overripe\asadullahprl_0002061.jpg,0,0.00037544462247751653
C:\Users\DELL-04-SMKKRIAN1\Documents\RipenAI\data\processed\test\mango_overripe\asadullahprl_0002062.jpg,0,0.003650965169072151
C:\Users\DELL-04-SMKKRIAN1\Documents\RipenAI\data\processed\test\mango_overripe\asadullahprl_0002063.jpg,0,0.07340173423290253
C:\Users\DELL-04-SMKKRIAN1\Documents\RipenAI\data\processed\test\mango_overripe\asadullahprl_0002064.jpg,0,0.5401466488838196
C:\Users\DELL-04-SMKKRIAN1\Documents\RipenAI\data\processed\test\mango_ripe\alexcj10-ripenet_0002066.jpg,0,0.27193355560302734
C:\Users\DELL-04-SMKKRIAN1\Documents\RipenAI\data\processed\test\mango_ripe\alexcj10-ripenet_0002067.jpg,0,0.03668435290455818
C:\Users\DELL-04-SMKKRIAN1\Documents\RipenAI\data\processed\test\mango_ripe\alexcj10-ripenet_0002070.jpg,0,0.005999695509672165
C:\Users\DELL-04-SMKKRIAN1\Documents\RipenAI\data\processed\test\mango_ripe\alexcj10-ripenet_0002072.jpg,0,0.44675537943840027
C:\Users\DELL-04-SMKKRIAN1\Documents\RipenAI\data\processed\test\mango_ripe\alexcj10-ripenet_0002073.jpg,0,0.011244253255426884
C:\Users\DELL-04-SMKKRIAN1\Documents\RipenAI\data\processed\test\mango_ripe\alexcj10-ripenet_0002075.jpg,0,0.07129821181297302
C:\Users\DELL-04-SMKKRIAN1\Documents\RipenAI\data\processed\test\mango_ripe\alexcj10-ripenet_0002076.jpg,0,0.0415213443338871
C:\Users\DELL-04-SMKKRIAN1\Documents\RipenAI\data\processed\test\mango_ripe\alexcj10-ripenet_0002077.jpg,0,0.08272425830364227
C:\Users\DELL-04-SMKKRIAN1\Documents\RipenAI\data\processed\test\mango_ripe\alexcj10-ripenet_0002078.jpg,0,0.00015331791655626148
C:\Users\DELL-04-SMKKRIAN1\Documents\RipenAI\data\processed\test\mango_ripe\alexcj10-ripenet_0002082.jpg,0,0.0005482150008901954
C:\Users\DELL-04-SMKKRIAN1\Documents\RipenAI\data\processed\test\mango_ripe\alexcj10-ripenet_0002085.jpg,0,0.16431547701358795
C:\Users\DELL-04-SMKKRIAN1\Documents\RipenAI\data\processed\test\mango_ripe\alexcj10-ripenet_0002086.jpg,0,0.1139930859208107
C:\Users\DELL-04-SMKKRIAN1\Documents\RipenAI\data\processed\test\mango_ripe\alexcj10-ripenet_0002087.jpg,0,0.15264643728733063
C:\Users\DELL-04-SMKKRIAN1\Documents\RipenAI\data\processed\test\mango_ripe\alexcj10-ripenet_0002088.jpg,0,0.11716153472661972
C:\Users\DELL-04-SMKKRIAN1\Documents\RipenAI\data\processed\test\mango_ripe\alexcj10-ripenet_0002090.jpg,0,0.18855324387550354
C:\Users\DELL-04-SMKKRIAN1\Documents\RipenAI\data\processed\test\mango_ripe\alexcj10-ripenet_0002092.jpg,0,0.0531390942633152
C:\Users\DELL-04-SMKKRIAN1\Documents\RipenAI\data\processed\test\mango_ripe\alexcj10-ripenet_0002096.jpg,0,0.05639522150158882
C:\Users\DELL-04-SMKKRIAN1\Documents\RipenAI\data\processed\test\mango_ripe\alexcj10-ripenet_0002100.jpg,0,0.0007271166541613638
C:\Users\DELL-04-SMKKRIAN1\Documents\RipenAI\data\processed\test\mango_ripe\alexcj10-ripenet_0002101.jpg,0,0.6255478262901306
C:\Users\DELL-04-SMKKRIAN1\Documents\RipenAI\data\processed\test\mango_ripe\alexcj10-ripenet_0002103.jpg,0,0.31000763177871704
C:\Users\DELL-04-SMKKRIAN1\Documents\RipenAI\data\processed\test\mango_ripe\alexcj10-ripenet_0002105.jpg,0,0.02015572413802147
C:\Users\DELL-04-SMKKRIAN1\Documents\RipenAI\data\processed\test\mango_ripe\alexcj10-ripenet_0002106.jpg,0,0.12901350855827332
C:\Users\DELL-04-SMKKRIAN1\Documents\RipenAI\data\processed\test\mango_ripe\alexcj10-ripenet_0002109.jpg,0,0.0005453738267533481
C:\Users\DELL-04-SMKKRIAN1\Documents\RipenAI\data\processed\test\mango_ripe\alexcj10-ripenet_0002110.jpg,0,0.147050142288208
C:\Users\DELL-04-SMKKRIAN1\Documents\RipenAI\data\processed\test\mango_ripe\alexcj10-ripenet_0002113.jpg,0,0.02082143723964691
C:\Users\DELL-04-SMKKRIAN1\Documents\RipenAI\data\processed\test\mango_ripe\alexcj10-ripenet_0002114.jpg,0,0.03721919283270836
C:\Users\DELL-04-SMKKRIAN1\Documents\RipenAI\data\processed\test\mango_ripe\alexcj10-ripenet_0002115.jpg,0,0.003844405757263303
C:\Users\DELL-04-SMKKRIAN1\Documents\RipenAI\data\processed\test\mango_ripe\alexcj10-ripenet_0002116.jpg,0,0.40554389357566833
C:\Users\DELL-04-SMKKRIAN1\Documents\RipenAI\data\processed\test\mango_ripe\alexcj10-ripenet_0002117.jpg,0,0.14073339104652405
C:\Users\DELL-04-SMKKRIAN1\Documents\RipenAI\data\processed\test\mango_ripe\alexcj10-ripenet_0002118.jpg,0,0.04393292963504791
C:\Users\DELL-04-SMKKRIAN1\Documents\RipenAI\data\processed\test\mango_ripe\alexcj10-ripenet_0002119.jpg,0,0.023574035614728928
C:\Users\DELL-04-SMKKRIAN1\Documents\RipenAI\data\processed\test\mango_ripe\alexcj10-ripenet_0002120.jpg,0,0.0029423367232084274
C:\Users\DELL-04-SMKKRIAN1\Documents\RipenAI\data\processed\test\mango_ripe\alexcj10-ripenet_0002121.jpg,0,0.32459768652915955
C:\Users\DELL-04-SMKKRIAN1\Documents\RipenAI\data\processed\test\mango_ripe\alexcj10-ripenet_0002122.jpg,0,0.00028166675474494696
C:\Users\DELL-04-SMKKRIAN1\Documents\RipenAI\data\processed\test\mango_ripe\alexcj10-ripenet_0002123.jpg,0,0.06104118749499321
C:\Users\DELL-04-SMKKRIAN1\Documents\RipenAI\data\processed\test\mango_ripe\alexcj10-ripenet_0002124.jpg,0,0.02006770856678486
C:\Users\DELL-04-SMKKRIAN1\Documents\RipenAI\data\processed\test\mango_ripe\alexcj10-ripenet_0002126.jpg,0,0.14748136699199677
C:\Users\DELL-04-SMKKRIAN1\Documents\RipenAI\data\processed\test\mango_ripe\alexcj10-ripenet_0002127.jpg,0,0.08748150616884232
C:\Users\DELL-04-SMKKRIAN1\Documents\RipenAI\data\processed\test\mango_ripe\alexcj10-ripenet_0002128.jpg,0,0.16431169211864471
C:\Users\DELL-04-SMKKRIAN1\Documents\RipenAI\data\processed\test\mango_ripe\alexcj10-ripenet_0002130.jpg,0,0.045587655156850815
C:\Users\DELL-04-SMKKRIAN1\Documents\RipenAI\data\processed\test\mango_ripe\alexcj10-ripenet_0002131.jpg,0,0.0757831409573555
C:\Users\DELL-04-SMKKRIAN1\Documents\RipenAI\data\processed\test\mango_ripe\alexcj10-ripenet_0002132.jpg,0,0.24188072979450226
C:\Users\DELL-04-SMKKRIAN1\Documents\RipenAI\data\processed\test\mango_ripe\alexcj10-ripenet_0002133.jpg,0,0.04224078729748726
C:\Users\DELL-04-SMKKRIAN1\Documents\RipenAI\data\processed\test\mango_ripe\alexcj10-ripenet_0002135.jpg,0,0.0019098669290542603
C:\Users\DELL-04-SMKKRIAN1\Documents\RipenAI\data\processed\test\mango_ripe\alexcj10-ripenet_0002136.jpg,0,0.22602181136608124
C:\Users\DELL-04-SMKKRIAN1\Documents\RipenAI\data\processed\test\mango_ripe\alexcj10-ripenet_0002137.jpg,0,0.004655976314097643
C:\Users\DELL-04-SMKKRIAN1\Documents\RipenAI\data\processed\test\mango_ripe\alexcj10-ripenet_0002138.jpg,0,0.0012381350388750434
C:\Users\DELL-04-SMKKRIAN1\Documents\RipenAI\data\processed\test\mango_ripe\alexcj10-ripenet_0002139.jpg,0,0.05949157103896141
C:\Users\DELL-04-SMKKRIAN1\Documents\RipenAI\data\processed\test\mango_ripe\alexcj10-ripenet_0002140.jpg,0,0.056680962443351746
C:\Users\DELL-04-SMKKRIAN1\Documents\RipenAI\data\processed\test\mango_ripe\alexcj10-ripenet_0002141.jpg,0,0.16408804059028625
C:\Users\DELL-04-SMKKRIAN1\Documents\RipenAI\data\processed\test\mango_ripe\alexcj10-ripenet_0002144.jpg,0,0.03358720242977142
C:\Users\DELL-04-SMKKRIAN1\Documents\RipenAI\data\processed\test\mango_ripe\alexcj10-ripenet_0002145.jpg,0,0.22736506164073944
C:\Users\DELL-04-SMKKRIAN1\Documents\RipenAI\data\processed\test\mango_ripe\alexcj10-ripenet_0002148.jpg,0,0.03755263611674309
C:\Users\DELL-04-SMKKRIAN1\Documents\RipenAI\data\processed\test\mango_ripe\alexcj10-ripenet_0002150.jpg,0,0.1559665948152542
C:\Users\DELL-04-SMKKRIAN1\Documents\RipenAI\data\processed\test\mango_ripe\alexcj10-ripenet_0002152.jpg,0,0.40049120783805847
C:\Users\DELL-04-SMKKRIAN1\Documents\RipenAI\data\processed\test\mango_ripe\alexcj10-ripenet_0002155.jpg,0,0.016148684546351433
C:\Users\DELL-04-SMKKRIAN1\Documents\RipenAI\data\processed\test\mango_ripe\alexcj10-ripenet_0002157.jpg,0,0.3074270486831665
C:\Users\DELL-04-SMKKRIAN1\Documents\RipenAI\data\processed\test\mango_ripe\alexcj10-ripenet_0002158.jpg,0,0.2792469263076782
C:\Users\DELL-04-SMKKRIAN1\Documents\RipenAI\data\processed\test\mango_ripe\alexcj10-ripenet_0002159.jpg,0,0.22131840884685516
C:\Users\DELL-04-SMKKRIAN1\Documents\RipenAI\data\processed\test\mango_ripe\alexcj10-ripenet_0002163.jpg,0,0.0338689461350441
C:\Users\DELL-04-SMKKRIAN1\Documents\RipenAI\data\processed\test\mango_ripe\alexcj10-ripenet_0002164.jpg,0,0.012370592914521694
C:\Users\DELL-04-SMKKRIAN1\Documents\RipenAI\data\processed\test\mango_ripe\asadullahprl_0002065.jpg,0,0.1115582212805748
C:\Users\DELL-04-SMKKRIAN1\Documents\RipenAI\data\processed\test\mango_ripe\asadullahprl_0002068.jpg,0,0.02214529737830162
C:\Users\DELL-04-SMKKRIAN1\Documents\RipenAI\data\processed\test\mango_ripe\asadullahprl_0002069.jpg,0,0.0024280559737235308
C:\Users\DELL-04-SMKKRIAN1\Documents\RipenAI\data\processed\test\mango_ripe\asadullahprl_0002071.jpg,0,0.030180737376213074
C:\Users\DELL-04-SMKKRIAN1\Documents\RipenAI\data\processed\test\mango_ripe\asadullahprl_0002074.jpg,0,0.0036218641325831413
C:\Users\DELL-04-SMKKRIAN1\Documents\RipenAI\data\processed\test\mango_ripe\asadullahprl_0002079.jpg,0,0.009781576693058014
C:\Users\DELL-04-SMKKRIAN1\Documents\RipenAI\data\processed\test\mango_ripe\asadullahprl_0002080.jpg,0,0.01256387960165739
C:\Users\DELL-04-SMKKRIAN1\Documents\RipenAI\data\processed\test\mango_ripe\asadullahprl_0002081.jpg,0,0.0035572112537920475
C:\Users\DELL-04-SMKKRIAN1\Documents\RipenAI\data\processed\test\mango_ripe\asadullahprl_0002083.jpg,0,0.0007383208721876144
C:\Users\DELL-04-SMKKRIAN1\Documents\RipenAI\data\processed\test\mango_ripe\asadullahprl_0002084.jpg,0,0.0018050245707854629
C:\Users\DELL-04-SMKKRIAN1\Documents\RipenAI\data\processed\test\mango_ripe\asadullahprl_0002089.jpg,0,6.189636769704521e-05
C:\Users\DELL-04-SMKKRIAN1\Documents\RipenAI\data\processed\test\mango_ripe\asadullahprl_0002091.jpg,0,0.00013857267913408577
C:\Users\DELL-04-SMKKRIAN1\Documents\RipenAI\data\processed\test\mango_ripe\asadullahprl_0002093.jpg,0,0.04195040464401245
C:\Users\DELL-04-SMKKRIAN1\Documents\RipenAI\data\processed\test\mango_ripe\asadullahprl_0002094.jpg,0,0.017224831506609917
C:\Users\DELL-04-SMKKRIAN1\Documents\RipenAI\data\processed\test\mango_ripe\asadullahprl_0002095.jpg,0,0.006248419638723135
C:\Users\DELL-04-SMKKRIAN1\Documents\RipenAI\data\processed\test\mango_ripe\asadullahprl_0002097.jpg,0,0.0006873364327475429
C:\Users\DELL-04-SMKKRIAN1\Documents\RipenAI\data\processed\test\mango_ripe\asadullahprl_0002098.jpg,0,0.017696987837553024
C:\Users\DELL-04-SMKKRIAN1\Documents\RipenAI\data\processed\test\mango_ripe\asadullahprl_0002099.jpg,0,0.03422906994819641
C:\Users\DELL-04-SMKKRIAN1\Documents\RipenAI\data\processed\test\mango_ripe\asadullahprl_0002102.jpg,0,0.0002395954797975719
C:\Users\DELL-04-SMKKRIAN1\Documents\RipenAI\data\processed\test\mango_ripe\asadullahprl_0002104.jpg,0,0.005976872518658638
C:\Users\DELL-04-SMKKRIAN1\Documents\RipenAI\data\processed\test\mango_ripe\asadullahprl_0002107.jpg,0,0.008254780434072018
C:\Users\DELL-04-SMKKRIAN1\Documents\RipenAI\data\processed\test\mango_ripe\asadullahprl_0002108.jpg,0,0.04540479555726051
C:\Users\DELL-04-SMKKRIAN1\Documents\RipenAI\data\processed\test\mango_ripe\asadullahprl_0002111.jpg,0,0.004541099537163973
C:\Users\DELL-04-SMKKRIAN1\Documents\RipenAI\data\processed\test\mango_ripe\asadullahprl_0002112.jpg,0,5.200843224884011e-05
C:\Users\DELL-04-SMKKRIAN1\Documents\RipenAI\data\processed\test\mango_ripe\asadullahprl_0002125.jpg,0,0.07046761363744736
C:\Users\DELL-04-SMKKRIAN1\Documents\RipenAI\data\processed\test\mango_ripe\asadullahprl_0002129.jpg,0,0.004787894897162914
C:\Users\DELL-04-SMKKRIAN1\Documents\RipenAI\data\processed\test\mango_ripe\asadullahprl_0002134.jpg,0,0.0028639035299420357
C:\Users\DELL-04-SMKKRIAN1\Documents\RipenAI\data\processed\test\mango_ripe\asadullahprl_0002142.jpg,0,0.003959474619477987
C:\Users\DELL-04-SMKKRIAN1\Documents\RipenAI\data\processed\test\mango_ripe\asadullahprl_0002143.jpg,0,0.01299209427088499
C:\Users\DELL-04-SMKKRIAN1\Documents\RipenAI\data\processed\test\mango_ripe\asadullahprl_0002146.jpg,0,3.552842099452391e-05
C:\Users\DELL-04-SMKKRIAN1\Documents\RipenAI\data\processed\test\mango_ripe\asadullahprl_0002147.jpg,0,0.0012825790327042341
C:\Users\DELL-04-SMKKRIAN1\Documents\RipenAI\data\processed\test\mango_ripe\asadullahprl_0002149.jpg,0,0.0001032477302942425
C:\Users\DELL-04-SMKKRIAN1\Documents\RipenAI\data\processed\test\mango_ripe\asadullahprl_0002151.jpg,0,0.0008545768214389682
C:\Users\DELL-04-SMKKRIAN1\Documents\RipenAI\data\processed\test\mango_ripe\asadullahprl_0002153.jpg,0,0.17173829674720764
C:\Users\DELL-04-SMKKRIAN1\Documents\RipenAI\data\processed\test\mango_ripe\asadullahprl_0002154.jpg,0,0.06337038427591324
C:\Users\DELL-04-SMKKRIAN1\Documents\RipenAI\data\processed\test\mango_ripe\asadullahprl_0002156.jpg,0,0.09134647250175476
C:\Users\DELL-04-SMKKRIAN1\Documents\RipenAI\data\processed\test\mango_ripe\asadullahprl_0002160.jpg,0,0.002232403727248311
C:\Users\DELL-04-SMKKRIAN1\Documents\RipenAI\data\processed\test\mango_ripe\asadullahprl_0002161.jpg,0,0.0003557674353942275
C:\Users\DELL-04-SMKKRIAN1\Documents\RipenAI\data\processed\test\mango_ripe\asadullahprl_0002162.jpg,0,0.3863993287086487
C:\Users\DELL-04-SMKKRIAN1\Documents\RipenAI\data\processed\test\mango_rotten\alexcj10-ripenet_0002165.jpg,1,0.8130657076835632
C:\Users\DELL-04-SMKKRIAN1\Documents\RipenAI\data\processed\test\mango_rotten\alexcj10-ripenet_0002166.jpg,1,0.9307798743247986
C:\Users\DELL-04-SMKKRIAN1\Documents\RipenAI\data\processed\test\mango_rotten\alexcj10-ripenet_0002167.jpg,1,0.708476185798645
C:\Users\DELL-04-SMKKRIAN1\Documents\RipenAI\data\processed\test\mango_rotten\alexcj10-ripenet_0002168.jpg,1,0.9870516061782837
C:\Users\DELL-04-SMKKRIAN1\Documents\RipenAI\data\processed\test\mango_rotten\alexcj10-ripenet_0002169.jpg,1,0.3069785535335541
C:\Users\DELL-04-SMKKRIAN1\Documents\RipenAI\data\processed\test\mango_rotten\alexcj10-ripenet_0002170.jpg,1,0.528016984462738
C:\Users\DELL-04-SMKKRIAN1\Documents\RipenAI\data\processed\test\mango_rotten\alexcj10-ripenet_0002171.jpg,1,0.4758460819721222
C:\Users\DELL-04-SMKKRIAN1\Documents\RipenAI\data\processed\test\mango_rotten\alexcj10-ripenet_0002172.jpg,1,0.5486498475074768
C:\Users\DELL-04-SMKKRIAN1\Documents\RipenAI\data\processed\test\mango_rotten\alexcj10-ripenet_0002173.jpg,1,0.7835245132446289
C:\Users\DELL-04-SMKKRIAN1\Documents\RipenAI\data\processed\test\mango_rotten\alexcj10-ripenet_0002174.jpg,1,0.9998425245285034
C:\Users\DELL-04-SMKKRIAN1\Documents\RipenAI\data\processed\test\mango_rotten\alexcj10-ripenet_0002175.jpg,1,0.9995336532592773
C:\Users\DELL-04-SMKKRIAN1\Documents\RipenAI\data\processed\test\mango_rotten\alexcj10-ripenet_0002176.jpg,1,0.744481086730957
C:\Users\DELL-04-SMKKRIAN1\Documents\RipenAI\data\processed\test\mango_rotten\alexcj10-ripenet_0002177.jpg,1,0.9149423837661743
C:\Users\DELL-04-SMKKRIAN1\Documents\RipenAI\data\processed\test\mango_rotten\alexcj10-ripenet_0002178.jpg,1,0.977728545665741
C:\Users\DELL-04-SMKKRIAN1\Documents\RipenAI\data\processed\test\mango_rotten\alexcj10-ripenet_0002179.jpg,1,0.7872458100318909
C:\Users\DELL-04-SMKKRIAN1\Documents\RipenAI\data\processed\test\mango_rotten\alexcj10-ripenet_0002180.jpg,1,0.903736412525177
C:\Users\DELL-04-SMKKRIAN1\Documents\RipenAI\data\processed\test\mango_rotten\alexcj10-ripenet_0002181.jpg,1,0.0906502902507782
C:\Users\DELL-04-SMKKRIAN1\Documents\RipenAI\data\processed\test\mango_rotten\alexcj10-ripenet_0002182.jpg,1,0.7752017974853516
C:\Users\DELL-04-SMKKRIAN1\Documents\RipenAI\data\processed\test\mango_rotten\alexcj10-ripenet_0002183.jpg,1,0.761034369468689
C:\Users\DELL-04-SMKKRIAN1\Documents\RipenAI\data\processed\test\mango_rotten\alexcj10-ripenet_0002184.jpg,1,0.23053070902824402
C:\Users\DELL-04-SMKKRIAN1\Documents\RipenAI\data\processed\test\mango_rotten\alexcj10-ripenet_0002185.jpg,1,0.8249642252922058
C:\Users\DELL-04-SMKKRIAN1\Documents\RipenAI\data\processed\test\mango_rotten\alexcj10-ripenet_0002186.jpg,1,0.11148068308830261
C:\Users\DELL-04-SMKKRIAN1\Documents\RipenAI\data\processed\test\mango_rotten\alexcj10-ripenet_0002187.jpg,1,0.9968342185020447
C:\Users\DELL-04-SMKKRIAN1\Documents\RipenAI\data\processed\test\mango_rotten\alexcj10-ripenet_0002188.jpg,1,0.9378958344459534
C:\Users\DELL-04-SMKKRIAN1\Documents\RipenAI\data\processed\test\mango_rotten\alexcj10-ripenet_0002189.jpg,1,0.9789663553237915
C:\Users\DELL-04-SMKKRIAN1\Documents\RipenAI\data\processed\test\mango_rotten\alexcj10-ripenet_0002190.jpg,1,0.7242255806922913
C:\Users\DELL-04-SMKKRIAN1\Documents\RipenAI\data\processed\test\mango_rotten\alexcj10-ripenet_0002191.jpg,1,0.515216052532196
C:\Users\DELL-04-SMKKRIAN1\Documents\RipenAI\data\processed\test\mango_rotten\alexcj10-ripenet_0002192.jpg,1,0.9514667987823486
C:\Users\DELL-04-SMKKRIAN1\Documents\RipenAI\data\processed\test\mango_rotten\alexcj10-ripenet_0002193.jpg,1,0.9307993054389954
C:\Users\DELL-04-SMKKRIAN1\Documents\RipenAI\data\processed\test\mango_rotten\alexcj10-ripenet_0002194.jpg,1,0.9357441067695618
C:\Users\DELL-04-SMKKRIAN1\Documents\RipenAI\data\processed\test\mango_unripe\alexcj10-ripenet_0002197.jpg,0,0.03981361165642738
C:\Users\DELL-04-SMKKRIAN1\Documents\RipenAI\data\processed\test\mango_unripe\alexcj10-ripenet_0002202.jpg,0,0.09584736824035645
C:\Users\DELL-04-SMKKRIAN1\Documents\RipenAI\data\processed\test\mango_unripe\alexcj10-ripenet_0002204.jpg,0,0.07983890920877457
C:\Users\DELL-04-SMKKRIAN1\Documents\RipenAI\data\processed\test\mango_unripe\alexcj10-ripenet_0002207.jpg,0,0.0044633857905864716
C:\Users\DELL-04-SMKKRIAN1\Documents\RipenAI\data\processed\test\mango_unripe\alexcj10-ripenet_0002208.jpg,0,0.005475502926856279
C:\Users\DELL-04-SMKKRIAN1\Documents\RipenAI\data\processed\test\mango_unripe\alexcj10-ripenet_0002210.jpg,0,0.12106448411941528
C:\Users\DELL-04-SMKKRIAN1\Documents\RipenAI\data\processed\test\mango_unripe\alexcj10-ripenet_0002214.jpg,0,0.14076468348503113
C:\Users\DELL-04-SMKKRIAN1\Documents\RipenAI\data\processed\test\mango_unripe\alexcj10-ripenet_0002226.jpg,0,0.011747157201170921
C:\Users\DELL-04-SMKKRIAN1\Documents\RipenAI\data\processed\test\mango_unripe\alexcj10-ripenet_0002227.jpg,0,0.0009794719517230988
C:\Users\DELL-04-SMKKRIAN1\Documents\RipenAI\data\processed\test\mango_unripe\alexcj10-ripenet_0002228.jpg,0,0.04616176709532738
C:\Users\DELL-04-SMKKRIAN1\Documents\RipenAI\data\processed\test\mango_unripe\alexcj10-ripenet_0002232.jpg,0,0.09537903964519501
C:\Users\DELL-04-SMKKRIAN1\Documents\RipenAI\data\processed\test\mango_unripe\alexcj10-ripenet_0002233.jpg,0,0.0002798035857267678
C:\Users\DELL-04-SMKKRIAN1\Documents\RipenAI\data\processed\test\mango_unripe\alexcj10-ripenet_0002234.jpg,0,0.24489562213420868
C:\Users\DELL-04-SMKKRIAN1\Documents\RipenAI\data\processed\test\mango_unripe\alexcj10-ripenet_0002238.jpg,0,0.0007005384541116655
C:\Users\DELL-04-SMKKRIAN1\Documents\RipenAI\data\processed\test\mango_unripe\alexcj10-ripenet_0002240.jpg,0,0.015073450282216072
C:\Users\DELL-04-SMKKRIAN1\Documents\RipenAI\data\processed\test\mango_unripe\alexcj10-ripenet_0002243.jpg,0,0.026758329942822456
C:\Users\DELL-04-SMKKRIAN1\Documents\RipenAI\data\processed\test\mango_unripe\alexcj10-ripenet_0002244.jpg,0,0.01061526220291853
C:\Users\DELL-04-SMKKRIAN1\Documents\RipenAI\data\processed\test\mango_unripe\alexcj10-ripenet_0002247.jpg,0,0.00422916142269969
C:\Users\DELL-04-SMKKRIAN1\Documents\RipenAI\data\processed\test\mango_unripe\alexcj10-ripenet_0002257.jpg,0,0.00038265707553364336
C:\Users\DELL-04-SMKKRIAN1\Documents\RipenAI\data\processed\test\mango_unripe\alexcj10-ripenet_0002258.jpg,0,0.0005447379080578685
C:\Users\DELL-04-SMKKRIAN1\Documents\RipenAI\data\processed\test\mango_unripe\alexcj10-ripenet_0002259.jpg,0,0.03804074600338936
C:\Users\DELL-04-SMKKRIAN1\Documents\RipenAI\data\processed\test\mango_unripe\alexcj10-ripenet_0002262.jpg,0,0.005095494445413351
C:\Users\DELL-04-SMKKRIAN1\Documents\RipenAI\data\processed\test\mango_unripe\alexcj10-ripenet_0002266.jpg,0,0.001367653370834887
C:\Users\DELL-04-SMKKRIAN1\Documents\RipenAI\data\processed\test\mango_unripe\alexcj10-ripenet_0002268.jpg,0,0.6873186826705933
C:\Users\DELL-04-SMKKRIAN1\Documents\RipenAI\data\processed\test\mango_unripe\alexcj10-ripenet_0002269.jpg,0,3.147566894767806e-05
C:\Users\DELL-04-SMKKRIAN1\Documents\RipenAI\data\processed\test\mango_unripe\alexcj10-ripenet_0002270.jpg,0,0.004389453213661909
C:\Users\DELL-04-SMKKRIAN1\Documents\RipenAI\data\processed\test\mango_unripe\alexcj10-ripenet_0002271.jpg,0,0.0021486342884600163
C:\Users\DELL-04-SMKKRIAN1\Documents\RipenAI\data\processed\test\mango_unripe\alexcj10-ripenet_0002273.jpg,0,0.0019101869547739625
C:\Users\DELL-04-SMKKRIAN1\Documents\RipenAI\data\processed\test\mango_unripe\alexcj10-ripenet_0002274.jpg,0,0.012415952980518341
C:\Users\DELL-04-SMKKRIAN1\Documents\RipenAI\data\processed\test\mango_unripe\alexcj10-ripenet_0002275.jpg,0,0.0003288315492682159
C:\Users\DELL-04-SMKKRIAN1\Documents\RipenAI\data\processed\test\mango_unripe\alexcj10-ripenet_0002276.jpg,0,0.00044548368896357715
C:\Users\DELL-04-SMKKRIAN1\Documents\RipenAI\data\processed\test\mango_unripe\alexcj10-ripenet_0002277.jpg,0,0.0005692190025001764
C:\Users\DELL-04-SMKKRIAN1\Documents\RipenAI\data\processed\test\mango_unripe\alexcj10-ripenet_0002278.jpg,0,0.007500840816646814
C:\Users\DELL-04-SMKKRIAN1\Documents\RipenAI\data\processed\test\mango_unripe\alexcj10-ripenet_0002279.jpg,0,0.0025295664090663195
C:\Users\DELL-04-SMKKRIAN1\Documents\RipenAI\data\processed\test\mango_unripe\alexcj10-ripenet_0002290.jpg,0,0.01778159849345684
C:\Users\DELL-04-SMKKRIAN1\Documents\RipenAI\data\processed\test\mango_unripe\alexcj10-ripenet_0002291.jpg,0,0.03242630511522293
C:\Users\DELL-04-SMKKRIAN1\Documents\RipenAI\data\processed\test\mango_unripe\alexcj10-ripenet_0002293.jpg,0,0.06601212918758392
C:\Users\DELL-04-SMKKRIAN1\Documents\RipenAI\data\processed\test\mango_unripe\alexcj10-ripenet_0002298.jpg,0,0.21584728360176086
C:\Users\DELL-04-SMKKRIAN1\Documents\RipenAI\data\processed\test\mango_unripe\alexcj10-ripenet_0002300.jpg,0,0.0015042873565107584
C:\Users\DELL-04-SMKKRIAN1\Documents\RipenAI\data\processed\test\mango_unripe\alexcj10-ripenet_0002301.jpg,0,0.00020009587751701474
C:\Users\DELL-04-SMKKRIAN1\Documents\RipenAI\data\processed\test\mango_unripe\alexcj10-ripenet_0002303.jpg,0,0.000511240097694099
C:\Users\DELL-04-SMKKRIAN1\Documents\RipenAI\data\processed\test\mango_unripe\asadullahprl_0002195.jpg,0,4.62340585727361e-06
C:\Users\DELL-04-SMKKRIAN1\Documents\RipenAI\data\processed\test\mango_unripe\asadullahprl_0002196.jpg,0,1.3262983884487767e-05
C:\Users\DELL-04-SMKKRIAN1\Documents\RipenAI\data\processed\test\mango_unripe\asadullahprl_0002198.jpg,0,1.6523605154361576e-05
C:\Users\DELL-04-SMKKRIAN1\Documents\RipenAI\data\processed\test\mango_unripe\asadullahprl_0002199.jpg,0,0.00028222668333910406
C:\Users\DELL-04-SMKKRIAN1\Documents\RipenAI\data\processed\test\mango_unripe\asadullahprl_0002200.jpg,0,0.00022913675638847053
C:\Users\DELL-04-SMKKRIAN1\Documents\RipenAI\data\processed\test\mango_unripe\asadullahprl_0002201.jpg,0,1.84599753083603e-06
C:\Users\DELL-04-SMKKRIAN1\Documents\RipenAI\data\processed\test\mango_unripe\asadullahprl_0002203.jpg,0,0.0003260248922742903
C:\Users\DELL-04-SMKKRIAN1\Documents\RipenAI\data\processed\test\mango_unripe\asadullahprl_0002205.jpg,0,3.117095184279606e-05
C:\Users\DELL-04-SMKKRIAN1\Documents\RipenAI\data\processed\test\mango_unripe\asadullahprl_0002206.jpg,0,1.777102443156764e-05
C:\Users\DELL-04-SMKKRIAN1\Documents\RipenAI\data\processed\test\mango_unripe\asadullahprl_0002209.jpg,0,0.0033202178310602903
C:\Users\DELL-04-SMKKRIAN1\Documents\RipenAI\data\processed\test\mango_unripe\asadullahprl_0002211.jpg,0,0.013063669204711914
C:\Users\DELL-04-SMKKRIAN1\Documents\RipenAI\data\processed\test\mango_unripe\asadullahprl_0002212.jpg,0,6.168600521050394e-05
C:\Users\DELL-04-SMKKRIAN1\Documents\RipenAI\data\processed\test\mango_unripe\asadullahprl_0002213.jpg,0,1.4098583051236346e-05
C:\Users\DELL-04-SMKKRIAN1\Documents\RipenAI\data\processed\test\mango_unripe\asadullahprl_0002215.jpg,0,0.0001508397253928706
C:\Users\DELL-04-SMKKRIAN1\Documents\RipenAI\data\processed\test\mango_unripe\asadullahprl_0002216.jpg,0,3.0392334338102955e-06
C:\Users\DELL-04-SMKKRIAN1\Documents\RipenAI\data\processed\test\mango_unripe\asadullahprl_0002217.jpg,0,9.035451853378618e-07
C:\Users\DELL-04-SMKKRIAN1\Documents\RipenAI\data\processed\test\mango_unripe\asadullahprl_0002218.jpg,0,0.0007179599488154054
C:\Users\DELL-04-SMKKRIAN1\Documents\RipenAI\data\processed\test\mango_unripe\asadullahprl_0002219.jpg,0,0.000338423385983333
C:\Users\DELL-04-SMKKRIAN1\Documents\RipenAI\data\processed\test\mango_unripe\asadullahprl_0002220.jpg,0,0.0009932606481015682
C:\Users\DELL-04-SMKKRIAN1\Documents\RipenAI\data\processed\test\mango_unripe\asadullahprl_0002221.jpg,0,0.00473822420462966
C:\Users\DELL-04-SMKKRIAN1\Documents\RipenAI\data\processed\test\mango_unripe\asadullahprl_0002222.jpg,0,0.00021408280008472502
C:\Users\DELL-04-SMKKRIAN1\Documents\RipenAI\data\processed\test\mango_unripe\asadullahprl_0002223.jpg,0,0.00010720972932176664
C:\Users\DELL-04-SMKKRIAN1\Documents\RipenAI\data\processed\test\mango_unripe\asadullahprl_0002224.jpg,0,0.016921676695346832
C:\Users\DELL-04-SMKKRIAN1\Documents\RipenAI\data\processed\test\mango_unripe\asadullahprl_0002225.jpg,0,0.004121951758861542
C:\Users\DELL-04-SMKKRIAN1\Documents\RipenAI\data\processed\test\mango_unripe\asadullahprl_0002229.jpg,0,8.002746653801296e-06
C:\Users\DELL-04-SMKKRIAN1\Documents\RipenAI\data\processed\test\mango_unripe\asadullahprl_0002230.jpg,0,0.001829612534493208
C:\Users\DELL-04-SMKKRIAN1\Documents\RipenAI\data\processed\test\mango_unripe\asadullahprl_0002231.jpg,0,0.005040966439992189
C:\Users\DELL-04-SMKKRIAN1\Documents\RipenAI\data\processed\test\mango_unripe\asadullahprl_0002235.jpg,0,0.00034999122726731
C:\Users\DELL-04-SMKKRIAN1\Documents\RipenAI\data\processed\test\mango_unripe\asadullahprl_0002236.jpg,0,0.003514698240906
C:\Users\DELL-04-SMKKRIAN1\Documents\RipenAI\data\processed\test\mango_unripe\asadullahprl_0002237.jpg,0,0.005578100215643644
C:\Users\DELL-04-SMKKRIAN1\Documents\RipenAI\data\processed\test\mango_unripe\asadullahprl_0002239.jpg,0,2.91982705675764e-05
C:\Users\DELL-04-SMKKRIAN1\Documents\RipenAI\data\processed\test\mango_unripe\asadullahprl_0002241.jpg,0,4.9924336053663865e-05
C:\Users\DELL-04-SMKKRIAN1\Documents\RipenAI\data\processed\test\mango_unripe\asadullahprl_0002242.jpg,0,0.00012003570736851543
C:\Users\DELL-04-SMKKRIAN1\Documents\RipenAI\data\processed\test\mango_unripe\asadullahprl_0002245.jpg,0,1.6042164361351752e-06
C:\Users\DELL-04-SMKKRIAN1\Documents\RipenAI\data\processed\test\mango_unripe\asadullahprl_0002246.jpg,0,2.676583426364232e-05
C:\Users\DELL-04-SMKKRIAN1\Documents\RipenAI\data\processed\test\mango_unripe\asadullahprl_0002248.jpg,0,0.0005442557740025222
C:\Users\DELL-04-SMKKRIAN1\Documents\RipenAI\data\processed\test\mango_unripe\asadullahprl_0002249.jpg,0,0.00017072654736693949
C:\Users\DELL-04-SMKKRIAN1\Documents\RipenAI\data\processed\test\mango_unripe\asadullahprl_0002250.jpg,0,0.0012172560673207045
C:\Users\DELL-04-SMKKRIAN1\Documents\RipenAI\data\processed\test\mango_unripe\asadullahprl_0002251.jpg,0,2.0737772501888685e-05
C:\Users\DELL-04-SMKKRIAN1\Documents\RipenAI\data\processed\test\mango_unripe\asadullahprl_0002252.jpg,0,5.831986527482513e-06
C:\Users\DELL-04-SMKKRIAN1\Documents\RipenAI\data\processed\test\mango_unripe\asadullahprl_0002253.jpg,0,0.0002890266478061676
C:\Users\DELL-04-SMKKRIAN1\Documents\RipenAI\data\processed\test\mango_unripe\asadullahprl_0002254.jpg,0,0.002788770943880081
C:\Users\DELL-04-SMKKRIAN1\Documents\RipenAI\data\processed\test\mango_unripe\asadullahprl_0002255.jpg,0,8.713893475942314e-05
C:\Users\DELL-04-SMKKRIAN1\Documents\RipenAI\data\processed\test\mango_unripe\asadullahprl_0002256.jpg,0,0.00036893083597533405
C:\Users\DELL-04-SMKKRIAN1\Documents\RipenAI\data\processed\test\mango_unripe\asadullahprl_0002260.jpg,0,9.172051250061486e-06
C:\Users\DELL-04-SMKKRIAN1\Documents\RipenAI\data\processed\test\mango_unripe\asadullahprl_0002261.jpg,0,8.578367851441726e-05
C:\Users\DELL-04-SMKKRIAN1\Documents\RipenAI\data\processed\test\mango_unripe\asadullahprl_0002263.jpg,0,0.0015750471502542496
C:\Users\DELL-04-SMKKRIAN1\Documents\RipenAI\data\processed\test\mango_unripe\asadullahprl_0002264.jpg,0,0.0004457330796867609
C:\Users\DELL-04-SMKKRIAN1\Documents\RipenAI\data\processed\test\mango_unripe\asadullahprl_0002265.jpg,0,3.940862370654941e-06
C:\Users\DELL-04-SMKKRIAN1\Documents\RipenAI\data\processed\test\mango_unripe\asadullahprl_0002267.jpg,0,7.963943062350154e-05
C:\Users\DELL-04-SMKKRIAN1\Documents\RipenAI\data\processed\test\mango_unripe\asadullahprl_0002272.jpg,0,0.016140518710017204
C:\Users\DELL-04-SMKKRIAN1\Documents\RipenAI\data\processed\test\mango_unripe\asadullahprl_0002280.jpg,0,0.01428431086242199
C:\Users\DELL-04-SMKKRIAN1\Documents\RipenAI\data\processed\test\mango_unripe\asadullahprl_0002281.jpg,0,8.102464335024706e-07
C:\Users\DELL-04-SMKKRIAN1\Documents\RipenAI\data\processed\test\mango_unripe\asadullahprl_0002282.jpg,0,0.0008156065596267581
C:\Users\DELL-04-SMKKRIAN1\Documents\RipenAI\data\processed\test\mango_unripe\asadullahprl_0002283.jpg,0,1.3415278772299644e-05
C:\Users\DELL-04-SMKKRIAN1\Documents\RipenAI\data\processed\test\mango_unripe\asadullahprl_0002284.jpg,0,0.001842590980231762
C:\Users\DELL-04-SMKKRIAN1\Documents\RipenAI\data\processed\test\mango_unripe\asadullahprl_0002285.jpg,0,6.156683230074123e-05
C:\Users\DELL-04-SMKKRIAN1\Documents\RipenAI\data\processed\test\mango_unripe\asadullahprl_0002286.jpg,0,1.392703097735648e-06
C:\Users\DELL-04-SMKKRIAN1\Documents\RipenAI\data\processed\test\mango_unripe\asadullahprl_0002287.jpg,0,0.0009292857721447945
C:\Users\DELL-04-SMKKRIAN1\Documents\RipenAI\data\processed\test\mango_unripe\asadullahprl_0002288.jpg,0,6.041131541678624e-07
C:\Users\DELL-04-SMKKRIAN1\Documents\RipenAI\data\processed\test\mango_unripe\asadullahprl_0002289.jpg,0,4.03049671149347e-05
C:\Users\DELL-04-SMKKRIAN1\Documents\RipenAI\data\processed\test\mango_unripe\asadullahprl_0002292.jpg,0,4.3230225855950266e-05
C:\Users\DELL-04-SMKKRIAN1\Documents\RipenAI\data\processed\test\mango_unripe\asadullahprl_0002294.jpg,0,0.00010083776578539982
C:\Users\DELL-04-SMKKRIAN1\Documents\RipenAI\data\processed\test\mango_unripe\asadullahprl_0002295.jpg,0,2.361374072279432e-06
C:\Users\DELL-04-SMKKRIAN1\Documents\RipenAI\data\processed\test\mango_unripe\asadullahprl_0002296.jpg,0,0.0001387350494042039
C:\Users\DELL-04-SMKKRIAN1\Documents\RipenAI\data\processed\test\mango_unripe\asadullahprl_0002297.jpg,0,2.3804099328117445e-05
C:\Users\DELL-04-SMKKRIAN1\Documents\RipenAI\data\processed\test\mango_unripe\asadullahprl_0002299.jpg,0,0.00454575102776289
C:\Users\DELL-04-SMKKRIAN1\Documents\RipenAI\data\processed\test\mango_unripe\asadullahprl_0002302.jpg,0,9.200116619467735e-05
C:\Users\DELL-04-SMKKRIAN1\Documents\RipenAI\data\processed\test\mango_unripe\asadullahprl_0002304.jpg,0,0.0037623171228915453
C:\Users\DELL-04-SMKKRIAN1\Documents\RipenAI\data\processed\test\orange_overripe\asadullahprl_0002305.jpg,0,0.022022340446710587
C:\Users\DELL-04-SMKKRIAN1\Documents\RipenAI\data\processed\test\orange_overripe\asadullahprl_0002306.jpg,0,0.4564947187900543
C:\Users\DELL-04-SMKKRIAN1\Documents\RipenAI\data\processed\test\orange_overripe\asadullahprl_0002307.jpg,0,0.06392059475183487
C:\Users\DELL-04-SMKKRIAN1\Documents\RipenAI\data\processed\test\orange_overripe\asadullahprl_0002308.jpg,0,0.9835821390151978
C:\Users\DELL-04-SMKKRIAN1\Documents\RipenAI\data\processed\test\orange_overripe\asadullahprl_0002309.jpg,0,0.006638980004936457
C:\Users\DELL-04-SMKKRIAN1\Documents\RipenAI\data\processed\test\orange_overripe\asadullahprl_0002310.jpg,0,0.8197662830352783
C:\Users\DELL-04-SMKKRIAN1\Documents\RipenAI\data\processed\test\orange_overripe\asadullahprl_0002311.jpg,0,0.9728469252586365
C:\Users\DELL-04-SMKKRIAN1\Documents\RipenAI\data\processed\test\orange_overripe\asadullahprl_0002312.jpg,0,0.20748642086982727
C:\Users\DELL-04-SMKKRIAN1\Documents\RipenAI\data\processed\test\orange_overripe\asadullahprl_0002313.jpg,0,0.5154092311859131
C:\Users\DELL-04-SMKKRIAN1\Documents\RipenAI\data\processed\test\orange_overripe\asadullahprl_0002314.jpg,0,0.8983462452888489
C:\Users\DELL-04-SMKKRIAN1\Documents\RipenAI\data\processed\test\orange_overripe\asadullahprl_0002315.jpg,0,0.9954388737678528
C:\Users\DELL-04-SMKKRIAN1\Documents\RipenAI\data\processed\test\orange_ripe\alexcj10-ripenet_0002318.jpg,0,0.4363776743412018
C:\Users\DELL-04-SMKKRIAN1\Documents\RipenAI\data\processed\test\orange_ripe\alexcj10-ripenet_0002320.jpg,0,0.03554196283221245
C:\Users\DELL-04-SMKKRIAN1\Documents\RipenAI\data\processed\test\orange_ripe\alexcj10-ripenet_0002330.jpg,0,0.0944664403796196
C:\Users\DELL-04-SMKKRIAN1\Documents\RipenAI\data\processed\test\orange_ripe\alexcj10-ripenet_0002331.jpg,0,0.4608076214790344
C:\Users\DELL-04-SMKKRIAN1\Documents\RipenAI\data\processed\test\orange_ripe\alexcj10-ripenet_0002340.jpg,0,0.007229970768094063
C:\Users\DELL-04-SMKKRIAN1\Documents\RipenAI\data\processed\test\orange_ripe\alexcj10-ripenet_0002341.jpg,0,0.030613139271736145
C:\Users\DELL-04-SMKKRIAN1\Documents\RipenAI\data\processed\test\orange_ripe\alexcj10-ripenet_0002350.jpg,0,0.051586735993623734
C:\Users\DELL-04-SMKKRIAN1\Documents\RipenAI\data\processed\test\orange_ripe\alexcj10-ripenet_0002354.jpg,0,0.024451633915305138
C:\Users\DELL-04-SMKKRIAN1\Documents\RipenAI\data\processed\test\orange_ripe\alexcj10-ripenet_0002359.jpg,0,0.27520984411239624
C:\Users\DELL-04-SMKKRIAN1\Documents\RipenAI\data\processed\test\orange_ripe\alexcj10-ripenet_0002363.jpg,0,0.009254110045731068
C:\Users\DELL-04-SMKKRIAN1\Documents\RipenAI\data\processed\test\orange_ripe\alexcj10-ripenet_0002364.jpg,0,0.007938760332763195
C:\Users\DELL-04-SMKKRIAN1\Documents\RipenAI\data\processed\test\orange_ripe\alexcj10-ripenet_0002365.jpg,0,0.017871705815196037
C:\Users\DELL-04-SMKKRIAN1\Documents\RipenAI\data\processed\test\orange_ripe\alexcj10-ripenet_0002372.jpg,0,0.2135830968618393
C:\Users\DELL-04-SMKKRIAN1\Documents\RipenAI\data\processed\test\orange_ripe\alexcj10-ripenet_0002377.jpg,0,0.12755203247070312
C:\Users\DELL-04-SMKKRIAN1\Documents\RipenAI\data\processed\test\orange_ripe\alexcj10-ripenet_0002379.jpg,0,0.17167671024799347
C:\Users\DELL-04-SMKKRIAN1\Documents\RipenAI\data\processed\test\orange_ripe\alexcj10-ripenet_0002384.jpg,0,0.01462437305599451
C:\Users\DELL-04-SMKKRIAN1\Documents\RipenAI\data\processed\test\orange_ripe\alexcj10-ripenet_0002395.jpg,0,0.011071004904806614
C:\Users\DELL-04-SMKKRIAN1\Documents\RipenAI\data\processed\test\orange_ripe\alexcj10-ripenet_0002398.jpg,0,0.04725645110011101
C:\Users\DELL-04-SMKKRIAN1\Documents\RipenAI\data\processed\test\orange_ripe\alexcj10-ripenet_0002404.jpg,0,0.026558008044958115
C:\Users\DELL-04-SMKKRIAN1\Documents\RipenAI\data\processed\test\orange_ripe\alexcj10-ripenet_0002407.jpg,0,0.0586349219083786
C:\Users\DELL-04-SMKKRIAN1\Documents\RipenAI\data\processed\test\orange_ripe\alexcj10-ripenet_0002409.jpg,0,0.07388997077941895
C:\Users\DELL-04-SMKKRIAN1\Documents\RipenAI\data\processed\test\orange_ripe\alexcj10-ripenet_0002417.jpg,0,0.08345107734203339
C:\Users\DELL-04-SMKKRIAN1\Documents\RipenAI\data\processed\test\orange_ripe\alexcj10-ripenet_0002418.jpg,0,0.06426655501127243
C:\Users\DELL-04-SMKKRIAN1\Documents\RipenAI\data\processed\test\orange_ripe\alexcj10-ripenet_0002435.jpg,0,0.0025286157615482807
C:\Users\DELL-04-SMKKRIAN1\Documents\RipenAI\data\processed\test\orange_ripe\alexcj10-ripenet_0002436.jpg,0,0.000383130885893479
C:\Users\DELL-04-SMKKRIAN1\Documents\RipenAI\data\processed\test\orange_ripe\alexcj10-ripenet_0002440.jpg,0,0.0022992000449448824
C:\Users\DELL-04-SMKKRIAN1\Documents\RipenAI\data\processed\test\orange_ripe\alexcj10-ripenet_0002443.jpg,0,0.031235145404934883
C:\Users\DELL-04-SMKKRIAN1\Documents\RipenAI\data\processed\test\orange_ripe\alexcj10-ripenet_0002448.jpg,0,0.0759819746017456
C:\Users\DELL-04-SMKKRIAN1\Documents\RipenAI\data\processed\test\orange_ripe\alexcj10-ripenet_0002454.jpg,0,0.004511839710175991
C:\Users\DELL-04-SMKKRIAN1\Documents\RipenAI\data\processed\test\orange_ripe\alexcj10-ripenet_0002455.jpg,0,0.06212904304265976
C:\Users\DELL-04-SMKKRIAN1\Documents\RipenAI\data\processed\test\orange_ripe\alexcj10-ripenet_0002456.jpg,0,0.010738018900156021
C:\Users\DELL-04-SMKKRIAN1\Documents\RipenAI\data\processed\test\orange_ripe\alexcj10-ripenet_0002462.jpg,0,0.030596302822232246
C:\Users\DELL-04-SMKKRIAN1\Documents\RipenAI\data\processed\test\orange_ripe\alexcj10-ripenet_0002464.jpg,0,0.060832589864730835
C:\Users\DELL-04-SMKKRIAN1\Documents\RipenAI\data\processed\test\orange_ripe\alexcj10-ripenet_0002481.jpg,0,0.02330891601741314
C:\Users\DELL-04-SMKKRIAN1\Documents\RipenAI\data\processed\test\orange_ripe\alexcj10-ripenet_0002483.jpg,0,0.07671578228473663
C:\Users\DELL-04-SMKKRIAN1\Documents\RipenAI\data\processed\test\orange_ripe\alexcj10-ripenet_0002485.jpg,0,0.026086537167429924
C:\Users\DELL-04-SMKKRIAN1\Documents\RipenAI\data\processed\test\orange_ripe\alexcj10-ripenet_0002487.jpg,0,0.012353623285889626
C:\Users\DELL-04-SMKKRIAN1\Documents\RipenAI\data\processed\test\orange_ripe\alexcj10-ripenet_0002490.jpg,0,0.04247431457042694
C:\Users\DELL-04-SMKKRIAN1\Documents\RipenAI\data\processed\test\orange_ripe\alexcj10-ripenet_0002494.jpg,0,0.24661679565906525
C:\Users\DELL-04-SMKKRIAN1\Documents\RipenAI\data\processed\test\orange_ripe\alexcj10-ripenet_0002498.jpg,0,0.10198364406824112
C:\Users\DELL-04-SMKKRIAN1\Documents\RipenAI\data\processed\test\orange_ripe\alexcj10-ripenet_0002507.jpg,0,0.45732244849205017
C:\Users\DELL-04-SMKKRIAN1\Documents\RipenAI\data\processed\test\orange_ripe\alexcj10-ripenet_0002520.jpg,0,0.3991982936859131
C:\Users\DELL-04-SMKKRIAN1\Documents\RipenAI\data\processed\test\orange_ripe\alexcj10-ripenet_0002521.jpg,0,0.09266965091228485
C:\Users\DELL-04-SMKKRIAN1\Documents\RipenAI\data\processed\test\orange_ripe\alexcj10-ripenet_0002527.jpg,0,0.08191962540149689
C:\Users\DELL-04-SMKKRIAN1\Documents\RipenAI\data\processed\test\orange_ripe\alexcj10-ripenet_0002532.jpg,0,0.3339531719684601
C:\Users\DELL-04-SMKKRIAN1\Documents\RipenAI\data\processed\test\orange_ripe\alexcj10-ripenet_0002536.jpg,0,0.0651862770318985
C:\Users\DELL-04-SMKKRIAN1\Documents\RipenAI\data\processed\test\orange_ripe\alexcj10-ripenet_0002543.jpg,0,0.7479972243309021
C:\Users\DELL-04-SMKKRIAN1\Documents\RipenAI\data\processed\test\orange_ripe\alexcj10-ripenet_0002545.jpg,0,0.22877174615859985
C:\Users\DELL-04-SMKKRIAN1\Documents\RipenAI\data\processed\test\orange_ripe\alexcj10-ripenet_0002551.jpg,0,0.03086770884692669
C:\Users\DELL-04-SMKKRIAN1\Documents\RipenAI\data\processed\test\orange_ripe\alexcj10-ripenet_0002552.jpg,0,0.14207607507705688
C:\Users\DELL-04-SMKKRIAN1\Documents\RipenAI\data\processed\test\orange_ripe\alexcj10-ripenet_0002553.jpg,0,0.009855685755610466
C:\Users\DELL-04-SMKKRIAN1\Documents\RipenAI\data\processed\test\orange_ripe\alexcj10-ripenet_0002562.jpg,0,0.02807793766260147
C:\Users\DELL-04-SMKKRIAN1\Documents\RipenAI\data\processed\test\orange_ripe\asadullahprl_0002408.jpg,0,0.08101176470518112
C:\Users\DELL-04-SMKKRIAN1\Documents\RipenAI\data\processed\test\orange_ripe\asadullahprl_0002431.jpg,0,0.005057140253484249
C:\Users\DELL-04-SMKKRIAN1\Documents\RipenAI\data\processed\test\orange_ripe\asadullahprl_0002441.jpg,0,0.16507482528686523
C:\Users\DELL-04-SMKKRIAN1\Documents\RipenAI\data\processed\test\orange_ripe\asadullahprl_0002459.jpg,0,0.10785463452339172
C:\Users\DELL-04-SMKKRIAN1\Documents\RipenAI\data\processed\test\orange_ripe\asadullahprl_0002480.jpg,0,0.0056310477666556835
C:\Users\DELL-04-SMKKRIAN1\Documents\RipenAI\data\processed\test\orange_ripe\asadullahprl_0002482.jpg,0,0.03905269503593445
C:\Users\DELL-04-SMKKRIAN1\Documents\RipenAI\data\processed\test\orange_ripe\asadullahprl_0002488.jpg,0,0.012771880254149437
C:\Users\DELL-04-SMKKRIAN1\Documents\RipenAI\data\processed\test\orange_ripe\asadullahprl_0002544.jpg,0,0.007122635841369629
C:\Users\DELL-04-SMKKRIAN1\Documents\RipenAI\data\processed\test\orange_ripe\asadullahprl_0002548.jpg,0,0.0057735140435397625
C:\Users\DELL-04-SMKKRIAN1\Documents\RipenAI\data\processed\test\orange_ripe\asadullahprl_0002559.jpg,0,5.8019859352498315e-06
C:\Users\DELL-04-SMKKRIAN1\Documents\RipenAI\data\processed\test\orange_ripe\leftin_0002316.jpg,0,0.00011679632734740153
C:\Users\DELL-04-SMKKRIAN1\Documents\RipenAI\data\processed\test\orange_ripe\leftin_0002317.jpg,0,0.0013109014835208654
C:\Users\DELL-04-SMKKRIAN1\Documents\RipenAI\data\processed\test\orange_ripe\leftin_0002319.jpg,0,0.1366662234067917
C:\Users\DELL-04-SMKKRIAN1\Documents\RipenAI\data\processed\test\orange_ripe\leftin_0002321.jpg,0,0.13656865060329437
C:\Users\DELL-04-SMKKRIAN1\Documents\RipenAI\data\processed\test\orange_ripe\leftin_0002322.jpg,0,0.004176805727183819
C:\Users\DELL-04-SMKKRIAN1\Documents\RipenAI\data\processed\test\orange_ripe\leftin_0002323.jpg,0,0.21177108585834503
C:\Users\DELL-04-SMKKRIAN1\Documents\RipenAI\data\processed\test\orange_ripe\leftin_0002324.jpg,0,0.000928187626414001
C:\Users\DELL-04-SMKKRIAN1\Documents\RipenAI\data\processed\test\orange_ripe\leftin_0002325.jpg,0,0.03430206701159477
C:\Users\DELL-04-SMKKRIAN1\Documents\RipenAI\data\processed\test\orange_ripe\leftin_0002326.jpg,0,0.005315900314599276
C:\Users\DELL-04-SMKKRIAN1\Documents\RipenAI\data\processed\test\orange_ripe\leftin_0002327.jpg,0,0.20092128217220306
C:\Users\DELL-04-SMKKRIAN1\Documents\RipenAI\data\processed\test\orange_ripe\leftin_0002328.jpg,0,0.001027423539198935
C:\Users\DELL-04-SMKKRIAN1\Documents\RipenAI\data\processed\test\orange_ripe\leftin_0002329.jpg,0,0.014305905438959599
C:\Users\DELL-04-SMKKRIAN1\Documents\RipenAI\data\processed\test\orange_ripe\leftin_0002332.jpg,0,0.0012894927058368921
C:\Users\DELL-04-SMKKRIAN1\Documents\RipenAI\data\processed\test\orange_ripe\leftin_0002333.jpg,0,0.013862146995961666
C:\Users\DELL-04-SMKKRIAN1\Documents\RipenAI\data\processed\test\orange_ripe\leftin_0002334.jpg,0,0.001577228307723999
C:\Users\DELL-04-SMKKRIAN1\Documents\RipenAI\data\processed\test\orange_ripe\leftin_0002335.jpg,0,0.00040299235843122005
C:\Users\DELL-04-SMKKRIAN1\Documents\RipenAI\data\processed\test\orange_ripe\leftin_0002336.jpg,0,0.02755150757730007
C:\Users\DELL-04-SMKKRIAN1\Documents\RipenAI\data\processed\test\orange_ripe\leftin_0002337.jpg,0,0.0037230222951620817
C:\Users\DELL-04-SMKKRIAN1\Documents\RipenAI\data\processed\test\orange_ripe\leftin_0002338.jpg,0,0.000321186293149367
C:\Users\DELL-04-SMKKRIAN1\Documents\RipenAI\data\processed\test\orange_ripe\leftin_0002339.jpg,0,0.0022370214574038982
C:\Users\DELL-04-SMKKRIAN1\Documents\RipenAI\data\processed\test\orange_ripe\leftin_0002342.jpg,0,0.000144338293466717
C:\Users\DELL-04-SMKKRIAN1\Documents\RipenAI\data\processed\test\orange_ripe\leftin_0002343.jpg,0,7.812645344529301e-05
C:\Users\DELL-04-SMKKRIAN1\Documents\RipenAI\data\processed\test\orange_ripe\leftin_0002344.jpg,0,0.1041124165058136
C:\Users\DELL-04-SMKKRIAN1\Documents\RipenAI\data\processed\test\orange_ripe\leftin_0002345.jpg,0,7.355301931966096e-06
C:\Users\DELL-04-SMKKRIAN1\Documents\RipenAI\data\processed\test\orange_ripe\leftin_0002346.jpg,0,0.00021453089721035212
C:\Users\DELL-04-SMKKRIAN1\Documents\RipenAI\data\processed\test\orange_ripe\leftin_0002347.jpg,0,0.01502122264355421
C:\Users\DELL-04-SMKKRIAN1\Documents\RipenAI\data\processed\test\orange_ripe\leftin_0002348.jpg,0,0.0001342579780612141
C:\Users\DELL-04-SMKKRIAN1\Documents\RipenAI\data\processed\test\orange_ripe\leftin_0002349.jpg,0,0.0012823083670809865
C:\Users\DELL-04-SMKKRIAN1\Documents\RipenAI\data\processed\test\orange_ripe\leftin_0002351.jpg,0,2.2993770016910275e-06
C:\Users\DELL-04-SMKKRIAN1\Documents\RipenAI\data\processed\test\orange_ripe\leftin_0002352.jpg,0,0.0017490757163614035
C:\Users\DELL-04-SMKKRIAN1\Documents\RipenAI\data\processed\test\orange_ripe\leftin_0002353.jpg,0,0.0016213622875511646
C:\Users\DELL-04-SMKKRIAN1\Documents\RipenAI\data\processed\test\orange_ripe\leftin_0002355.jpg,0,0.007353041786700487
C:\Users\DELL-04-SMKKRIAN1\Documents\RipenAI\data\processed\test\orange_ripe\leftin_0002356.jpg,0,0.00202048453502357
C:\Users\DELL-04-SMKKRIAN1\Documents\RipenAI\data\processed\test\orange_ripe\leftin_0002357.jpg,0,0.0028253302443772554
C:\Users\DELL-04-SMKKRIAN1\Documents\RipenAI\data\processed\test\orange_ripe\leftin_0002358.jpg,0,0.024751408025622368
C:\Users\DELL-04-SMKKRIAN1\Documents\RipenAI\data\processed\test\orange_ripe\leftin_0002360.jpg,0,0.0018817461095750332
C:\Users\DELL-04-SMKKRIAN1\Documents\RipenAI\data\processed\test\orange_ripe\leftin_0002361.jpg,0,0.002005438320338726
C:\Users\DELL-04-SMKKRIAN1\Documents\RipenAI\data\processed\test\orange_ripe\leftin_0002362.jpg,0,0.5268606543540955
C:\Users\DELL-04-SMKKRIAN1\Documents\RipenAI\data\processed\test\orange_ripe\leftin_0002366.jpg,0,0.0004569501325022429
C:\Users\DELL-04-SMKKRIAN1\Documents\RipenAI\data\processed\test\orange_ripe\leftin_0002367.jpg,0,0.00014930682664271444
C:\Users\DELL-04-SMKKRIAN1\Documents\RipenAI\data\processed\test\orange_ripe\leftin_0002368.jpg,0,0.0005429791053757071
C:\Users\DELL-04-SMKKRIAN1\Documents\RipenAI\data\processed\test\orange_ripe\leftin_0002369.jpg,0,0.0002350815775571391
C:\Users\DELL-04-SMKKRIAN1\Documents\RipenAI\data\processed\test\orange_ripe\leftin_0002370.jpg,0,0.0011997980764135718
C:\Users\DELL-04-SMKKRIAN1\Documents\RipenAI\data\processed\test\orange_ripe\leftin_0002371.jpg,0,4.13765519624576e-06
C:\Users\DELL-04-SMKKRIAN1\Documents\RipenAI\data\processed\test\orange_ripe\leftin_0002373.jpg,0,0.002389131812378764
C:\Users\DELL-04-SMKKRIAN1\Documents\RipenAI\data\processed\test\orange_ripe\leftin_0002374.jpg,0,4.68729340354912e-05
C:\Users\DELL-04-SMKKRIAN1\Documents\RipenAI\data\processed\test\orange_ripe\leftin_0002375.jpg,0,1.1309367437206674e-05
C:\Users\DELL-04-SMKKRIAN1\Documents\RipenAI\data\processed\test\orange_ripe\leftin_0002376.jpg,0,0.0007945781107991934
C:\Users\DELL-04-SMKKRIAN1\Documents\RipenAI\data\processed\test\orange_ripe\leftin_0002378.jpg,0,0.003098192857578397
C:\Users\DELL-04-SMKKRIAN1\Documents\RipenAI\data\processed\test\orange_ripe\leftin_0002380.jpg,0,0.016584698110818863
C:\Users\DELL-04-SMKKRIAN1\Documents\RipenAI\data\processed\test\orange_ripe\leftin_0002381.jpg,0,5.6561439123470336e-05
C:\Users\DELL-04-SMKKRIAN1\Documents\RipenAI\data\processed\test\orange_ripe\leftin_0002382.jpg,0,0.0005693546263501048
C:\Users\DELL-04-SMKKRIAN1\Documents\RipenAI\data\processed\test\orange_ripe\leftin_0002383.jpg,0,0.01581287756562233
C:\Users\DELL-04-SMKKRIAN1\Documents\RipenAI\data\processed\test\orange_ripe\leftin_0002385.jpg,0,0.005640180315822363
C:\Users\DELL-04-SMKKRIAN1\Documents\RipenAI\data\processed\test\orange_ripe\leftin_0002386.jpg,0,0.04283775016665459
C:\Users\DELL-04-SMKKRIAN1\Documents\RipenAI\data\processed\test\orange_ripe\leftin_0002387.jpg,0,0.0012885008472949266
C:\Users\DELL-04-SMKKRIAN1\Documents\RipenAI\data\processed\test\orange_ripe\leftin_0002388.jpg,0,0.0015078081050887704
C:\Users\DELL-04-SMKKRIAN1\Documents\RipenAI\data\processed\test\orange_ripe\leftin_0002389.jpg,0,0.040337614715099335
C:\Users\DELL-04-SMKKRIAN1\Documents\RipenAI\data\processed\test\orange_ripe\leftin_0002390.jpg,0,0.0012516319984570146
C:\Users\DELL-04-SMKKRIAN1\Documents\RipenAI\data\processed\test\orange_ripe\leftin_0002391.jpg,0,0.0003419475688133389
C:\Users\DELL-04-SMKKRIAN1\Documents\RipenAI\data\processed\test\orange_ripe\leftin_0002392.jpg,0,0.0008215330308303237
C:\Users\DELL-04-SMKKRIAN1\Documents\RipenAI\data\processed\test\orange_ripe\leftin_0002393.jpg,0,0.002225297037512064
C:\Users\DELL-04-SMKKRIAN1\Documents\RipenAI\data\processed\test\orange_ripe\leftin_0002394.jpg,0,5.4782223742222413e-05
C:\Users\DELL-04-SMKKRIAN1\Documents\RipenAI\data\processed\test\orange_ripe\leftin_0002396.jpg,0,0.002982818754389882
C:\Users\DELL-04-SMKKRIAN1\Documents\RipenAI\data\processed\test\orange_ripe\leftin_0002397.jpg,0,0.001733094803057611
C:\Users\DELL-04-SMKKRIAN1\Documents\RipenAI\data\processed\test\orange_ripe\leftin_0002399.jpg,0,0.004698354285210371
C:\Users\DELL-04-SMKKRIAN1\Documents\RipenAI\data\processed\test\orange_ripe\leftin_0002400.jpg,0,7.445229130098596e-05
C:\Users\DELL-04-SMKKRIAN1\Documents\RipenAI\data\processed\test\orange_ripe\leftin_0002401.jpg,0,3.754155841306783e-05
C:\Users\DELL-04-SMKKRIAN1\Documents\RipenAI\data\processed\test\orange_ripe\leftin_0002402.jpg,0,0.08087550848722458
C:\Users\DELL-04-SMKKRIAN1\Documents\RipenAI\data\processed\test\orange_ripe\leftin_0002403.jpg,0,0.18712598085403442
C:\Users\DELL-04-SMKKRIAN1\Documents\RipenAI\data\processed\test\orange_ripe\leftin_0002405.jpg,0,0.004510874394327402
C:\Users\DELL-04-SMKKRIAN1\Documents\RipenAI\data\processed\test\orange_ripe\leftin_0002406.jpg,0,0.04379377141594887
C:\Users\DELL-04-SMKKRIAN1\Documents\RipenAI\data\processed\test\orange_ripe\leftin_0002410.jpg,0,0.01963498257100582
C:\Users\DELL-04-SMKKRIAN1\Documents\RipenAI\data\processed\test\orange_ripe\leftin_0002411.jpg,0,0.007987337186932564
C:\Users\DELL-04-SMKKRIAN1\Documents\RipenAI\data\processed\test\orange_ripe\leftin_0002412.jpg,0,0.0002567500341683626
C:\Users\DELL-04-SMKKRIAN1\Documents\RipenAI\data\processed\test\orange_ripe\leftin_0002413.jpg,0,0.00021700952493119985
C:\Users\DELL-04-SMKKRIAN1\Documents\RipenAI\data\processed\test\orange_ripe\leftin_0002414.jpg,0,0.0010154693154618144
C:\Users\DELL-04-SMKKRIAN1\Documents\RipenAI\data\processed\test\orange_ripe\leftin_0002415.jpg,0,0.00027693199808709323
C:\Users\DELL-04-SMKKRIAN1\Documents\RipenAI\data\processed\test\orange_ripe\leftin_0002416.jpg,0,0.01721906289458275
C:\Users\DELL-04-SMKKRIAN1\Documents\RipenAI\data\processed\test\orange_ripe\leftin_0002419.jpg,0,0.0026807626709342003
C:\Users\DELL-04-SMKKRIAN1\Documents\RipenAI\data\processed\test\orange_ripe\leftin_0002420.jpg,0,0.0002807950659189373
C:\Users\DELL-04-SMKKRIAN1\Documents\RipenAI\data\processed\test\orange_ripe\leftin_0002421.jpg,0,0.04907389357686043
C:\Users\DELL-04-SMKKRIAN1\Documents\RipenAI\data\processed\test\orange_ripe\leftin_0002422.jpg,0,0.002203995129093528
C:\Users\DELL-04-SMKKRIAN1\Documents\RipenAI\data\processed\test\orange_ripe\leftin_0002423.jpg,0,0.0020242491737008095
C:\Users\DELL-04-SMKKRIAN1\Documents\RipenAI\data\processed\test\orange_ripe\leftin_0002424.jpg,0,0.03104119934141636
C:\Users\DELL-04-SMKKRIAN1\Documents\RipenAI\data\processed\test\orange_ripe\leftin_0002425.jpg,0,0.031823091208934784
C:\Users\DELL-04-SMKKRIAN1\Documents\RipenAI\data\processed\test\orange_ripe\leftin_0002426.jpg,0,0.00022998906206339598
C:\Users\DELL-04-SMKKRIAN1\Documents\RipenAI\data\processed\test\orange_ripe\leftin_0002427.jpg,0,0.004305561073124409
C:\Users\DELL-04-SMKKRIAN1\Documents\RipenAI\data\processed\test\orange_ripe\leftin_0002428.jpg,0,0.001538614509627223
C:\Users\DELL-04-SMKKRIAN1\Documents\RipenAI\data\processed\test\orange_ripe\leftin_0002429.jpg,0,0.0015424150042235851
C:\Users\DELL-04-SMKKRIAN1\Documents\RipenAI\data\processed\test\orange_ripe\leftin_0002430.jpg,0,0.0010578803485259414
C:\Users\DELL-04-SMKKRIAN1\Documents\RipenAI\data\processed\test\orange_ripe\leftin_0002432.jpg,0,0.00047111333697102964
C:\Users\DELL-04-SMKKRIAN1\Documents\RipenAI\data\processed\test\orange_ripe\leftin_0002433.jpg,0,0.0014256536960601807
C:\Users\DELL-04-SMKKRIAN1\Documents\RipenAI\data\processed\test\orange_ripe\leftin_0002434.jpg,0,0.2678283751010895
C:\Users\DELL-04-SMKKRIAN1\Documents\RipenAI\data\processed\test\orange_ripe\leftin_0002437.jpg,0,0.31467461585998535
C:\Users\DELL-04-SMKKRIAN1\Documents\RipenAI\data\processed\test\orange_ripe\leftin_0002438.jpg,0,0.0014592291554436088
C:\Users\DELL-04-SMKKRIAN1\Documents\RipenAI\data\processed\test\orange_ripe\leftin_0002439.jpg,0,0.0013306918554008007
C:\Users\DELL-04-SMKKRIAN1\Documents\RipenAI\data\processed\test\orange_ripe\leftin_0002442.jpg,0,0.020062550902366638
C:\Users\DELL-04-SMKKRIAN1\Documents\RipenAI\data\processed\test\orange_ripe\leftin_0002444.jpg,0,0.003107919590547681
C:\Users\DELL-04-SMKKRIAN1\Documents\RipenAI\data\processed\test\orange_ripe\leftin_0002445.jpg,0,0.0004208417085465044
C:\Users\DELL-04-SMKKRIAN1\Documents\RipenAI\data\processed\test\orange_ripe\leftin_0002446.jpg,0,0.0009032156667672098
C:\Users\DELL-04-SMKKRIAN1\Documents\RipenAI\data\processed\test\orange_ripe\leftin_0002447.jpg,0,0.0032001386862248182
C:\Users\DELL-04-SMKKRIAN1\Documents\RipenAI\data\processed\test\orange_ripe\leftin_0002449.jpg,0,0.005717274732887745
C:\Users\DELL-04-SMKKRIAN1\Documents\RipenAI\data\processed\test\orange_ripe\leftin_0002450.jpg,0,0.007656992878764868
C:\Users\DELL-04-SMKKRIAN1\Documents\RipenAI\data\processed\test\orange_ripe\leftin_0002451.jpg,0,0.0050264629535377026
C:\Users\DELL-04-SMKKRIAN1\Documents\RipenAI\data\processed\test\orange_ripe\leftin_0002452.jpg,0,0.0840957835316658
C:\Users\DELL-04-SMKKRIAN1\Documents\RipenAI\data\processed\test\orange_ripe\leftin_0002453.jpg,0,0.00020984126604162157
C:\Users\DELL-04-SMKKRIAN1\Documents\RipenAI\data\processed\test\orange_ripe\leftin_0002457.jpg,0,0.08157990127801895
C:\Users\DELL-04-SMKKRIAN1\Documents\RipenAI\data\processed\test\orange_ripe\leftin_0002458.jpg,0,0.02383357286453247
C:\Users\DELL-04-SMKKRIAN1\Documents\RipenAI\data\processed\test\orange_ripe\leftin_0002460.jpg,0,0.011899340897798538
C:\Users\DELL-04-SMKKRIAN1\Documents\RipenAI\data\processed\test\orange_ripe\leftin_0002461.jpg,0,0.010733704082667828
C:\Users\DELL-04-SMKKRIAN1\Documents\RipenAI\data\processed\test\orange_ripe\leftin_0002463.jpg,0,0.00010917649342445657
C:\Users\DELL-04-SMKKRIAN1\Documents\RipenAI\data\processed\test\orange_ripe\leftin_0002465.jpg,0,0.0033594330307096243
C:\Users\DELL-04-SMKKRIAN1\Documents\RipenAI\data\processed\test\orange_ripe\leftin_0002466.jpg,0,0.009894671849906445
C:\Users\DELL-04-SMKKRIAN1\Documents\RipenAI\data\processed\test\orange_ripe\leftin_0002467.jpg,0,0.23956680297851562
C:\Users\DELL-04-SMKKRIAN1\Documents\RipenAI\data\processed\test\orange_ripe\leftin_0002468.jpg,0,0.0036337352357804775
C:\Users\DELL-04-SMKKRIAN1\Documents\RipenAI\data\processed\test\orange_ripe\leftin_0002469.jpg,0,0.00016253914509434253
C:\Users\DELL-04-SMKKRIAN1\Documents\RipenAI\data\processed\test\orange_ripe\leftin_0002470.jpg,0,0.00018580043979454786
C:\Users\DELL-04-SMKKRIAN1\Documents\RipenAI\data\processed\test\orange_ripe\leftin_0002471.jpg,0,0.0007364965276792645
C:\Users\DELL-04-SMKKRIAN1\Documents\RipenAI\data\processed\test\orange_ripe\leftin_0002472.jpg,0,0.00010013158316724002
C:\Users\DELL-04-SMKKRIAN1\Documents\RipenAI\data\processed\test\orange_ripe\leftin_0002473.jpg,0,0.00026331061962991953
C:\Users\DELL-04-SMKKRIAN1\Documents\RipenAI\data\processed\test\orange_ripe\leftin_0002474.jpg,0,0.0038112089969217777
C:\Users\DELL-04-SMKKRIAN1\Documents\RipenAI\data\processed\test\orange_ripe\leftin_0002475.jpg,0,0.44413527846336365
C:\Users\DELL-04-SMKKRIAN1\Documents\RipenAI\data\processed\test\orange_ripe\leftin_0002476.jpg,0,1.2758227057929616e-05
C:\Users\DELL-04-SMKKRIAN1\Documents\RipenAI\data\processed\test\orange_ripe\leftin_0002477.jpg,0,0.13148389756679535
C:\Users\DELL-04-SMKKRIAN1\Documents\RipenAI\data\processed\test\orange_ripe\leftin_0002478.jpg,0,0.0017714755376800895
C:\Users\DELL-04-SMKKRIAN1\Documents\RipenAI\data\processed\test\orange_ripe\leftin_0002479.jpg,0,0.0010465352097526193
C:\Users\DELL-04-SMKKRIAN1\Documents\RipenAI\data\processed\test\orange_ripe\leftin_0002484.jpg,0,0.044229939579963684
C:\Users\DELL-04-SMKKRIAN1\Documents\RipenAI\data\processed\test\orange_ripe\leftin_0002486.jpg,0,0.0007441051420755684
C:\Users\DELL-04-SMKKRIAN1\Documents\RipenAI\data\processed\test\orange_ripe\leftin_0002489.jpg,0,0.00036936101969331503
C:\Users\DELL-04-SMKKRIAN1\Documents\RipenAI\data\processed\test\orange_ripe\leftin_0002491.jpg,0,0.11620637774467468
C:\Users\DELL-04-SMKKRIAN1\Documents\RipenAI\data\processed\test\orange_ripe\leftin_0002492.jpg,0,0.009116057306528091
C:\Users\DELL-04-SMKKRIAN1\Documents\RipenAI\data\processed\test\orange_ripe\leftin_0002493.jpg,0,0.0005660444730892777
C:\Users\DELL-04-SMKKRIAN1\Documents\RipenAI\data\processed\test\orange_ripe\leftin_0002495.jpg,0,0.012756598182022572
C:\Users\DELL-04-SMKKRIAN1\Documents\RipenAI\data\processed\test\orange_ripe\leftin_0002496.jpg,0,0.055369649082422256
C:\Users\DELL-04-SMKKRIAN1\Documents\RipenAI\data\processed\test\orange_ripe\leftin_0002497.jpg,0,0.10122476518154144
C:\Users\DELL-04-SMKKRIAN1\Documents\RipenAI\data\processed\test\orange_ripe\leftin_0002499.jpg,0,0.008718366734683514
C:\Users\DELL-04-SMKKRIAN1\Documents\RipenAI\data\processed\test\orange_ripe\leftin_0002500.jpg,0,0.20902183651924133
C:\Users\DELL-04-SMKKRIAN1\Documents\RipenAI\data\processed\test\orange_ripe\leftin_0002501.jpg,0,0.051062073558568954
C:\Users\DELL-04-SMKKRIAN1\Documents\RipenAI\data\processed\test\orange_ripe\leftin_0002502.jpg,0,0.00203720829449594
C:\Users\DELL-04-SMKKRIAN1\Documents\RipenAI\data\processed\test\orange_ripe\leftin_0002503.jpg,0,0.0036836329381912947
C:\Users\DELL-04-SMKKRIAN1\Documents\RipenAI\data\processed\test\orange_ripe\leftin_0002504.jpg,0,1.4762549653823953e-06
C:\Users\DELL-04-SMKKRIAN1\Documents\RipenAI\data\processed\test\orange_ripe\leftin_0002505.jpg,0,0.0007345000631175935
C:\Users\DELL-04-SMKKRIAN1\Documents\RipenAI\data\processed\test\orange_ripe\leftin_0002506.jpg,0,0.0012194867013022304
C:\Users\DELL-04-SMKKRIAN1\Documents\RipenAI\data\processed\test\orange_ripe\leftin_0002508.jpg,0,0.01605154387652874
C:\Users\DELL-04-SMKKRIAN1\Documents\RipenAI\data\processed\test\orange_ripe\leftin_0002509.jpg,0,0.006197751499712467
C:\Users\DELL-04-SMKKRIAN1\Documents\RipenAI\data\processed\test\orange_ripe\leftin_0002510.jpg,0,0.036261651664972305
C:\Users\DELL-04-SMKKRIAN1\Documents\RipenAI\data\processed\test\orange_ripe\leftin_0002511.jpg,0,0.09775860607624054
C:\Users\DELL-04-SMKKRIAN1\Documents\RipenAI\data\processed\test\orange_ripe\leftin_0002512.jpg,0,0.0008612936944700778
C:\Users\DELL-04-SMKKRIAN1\Documents\RipenAI\data\processed\test\orange_ripe\leftin_0002513.jpg,0,1.9009912648471072e-05
C:\Users\DELL-04-SMKKRIAN1\Documents\RipenAI\data\processed\test\orange_ripe\leftin_0002514.jpg,0,0.0022988596465438604
C:\Users\DELL-04-SMKKRIAN1\Documents\RipenAI\data\processed\test\orange_ripe\leftin_0002515.jpg,0,0.0005501709529198706
C:\Users\DELL-04-SMKKRIAN1\Documents\RipenAI\data\processed\test\orange_ripe\leftin_0002516.jpg,0,0.0005382210365496576
C:\Users\DELL-04-SMKKRIAN1\Documents\RipenAI\data\processed\test\orange_ripe\leftin_0002517.jpg,0,0.020706597715616226
C:\Users\DELL-04-SMKKRIAN1\Documents\RipenAI\data\processed\test\orange_ripe\leftin_0002518.jpg,0,0.00959381740540266
C:\Users\DELL-04-SMKKRIAN1\Documents\RipenAI\data\processed\test\orange_ripe\leftin_0002519.jpg,0,0.0002238474990008399
C:\Users\DELL-04-SMKKRIAN1\Documents\RipenAI\data\processed\test\orange_ripe\leftin_0002522.jpg,0,0.00037676861393265426
C:\Users\DELL-04-SMKKRIAN1\Documents\RipenAI\data\processed\test\orange_ripe\leftin_0002523.jpg,0,0.0004975366173312068
C:\Users\DELL-04-SMKKRIAN1\Documents\RipenAI\data\processed\test\orange_ripe\leftin_0002524.jpg,0,0.006403597071766853
C:\Users\DELL-04-SMKKRIAN1\Documents\RipenAI\data\processed\test\orange_ripe\leftin_0002525.jpg,0,0.16000491380691528
C:\Users\DELL-04-SMKKRIAN1\Documents\RipenAI\data\processed\test\orange_ripe\leftin_0002526.jpg,0,0.02510232850909233
C:\Users\DELL-04-SMKKRIAN1\Documents\RipenAI\data\processed\test\orange_ripe\leftin_0002528.jpg,0,0.026047483086586
C:\Users\DELL-04-SMKKRIAN1\Documents\RipenAI\data\processed\test\orange_ripe\leftin_0002529.jpg,0,0.02436118759214878
C:\Users\DELL-04-SMKKRIAN1\Documents\RipenAI\data\processed\test\orange_ripe\leftin_0002530.jpg,0,0.00012158663594163954
C:\Users\DELL-04-SMKKRIAN1\Documents\RipenAI\data\processed\test\orange_ripe\leftin_0002531.jpg,0,0.23305939137935638
C:\Users\DELL-04-SMKKRIAN1\Documents\RipenAI\data\processed\test\orange_ripe\leftin_0002533.jpg,0,0.0006196638569235802
C:\Users\DELL-04-SMKKRIAN1\Documents\RipenAI\data\processed\test\orange_ripe\leftin_0002534.jpg,0,0.0016889804974198341
C:\Users\DELL-04-SMKKRIAN1\Documents\RipenAI\data\processed\test\orange_ripe\leftin_0002535.jpg,0,0.0001138286097557284
C:\Users\DELL-04-SMKKRIAN1\Documents\RipenAI\data\processed\test\orange_ripe\leftin_0002537.jpg,0,0.0029635836835950613
C:\Users\DELL-04-SMKKRIAN1\Documents\RipenAI\data\processed\test\orange_ripe\leftin_0002538.jpg,0,0.04404672980308533
C:\Users\DELL-04-SMKKRIAN1\Documents\RipenAI\data\processed\test\orange_ripe\leftin_0002539.jpg,0,0.000400113029172644
C:\Users\DELL-04-SMKKRIAN1\Documents\RipenAI\data\processed\test\orange_ripe\leftin_0002540.jpg,0,0.0869520753622055
C:\Users\DELL-04-SMKKRIAN1\Documents\RipenAI\data\processed\test\orange_ripe\leftin_0002541.jpg,0,0.0006075137644074857
C:\Users\DELL-04-SMKKRIAN1\Documents\RipenAI\data\processed\test\orange_ripe\leftin_0002542.jpg,0,0.0003139760228805244
C:\Users\DELL-04-SMKKRIAN1\Documents\RipenAI\data\processed\test\orange_ripe\leftin_0002546.jpg,0,0.0003504489141050726
C:\Users\DELL-04-SMKKRIAN1\Documents\RipenAI\data\processed\test\orange_ripe\leftin_0002547.jpg,0,0.03400641679763794
C:\Users\DELL-04-SMKKRIAN1\Documents\RipenAI\data\processed\test\orange_ripe\leftin_0002549.jpg,0,0.0014354684390127659
C:\Users\DELL-04-SMKKRIAN1\Documents\RipenAI\data\processed\test\orange_ripe\leftin_0002550.jpg,0,1.5151682646319387e-06
C:\Users\DELL-04-SMKKRIAN1\Documents\RipenAI\data\processed\test\orange_ripe\leftin_0002554.jpg,0,0.0018396859522908926
C:\Users\DELL-04-SMKKRIAN1\Documents\RipenAI\data\processed\test\orange_ripe\leftin_0002555.jpg,0,0.01601262204349041
C:\Users\DELL-04-SMKKRIAN1\Documents\RipenAI\data\processed\test\orange_ripe\leftin_0002556.jpg,0,0.006952497176826
C:\Users\DELL-04-SMKKRIAN1\Documents\RipenAI\data\processed\test\orange_ripe\leftin_0002557.jpg,0,0.002335591474547982
C:\Users\DELL-04-SMKKRIAN1\Documents\RipenAI\data\processed\test\orange_ripe\leftin_0002558.jpg,0,0.09354245662689209
C:\Users\DELL-04-SMKKRIAN1\Documents\RipenAI\data\processed\test\orange_ripe\leftin_0002560.jpg,0,0.10186295211315155
C:\Users\DELL-04-SMKKRIAN1\Documents\RipenAI\data\processed\test\orange_ripe\leftin_0002561.jpg,0,0.0004993638722226024
C:\Users\DELL-04-SMKKRIAN1\Documents\RipenAI\data\processed\test\orange_rotten\alexcj10-ripenet_0002567.jpg,1,0.9853223562240601
C:\Users\DELL-04-SMKKRIAN1\Documents\RipenAI\data\processed\test\orange_rotten\alexcj10-ripenet_0002568.jpg,1,0.9234588742256165
C:\Users\DELL-04-SMKKRIAN1\Documents\RipenAI\data\processed\test\orange_rotten\alexcj10-ripenet_0002577.jpg,1,0.5070098638534546
C:\Users\DELL-04-SMKKRIAN1\Documents\RipenAI\data\processed\test\orange_rotten\alexcj10-ripenet_0002584.jpg,1,0.9416633248329163
C:\Users\DELL-04-SMKKRIAN1\Documents\RipenAI\data\processed\test\orange_rotten\alexcj10-ripenet_0002585.jpg,1,0.7571763396263123
C:\Users\DELL-04-SMKKRIAN1\Documents\RipenAI\data\processed\test\orange_rotten\alexcj10-ripenet_0002593.jpg,1,0.8909939527511597
C:\Users\DELL-04-SMKKRIAN1\Documents\RipenAI\data\processed\test\orange_rotten\alexcj10-ripenet_0002595.jpg,1,0.6792189478874207
C:\Users\DELL-04-SMKKRIAN1\Documents\RipenAI\data\processed\test\orange_rotten\alexcj10-ripenet_0002599.jpg,1,0.9008868336677551
C:\Users\DELL-04-SMKKRIAN1\Documents\RipenAI\data\processed\test\orange_rotten\alexcj10-ripenet_0002605.jpg,1,0.992016077041626
C:\Users\DELL-04-SMKKRIAN1\Documents\RipenAI\data\processed\test\orange_rotten\alexcj10-ripenet_0002607.jpg,1,0.9425055980682373
C:\Users\DELL-04-SMKKRIAN1\Documents\RipenAI\data\processed\test\orange_rotten\alexcj10-ripenet_0002610.jpg,1,0.12673000991344452
C:\Users\DELL-04-SMKKRIAN1\Documents\RipenAI\data\processed\test\orange_rotten\alexcj10-ripenet_0002613.jpg,1,0.9223760366439819
C:\Users\DELL-04-SMKKRIAN1\Documents\RipenAI\data\processed\test\orange_rotten\alexcj10-ripenet_0002614.jpg,1,0.962372362613678
C:\Users\DELL-04-SMKKRIAN1\Documents\RipenAI\data\processed\test\orange_rotten\alexcj10-ripenet_0002615.jpg,1,0.8914555311203003
C:\Users\DELL-04-SMKKRIAN1\Documents\RipenAI\data\processed\test\orange_rotten\alexcj10-ripenet_0002618.jpg,1,0.8687236905097961
C:\Users\DELL-04-SMKKRIAN1\Documents\RipenAI\data\processed\test\orange_rotten\alexcj10-ripenet_0002621.jpg,1,0.9881646633148193
C:\Users\DELL-04-SMKKRIAN1\Documents\RipenAI\data\processed\test\orange_rotten\alexcj10-ripenet_0002627.jpg,1,0.7001386880874634
C:\Users\DELL-04-SMKKRIAN1\Documents\RipenAI\data\processed\test\orange_rotten\alexcj10-ripenet_0002639.jpg,1,0.4826379716396332
C:\Users\DELL-04-SMKKRIAN1\Documents\RipenAI\data\processed\test\orange_rotten\alexcj10-ripenet_0002643.jpg,1,0.9935621023178101
C:\Users\DELL-04-SMKKRIAN1\Documents\RipenAI\data\processed\test\orange_rotten\alexcj10-ripenet_0002650.jpg,1,0.3323363959789276
C:\Users\DELL-04-SMKKRIAN1\Documents\RipenAI\data\processed\test\orange_rotten\alexcj10-ripenet_0002653.jpg,1,0.5898802280426025
C:\Users\DELL-04-SMKKRIAN1\Documents\RipenAI\data\processed\test\orange_rotten\alexcj10-ripenet_0002658.jpg,1,0.99916672706604
C:\Users\DELL-04-SMKKRIAN1\Documents\RipenAI\data\processed\test\orange_rotten\alexcj10-ripenet_0002687.jpg,1,0.48626163601875305
C:\Users\DELL-04-SMKKRIAN1\Documents\RipenAI\data\processed\test\orange_rotten\alexcj10-ripenet_0002711.jpg,1,0.9988033771514893
C:\Users\DELL-04-SMKKRIAN1\Documents\RipenAI\data\processed\test\orange_rotten\alexcj10-ripenet_0002712.jpg,1,0.8600448369979858
C:\Users\DELL-04-SMKKRIAN1\Documents\RipenAI\data\processed\test\orange_rotten\alexcj10-ripenet_0002715.jpg,1,0.16071176528930664
C:\Users\DELL-04-SMKKRIAN1\Documents\RipenAI\data\processed\test\orange_rotten\alexcj10-ripenet_0002717.jpg,1,0.9754363298416138
C:\Users\DELL-04-SMKKRIAN1\Documents\RipenAI\data\processed\test\orange_rotten\alexcj10-ripenet_0002721.jpg,1,0.4887946844100952
C:\Users\DELL-04-SMKKRIAN1\Documents\RipenAI\data\processed\test\orange_rotten\alexcj10-ripenet_0002724.jpg,1,0.7232069969177246
C:\Users\DELL-04-SMKKRIAN1\Documents\RipenAI\data\processed\test\orange_rotten\alexcj10-ripenet_0002726.jpg,1,0.6073223352432251
C:\Users\DELL-04-SMKKRIAN1\Documents\RipenAI\data\processed\test\orange_rotten\alexcj10-ripenet_0002728.jpg,1,0.8479892611503601
C:\Users\DELL-04-SMKKRIAN1\Documents\RipenAI\data\processed\test\orange_rotten\alexcj10-ripenet_0002740.jpg,1,0.9974343180656433
C:\Users\DELL-04-SMKKRIAN1\Documents\RipenAI\data\processed\test\orange_rotten\alexcj10-ripenet_0002750.jpg,1,0.9797027707099915
C:\Users\DELL-04-SMKKRIAN1\Documents\RipenAI\data\processed\test\orange_rotten\alexcj10-ripenet_0002755.jpg,1,0.3710438311100006
C:\Users\DELL-04-SMKKRIAN1\Documents\RipenAI\data\processed\test\orange_rotten\alexcj10-ripenet_0002756.jpg,1,0.12832532823085785
C:\Users\DELL-04-SMKKRIAN1\Documents\RipenAI\data\processed\test\orange_rotten\alexcj10-ripenet_0002762.jpg,1,0.6519366502761841
C:\Users\DELL-04-SMKKRIAN1\Documents\RipenAI\data\processed\test\orange_rotten\alexcj10-ripenet_0002763.jpg,1,0.14548729360103607
C:\Users\DELL-04-SMKKRIAN1\Documents\RipenAI\data\processed\test\orange_rotten\alexcj10-ripenet_0002764.jpg,1,0.9998748302459717
C:\Users\DELL-04-SMKKRIAN1\Documents\RipenAI\data\processed\test\orange_rotten\alexcj10-ripenet_0002765.jpg,1,0.8156024813652039
C:\Users\DELL-04-SMKKRIAN1\Documents\RipenAI\data\processed\test\orange_rotten\alexcj10-ripenet_0002769.jpg,1,0.9906264543533325
C:\Users\DELL-04-SMKKRIAN1\Documents\RipenAI\data\processed\test\orange_rotten\alexcj10-ripenet_0002772.jpg,1,0.999771773815155
C:\Users\DELL-04-SMKKRIAN1\Documents\RipenAI\data\processed\test\orange_rotten\alexcj10-ripenet_0002775.jpg,1,0.5950552225112915
C:\Users\DELL-04-SMKKRIAN1\Documents\RipenAI\data\processed\test\orange_rotten\alexcj10-ripenet_0002778.jpg,1,0.5068318247795105
C:\Users\DELL-04-SMKKRIAN1\Documents\RipenAI\data\processed\test\orange_rotten\alexcj10-ripenet_0002779.jpg,1,0.9940541386604309
C:\Users\DELL-04-SMKKRIAN1\Documents\RipenAI\data\processed\test\orange_rotten\alexcj10-ripenet_0002785.jpg,1,0.6265793442726135
C:\Users\DELL-04-SMKKRIAN1\Documents\RipenAI\data\processed\test\orange_rotten\alexcj10-ripenet_0002791.jpg,1,0.9340987801551819
C:\Users\DELL-04-SMKKRIAN1\Documents\RipenAI\data\processed\test\orange_rotten\alexcj10-ripenet_0002793.jpg,1,0.9982237219810486
C:\Users\DELL-04-SMKKRIAN1\Documents\RipenAI\data\processed\test\orange_rotten\alexcj10-ripenet_0002795.jpg,1,0.9945539236068726
C:\Users\DELL-04-SMKKRIAN1\Documents\RipenAI\data\processed\test\orange_rotten\alexcj10-ripenet_0002801.jpg,1,0.5217300653457642
C:\Users\DELL-04-SMKKRIAN1\Documents\RipenAI\data\processed\test\orange_rotten\alexcj10-ripenet_0002802.jpg,1,0.8243833780288696
C:\Users\DELL-04-SMKKRIAN1\Documents\RipenAI\data\processed\test\orange_rotten\alexcj10-ripenet_0002806.jpg,1,0.7399266362190247
C:\Users\DELL-04-SMKKRIAN1\Documents\RipenAI\data\processed\test\orange_rotten\alexcj10-ripenet_0002807.jpg,1,0.9069210290908813
C:\Users\DELL-04-SMKKRIAN1\Documents\RipenAI\data\processed\test\orange_rotten\alexcj10-ripenet_0002808.jpg,1,0.8708404302597046
C:\Users\DELL-04-SMKKRIAN1\Documents\RipenAI\data\processed\test\orange_rotten\alexcj10-ripenet_0002812.jpg,1,0.9776626825332642
C:\Users\DELL-04-SMKKRIAN1\Documents\RipenAI\data\processed\test\orange_rotten\leftin_0002563.jpg,1,0.998414158821106
C:\Users\DELL-04-SMKKRIAN1\Documents\RipenAI\data\processed\test\orange_rotten\leftin_0002564.jpg,1,0.9998028874397278
C:\Users\DELL-04-SMKKRIAN1\Documents\RipenAI\data\processed\test\orange_rotten\leftin_0002565.jpg,1,0.9980631470680237
C:\Users\DELL-04-SMKKRIAN1\Documents\RipenAI\data\processed\test\orange_rotten\leftin_0002566.jpg,1,0.9215856194496155
C:\Users\DELL-04-SMKKRIAN1\Documents\RipenAI\data\processed\test\orange_rotten\leftin_0002569.jpg,1,0.9998540878295898
C:\Users\DELL-04-SMKKRIAN1\Documents\RipenAI\data\processed\test\orange_rotten\leftin_0002570.jpg,1,0.9996278285980225
C:\Users\DELL-04-SMKKRIAN1\Documents\RipenAI\data\processed\test\orange_rotten\leftin_0002571.jpg,1,0.9997674822807312
C:\Users\DELL-04-SMKKRIAN1\Documents\RipenAI\data\processed\test\orange_rotten\leftin_0002572.jpg,1,0.9537101984024048
C:\Users\DELL-04-SMKKRIAN1\Documents\RipenAI\data\processed\test\orange_rotten\leftin_0002573.jpg,1,0.9976605176925659
C:\Users\DELL-04-SMKKRIAN1\Documents\RipenAI\data\processed\test\orange_rotten\leftin_0002574.jpg,1,0.9998451471328735
C:\Users\DELL-04-SMKKRIAN1\Documents\RipenAI\data\processed\test\orange_rotten\leftin_0002575.jpg,1,0.9963035583496094
C:\Users\DELL-04-SMKKRIAN1\Documents\RipenAI\data\processed\test\orange_rotten\leftin_0002576.jpg,1,0.9993662238121033
C:\Users\DELL-04-SMKKRIAN1\Documents\RipenAI\data\processed\test\orange_rotten\leftin_0002578.jpg,1,0.9695102572441101
C:\Users\DELL-04-SMKKRIAN1\Documents\RipenAI\data\processed\test\orange_rotten\leftin_0002579.jpg,1,0.9924156665802002
C:\Users\DELL-04-SMKKRIAN1\Documents\RipenAI\data\processed\test\orange_rotten\leftin_0002580.jpg,1,0.9998823404312134
C:\Users\DELL-04-SMKKRIAN1\Documents\RipenAI\data\processed\test\orange_rotten\leftin_0002581.jpg,1,0.9910166263580322
C:\Users\DELL-04-SMKKRIAN1\Documents\RipenAI\data\processed\test\orange_rotten\leftin_0002582.jpg,1,0.9999780654907227
C:\Users\DELL-04-SMKKRIAN1\Documents\RipenAI\data\processed\test\orange_rotten\leftin_0002583.jpg,1,0.9998210072517395
C:\Users\DELL-04-SMKKRIAN1\Documents\RipenAI\data\processed\test\orange_rotten\leftin_0002586.jpg,1,0.989039421081543
C:\Users\DELL-04-SMKKRIAN1\Documents\RipenAI\data\processed\test\orange_rotten\leftin_0002587.jpg,1,0.9858977794647217
C:\Users\DELL-04-SMKKRIAN1\Documents\RipenAI\data\processed\test\orange_rotten\leftin_0002588.jpg,1,0.9927185773849487
C:\Users\DELL-04-SMKKRIAN1\Documents\RipenAI\data\processed\test\orange_rotten\leftin_0002589.jpg,1,0.9999076128005981
C:\Users\DELL-04-SMKKRIAN1\Documents\RipenAI\data\processed\test\orange_rotten\leftin_0002590.jpg,1,0.999871015548706
C:\Users\DELL-04-SMKKRIAN1\Documents\RipenAI\data\processed\test\orange_rotten\leftin_0002591.jpg,1,0.9996609687805176
C:\Users\DELL-04-SMKKRIAN1\Documents\RipenAI\data\processed\test\orange_rotten\leftin_0002592.jpg,1,0.9999345541000366
C:\Users\DELL-04-SMKKRIAN1\Documents\RipenAI\data\processed\test\orange_rotten\leftin_0002594.jpg,1,0.9359466433525085
C:\Users\DELL-04-SMKKRIAN1\Documents\RipenAI\data\processed\test\orange_rotten\leftin_0002596.jpg,1,0.9998593330383301
C:\Users\DELL-04-SMKKRIAN1\Documents\RipenAI\data\processed\test\orange_rotten\leftin_0002597.jpg,1,0.9997228980064392
C:\Users\DELL-04-SMKKRIAN1\Documents\RipenAI\data\processed\test\orange_rotten\leftin_0002598.jpg,1,0.9987649917602539
C:\Users\DELL-04-SMKKRIAN1\Documents\RipenAI\data\processed\test\orange_rotten\leftin_0002600.jpg,1,0.992436945438385
C:\Users\DELL-04-SMKKRIAN1\Documents\RipenAI\data\processed\test\orange_rotten\leftin_0002601.jpg,1,0.9996682405471802
C:\Users\DELL-04-SMKKRIAN1\Documents\RipenAI\data\processed\test\orange_rotten\leftin_0002602.jpg,1,0.9900054335594177
C:\Users\DELL-04-SMKKRIAN1\Documents\RipenAI\data\processed\test\orange_rotten\leftin_0002603.jpg,1,0.9999899864196777
C:\Users\DELL-04-SMKKRIAN1\Documents\RipenAI\data\processed\test\orange_rotten\leftin_0002604.jpg,1,0.9999818801879883
C:\Users\DELL-04-SMKKRIAN1\Documents\RipenAI\data\processed\test\orange_rotten\leftin_0002606.jpg,1,0.9977987408638
C:\Users\DELL-04-SMKKRIAN1\Documents\RipenAI\data\processed\test\orange_rotten\leftin_0002608.jpg,1,0.9757271409034729
C:\Users\DELL-04-SMKKRIAN1\Documents\RipenAI\data\processed\test\orange_rotten\leftin_0002609.jpg,1,0.9743006825447083
C:\Users\DELL-04-SMKKRIAN1\Documents\RipenAI\data\processed\test\orange_rotten\leftin_0002611.jpg,1,0.9895144701004028
C:\Users\DELL-04-SMKKRIAN1\Documents\RipenAI\data\processed\test\orange_rotten\leftin_0002612.jpg,1,0.9999973773956299
C:\Users\DELL-04-SMKKRIAN1\Documents\RipenAI\data\processed\test\orange_rotten\leftin_0002616.jpg,1,0.9779238104820251
C:\Users\DELL-04-SMKKRIAN1\Documents\RipenAI\data\processed\test\orange_rotten\leftin_0002617.jpg,1,0.9861257672309875
C:\Users\DELL-04-SMKKRIAN1\Documents\RipenAI\data\processed\test\orange_rotten\leftin_0002619.jpg,1,0.9109879732131958
C:\Users\DELL-04-SMKKRIAN1\Documents\RipenAI\data\processed\test\orange_rotten\leftin_0002620.jpg,1,0.9997208714485168
C:\Users\DELL-04-SMKKRIAN1\Documents\RipenAI\data\processed\test\orange_rotten\leftin_0002622.jpg,1,0.9896824955940247
C:\Users\DELL-04-SMKKRIAN1\Documents\RipenAI\data\processed\test\orange_rotten\leftin_0002623.jpg,1,0.9747633934020996
C:\Users\DELL-04-SMKKRIAN1\Documents\RipenAI\data\processed\test\orange_rotten\leftin_0002624.jpg,1,0.9948411583900452
C:\Users\DELL-04-SMKKRIAN1\Documents\RipenAI\data\processed\test\orange_rotten\leftin_0002625.jpg,1,0.9992110729217529
C:\Users\DELL-04-SMKKRIAN1\Documents\RipenAI\data\processed\test\orange_rotten\leftin_0002626.jpg,1,0.9989824891090393
C:\Users\DELL-04-SMKKRIAN1\Documents\RipenAI\data\processed\test\orange_rotten\leftin_0002628.jpg,1,0.9999425411224365
C:\Users\DELL-04-SMKKRIAN1\Documents\RipenAI\data\processed\test\orange_rotten\leftin_0002629.jpg,1,0.9863911867141724
C:\Users\DELL-04-SMKKRIAN1\Documents\RipenAI\data\processed\test\orange_rotten\leftin_0002630.jpg,1,0.9805495142936707
C:\Users\DELL-04-SMKKRIAN1\Documents\RipenAI\data\processed\test\orange_rotten\leftin_0002631.jpg,1,0.9622201323509216
C:\Users\DELL-04-SMKKRIAN1\Documents\RipenAI\data\processed\test\orange_rotten\leftin_0002632.jpg,1,0.9305965900421143
C:\Users\DELL-04-SMKKRIAN1\Documents\RipenAI\data\processed\test\orange_rotten\leftin_0002633.jpg,1,0.9998624324798584
C:\Users\DELL-04-SMKKRIAN1\Documents\RipenAI\data\processed\test\orange_rotten\leftin_0002634.jpg,1,0.99991774559021
C:\Users\DELL-04-SMKKRIAN1\Documents\RipenAI\data\processed\test\orange_rotten\leftin_0002635.jpg,1,0.9988535642623901
C:\Users\DELL-04-SMKKRIAN1\Documents\RipenAI\data\processed\test\orange_rotten\leftin_0002636.jpg,1,0.9250513315200806
C:\Users\DELL-04-SMKKRIAN1\Documents\RipenAI\data\processed\test\orange_rotten\leftin_0002637.jpg,1,0.9999136924743652
C:\Users\DELL-04-SMKKRIAN1\Documents\RipenAI\data\processed\test\orange_rotten\leftin_0002638.jpg,1,0.9999867677688599
C:\Users\DELL-04-SMKKRIAN1\Documents\RipenAI\data\processed\test\orange_rotten\leftin_0002640.jpg,1,0.9999933242797852
C:\Users\DELL-04-SMKKRIAN1\Documents\RipenAI\data\processed\test\orange_rotten\leftin_0002641.jpg,1,0.9999010562896729
C:\Users\DELL-04-SMKKRIAN1\Documents\RipenAI\data\processed\test\orange_rotten\leftin_0002642.jpg,1,0.9848013520240784
C:\Users\DELL-04-SMKKRIAN1\Documents\RipenAI\data\processed\test\orange_rotten\leftin_0002644.jpg,1,0.9956134557723999
C:\Users\DELL-04-SMKKRIAN1\Documents\RipenAI\data\processed\test\orange_rotten\leftin_0002645.jpg,1,0.9928632378578186
C:\Users\DELL-04-SMKKRIAN1\Documents\RipenAI\data\processed\test\orange_rotten\leftin_0002646.jpg,1,0.9999221563339233
C:\Users\DELL-04-SMKKRIAN1\Documents\RipenAI\data\processed\test\orange_rotten\leftin_0002647.jpg,1,0.9891155362129211
C:\Users\DELL-04-SMKKRIAN1\Documents\RipenAI\data\processed\test\orange_rotten\leftin_0002648.jpg,1,0.99998939037323
C:\Users\DELL-04-SMKKRIAN1\Documents\RipenAI\data\processed\test\orange_rotten\leftin_0002649.jpg,1,0.9977484345436096
C:\Users\DELL-04-SMKKRIAN1\Documents\RipenAI\data\processed\test\orange_rotten\leftin_0002651.jpg,1,0.9890506267547607
C:\Users\DELL-04-SMKKRIAN1\Documents\RipenAI\data\processed\test\orange_rotten\leftin_0002652.jpg,1,0.8157467246055603
C:\Users\DELL-04-SMKKRIAN1\Documents\RipenAI\data\processed\test\orange_rotten\leftin_0002654.jpg,1,0.9999762773513794
C:\Users\DELL-04-SMKKRIAN1\Documents\RipenAI\data\processed\test\orange_rotten\leftin_0002655.jpg,1,0.9991652965545654
C:\Users\DELL-04-SMKKRIAN1\Documents\RipenAI\data\processed\test\orange_rotten\leftin_0002656.jpg,1,0.9994316697120667
C:\Users\DELL-04-SMKKRIAN1\Documents\RipenAI\data\processed\test\orange_rotten\leftin_0002657.jpg,1,0.9998977184295654
C:\Users\DELL-04-SMKKRIAN1\Documents\RipenAI\data\processed\test\orange_rotten\leftin_0002659.jpg,1,0.9995883107185364
C:\Users\DELL-04-SMKKRIAN1\Documents\RipenAI\data\processed\test\orange_rotten\leftin_0002660.jpg,1,0.9998594522476196
C:\Users\DELL-04-SMKKRIAN1\Documents\RipenAI\data\processed\test\orange_rotten\leftin_0002661.jpg,1,0.9997952580451965
C:\Users\DELL-04-SMKKRIAN1\Documents\RipenAI\data\processed\test\orange_rotten\leftin_0002662.jpg,1,0.9998891353607178
C:\Users\DELL-04-SMKKRIAN1\Documents\RipenAI\data\processed\test\orange_rotten\leftin_0002663.jpg,1,0.9993676543235779
C:\Users\DELL-04-SMKKRIAN1\Documents\RipenAI\data\processed\test\orange_rotten\leftin_0002664.jpg,1,0.9965131878852844
C:\Users\DELL-04-SMKKRIAN1\Documents\RipenAI\data\processed\test\orange_rotten\leftin_0002665.jpg,1,0.9611518979072571
C:\Users\DELL-04-SMKKRIAN1\Documents\RipenAI\data\processed\test\orange_rotten\leftin_0002666.jpg,1,0.9998989105224609
C:\Users\DELL-04-SMKKRIAN1\Documents\RipenAI\data\processed\test\orange_rotten\leftin_0002667.jpg,1,0.9912757873535156
C:\Users\DELL-04-SMKKRIAN1\Documents\RipenAI\data\processed\test\orange_rotten\leftin_0002668.jpg,1,0.999988317489624
C:\Users\DELL-04-SMKKRIAN1\Documents\RipenAI\data\processed\test\orange_rotten\leftin_0002669.jpg,1,0.9997965693473816
C:\Users\DELL-04-SMKKRIAN1\Documents\RipenAI\data\processed\test\orange_rotten\leftin_0002670.jpg,1,0.9999933242797852
C:\Users\DELL-04-SMKKRIAN1\Documents\RipenAI\data\processed\test\orange_rotten\leftin_0002671.jpg,1,0.9927126169204712
C:\Users\DELL-04-SMKKRIAN1\Documents\RipenAI\data\processed\test\orange_rotten\leftin_0002672.jpg,1,0.9999222755432129
C:\Users\DELL-04-SMKKRIAN1\Documents\RipenAI\data\processed\test\orange_rotten\leftin_0002673.jpg,1,0.9998212456703186
C:\Users\DELL-04-SMKKRIAN1\Documents\RipenAI\data\processed\test\orange_rotten\leftin_0002674.jpg,1,0.9983112812042236
C:\Users\DELL-04-SMKKRIAN1\Documents\RipenAI\data\processed\test\orange_rotten\leftin_0002675.jpg,1,0.9974589943885803
C:\Users\DELL-04-SMKKRIAN1\Documents\RipenAI\data\processed\test\orange_rotten\leftin_0002676.jpg,1,0.9994170665740967
C:\Users\DELL-04-SMKKRIAN1\Documents\RipenAI\data\processed\test\orange_rotten\leftin_0002677.jpg,1,0.9995214939117432
C:\Users\DELL-04-SMKKRIAN1\Documents\RipenAI\data\processed\test\orange_rotten\leftin_0002678.jpg,1,0.9990226030349731
C:\Users\DELL-04-SMKKRIAN1\Documents\RipenAI\data\processed\test\orange_rotten\leftin_0002679.jpg,1,0.9965192079544067
C:\Users\DELL-04-SMKKRIAN1\Documents\RipenAI\data\processed\test\orange_rotten\leftin_0002680.jpg,1,0.9994871616363525
C:\Users\DELL-04-SMKKRIAN1\Documents\RipenAI\data\processed\test\orange_rotten\leftin_0002681.jpg,1,0.9978971481323242
C:\Users\DELL-04-SMKKRIAN1\Documents\RipenAI\data\processed\test\orange_rotten\leftin_0002682.jpg,1,0.9999597072601318
C:\Users\DELL-04-SMKKRIAN1\Documents\RipenAI\data\processed\test\orange_rotten\leftin_0002683.jpg,1,0.9999698400497437
C:\Users\DELL-04-SMKKRIAN1\Documents\RipenAI\data\processed\test\orange_rotten\leftin_0002684.jpg,1,0.9999884366989136
C:\Users\DELL-04-SMKKRIAN1\Documents\RipenAI\data\processed\test\orange_rotten\leftin_0002685.jpg,1,0.997772753238678
C:\Users\DELL-04-SMKKRIAN1\Documents\RipenAI\data\processed\test\orange_rotten\leftin_0002686.jpg,1,0.9972564578056335
C:\Users\DELL-04-SMKKRIAN1\Documents\RipenAI\data\processed\test\orange_rotten\leftin_0002688.jpg,1,0.9989997744560242
C:\Users\DELL-04-SMKKRIAN1\Documents\RipenAI\data\processed\test\orange_rotten\leftin_0002689.jpg,1,0.9999209642410278
C:\Users\DELL-04-SMKKRIAN1\Documents\RipenAI\data\processed\test\orange_rotten\leftin_0002690.jpg,1,0.9946222305297852
C:\Users\DELL-04-SMKKRIAN1\Documents\RipenAI\data\processed\test\orange_rotten\leftin_0002691.jpg,1,0.9979814291000366
C:\Users\DELL-04-SMKKRIAN1\Documents\RipenAI\data\processed\test\orange_rotten\leftin_0002692.jpg,1,0.999914288520813
C:\Users\DELL-04-SMKKRIAN1\Documents\RipenAI\data\processed\test\orange_rotten\leftin_0002693.jpg,1,0.9968889355659485
C:\Users\DELL-04-SMKKRIAN1\Documents\RipenAI\data\processed\test\orange_rotten\leftin_0002694.jpg,1,0.9995362758636475
C:\Users\DELL-04-SMKKRIAN1\Documents\RipenAI\data\processed\test\orange_rotten\leftin_0002695.jpg,1,0.9999735355377197
C:\Users\DELL-04-SMKKRIAN1\Documents\RipenAI\data\processed\test\orange_rotten\leftin_0002696.jpg,1,0.999984622001648
C:\Users\DELL-04-SMKKRIAN1\Documents\RipenAI\data\processed\test\orange_rotten\leftin_0002697.jpg,1,0.9996957778930664
C:\Users\DELL-04-SMKKRIAN1\Documents\RipenAI\data\processed\test\orange_rotten\leftin_0002698.jpg,1,0.9999992847442627
C:\Users\DELL-04-SMKKRIAN1\Documents\RipenAI\data\processed\test\orange_rotten\leftin_0002699.jpg,1,0.9946051239967346
C:\Users\DELL-04-SMKKRIAN1\Documents\RipenAI\data\processed\test\orange_rotten\leftin_0002700.jpg,1,0.9999237060546875
C:\Users\DELL-04-SMKKRIAN1\Documents\RipenAI\data\processed\test\orange_rotten\leftin_0002701.jpg,1,0.9998462200164795
C:\Users\DELL-04-SMKKRIAN1\Documents\RipenAI\data\processed\test\orange_rotten\leftin_0002702.jpg,1,0.9771798253059387
C:\Users\DELL-04-SMKKRIAN1\Documents\RipenAI\data\processed\test\orange_rotten\leftin_0002703.jpg,1,0.9986066222190857
C:\Users\DELL-04-SMKKRIAN1\Documents\RipenAI\data\processed\test\orange_rotten\leftin_0002704.jpg,1,0.9998354911804199
C:\Users\DELL-04-SMKKRIAN1\Documents\RipenAI\data\processed\test\orange_rotten\leftin_0002705.jpg,1,0.9930416345596313
C:\Users\DELL-04-SMKKRIAN1\Documents\RipenAI\data\processed\test\orange_rotten\leftin_0002706.jpg,1,0.9980844259262085
C:\Users\DELL-04-SMKKRIAN1\Documents\RipenAI\data\processed\test\orange_rotten\leftin_0002707.jpg,1,0.999876856803894
C:\Users\DELL-04-SMKKRIAN1\Documents\RipenAI\data\processed\test\orange_rotten\leftin_0002708.jpg,1,0.9394341707229614
C:\Users\DELL-04-SMKKRIAN1\Documents\RipenAI\data\processed\test\orange_rotten\leftin_0002709.jpg,1,0.9999758005142212
C:\Users\DELL-04-SMKKRIAN1\Documents\RipenAI\data\processed\test\orange_rotten\leftin_0002710.jpg,1,0.999972939491272
C:\Users\DELL-04-SMKKRIAN1\Documents\RipenAI\data\processed\test\orange_rotten\leftin_0002713.jpg,1,0.9842182397842407
C:\Users\DELL-04-SMKKRIAN1\Documents\RipenAI\data\processed\test\orange_rotten\leftin_0002714.jpg,1,0.9972782731056213
C:\Users\DELL-04-SMKKRIAN1\Documents\RipenAI\data\processed\test\orange_rotten\leftin_0002716.jpg,1,0.9998503923416138
C:\Users\DELL-04-SMKKRIAN1\Documents\RipenAI\data\processed\test\orange_rotten\leftin_0002718.jpg,1,0.9997932314872742
C:\Users\DELL-04-SMKKRIAN1\Documents\RipenAI\data\processed\test\orange_rotten\leftin_0002719.jpg,1,0.9999964237213135
C:\Users\DELL-04-SMKKRIAN1\Documents\RipenAI\data\processed\test\orange_rotten\leftin_0002720.jpg,1,0.999765932559967
C:\Users\DELL-04-SMKKRIAN1\Documents\RipenAI\data\processed\test\orange_rotten\leftin_0002722.jpg,1,0.9507911801338196
C:\Users\DELL-04-SMKKRIAN1\Documents\RipenAI\data\processed\test\orange_rotten\leftin_0002723.jpg,1,0.9951399564743042
C:\Users\DELL-04-SMKKRIAN1\Documents\RipenAI\data\processed\test\orange_rotten\leftin_0002725.jpg,1,0.9999910593032837
C:\Users\DELL-04-SMKKRIAN1\Documents\RipenAI\data\processed\test\orange_rotten\leftin_0002727.jpg,1,0.9999219179153442
C:\Users\DELL-04-SMKKRIAN1\Documents\RipenAI\data\processed\test\orange_rotten\leftin_0002729.jpg,1,0.9999450445175171
C:\Users\DELL-04-SMKKRIAN1\Documents\RipenAI\data\processed\test\orange_rotten\leftin_0002730.jpg,1,0.9992890357971191
C:\Users\DELL-04-SMKKRIAN1\Documents\RipenAI\data\processed\test\orange_rotten\leftin_0002731.jpg,1,0.9999496936798096
C:\Users\DELL-04-SMKKRIAN1\Documents\RipenAI\data\processed\test\orange_rotten\leftin_0002732.jpg,1,0.9988682270050049
C:\Users\DELL-04-SMKKRIAN1\Documents\RipenAI\data\processed\test\orange_rotten\leftin_0002733.jpg,1,0.9903006553649902
C:\Users\DELL-04-SMKKRIAN1\Documents\RipenAI\data\processed\test\orange_rotten\leftin_0002734.jpg,1,0.8530948758125305
C:\Users\DELL-04-SMKKRIAN1\Documents\RipenAI\data\processed\test\orange_rotten\leftin_0002735.jpg,1,0.996397852897644
C:\Users\DELL-04-SMKKRIAN1\Documents\RipenAI\data\processed\test\orange_rotten\leftin_0002736.jpg,1,0.999626636505127
C:\Users\DELL-04-SMKKRIAN1\Documents\RipenAI\data\processed\test\orange_rotten\leftin_0002737.jpg,1,0.9999934434890747
C:\Users\DELL-04-SMKKRIAN1\Documents\RipenAI\data\processed\test\orange_rotten\leftin_0002738.jpg,1,0.9998682737350464
C:\Users\DELL-04-SMKKRIAN1\Documents\RipenAI\data\processed\test\orange_rotten\leftin_0002739.jpg,1,0.9039356708526611
C:\Users\DELL-04-SMKKRIAN1\Documents\RipenAI\data\processed\test\orange_rotten\leftin_0002741.jpg,1,0.9995785355567932
C:\Users\DELL-04-SMKKRIAN1\Documents\RipenAI\data\processed\test\orange_rotten\leftin_0002742.jpg,1,0.9966171383857727
C:\Users\DELL-04-SMKKRIAN1\Documents\RipenAI\data\processed\test\orange_rotten\leftin_0002743.jpg,1,0.9989069700241089
C:\Users\DELL-04-SMKKRIAN1\Documents\RipenAI\data\processed\test\orange_rotten\leftin_0002744.jpg,1,0.9982849955558777
C:\Users\DELL-04-SMKKRIAN1\Documents\RipenAI\data\processed\test\orange_rotten\leftin_0002745.jpg,1,0.9995618462562561
C:\Users\DELL-04-SMKKRIAN1\Documents\RipenAI\data\processed\test\orange_rotten\leftin_0002746.jpg,1,0.9999910593032837
C:\Users\DELL-04-SMKKRIAN1\Documents\RipenAI\data\processed\test\orange_rotten\leftin_0002747.jpg,1,0.9987756609916687
C:\Users\DELL-04-SMKKRIAN1\Documents\RipenAI\data\processed\test\orange_rotten\leftin_0002748.jpg,1,0.9785891175270081
C:\Users\DELL-04-SMKKRIAN1\Documents\RipenAI\data\processed\test\orange_rotten\leftin_0002749.jpg,1,0.9999529123306274
C:\Users\DELL-04-SMKKRIAN1\Documents\RipenAI\data\processed\test\orange_rotten\leftin_0002751.jpg,1,0.9997996687889099
C:\Users\DELL-04-SMKKRIAN1\Documents\RipenAI\data\processed\test\orange_rotten\leftin_0002752.jpg,1,0.999962568283081
C:\Users\DELL-04-SMKKRIAN1\Documents\RipenAI\data\processed\test\orange_rotten\leftin_0002753.jpg,1,0.9909909963607788
C:\Users\DELL-04-SMKKRIAN1\Documents\RipenAI\data\processed\test\orange_rotten\leftin_0002754.jpg,1,0.9989156723022461
C:\Users\DELL-04-SMKKRIAN1\Documents\RipenAI\data\processed\test\orange_rotten\leftin_0002757.jpg,1,0.9991297125816345
C:\Users\DELL-04-SMKKRIAN1\Documents\RipenAI\data\processed\test\orange_rotten\leftin_0002758.jpg,1,0.9972307085990906
C:\Users\DELL-04-SMKKRIAN1\Documents\RipenAI\data\processed\test\orange_rotten\leftin_0002759.jpg,1,0.8794243335723877
C:\Users\DELL-04-SMKKRIAN1\Documents\RipenAI\data\processed\test\orange_rotten\leftin_0002760.jpg,1,0.9986652135848999
C:\Users\DELL-04-SMKKRIAN1\Documents\RipenAI\data\processed\test\orange_rotten\leftin_0002761.jpg,1,0.9999481439590454
C:\Users\DELL-04-SMKKRIAN1\Documents\RipenAI\data\processed\test\orange_rotten\leftin_0002766.jpg,1,0.9998360872268677
C:\Users\DELL-04-SMKKRIAN1\Documents\RipenAI\data\processed\test\orange_rotten\leftin_0002767.jpg,1,0.9909628033638
C:\Users\DELL-04-SMKKRIAN1\Documents\RipenAI\data\processed\test\orange_rotten\leftin_0002768.jpg,1,0.9998250603675842
C:\Users\DELL-04-SMKKRIAN1\Documents\RipenAI\data\processed\test\orange_rotten\leftin_0002770.jpg,1,0.9999485015869141
C:\Users\DELL-04-SMKKRIAN1\Documents\RipenAI\data\processed\test\orange_rotten\leftin_0002771.jpg,1,0.9999655485153198
C:\Users\DELL-04-SMKKRIAN1\Documents\RipenAI\data\processed\test\orange_rotten\leftin_0002773.jpg,1,0.9999322891235352
C:\Users\DELL-04-SMKKRIAN1\Documents\RipenAI\data\processed\test\orange_rotten\leftin_0002774.jpg,1,0.9999594688415527
C:\Users\DELL-04-SMKKRIAN1\Documents\RipenAI\data\processed\test\orange_rotten\leftin_0002776.jpg,1,0.9998528957366943
C:\Users\DELL-04-SMKKRIAN1\Documents\RipenAI\data\processed\test\orange_rotten\leftin_0002777.jpg,1,0.9999268054962158
C:\Users\DELL-04-SMKKRIAN1\Documents\RipenAI\data\processed\test\orange_rotten\leftin_0002780.jpg,1,0.9933143258094788
C:\Users\DELL-04-SMKKRIAN1\Documents\RipenAI\data\processed\test\orange_rotten\leftin_0002781.jpg,1,0.9985890984535217
C:\Users\DELL-04-SMKKRIAN1\Documents\RipenAI\data\processed\test\orange_rotten\leftin_0002782.jpg,1,0.9962367415428162
C:\Users\DELL-04-SMKKRIAN1\Documents\RipenAI\data\processed\test\orange_rotten\leftin_0002783.jpg,1,0.9733264446258545
C:\Users\DELL-04-SMKKRIAN1\Documents\RipenAI\data\processed\test\orange_rotten\leftin_0002784.jpg,1,0.9997974038124084
C:\Users\DELL-04-SMKKRIAN1\Documents\RipenAI\data\processed\test\orange_rotten\leftin_0002786.jpg,1,0.9846590757369995
C:\Users\DELL-04-SMKKRIAN1\Documents\RipenAI\data\processed\test\orange_rotten\leftin_0002787.jpg,1,0.9999974966049194
C:\Users\DELL-04-SMKKRIAN1\Documents\RipenAI\data\processed\test\orange_rotten\leftin_0002788.jpg,1,0.9999537467956543
C:\Users\DELL-04-SMKKRIAN1\Documents\RipenAI\data\processed\test\orange_rotten\leftin_0002789.jpg,1,0.971894383430481
C:\Users\DELL-04-SMKKRIAN1\Documents\RipenAI\data\processed\test\orange_rotten\leftin_0002790.jpg,1,0.9996598958969116
C:\Users\DELL-04-SMKKRIAN1\Documents\RipenAI\data\processed\test\orange_rotten\leftin_0002792.jpg,1,0.9853538274765015
C:\Users\DELL-04-SMKKRIAN1\Documents\RipenAI\data\processed\test\orange_rotten\leftin_0002794.jpg,1,0.9999606609344482
C:\Users\DELL-04-SMKKRIAN1\Documents\RipenAI\data\processed\test\orange_rotten\leftin_0002796.jpg,1,0.9999996423721313
C:\Users\DELL-04-SMKKRIAN1\Documents\RipenAI\data\processed\test\orange_rotten\leftin_0002797.jpg,1,0.9999991655349731
C:\Users\DELL-04-SMKKRIAN1\Documents\RipenAI\data\processed\test\orange_rotten\leftin_0002798.jpg,1,0.9997194409370422
C:\Users\DELL-04-SMKKRIAN1\Documents\RipenAI\data\processed\test\orange_rotten\leftin_0002799.jpg,1,0.9999722242355347
C:\Users\DELL-04-SMKKRIAN1\Documents\RipenAI\data\processed\test\orange_rotten\leftin_0002800.jpg,1,0.9988607168197632
C:\Users\DELL-04-SMKKRIAN1\Documents\RipenAI\data\processed\test\orange_rotten\leftin_0002803.jpg,1,0.9997848868370056
C:\Users\DELL-04-SMKKRIAN1\Documents\RipenAI\data\processed\test\orange_rotten\leftin_0002804.jpg,1,0.9997010231018066
C:\Users\DELL-04-SMKKRIAN1\Documents\RipenAI\data\processed\test\orange_rotten\leftin_0002805.jpg,1,0.8227709531784058
C:\Users\DELL-04-SMKKRIAN1\Documents\RipenAI\data\processed\test\orange_rotten\leftin_0002809.jpg,1,0.9930591583251953
C:\Users\DELL-04-SMKKRIAN1\Documents\RipenAI\data\processed\test\orange_rotten\leftin_0002810.jpg,1,0.9937735199928284
C:\Users\DELL-04-SMKKRIAN1\Documents\RipenAI\data\processed\test\orange_rotten\leftin_0002811.jpg,1,0.9998830556869507
C:\Users\DELL-04-SMKKRIAN1\Documents\RipenAI\data\processed\test\orange_unripe\alexcj10-ripenet_0002815.jpg,0,0.22671082615852356
C:\Users\DELL-04-SMKKRIAN1\Documents\RipenAI\data\processed\test\orange_unripe\alexcj10-ripenet_0002821.jpg,0,0.0038548982702195644
C:\Users\DELL-04-SMKKRIAN1\Documents\RipenAI\data\processed\test\orange_unripe\alexcj10-ripenet_0002829.jpg,0,0.7186810374259949
C:\Users\DELL-04-SMKKRIAN1\Documents\RipenAI\data\processed\test\orange_unripe\alexcj10-ripenet_0002832.jpg,0,0.004265536088496447
C:\Users\DELL-04-SMKKRIAN1\Documents\RipenAI\data\processed\test\orange_unripe\alexcj10-ripenet_0002833.jpg,0,0.0022415039129555225
C:\Users\DELL-04-SMKKRIAN1\Documents\RipenAI\data\processed\test\orange_unripe\alexcj10-ripenet_0002839.jpg,0,0.00476817786693573
C:\Users\DELL-04-SMKKRIAN1\Documents\RipenAI\data\processed\test\orange_unripe\alexcj10-ripenet_0002848.jpg,0,0.18965624272823334
C:\Users\DELL-04-SMKKRIAN1\Documents\RipenAI\data\processed\test\orange_unripe\alexcj10-ripenet_0002855.jpg,0,0.0013676625676453114
C:\Users\DELL-04-SMKKRIAN1\Documents\RipenAI\data\processed\test\orange_unripe\alexcj10-ripenet_0002856.jpg,0,0.0013950630091130733
C:\Users\DELL-04-SMKKRIAN1\Documents\RipenAI\data\processed\test\orange_unripe\alexcj10-ripenet_0002858.jpg,0,0.11244367808103561
C:\Users\DELL-04-SMKKRIAN1\Documents\RipenAI\data\processed\test\orange_unripe\alexcj10-ripenet_0002861.jpg,0,0.06614703685045242
C:\Users\DELL-04-SMKKRIAN1\Documents\RipenAI\data\processed\test\orange_unripe\alexcj10-ripenet_0002863.jpg,0,0.002603857545182109
C:\Users\DELL-04-SMKKRIAN1\Documents\RipenAI\data\processed\test\orange_unripe\alexcj10-ripenet_0002865.jpg,0,0.008576207794249058
C:\Users\DELL-04-SMKKRIAN1\Documents\RipenAI\data\processed\test\orange_unripe\alexcj10-ripenet_0002879.jpg,0,0.06754641979932785
C:\Users\DELL-04-SMKKRIAN1\Documents\RipenAI\data\processed\test\orange_unripe\alexcj10-ripenet_0002887.jpg,0,0.06623759120702744
C:\Users\DELL-04-SMKKRIAN1\Documents\RipenAI\data\processed\test\orange_unripe\alexcj10-ripenet_0002891.jpg,0,0.0056533534079790115
C:\Users\DELL-04-SMKKRIAN1\Documents\RipenAI\data\processed\test\orange_unripe\alexcj10-ripenet_0002892.jpg,0,0.009908050298690796
C:\Users\DELL-04-SMKKRIAN1\Documents\RipenAI\data\processed\test\orange_unripe\alexcj10-ripenet_0002896.jpg,0,0.001531605375930667
C:\Users\DELL-04-SMKKRIAN1\Documents\RipenAI\data\processed\test\orange_unripe\alexcj10-ripenet_0002898.jpg,0,0.00029667382477782667
C:\Users\DELL-04-SMKKRIAN1\Documents\RipenAI\data\processed\test\orange_unripe\alexcj10-ripenet_0002908.jpg,0,0.16186845302581787
C:\Users\DELL-04-SMKKRIAN1\Documents\RipenAI\data\processed\test\orange_unripe\alexcj10-ripenet_0002914.jpg,0,0.0006184799713082612
C:\Users\DELL-04-SMKKRIAN1\Documents\RipenAI\data\processed\test\orange_unripe\alexcj10-ripenet_0002918.jpg,0,0.03640592843294144
C:\Users\DELL-04-SMKKRIAN1\Documents\RipenAI\data\processed\test\orange_unripe\alexcj10-ripenet_0002922.jpg,0,0.06631741672754288
C:\Users\DELL-04-SMKKRIAN1\Documents\RipenAI\data\processed\test\orange_unripe\alexcj10-ripenet_0002924.jpg,0,0.0007822627667337656
C:\Users\DELL-04-SMKKRIAN1\Documents\RipenAI\data\processed\test\orange_unripe\alexcj10-ripenet_0002925.jpg,0,0.055104371160268784
C:\Users\DELL-04-SMKKRIAN1\Documents\RipenAI\data\processed\test\orange_unripe\alexcj10-ripenet_0002932.jpg,0,0.005861443933099508
C:\Users\DELL-04-SMKKRIAN1\Documents\RipenAI\data\processed\test\orange_unripe\alexcj10-ripenet_0002947.jpg,0,0.0010798630537465215
C:\Users\DELL-04-SMKKRIAN1\Documents\RipenAI\data\processed\test\orange_unripe\alexcj10-ripenet_0002955.jpg,0,0.6428069472312927
C:\Users\DELL-04-SMKKRIAN1\Documents\RipenAI\data\processed\test\orange_unripe\alexcj10-ripenet_0002957.jpg,0,0.0006179364281706512
C:\Users\DELL-04-SMKKRIAN1\Documents\RipenAI\data\processed\test\orange_unripe\alexcj10-ripenet_0002958.jpg,0,0.0216260626912117
C:\Users\DELL-04-SMKKRIAN1\Documents\RipenAI\data\processed\test\orange_unripe\alexcj10-ripenet_0002960.jpg,0,0.0025686875451356173
C:\Users\DELL-04-SMKKRIAN1\Documents\RipenAI\data\processed\test\orange_unripe\alexcj10-ripenet_0002961.jpg,0,0.011965100653469563
C:\Users\DELL-04-SMKKRIAN1\Documents\RipenAI\data\processed\test\orange_unripe\alexcj10-ripenet_0002962.jpg,0,0.0008230185485444963
C:\Users\DELL-04-SMKKRIAN1\Documents\RipenAI\data\processed\test\orange_unripe\alexcj10-ripenet_0002971.jpg,0,0.004433175548911095
C:\Users\DELL-04-SMKKRIAN1\Documents\RipenAI\data\processed\test\orange_unripe\alexcj10-ripenet_0002988.jpg,0,0.0012207439867779613
C:\Users\DELL-04-SMKKRIAN1\Documents\RipenAI\data\processed\test\orange_unripe\alexcj10-ripenet_0002993.jpg,0,0.006592316087335348
C:\Users\DELL-04-SMKKRIAN1\Documents\RipenAI\data\processed\test\orange_unripe\alexcj10-ripenet_0002994.jpg,0,0.02241683378815651
C:\Users\DELL-04-SMKKRIAN1\Documents\RipenAI\data\processed\test\orange_unripe\alexcj10-ripenet_0003001.jpg,0,0.0044423253275454044
C:\Users\DELL-04-SMKKRIAN1\Documents\RipenAI\data\processed\test\orange_unripe\alexcj10-ripenet_0003003.jpg,0,3.86267201974988e-05
C:\Users\DELL-04-SMKKRIAN1\Documents\RipenAI\data\processed\test\orange_unripe\alexcj10-ripenet_0003006.jpg,0,0.13124677538871765
C:\Users\DELL-04-SMKKRIAN1\Documents\RipenAI\data\processed\test\orange_unripe\alexcj10-ripenet_0003008.jpg,0,0.006687965709716082
C:\Users\DELL-04-SMKKRIAN1\Documents\RipenAI\data\processed\test\orange_unripe\asadullahprl_0002813.jpg,0,0.000986783066764474
C:\Users\DELL-04-SMKKRIAN1\Documents\RipenAI\data\processed\test\orange_unripe\asadullahprl_0002850.jpg,0,6.040142397978343e-05
C:\Users\DELL-04-SMKKRIAN1\Documents\RipenAI\data\processed\test\orange_unripe\asadullahprl_0002876.jpg,0,0.012088819406926632
C:\Users\DELL-04-SMKKRIAN1\Documents\RipenAI\data\processed\test\orange_unripe\asadullahprl_0002877.jpg,0,5.4100055422168225e-05
C:\Users\DELL-04-SMKKRIAN1\Documents\RipenAI\data\processed\test\orange_unripe\asadullahprl_0002890.jpg,0,1.828614358601044e-06
C:\Users\DELL-04-SMKKRIAN1\Documents\RipenAI\data\processed\test\orange_unripe\asadullahprl_0002902.jpg,0,0.0018052479717880487
C:\Users\DELL-04-SMKKRIAN1\Documents\RipenAI\data\processed\test\orange_unripe\asadullahprl_0002909.jpg,0,0.0025911962147802114
C:\Users\DELL-04-SMKKRIAN1\Documents\RipenAI\data\processed\test\orange_unripe\asadullahprl_0002911.jpg,0,0.003156800288707018
C:\Users\DELL-04-SMKKRIAN1\Documents\RipenAI\data\processed\test\orange_unripe\asadullahprl_0002913.jpg,0,4.665668893721886e-05
C:\Users\DELL-04-SMKKRIAN1\Documents\RipenAI\data\processed\test\orange_unripe\asadullahprl_0002938.jpg,0,6.824228648838471e-07
C:\Users\DELL-04-SMKKRIAN1\Documents\RipenAI\data\processed\test\orange_unripe\asadullahprl_0002943.jpg,0,0.08838790655136108
C:\Users\DELL-04-SMKKRIAN1\Documents\RipenAI\data\processed\test\orange_unripe\asadullahprl_0002944.jpg,0,6.6586435423232615e-06
C:\Users\DELL-04-SMKKRIAN1\Documents\RipenAI\data\processed\test\orange_unripe\asadullahprl_0002956.jpg,0,3.248605480621336e-06
C:\Users\DELL-04-SMKKRIAN1\Documents\RipenAI\data\processed\test\orange_unripe\asadullahprl_0002964.jpg,0,0.0011126748286187649
C:\Users\DELL-04-SMKKRIAN1\Documents\RipenAI\data\processed\test\orange_unripe\asadullahprl_0002968.jpg,0,1.7497484805062413e-05
C:\Users\DELL-04-SMKKRIAN1\Documents\RipenAI\data\processed\test\orange_unripe\asadullahprl_0002978.jpg,0,0.0002033765777014196
C:\Users\DELL-04-SMKKRIAN1\Documents\RipenAI\data\processed\test\orange_unripe\asadullahprl_0002980.jpg,0,5.676407090504654e-05
C:\Users\DELL-04-SMKKRIAN1\Documents\RipenAI\data\processed\test\orange_unripe\asadullahprl_0002996.jpg,0,7.72491875977721e-06
C:\Users\DELL-04-SMKKRIAN1\Documents\RipenAI\data\processed\test\orange_unripe\asadullahprl_0003010.jpg,0,0.003032658016309142
C:\Users\DELL-04-SMKKRIAN1\Documents\RipenAI\data\processed\test\orange_unripe\leftin_0002814.jpg,0,6.846815949757001e-07
C:\Users\DELL-04-SMKKRIAN1\Documents\RipenAI\data\processed\test\orange_unripe\leftin_0002816.jpg,0,2.6825114218809176e-07
C:\Users\DELL-04-SMKKRIAN1\Documents\RipenAI\data\processed\test\orange_unripe\leftin_0002817.jpg,0,0.0010786548955366015
C:\Users\DELL-04-SMKKRIAN1\Documents\RipenAI\data\processed\test\orange_unripe\leftin_0002818.jpg,0,3.891659798682667e-05
C:\Users\DELL-04-SMKKRIAN1\Documents\RipenAI\data\processed\test\orange_unripe\leftin_0002819.jpg,0,7.021661076578312e-06
C:\Users\DELL-04-SMKKRIAN1\Documents\RipenAI\data\processed\test\orange_unripe\leftin_0002820.jpg,0,0.0015329534653574228
C:\Users\DELL-04-SMKKRIAN1\Documents\RipenAI\data\processed\test\orange_unripe\leftin_0002822.jpg,0,0.00016908974794205278
C:\Users\DELL-04-SMKKRIAN1\Documents\RipenAI\data\processed\test\orange_unripe\leftin_0002823.jpg,0,0.00020574357768055052
C:\Users\DELL-04-SMKKRIAN1\Documents\RipenAI\data\processed\test\orange_unripe\leftin_0002824.jpg,0,3.852658119285479e-05
C:\Users\DELL-04-SMKKRIAN1\Documents\RipenAI\data\processed\test\orange_unripe\leftin_0002825.jpg,0,1.1561211294974783e-06
C:\Users\DELL-04-SMKKRIAN1\Documents\RipenAI\data\processed\test\orange_unripe\leftin_0002826.jpg,0,4.3776942959539156e-08
C:\Users\DELL-04-SMKKRIAN1\Documents\RipenAI\data\processed\test\orange_unripe\leftin_0002827.jpg,0,7.094004104146734e-07
C:\Users\DELL-04-SMKKRIAN1\Documents\RipenAI\data\processed\test\orange_unripe\leftin_0002828.jpg,0,2.5831364837358706e-05
C:\Users\DELL-04-SMKKRIAN1\Documents\RipenAI\data\processed\test\orange_unripe\leftin_0002830.jpg,0,0.0011172918602824211
C:\Users\DELL-04-SMKKRIAN1\Documents\RipenAI\data\processed\test\orange_unripe\leftin_0002831.jpg,0,0.009011511690914631
C:\Users\DELL-04-SMKKRIAN1\Documents\RipenAI\data\processed\test\orange_unripe\leftin_0002834.jpg,0,3.635933580881101e-06
C:\Users\DELL-04-SMKKRIAN1\Documents\RipenAI\data\processed\test\orange_unripe\leftin_0002835.jpg,0,0.0004666634777095169
C:\Users\DELL-04-SMKKRIAN1\Documents\RipenAI\data\processed\test\orange_unripe\leftin_0002836.jpg,0,3.7366467040556017e-06
C:\Users\DELL-04-SMKKRIAN1\Documents\RipenAI\data\processed\test\orange_unripe\leftin_0002837.jpg,0,1.264016418645042e-06
C:\Users\DELL-04-SMKKRIAN1\Documents\RipenAI\data\processed\test\orange_unripe\leftin_0002838.jpg,0,2.9490286124200793e-06
C:\Users\DELL-04-SMKKRIAN1\Documents\RipenAI\data\processed\test\orange_unripe\leftin_0002840.jpg,0,1.505647105659591e-06
C:\Users\DELL-04-SMKKRIAN1\Documents\RipenAI\data\processed\test\orange_unripe\leftin_0002841.jpg,0,5.541426071431488e-05
C:\Users\DELL-04-SMKKRIAN1\Documents\RipenAI\data\processed\test\orange_unripe\leftin_0002842.jpg,0,1.0620200328048668e-06
C:\Users\DELL-04-SMKKRIAN1\Documents\RipenAI\data\processed\test\orange_unripe\leftin_0002843.jpg,0,0.00016373269318137318
C:\Users\DELL-04-SMKKRIAN1\Documents\RipenAI\data\processed\test\orange_unripe\leftin_0002844.jpg,0,0.0001851424021879211
C:\Users\DELL-04-SMKKRIAN1\Documents\RipenAI\data\processed\test\orange_unripe\leftin_0002845.jpg,0,5.007342224416789e-06
C:\Users\DELL-04-SMKKRIAN1\Documents\RipenAI\data\processed\test\orange_unripe\leftin_0002846.jpg,0,5.319811316439882e-05
C:\Users\DELL-04-SMKKRIAN1\Documents\RipenAI\data\processed\test\orange_unripe\leftin_0002847.jpg,0,3.7839134165551513e-05
C:\Users\DELL-04-SMKKRIAN1\Documents\RipenAI\data\processed\test\orange_unripe\leftin_0002849.jpg,0,0.00020728891831822693
C:\Users\DELL-04-SMKKRIAN1\Documents\RipenAI\data\processed\test\orange_unripe\leftin_0002851.jpg,0,1.6357476852135733e-05
C:\Users\DELL-04-SMKKRIAN1\Documents\RipenAI\data\processed\test\orange_unripe\leftin_0002852.jpg,0,3.5505897812981857e-06
C:\Users\DELL-04-SMKKRIAN1\Documents\RipenAI\data\processed\test\orange_unripe\leftin_0002853.jpg,0,0.00028637831564992666
C:\Users\DELL-04-SMKKRIAN1\Documents\RipenAI\data\processed\test\orange_unripe\leftin_0002854.jpg,0,9.2274509370327e-05
C:\Users\DELL-04-SMKKRIAN1\Documents\RipenAI\data\processed\test\orange_unripe\leftin_0002857.jpg,0,1.6279784631478833e-06
C:\Users\DELL-04-SMKKRIAN1\Documents\RipenAI\data\processed\test\orange_unripe\leftin_0002859.jpg,0,0.0002547580807004124
C:\Users\DELL-04-SMKKRIAN1\Documents\RipenAI\data\processed\test\orange_unripe\leftin_0002860.jpg,0,3.0277685709734214e-06
C:\Users\DELL-04-SMKKRIAN1\Documents\RipenAI\data\processed\test\orange_unripe\leftin_0002862.jpg,0,0.0018164623761549592
C:\Users\DELL-04-SMKKRIAN1\Documents\RipenAI\data\processed\test\orange_unripe\leftin_0002864.jpg,0,1.0775910595839377e-05
C:\Users\DELL-04-SMKKRIAN1\Documents\RipenAI\data\processed\test\orange_unripe\leftin_0002866.jpg,0,0.0005031873588450253
C:\Users\DELL-04-SMKKRIAN1\Documents\RipenAI\data\processed\test\orange_unripe\leftin_0002867.jpg,0,7.081050716806203e-05
C:\Users\DELL-04-SMKKRIAN1\Documents\RipenAI\data\processed\test\orange_unripe\leftin_0002868.jpg,0,0.0008209156221710145
C:\Users\DELL-04-SMKKRIAN1\Documents\RipenAI\data\processed\test\orange_unripe\leftin_0002869.jpg,0,0.0002791970910038799
C:\Users\DELL-04-SMKKRIAN1\Documents\RipenAI\data\processed\test\orange_unripe\leftin_0002870.jpg,0,0.00030104228062555194
C:\Users\DELL-04-SMKKRIAN1\Documents\RipenAI\data\processed\test\orange_unripe\leftin_0002871.jpg,0,0.0020311467815190554
C:\Users\DELL-04-SMKKRIAN1\Documents\RipenAI\data\processed\test\orange_unripe\leftin_0002872.jpg,0,6.895255211247786e-08
C:\Users\DELL-04-SMKKRIAN1\Documents\RipenAI\data\processed\test\orange_unripe\leftin_0002873.jpg,0,5.849104667277061e-08
C:\Users\DELL-04-SMKKRIAN1\Documents\RipenAI\data\processed\test\orange_unripe\leftin_0002874.jpg,0,2.5058616301976144e-06
C:\Users\DELL-04-SMKKRIAN1\Documents\RipenAI\data\processed\test\orange_unripe\leftin_0002875.jpg,0,0.0005970931379124522
C:\Users\DELL-04-SMKKRIAN1\Documents\RipenAI\data\processed\test\orange_unripe\leftin_0002878.jpg,0,3.118620588793419e-05
C:\Users\DELL-04-SMKKRIAN1\Documents\RipenAI\data\processed\test\orange_unripe\leftin_0002880.jpg,0,1.2374869584164117e-05
C:\Users\DELL-04-SMKKRIAN1\Documents\RipenAI\data\processed\test\orange_unripe\leftin_0002881.jpg,0,0.00018165471556130797
C:\Users\DELL-04-SMKKRIAN1\Documents\RipenAI\data\processed\test\orange_unripe\leftin_0002882.jpg,0,7.031961786196916e-07
C:\Users\DELL-04-SMKKRIAN1\Documents\RipenAI\data\processed\test\orange_unripe\leftin_0002883.jpg,0,0.00011008503497578204
C:\Users\DELL-04-SMKKRIAN1\Documents\RipenAI\data\processed\test\orange_unripe\leftin_0002884.jpg,0,7.905848178779706e-06
C:\Users\DELL-04-SMKKRIAN1\Documents\RipenAI\data\processed\test\orange_unripe\leftin_0002885.jpg,0,3.131345511064865e-05
C:\Users\DELL-04-SMKKRIAN1\Documents\RipenAI\data\processed\test\orange_unripe\leftin_0002886.jpg,0,3.236551719965064e-06
C:\Users\DELL-04-SMKKRIAN1\Documents\RipenAI\data\processed\test\orange_unripe\leftin_0002888.jpg,0,5.619451712846057e-07
C:\Users\DELL-04-SMKKRIAN1\Documents\RipenAI\data\processed\test\orange_unripe\leftin_0002889.jpg,0,8.065911060839426e-06
C:\Users\DELL-04-SMKKRIAN1\Documents\RipenAI\data\processed\test\orange_unripe\leftin_0002893.jpg,0,0.00045287952525541186
C:\Users\DELL-04-SMKKRIAN1\Documents\RipenAI\data\processed\test\orange_unripe\leftin_0002894.jpg,0,3.7538191577368707e-07
C:\Users\DELL-04-SMKKRIAN1\Documents\RipenAI\data\processed\test\orange_unripe\leftin_0002895.jpg,0,8.386564331885893e-06
C:\Users\DELL-04-SMKKRIAN1\Documents\RipenAI\data\processed\test\orange_unripe\leftin_0002897.jpg,0,5.3193038183962926e-05
C:\Users\DELL-04-SMKKRIAN1\Documents\RipenAI\data\processed\test\orange_unripe\leftin_0002899.jpg,0,5.826689530863405e-08
C:\Users\DELL-04-SMKKRIAN1\Documents\RipenAI\data\processed\test\orange_unripe\leftin_0002900.jpg,0,4.248718596500112e-06
C:\Users\DELL-04-SMKKRIAN1\Documents\RipenAI\data\processed\test\orange_unripe\leftin_0002901.jpg,0,2.108015905832872e-06
C:\Users\DELL-04-SMKKRIAN1\Documents\RipenAI\data\processed\test\orange_unripe\leftin_0002903.jpg,0,6.393170679075411e-06
C:\Users\DELL-04-SMKKRIAN1\Documents\RipenAI\data\processed\test\orange_unripe\leftin_0002904.jpg,0,6.59283614368178e-05
C:\Users\DELL-04-SMKKRIAN1\Documents\RipenAI\data\processed\test\orange_unripe\leftin_0002905.jpg,0,8.310953347745453e-08
C:\Users\DELL-04-SMKKRIAN1\Documents\RipenAI\data\processed\test\orange_unripe\leftin_0002906.jpg,0,6.823208968853578e-05
C:\Users\DELL-04-SMKKRIAN1\Documents\RipenAI\data\processed\test\orange_unripe\leftin_0002907.jpg,0,1.578193632667535e-06
C:\Users\DELL-04-SMKKRIAN1\Documents\RipenAI\data\processed\test\orange_unripe\leftin_0002910.jpg,0,7.2576826823933516e-06
C:\Users\DELL-04-SMKKRIAN1\Documents\RipenAI\data\processed\test\orange_unripe\leftin_0002912.jpg,0,1.9768579022638733e-06
C:\Users\DELL-04-SMKKRIAN1\Documents\RipenAI\data\processed\test\orange_unripe\leftin_0002915.jpg,0,0.0003603917430154979
C:\Users\DELL-04-SMKKRIAN1\Documents\RipenAI\data\processed\test\orange_unripe\leftin_0002916.jpg,0,2.9387554604909383e-05
C:\Users\DELL-04-SMKKRIAN1\Documents\RipenAI\data\processed\test\orange_unripe\leftin_0002917.jpg,0,0.0008071605698205531
C:\Users\DELL-04-SMKKRIAN1\Documents\RipenAI\data\processed\test\orange_unripe\leftin_0002919.jpg,0,8.217979484470561e-05
C:\Users\DELL-04-SMKKRIAN1\Documents\RipenAI\data\processed\test\orange_unripe\leftin_0002920.jpg,0,2.3872731617302634e-05
C:\Users\DELL-04-SMKKRIAN1\Documents\RipenAI\data\processed\test\orange_unripe\leftin_0002921.jpg,0,0.0001817019801819697
C:\Users\DELL-04-SMKKRIAN1\Documents\RipenAI\data\processed\test\orange_unripe\leftin_0002923.jpg,0,0.0005337686743587255
C:\Users\DELL-04-SMKKRIAN1\Documents\RipenAI\data\processed\test\orange_unripe\leftin_0002926.jpg,0,0.0014305748045444489
C:\Users\DELL-04-SMKKRIAN1\Documents\RipenAI\data\processed\test\orange_unripe\leftin_0002927.jpg,0,2.38907705352176e-06
C:\Users\DELL-04-SMKKRIAN1\Documents\RipenAI\data\processed\test\orange_unripe\leftin_0002928.jpg,0,2.007256989600137e-05
C:\Users\DELL-04-SMKKRIAN1\Documents\RipenAI\data\processed\test\orange_unripe\leftin_0002929.jpg,0,7.68525424064137e-05
C:\Users\DELL-04-SMKKRIAN1\Documents\RipenAI\data\processed\test\orange_unripe\leftin_0002930.jpg,0,1.44489732178954e-07
C:\Users\DELL-04-SMKKRIAN1\Documents\RipenAI\data\processed\test\orange_unripe\leftin_0002931.jpg,0,6.115467243716921e-08
C:\Users\DELL-04-SMKKRIAN1\Documents\RipenAI\data\processed\test\orange_unripe\leftin_0002933.jpg,0,1.2893306120531633e-06
C:\Users\DELL-04-SMKKRIAN1\Documents\RipenAI\data\processed\test\orange_unripe\leftin_0002934.jpg,0,8.778264941611269e-07
C:\Users\DELL-04-SMKKRIAN1\Documents\RipenAI\data\processed\test\orange_unripe\leftin_0002935.jpg,0,3.169249612255953e-05
C:\Users\DELL-04-SMKKRIAN1\Documents\RipenAI\data\processed\test\orange_unripe\leftin_0002936.jpg,0,1.6457163383165607e-06
C:\Users\DELL-04-SMKKRIAN1\Documents\RipenAI\data\processed\test\orange_unripe\leftin_0002937.jpg,0,2.51078399742255e-05
C:\Users\DELL-04-SMKKRIAN1\Documents\RipenAI\data\processed\test\orange_unripe\leftin_0002939.jpg,0,1.4483451593605423e-07
C:\Users\DELL-04-SMKKRIAN1\Documents\RipenAI\data\processed\test\orange_unripe\leftin_0002940.jpg,0,2.4226521418313496e-05
C:\Users\DELL-04-SMKKRIAN1\Documents\RipenAI\data\processed\test\orange_unripe\leftin_0002941.jpg,0,4.298028102311946e-07
C:\Users\DELL-04-SMKKRIAN1\Documents\RipenAI\data\processed\test\orange_unripe\leftin_0002942.jpg,0,3.519872109336575e-07
C:\Users\DELL-04-SMKKRIAN1\Documents\RipenAI\data\processed\test\orange_unripe\leftin_0002945.jpg,0,3.376947574906808e-07
C:\Users\DELL-04-SMKKRIAN1\Documents\RipenAI\data\processed\test\orange_unripe\leftin_0002946.jpg,0,0.00036454101791605353
C:\Users\DELL-04-SMKKRIAN1\Documents\RipenAI\data\processed\test\orange_unripe\leftin_0002948.jpg,0,0.000735914334654808
C:\Users\DELL-04-SMKKRIAN1\Documents\RipenAI\data\processed\test\orange_unripe\leftin_0002949.jpg,0,2.794221529711649e-07
C:\Users\DELL-04-SMKKRIAN1\Documents\RipenAI\data\processed\test\orange_unripe\leftin_0002950.jpg,0,1.399489974573953e-05
C:\Users\DELL-04-SMKKRIAN1\Documents\RipenAI\data\processed\test\orange_unripe\leftin_0002951.jpg,0,1.4386482689587865e-05
C:\Users\DELL-04-SMKKRIAN1\Documents\RipenAI\data\processed\test\orange_unripe\leftin_0002952.jpg,0,3.958000161219388e-05
C:\Users\DELL-04-SMKKRIAN1\Documents\RipenAI\data\processed\test\orange_unripe\leftin_0002953.jpg,0,1.9071151768912387e-07
C:\Users\DELL-04-SMKKRIAN1\Documents\RipenAI\data\processed\test\orange_unripe\leftin_0002954.jpg,0,1.4037473405892342e-08
C:\Users\DELL-04-SMKKRIAN1\Documents\RipenAI\data\processed\test\orange_unripe\leftin_0002959.jpg,0,1.4088377611187752e-06
C:\Users\DELL-04-SMKKRIAN1\Documents\RipenAI\data\processed\test\orange_unripe\leftin_0002963.jpg,0,0.00016187671280931681
C:\Users\DELL-04-SMKKRIAN1\Documents\RipenAI\data\processed\test\orange_unripe\leftin_0002965.jpg,0,9.320578442384431e-07
C:\Users\DELL-04-SMKKRIAN1\Documents\RipenAI\data\processed\test\orange_unripe\leftin_0002966.jpg,0,6.348285751300864e-06
C:\Users\DELL-04-SMKKRIAN1\Documents\RipenAI\data\processed\test\orange_unripe\leftin_0002967.jpg,0,3.2358698263124097e-06
C:\Users\DELL-04-SMKKRIAN1\Documents\RipenAI\data\processed\test\orange_unripe\leftin_0002969.jpg,0,1.2415790706654661e-07
C:\Users\DELL-04-SMKKRIAN1\Documents\RipenAI\data\processed\test\orange_unripe\leftin_0002970.jpg,0,9.002440606309392e-07
C:\Users\DELL-04-SMKKRIAN1\Documents\RipenAI\data\processed\test\orange_unripe\leftin_0002972.jpg,0,0.0009805196896195412
C:\Users\DELL-04-SMKKRIAN1\Documents\RipenAI\data\processed\test\orange_unripe\leftin_0002973.jpg,0,1.2552636690088548e-05
C:\Users\DELL-04-SMKKRIAN1\Documents\RipenAI\data\processed\test\orange_unripe\leftin_0002974.jpg,0,0.0003761959378607571
C:\Users\DELL-04-SMKKRIAN1\Documents\RipenAI\data\processed\test\orange_unripe\leftin_0002975.jpg,0,1.9787761630141176e-05
C:\Users\DELL-04-SMKKRIAN1\Documents\RipenAI\data\processed\test\orange_unripe\leftin_0002976.jpg,0,0.0002846552524715662
C:\Users\DELL-04-SMKKRIAN1\Documents\RipenAI\data\processed\test\orange_unripe\leftin_0002977.jpg,0,1.6813178262964357e-06
C:\Users\DELL-04-SMKKRIAN1\Documents\RipenAI\data\processed\test\orange_unripe\leftin_0002979.jpg,0,4.450232609087834e-06
C:\Users\DELL-04-SMKKRIAN1\Documents\RipenAI\data\processed\test\orange_unripe\leftin_0002981.jpg,0,2.174070687033236e-05
C:\Users\DELL-04-SMKKRIAN1\Documents\RipenAI\data\processed\test\orange_unripe\leftin_0002982.jpg,0,0.0008079623221419752
C:\Users\DELL-04-SMKKRIAN1\Documents\RipenAI\data\processed\test\orange_unripe\leftin_0002983.jpg,0,0.002531522884964943
C:\Users\DELL-04-SMKKRIAN1\Documents\RipenAI\data\processed\test\orange_unripe\leftin_0002984.jpg,0,5.325763595465105e-06
C:\Users\DELL-04-SMKKRIAN1\Documents\RipenAI\data\processed\test\orange_unripe\leftin_0002985.jpg,0,0.0012555962894111872
C:\Users\DELL-04-SMKKRIAN1\Documents\RipenAI\data\processed\test\orange_unripe\leftin_0002986.jpg,0,0.002592479344457388
C:\Users\DELL-04-SMKKRIAN1\Documents\RipenAI\data\processed\test\orange_unripe\leftin_0002987.jpg,0,0.002808177378028631
C:\Users\DELL-04-SMKKRIAN1\Documents\RipenAI\data\processed\test\orange_unripe\leftin_0002989.jpg,0,0.0008164268801920116
C:\Users\DELL-04-SMKKRIAN1\Documents\RipenAI\data\processed\test\orange_unripe\leftin_0002990.jpg,0,9.904780995384499e-09
C:\Users\DELL-04-SMKKRIAN1\Documents\RipenAI\data\processed\test\orange_unripe\leftin_0002991.jpg,0,3.822304279310629e-06
C:\Users\DELL-04-SMKKRIAN1\Documents\RipenAI\data\processed\test\orange_unripe\leftin_0002992.jpg,0,8.758797048358247e-05
C:\Users\DELL-04-SMKKRIAN1\Documents\RipenAI\data\processed\test\orange_unripe\leftin_0002995.jpg,0,0.000411807035561651
C:\Users\DELL-04-SMKKRIAN1\Documents\RipenAI\data\processed\test\orange_unripe\leftin_0002997.jpg,0,0.00015439635899383575
C:\Users\DELL-04-SMKKRIAN1\Documents\RipenAI\data\processed\test\orange_unripe\leftin_0002998.jpg,0,4.8060107005198915e-09
C:\Users\DELL-04-SMKKRIAN1\Documents\RipenAI\data\processed\test\orange_unripe\leftin_0002999.jpg,0,0.0007882843492552638
C:\Users\DELL-04-SMKKRIAN1\Documents\RipenAI\data\processed\test\orange_unripe\leftin_0003000.jpg,0,0.002694476628676057
C:\Users\DELL-04-SMKKRIAN1\Documents\RipenAI\data\processed\test\orange_unripe\leftin_0003002.jpg,0,3.3072697647185123e-07
C:\Users\DELL-04-SMKKRIAN1\Documents\RipenAI\data\processed\test\orange_unripe\leftin_0003004.jpg,0,4.39516088590608e-06
C:\Users\DELL-04-SMKKRIAN1\Documents\RipenAI\data\processed\test\orange_unripe\leftin_0003005.jpg,0,0.02342812530696392
C:\Users\DELL-04-SMKKRIAN1\Documents\RipenAI\data\processed\test\orange_unripe\leftin_0003007.jpg,0,9.846186088680042e-08
C:\Users\DELL-04-SMKKRIAN1\Documents\RipenAI\data\processed\test\orange_unripe\leftin_0003009.jpg,0,0.004536224063485861
C:\Users\DELL-04-SMKKRIAN1\Documents\RipenAI\data\processed\test\orange_unripe\leftin_0003011.jpg,0,3.937831536404701e-07
C:\Users\DELL-04-SMKKRIAN1\Documents\RipenAI\data\processed\test\orange_unripe\leftin_0003012.jpg,0,7.365692500371779e-09
C:\Users\DELL-04-SMKKRIAN1\Documents\RipenAI\data\processed\test\orange_unripe\leftin_0003013.jpg,0,3.254772025229613e-07
C:\Users\DELL-04-SMKKRIAN1\Documents\RipenAI\data\processed\test\orange_unripe\leftin_0003014.jpg,0,4.696921678259969e-06
C:\Users\DELL-04-SMKKRIAN1\Documents\RipenAI\data\processed\test\orange_unripe\leftin_0003015.jpg,0,1.1687968708429253e-06
C:\Users\DELL-04-SMKKRIAN1\Documents\RipenAI\data\processed\test\orange_unripe\leftin_0003016.jpg,0,3.4523095564509276e-06
C:\Users\DELL-04-SMKKRIAN1\Documents\RipenAI\data\processed\test\orange_unripe\leftin_0003017.jpg,0,3.3985292247962207e-05
C:\Users\DELL-04-SMKKRIAN1\Documents\RipenAI\data\processed\test\orange_unripe\leftin_0003018.jpg,0,0.00014924208517186344
C:\Users\DELL-04-SMKKRIAN1\Documents\RipenAI\data\processed\test\orange_unripe\leftin_0003019.jpg,0,2.336354009457864e-05
C:\Users\DELL-04-SMKKRIAN1\Documents\RipenAI\data\processed\test\orange_unripe\leftin_0003020.jpg,0,3.454996840446256e-05
C:\Users\DELL-04-SMKKRIAN1\Documents\RipenAI\data\processed\test\papaya_ripe\alexcj10-ripenet_0003021.jpg,0,0.12946923077106476
C:\Users\DELL-04-SMKKRIAN1\Documents\RipenAI\data\processed\test\papaya_ripe\alexcj10-ripenet_0003022.jpg,0,0.4301229417324066
C:\Users\DELL-04-SMKKRIAN1\Documents\RipenAI\data\processed\test\papaya_ripe\alexcj10-ripenet_0003023.jpg,0,0.00796793308109045
C:\Users\DELL-04-SMKKRIAN1\Documents\RipenAI\data\processed\test\papaya_ripe\alexcj10-ripenet_0003024.jpg,0,0.3009156882762909
C:\Users\DELL-04-SMKKRIAN1\Documents\RipenAI\data\processed\test\papaya_ripe\alexcj10-ripenet_0003025.jpg,0,0.06373700499534607
C:\Users\DELL-04-SMKKRIAN1\Documents\RipenAI\data\processed\test\papaya_ripe\alexcj10-ripenet_0003026.jpg,0,0.24594458937644958
C:\Users\DELL-04-SMKKRIAN1\Documents\RipenAI\data\processed\test\papaya_ripe\alexcj10-ripenet_0003027.jpg,0,0.08183595538139343
C:\Users\DELL-04-SMKKRIAN1\Documents\RipenAI\data\processed\test\papaya_ripe\alexcj10-ripenet_0003028.jpg,0,0.13509750366210938
C:\Users\DELL-04-SMKKRIAN1\Documents\RipenAI\data\processed\test\papaya_ripe\alexcj10-ripenet_0003029.jpg,0,0.4233884811401367
C:\Users\DELL-04-SMKKRIAN1\Documents\RipenAI\data\processed\test\papaya_ripe\alexcj10-ripenet_0003030.jpg,0,0.42521044611930847
C:\Users\DELL-04-SMKKRIAN1\Documents\RipenAI\data\processed\test\papaya_ripe\alexcj10-ripenet_0003031.jpg,0,0.030190836638212204
C:\Users\DELL-04-SMKKRIAN1\Documents\RipenAI\data\processed\test\papaya_ripe\alexcj10-ripenet_0003032.jpg,0,0.22877632081508636
C:\Users\DELL-04-SMKKRIAN1\Documents\RipenAI\data\processed\test\papaya_ripe\alexcj10-ripenet_0003033.jpg,0,0.2336416244506836
C:\Users\DELL-04-SMKKRIAN1\Documents\RipenAI\data\processed\test\papaya_ripe\alexcj10-ripenet_0003034.jpg,0,0.1624816209077835
C:\Users\DELL-04-SMKKRIAN1\Documents\RipenAI\data\processed\test\papaya_ripe\alexcj10-ripenet_0003035.jpg,0,0.1658591628074646
C:\Users\DELL-04-SMKKRIAN1\Documents\RipenAI\data\processed\test\papaya_ripe\alexcj10-ripenet_0003036.jpg,0,0.09959486871957779
C:\Users\DELL-04-SMKKRIAN1\Documents\RipenAI\data\processed\test\papaya_ripe\alexcj10-ripenet_0003037.jpg,0,0.12482929229736328
C:\Users\DELL-04-SMKKRIAN1\Documents\RipenAI\data\processed\test\papaya_ripe\alexcj10-ripenet_0003038.jpg,0,0.054671935737133026
C:\Users\DELL-04-SMKKRIAN1\Documents\RipenAI\data\processed\test\papaya_ripe\alexcj10-ripenet_0003039.jpg,0,0.1374271959066391
C:\Users\DELL-04-SMKKRIAN1\Documents\RipenAI\data\processed\test\papaya_ripe\alexcj10-ripenet_0003040.jpg,0,0.02339516580104828
C:\Users\DELL-04-SMKKRIAN1\Documents\RipenAI\data\processed\test\papaya_ripe\alexcj10-ripenet_0003041.jpg,0,0.8412801623344421
C:\Users\DELL-04-SMKKRIAN1\Documents\RipenAI\data\processed\test\papaya_ripe\alexcj10-ripenet_0003042.jpg,0,0.4857047200202942
C:\Users\DELL-04-SMKKRIAN1\Documents\RipenAI\data\processed\test\papaya_ripe\alexcj10-ripenet_0003043.jpg,0,0.01575862430036068
C:\Users\DELL-04-SMKKRIAN1\Documents\RipenAI\data\processed\test\papaya_ripe\alexcj10-ripenet_0003044.jpg,0,0.13050618767738342
C:\Users\DELL-04-SMKKRIAN1\Documents\RipenAI\data\processed\test\papaya_ripe\alexcj10-ripenet_0003045.jpg,0,0.5489135384559631
C:\Users\DELL-04-SMKKRIAN1\Documents\RipenAI\data\processed\test\papaya_ripe\alexcj10-ripenet_0003046.jpg,0,0.506197452545166
C:\Users\DELL-04-SMKKRIAN1\Documents\RipenAI\data\processed\test\papaya_ripe\alexcj10-ripenet_0003047.jpg,0,0.09120650589466095
C:\Users\DELL-04-SMKKRIAN1\Documents\RipenAI\data\processed\test\papaya_ripe\alexcj10-ripenet_0003048.jpg,0,0.733830988407135
C:\Users\DELL-04-SMKKRIAN1\Documents\RipenAI\data\processed\test\papaya_ripe\alexcj10-ripenet_0003049.jpg,0,0.38188719749450684
C:\Users\DELL-04-SMKKRIAN1\Documents\RipenAI\data\processed\test\papaya_ripe\alexcj10-ripenet_0003050.jpg,0,0.38953959941864014
C:\Users\DELL-04-SMKKRIAN1\Documents\RipenAI\data\processed\test\papaya_ripe\alexcj10-ripenet_0003051.jpg,0,0.012449963018298149
C:\Users\DELL-04-SMKKRIAN1\Documents\RipenAI\data\processed\test\papaya_ripe\alexcj10-ripenet_0003052.jpg,0,0.3725925087928772
C:\Users\DELL-04-SMKKRIAN1\Documents\RipenAI\data\processed\test\papaya_ripe\alexcj10-ripenet_0003053.jpg,0,0.06703853607177734
C:\Users\DELL-04-SMKKRIAN1\Documents\RipenAI\data\processed\test\papaya_ripe\alexcj10-ripenet_0003054.jpg,0,0.18823087215423584
C:\Users\DELL-04-SMKKRIAN1\Documents\RipenAI\data\processed\test\papaya_ripe\alexcj10-ripenet_0003055.jpg,0,0.08193045109510422
C:\Users\DELL-04-SMKKRIAN1\Documents\RipenAI\data\processed\test\papaya_ripe\alexcj10-ripenet_0003056.jpg,0,0.06798354536294937
C:\Users\DELL-04-SMKKRIAN1\Documents\RipenAI\data\processed\test\papaya_ripe\alexcj10-ripenet_0003057.jpg,0,0.12108690291643143
C:\Users\DELL-04-SMKKRIAN1\Documents\RipenAI\data\processed\test\papaya_ripe\alexcj10-ripenet_0003058.jpg,0,0.5756196975708008
C:\Users\DELL-04-SMKKRIAN1\Documents\RipenAI\data\processed\test\papaya_ripe\alexcj10-ripenet_0003059.jpg,0,0.10540866106748581
C:\Users\DELL-04-SMKKRIAN1\Documents\RipenAI\data\processed\test\papaya_ripe\alexcj10-ripenet_0003060.jpg,0,0.26172196865081787
C:\Users\DELL-04-SMKKRIAN1\Documents\RipenAI\data\processed\test\papaya_ripe\alexcj10-ripenet_0003061.jpg,0,0.22447431087493896
C:\Users\DELL-04-SMKKRIAN1\Documents\RipenAI\data\processed\test\papaya_ripe\alexcj10-ripenet_0003062.jpg,0,0.017941879108548164
C:\Users\DELL-04-SMKKRIAN1\Documents\RipenAI\data\processed\test\papaya_ripe\alexcj10-ripenet_0003063.jpg,0,0.2805563807487488
C:\Users\DELL-04-SMKKRIAN1\Documents\RipenAI\data\processed\test\papaya_ripe\alexcj10-ripenet_0003064.jpg,0,0.14498284459114075
C:\Users\DELL-04-SMKKRIAN1\Documents\RipenAI\data\processed\test\papaya_ripe\alexcj10-ripenet_0003065.jpg,0,0.31432071328163147
C:\Users\DELL-04-SMKKRIAN1\Documents\RipenAI\data\processed\test\papaya_ripe\alexcj10-ripenet_0003066.jpg,0,0.084742471575737
C:\Users\DELL-04-SMKKRIAN1\Documents\RipenAI\data\processed\test\papaya_ripe\alexcj10-ripenet_0003067.jpg,0,0.07507839798927307
C:\Users\DELL-04-SMKKRIAN1\Documents\RipenAI\data\processed\test\papaya_ripe\alexcj10-ripenet_0003068.jpg,0,0.5640897750854492
C:\Users\DELL-04-SMKKRIAN1\Documents\RipenAI\data\processed\test\papaya_ripe\alexcj10-ripenet_0003069.jpg,0,0.031035661697387695
C:\Users\DELL-04-SMKKRIAN1\Documents\RipenAI\data\processed\test\papaya_ripe\alexcj10-ripenet_0003070.jpg,0,0.3509224057197571
C:\Users\DELL-04-SMKKRIAN1\Documents\RipenAI\data\processed\test\papaya_rotten\alexcj10-ripenet_0003071.jpg,1,0.6902837157249451
C:\Users\DELL-04-SMKKRIAN1\Documents\RipenAI\data\processed\test\papaya_rotten\alexcj10-ripenet_0003072.jpg,1,0.019218219444155693
C:\Users\DELL-04-SMKKRIAN1\Documents\RipenAI\data\processed\test\papaya_rotten\alexcj10-ripenet_0003073.jpg,1,0.968432605266571
C:\Users\DELL-04-SMKKRIAN1\Documents\RipenAI\data\processed\test\papaya_rotten\alexcj10-ripenet_0003074.jpg,1,0.8020676374435425
C:\Users\DELL-04-SMKKRIAN1\Documents\RipenAI\data\processed\test\papaya_rotten\alexcj10-ripenet_0003075.jpg,1,0.027899084612727165
C:\Users\DELL-04-SMKKRIAN1\Documents\RipenAI\data\processed\test\papaya_rotten\alexcj10-ripenet_0003076.jpg,1,0.44418683648109436
C:\Users\DELL-04-SMKKRIAN1\Documents\RipenAI\data\processed\test\papaya_rotten\alexcj10-ripenet_0003077.jpg,1,0.9775950312614441
C:\Users\DELL-04-SMKKRIAN1\Documents\RipenAI\data\processed\test\papaya_rotten\alexcj10-ripenet_0003078.jpg,1,0.9714629650115967
C:\Users\DELL-04-SMKKRIAN1\Documents\RipenAI\data\processed\test\papaya_rotten\alexcj10-ripenet_0003079.jpg,1,0.1761559545993805
C:\Users\DELL-04-SMKKRIAN1\Documents\RipenAI\data\processed\test\papaya_rotten\alexcj10-ripenet_0003080.jpg,1,0.9708348512649536
C:\Users\DELL-04-SMKKRIAN1\Documents\RipenAI\data\processed\test\papaya_rotten\alexcj10-ripenet_0003081.jpg,1,0.9976685643196106
C:\Users\DELL-04-SMKKRIAN1\Documents\RipenAI\data\processed\test\papaya_rotten\alexcj10-ripenet_0003082.jpg,1,0.8073203563690186
C:\Users\DELL-04-SMKKRIAN1\Documents\RipenAI\data\processed\test\papaya_rotten\alexcj10-ripenet_0003083.jpg,1,0.45265287160873413
C:\Users\DELL-04-SMKKRIAN1\Documents\RipenAI\data\processed\test\papaya_rotten\alexcj10-ripenet_0003084.jpg,1,0.9904633164405823
C:\Users\DELL-04-SMKKRIAN1\Documents\RipenAI\data\processed\test\papaya_rotten\alexcj10-ripenet_0003085.jpg,1,0.4126008152961731
C:\Users\DELL-04-SMKKRIAN1\Documents\RipenAI\data\processed\test\papaya_rotten\alexcj10-ripenet_0003086.jpg,1,0.616041898727417
C:\Users\DELL-04-SMKKRIAN1\Documents\RipenAI\data\processed\test\papaya_rotten\alexcj10-ripenet_0003087.jpg,1,0.2139299362897873
C:\Users\DELL-04-SMKKRIAN1\Documents\RipenAI\data\processed\test\papaya_rotten\alexcj10-ripenet_0003088.jpg,1,0.19457495212554932
C:\Users\DELL-04-SMKKRIAN1\Documents\RipenAI\data\processed\test\papaya_rotten\alexcj10-ripenet_0003089.jpg,1,0.9935717582702637
C:\Users\DELL-04-SMKKRIAN1\Documents\RipenAI\data\processed\test\papaya_rotten\alexcj10-ripenet_0003090.jpg,1,0.9830352067947388
C:\Users\DELL-04-SMKKRIAN1\Documents\RipenAI\data\processed\test\papaya_rotten\alexcj10-ripenet_0003091.jpg,1,0.16119669377803802
C:\Users\DELL-04-SMKKRIAN1\Documents\RipenAI\data\processed\test\papaya_rotten\alexcj10-ripenet_0003092.jpg,1,0.041728027164936066
C:\Users\DELL-04-SMKKRIAN1\Documents\RipenAI\data\processed\test\papaya_rotten\alexcj10-ripenet_0003093.jpg,1,0.23260165750980377
C:\Users\DELL-04-SMKKRIAN1\Documents\RipenAI\data\processed\test\papaya_rotten\alexcj10-ripenet_0003094.jpg,1,0.21275603771209717
C:\Users\DELL-04-SMKKRIAN1\Documents\RipenAI\data\processed\test\papaya_rotten\alexcj10-ripenet_0003095.jpg,1,0.9999244213104248
C:\Users\DELL-04-SMKKRIAN1\Documents\RipenAI\data\processed\test\papaya_rotten\alexcj10-ripenet_0003096.jpg,1,0.9998917579650879
C:\Users\DELL-04-SMKKRIAN1\Documents\RipenAI\data\processed\test\papaya_rotten\alexcj10-ripenet_0003097.jpg,1,0.5552260279655457
C:\Users\DELL-04-SMKKRIAN1\Documents\RipenAI\data\processed\test\papaya_rotten\alexcj10-ripenet_0003098.jpg,1,0.9984762072563171
C:\Users\DELL-04-SMKKRIAN1\Documents\RipenAI\data\processed\test\papaya_rotten\alexcj10-ripenet_0003099.jpg,1,0.060367364436388016
C:\Users\DELL-04-SMKKRIAN1\Documents\RipenAI\data\processed\test\papaya_rotten\alexcj10-ripenet_0003100.jpg,1,0.9992142915725708
C:\Users\DELL-04-SMKKRIAN1\Documents\RipenAI\data\processed\test\papaya_rotten\alexcj10-ripenet_0003101.jpg,1,0.3768523037433624
C:\Users\DELL-04-SMKKRIAN1\Documents\RipenAI\data\processed\test\papaya_rotten\alexcj10-ripenet_0003102.jpg,1,0.17996899783611298
C:\Users\DELL-04-SMKKRIAN1\Documents\RipenAI\data\processed\test\papaya_rotten\alexcj10-ripenet_0003103.jpg,1,0.6303233504295349
C:\Users\DELL-04-SMKKRIAN1\Documents\RipenAI\data\processed\test\papaya_rotten\alexcj10-ripenet_0003104.jpg,1,0.9183130860328674
C:\Users\DELL-04-SMKKRIAN1\Documents\RipenAI\data\processed\test\papaya_rotten\alexcj10-ripenet_0003105.jpg,1,0.9991328120231628
C:\Users\DELL-04-SMKKRIAN1\Documents\RipenAI\data\processed\test\papaya_rotten\alexcj10-ripenet_0003106.jpg,1,0.5943849682807922
C:\Users\DELL-04-SMKKRIAN1\Documents\RipenAI\data\processed\test\papaya_rotten\alexcj10-ripenet_0003107.jpg,1,0.6791645884513855
C:\Users\DELL-04-SMKKRIAN1\Documents\RipenAI\data\processed\test\papaya_rotten\alexcj10-ripenet_0003108.jpg,1,0.6620886325836182
C:\Users\DELL-04-SMKKRIAN1\Documents\RipenAI\data\processed\test\papaya_rotten\alexcj10-ripenet_0003109.jpg,1,0.9991772770881653
C:\Users\DELL-04-SMKKRIAN1\Documents\RipenAI\data\processed\test\papaya_rotten\alexcj10-ripenet_0003110.jpg,1,0.13120704889297485
C:\Users\DELL-04-SMKKRIAN1\Documents\RipenAI\data\processed\test\papaya_rotten\alexcj10-ripenet_0003111.jpg,1,0.9992425441741943
C:\Users\DELL-04-SMKKRIAN1\Documents\RipenAI\data\processed\test\papaya_unripe\alexcj10-ripenet_0003112.jpg,0,0.1458076536655426
C:\Users\DELL-04-SMKKRIAN1\Documents\RipenAI\data\processed\test\papaya_unripe\alexcj10-ripenet_0003113.jpg,0,0.005811274982988834
C:\Users\DELL-04-SMKKRIAN1\Documents\RipenAI\data\processed\test\papaya_unripe\alexcj10-ripenet_0003114.jpg,0,0.2985013425350189
C:\Users\DELL-04-SMKKRIAN1\Documents\RipenAI\data\processed\test\papaya_unripe\alexcj10-ripenet_0003115.jpg,0,0.045562468469142914
C:\Users\DELL-04-SMKKRIAN1\Documents\RipenAI\data\processed\test\papaya_unripe\alexcj10-ripenet_0003116.jpg,0,0.3856963515281677
C:\Users\DELL-04-SMKKRIAN1\Documents\RipenAI\data\processed\test\papaya_unripe\alexcj10-ripenet_0003117.jpg,0,0.17679554224014282
C:\Users\DELL-04-SMKKRIAN1\Documents\RipenAI\data\processed\test\papaya_unripe\alexcj10-ripenet_0003118.jpg,0,0.12700532376766205
C:\Users\DELL-04-SMKKRIAN1\Documents\RipenAI\data\processed\test\papaya_unripe\alexcj10-ripenet_0003119.jpg,0,0.19517359137535095
C:\Users\DELL-04-SMKKRIAN1\Documents\RipenAI\data\processed\test\papaya_unripe\alexcj10-ripenet_0003120.jpg,0,0.09837457537651062
C:\Users\DELL-04-SMKKRIAN1\Documents\RipenAI\data\processed\test\papaya_unripe\alexcj10-ripenet_0003121.jpg,0,0.0022286069579422474
C:\Users\DELL-04-SMKKRIAN1\Documents\RipenAI\data\processed\test\papaya_unripe\alexcj10-ripenet_0003122.jpg,0,0.3535042405128479
C:\Users\DELL-04-SMKKRIAN1\Documents\RipenAI\data\processed\test\papaya_unripe\alexcj10-ripenet_0003123.jpg,0,0.07014477998018265
C:\Users\DELL-04-SMKKRIAN1\Documents\RipenAI\data\processed\test\papaya_unripe\alexcj10-ripenet_0003124.jpg,0,0.15051458775997162
C:\Users\DELL-04-SMKKRIAN1\Documents\RipenAI\data\processed\test\papaya_unripe\alexcj10-ripenet_0003125.jpg,0,0.023335246369242668
C:\Users\DELL-04-SMKKRIAN1\Documents\RipenAI\data\processed\test\papaya_unripe\alexcj10-ripenet_0003126.jpg,0,0.004221904091536999
C:\Users\DELL-04-SMKKRIAN1\Documents\RipenAI\data\processed\test\papaya_unripe\alexcj10-ripenet_0003127.jpg,0,0.11437654495239258
C:\Users\DELL-04-SMKKRIAN1\Documents\RipenAI\data\processed\test\papaya_unripe\alexcj10-ripenet_0003128.jpg,0,0.019690904766321182
C:\Users\DELL-04-SMKKRIAN1\Documents\RipenAI\data\processed\test\papaya_unripe\alexcj10-ripenet_0003129.jpg,0,0.2325611561536789
C:\Users\DELL-04-SMKKRIAN1\Documents\RipenAI\data\processed\test\papaya_unripe\alexcj10-ripenet_0003130.jpg,0,0.34188607335090637
C:\Users\DELL-04-SMKKRIAN1\Documents\RipenAI\data\processed\test\papaya_unripe\alexcj10-ripenet_0003131.jpg,0,0.01396277267485857
C:\Users\DELL-04-SMKKRIAN1\Documents\RipenAI\data\processed\test\papaya_unripe\alexcj10-ripenet_0003132.jpg,0,0.0005225780769251287
C:\Users\DELL-04-SMKKRIAN1\Documents\RipenAI\data\processed\test\papaya_unripe\alexcj10-ripenet_0003133.jpg,0,0.1285138577222824
C:\Users\DELL-04-SMKKRIAN1\Documents\RipenAI\data\processed\test\papaya_unripe\alexcj10-ripenet_0003134.jpg,0,0.0003049724327865988
C:\Users\DELL-04-SMKKRIAN1\Documents\RipenAI\data\processed\test\papaya_unripe\alexcj10-ripenet_0003135.jpg,0,0.01857338659465313
C:\Users\DELL-04-SMKKRIAN1\Documents\RipenAI\data\processed\test\papaya_unripe\alexcj10-ripenet_0003136.jpg,0,0.0016249710461124778
C:\Users\DELL-04-SMKKRIAN1\Documents\RipenAI\data\processed\test\papaya_unripe\alexcj10-ripenet_0003137.jpg,0,0.014856347814202309
C:\Users\DELL-04-SMKKRIAN1\Documents\RipenAI\data\processed\test\papaya_unripe\alexcj10-ripenet_0003138.jpg,0,0.0009048966458067298
C:\Users\DELL-04-SMKKRIAN1\Documents\RipenAI\data\processed\test\papaya_unripe\alexcj10-ripenet_0003139.jpg,0,0.02654975652694702
C:\Users\DELL-04-SMKKRIAN1\Documents\RipenAI\data\processed\test\papaya_unripe\alexcj10-ripenet_0003140.jpg,0,0.002122825011610985
C:\Users\DELL-04-SMKKRIAN1\Documents\RipenAI\data\processed\test\papaya_unripe\alexcj10-ripenet_0003141.jpg,0,0.0437774658203125
C:\Users\DELL-04-SMKKRIAN1\Documents\RipenAI\data\processed\test\papaya_unripe\alexcj10-ripenet_0003142.jpg,0,0.03096494823694229
C:\Users\DELL-04-SMKKRIAN1\Documents\RipenAI\data\processed\test\papaya_unripe\alexcj10-ripenet_0003143.jpg,0,0.7044305205345154
C:\Users\DELL-04-SMKKRIAN1\Documents\RipenAI\data\processed\test\papaya_unripe\alexcj10-ripenet_0003144.jpg,0,0.0061644623056054115
C:\Users\DELL-04-SMKKRIAN1\Documents\RipenAI\data\processed\test\papaya_unripe\alexcj10-ripenet_0003145.jpg,0,0.0528356172144413
C:\Users\DELL-04-SMKKRIAN1\Documents\RipenAI\data\processed\test\papaya_unripe\alexcj10-ripenet_0003146.jpg,0,0.37545374035835266
C:\Users\DELL-04-SMKKRIAN1\Documents\RipenAI\data\processed\test\papaya_unripe\alexcj10-ripenet_0003147.jpg,0,0.039453912526369095
C:\Users\DELL-04-SMKKRIAN1\Documents\RipenAI\data\processed\test\papaya_unripe\alexcj10-ripenet_0003148.jpg,0,0.12865523993968964
C:\Users\DELL-04-SMKKRIAN1\Documents\RipenAI\data\processed\test\papaya_unripe\alexcj10-ripenet_0003149.jpg,0,0.10555920749902725
C:\Users\DELL-04-SMKKRIAN1\Documents\RipenAI\data\processed\test\papaya_unripe\alexcj10-ripenet_0003150.jpg,0,0.008844451978802681
C:\Users\DELL-04-SMKKRIAN1\Documents\RipenAI\data\processed\test\papaya_unripe\alexcj10-ripenet_0003151.jpg,0,0.06413481384515762
C:\Users\DELL-04-SMKKRIAN1\Documents\RipenAI\data\processed\test\papaya_unripe\alexcj10-ripenet_0003152.jpg,0,0.0525946207344532
C:\Users\DELL-04-SMKKRIAN1\Documents\RipenAI\data\processed\test\papaya_unripe\alexcj10-ripenet_0003153.jpg,0,0.0006380510749295354
C:\Users\DELL-04-SMKKRIAN1\Documents\RipenAI\data\processed\test\papaya_unripe\alexcj10-ripenet_0003154.jpg,0,0.053055696189403534
C:\Users\DELL-04-SMKKRIAN1\Documents\RipenAI\data\processed\test\papaya_unripe\alexcj10-ripenet_0003155.jpg,0,0.2760399878025055
C:\Users\DELL-04-SMKKRIAN1\Documents\RipenAI\data\processed\test\papaya_unripe\alexcj10-ripenet_0003156.jpg,0,0.002835941966623068
C:\Users\DELL-04-SMKKRIAN1\Documents\RipenAI\data\processed\test\papaya_unripe\alexcj10-ripenet_0003157.jpg,0,0.07905364781618118
C:\Users\DELL-04-SMKKRIAN1\Documents\RipenAI\data\processed\test\papaya_unripe\alexcj10-ripenet_0003158.jpg,0,0.0029758955352008343
C:\Users\DELL-04-SMKKRIAN1\Documents\RipenAI\data\processed\test\papaya_unripe\alexcj10-ripenet_0003159.jpg,0,0.05953367426991463
C:\Users\DELL-04-SMKKRIAN1\Documents\RipenAI\data\processed\test\papaya_unripe\alexcj10-ripenet_0003160.jpg,0,0.039103228598833084
C:\Users\DELL-04-SMKKRIAN1\Documents\RipenAI\data\processed\test\papaya_unripe\alexcj10-ripenet_0003161.jpg,0,0.4883435368537903
C:\Users\DELL-04-SMKKRIAN1\Documents\RipenAI\data\processed\test\pineapple_ripe\alexcj10-ripenet_0003162.jpg,0,0.33838072419166565
C:\Users\DELL-04-SMKKRIAN1\Documents\RipenAI\data\processed\test\pineapple_ripe\alexcj10-ripenet_0003163.jpg,0,0.2933933734893799
C:\Users\DELL-04-SMKKRIAN1\Documents\RipenAI\data\processed\test\pineapple_ripe\alexcj10-ripenet_0003164.jpg,0,0.08690164983272552
C:\Users\DELL-04-SMKKRIAN1\Documents\RipenAI\data\processed\test\pineapple_ripe\alexcj10-ripenet_0003165.jpg,0,0.5358920693397522
C:\Users\DELL-04-SMKKRIAN1\Documents\RipenAI\data\processed\test\pineapple_ripe\alexcj10-ripenet_0003166.jpg,0,0.021384328603744507
C:\Users\DELL-04-SMKKRIAN1\Documents\RipenAI\data\processed\test\pineapple_ripe\alexcj10-ripenet_0003167.jpg,0,0.18236537277698517
C:\Users\DELL-04-SMKKRIAN1\Documents\RipenAI\data\processed\test\pineapple_ripe\alexcj10-ripenet_0003168.jpg,0,0.7498075366020203
C:\Users\DELL-04-SMKKRIAN1\Documents\RipenAI\data\processed\test\pineapple_ripe\alexcj10-ripenet_0003169.jpg,0,0.114593505859375
C:\Users\DELL-04-SMKKRIAN1\Documents\RipenAI\data\processed\test\pineapple_ripe\alexcj10-ripenet_0003170.jpg,0,0.046646710485219955
C:\Users\DELL-04-SMKKRIAN1\Documents\RipenAI\data\processed\test\pineapple_ripe\alexcj10-ripenet_0003171.jpg,0,0.6025980114936829
C:\Users\DELL-04-SMKKRIAN1\Documents\RipenAI\data\processed\test\pineapple_ripe\alexcj10-ripenet_0003172.jpg,0,0.14199282228946686
C:\Users\DELL-04-SMKKRIAN1\Documents\RipenAI\data\processed\test\pineapple_ripe\alexcj10-ripenet_0003173.jpg,0,0.7861676216125488
C:\Users\DELL-04-SMKKRIAN1\Documents\RipenAI\data\processed\test\pineapple_ripe\alexcj10-ripenet_0003174.jpg,0,0.025408102199435234
C:\Users\DELL-04-SMKKRIAN1\Documents\RipenAI\data\processed\test\pineapple_ripe\alexcj10-ripenet_0003175.jpg,0,0.028084522113204002
C:\Users\DELL-04-SMKKRIAN1\Documents\RipenAI\data\processed\test\pineapple_ripe\alexcj10-ripenet_0003176.jpg,0,0.13844628632068634
C:\Users\DELL-04-SMKKRIAN1\Documents\RipenAI\data\processed\test\pineapple_ripe\alexcj10-ripenet_0003177.jpg,0,0.667090654373169
C:\Users\DELL-04-SMKKRIAN1\Documents\RipenAI\data\processed\test\pineapple_ripe\alexcj10-ripenet_0003178.jpg,0,0.25497719645500183
C:\Users\DELL-04-SMKKRIAN1\Documents\RipenAI\data\processed\test\pineapple_ripe\alexcj10-ripenet_0003179.jpg,0,0.120807945728302
C:\Users\DELL-04-SMKKRIAN1\Documents\RipenAI\data\processed\test\pineapple_ripe\alexcj10-ripenet_0003180.jpg,0,0.2896397113800049
C:\Users\DELL-04-SMKKRIAN1\Documents\RipenAI\data\processed\test\pineapple_ripe\alexcj10-ripenet_0003181.jpg,0,0.01625283993780613
C:\Users\DELL-04-SMKKRIAN1\Documents\RipenAI\data\processed\test\pineapple_ripe\alexcj10-ripenet_0003182.jpg,0,0.19765830039978027
C:\Users\DELL-04-SMKKRIAN1\Documents\RipenAI\data\processed\test\pineapple_ripe\alexcj10-ripenet_0003183.jpg,0,0.33927860856056213
C:\Users\DELL-04-SMKKRIAN1\Documents\RipenAI\data\processed\test\pineapple_ripe\alexcj10-ripenet_0003184.jpg,0,0.19971531629562378
C:\Users\DELL-04-SMKKRIAN1\Documents\RipenAI\data\processed\test\pineapple_ripe\alexcj10-ripenet_0003185.jpg,0,0.04038143530488014
C:\Users\DELL-04-SMKKRIAN1\Documents\RipenAI\data\processed\test\pineapple_ripe\alexcj10-ripenet_0003186.jpg,0,0.2929726243019104
C:\Users\DELL-04-SMKKRIAN1\Documents\RipenAI\data\processed\test\pineapple_ripe\alexcj10-ripenet_0003187.jpg,0,0.013939304277300835
C:\Users\DELL-04-SMKKRIAN1\Documents\RipenAI\data\processed\test\pineapple_ripe\alexcj10-ripenet_0003188.jpg,0,0.48165440559387207
C:\Users\DELL-04-SMKKRIAN1\Documents\RipenAI\data\processed\test\pineapple_ripe\alexcj10-ripenet_0003189.jpg,0,0.09841405600309372
C:\Users\DELL-04-SMKKRIAN1\Documents\RipenAI\data\processed\test\pineapple_ripe\alexcj10-ripenet_0003190.jpg,0,0.17845654487609863
C:\Users\DELL-04-SMKKRIAN1\Documents\RipenAI\data\processed\test\pineapple_ripe\alexcj10-ripenet_0003191.jpg,0,0.7651626467704773
C:\Users\DELL-04-SMKKRIAN1\Documents\RipenAI\data\processed\test\pineapple_ripe\alexcj10-ripenet_0003192.jpg,0,0.004834858234971762
C:\Users\DELL-04-SMKKRIAN1\Documents\RipenAI\data\processed\test\pineapple_ripe\alexcj10-ripenet_0003193.jpg,0,0.2259705364704132
C:\Users\DELL-04-SMKKRIAN1\Documents\RipenAI\data\processed\test\pineapple_ripe\alexcj10-ripenet_0003194.jpg,0,0.27331846952438354
C:\Users\DELL-04-SMKKRIAN1\Documents\RipenAI\data\processed\test\pineapple_ripe\alexcj10-ripenet_0003195.jpg,0,0.4780835509300232
C:\Users\DELL-04-SMKKRIAN1\Documents\RipenAI\data\processed\test\pineapple_ripe\alexcj10-ripenet_0003196.jpg,0,0.29877969622612
C:\Users\DELL-04-SMKKRIAN1\Documents\RipenAI\data\processed\test\pineapple_ripe\alexcj10-ripenet_0003197.jpg,0,0.060554590076208115
C:\Users\DELL-04-SMKKRIAN1\Documents\RipenAI\data\processed\test\pineapple_ripe\alexcj10-ripenet_0003198.jpg,0,0.34493815898895264
C:\Users\DELL-04-SMKKRIAN1\Documents\RipenAI\data\processed\test\pineapple_ripe\alexcj10-ripenet_0003199.jpg,0,0.45233431458473206
C:\Users\DELL-04-SMKKRIAN1\Documents\RipenAI\data\processed\test\pineapple_ripe\alexcj10-ripenet_0003200.jpg,0,0.3238396644592285
C:\Users\DELL-04-SMKKRIAN1\Documents\RipenAI\data\processed\test\pineapple_ripe\alexcj10-ripenet_0003201.jpg,0,0.24055898189544678
C:\Users\DELL-04-SMKKRIAN1\Documents\RipenAI\data\processed\test\pineapple_ripe\alexcj10-ripenet_0003202.jpg,0,0.10873565822839737
C:\Users\DELL-04-SMKKRIAN1\Documents\RipenAI\data\processed\test\pineapple_ripe\alexcj10-ripenet_0003203.jpg,0,0.11447709053754807
C:\Users\DELL-04-SMKKRIAN1\Documents\RipenAI\data\processed\test\pineapple_ripe\alexcj10-ripenet_0003204.jpg,0,0.06170029938220978
C:\Users\DELL-04-SMKKRIAN1\Documents\RipenAI\data\processed\test\pineapple_ripe\alexcj10-ripenet_0003205.jpg,0,0.20338214933872223
C:\Users\DELL-04-SMKKRIAN1\Documents\RipenAI\data\processed\test\pineapple_ripe\alexcj10-ripenet_0003206.jpg,0,0.23653686046600342
C:\Users\DELL-04-SMKKRIAN1\Documents\RipenAI\data\processed\test\pineapple_ripe\alexcj10-ripenet_0003207.jpg,0,0.3722118139266968
C:\Users\DELL-04-SMKKRIAN1\Documents\RipenAI\data\processed\test\pineapple_ripe\alexcj10-ripenet_0003208.jpg,0,0.07977849990129471
C:\Users\DELL-04-SMKKRIAN1\Documents\RipenAI\data\processed\test\pineapple_rotten\alexcj10-ripenet_0003209.jpg,1,0.9862616658210754
C:\Users\DELL-04-SMKKRIAN1\Documents\RipenAI\data\processed\test\pineapple_rotten\alexcj10-ripenet_0003210.jpg,1,0.13930131494998932
C:\Users\DELL-04-SMKKRIAN1\Documents\RipenAI\data\processed\test\pineapple_rotten\alexcj10-ripenet_0003211.jpg,1,0.7226741909980774
C:\Users\DELL-04-SMKKRIAN1\Documents\RipenAI\data\processed\test\pineapple_rotten\alexcj10-ripenet_0003212.jpg,1,0.979121208190918
C:\Users\DELL-04-SMKKRIAN1\Documents\RipenAI\data\processed\test\pineapple_rotten\alexcj10-ripenet_0003213.jpg,1,0.9976194500923157
C:\Users\DELL-04-SMKKRIAN1\Documents\RipenAI\data\processed\test\pineapple_rotten\alexcj10-ripenet_0003214.jpg,1,0.5189178586006165
C:\Users\DELL-04-SMKKRIAN1\Documents\RipenAI\data\processed\test\pineapple_rotten\alexcj10-ripenet_0003215.jpg,1,0.8437376618385315
C:\Users\DELL-04-SMKKRIAN1\Documents\RipenAI\data\processed\test\pineapple_rotten\alexcj10-ripenet_0003216.jpg,1,0.726783275604248
C:\Users\DELL-04-SMKKRIAN1\Documents\RipenAI\data\processed\test\pineapple_rotten\alexcj10-ripenet_0003217.jpg,1,0.24531057476997375
C:\Users\DELL-04-SMKKRIAN1\Documents\RipenAI\data\processed\test\pineapple_rotten\alexcj10-ripenet_0003218.jpg,1,0.11252813041210175
C:\Users\DELL-04-SMKKRIAN1\Documents\RipenAI\data\processed\test\pineapple_rotten\alexcj10-ripenet_0003219.jpg,1,0.38146528601646423
C:\Users\DELL-04-SMKKRIAN1\Documents\RipenAI\data\processed\test\pineapple_rotten\alexcj10-ripenet_0003220.jpg,1,0.3293699026107788
C:\Users\DELL-04-SMKKRIAN1\Documents\RipenAI\data\processed\test\pineapple_rotten\alexcj10-ripenet_0003221.jpg,1,0.0774969831109047
C:\Users\DELL-04-SMKKRIAN1\Documents\RipenAI\data\processed\test\pineapple_rotten\alexcj10-ripenet_0003222.jpg,1,0.9698122143745422
C:\Users\DELL-04-SMKKRIAN1\Documents\RipenAI\data\processed\test\pineapple_rotten\alexcj10-ripenet_0003223.jpg,1,0.5662931203842163
C:\Users\DELL-04-SMKKRIAN1\Documents\RipenAI\data\processed\test\pineapple_rotten\alexcj10-ripenet_0003224.jpg,1,0.6091753244400024
C:\Users\DELL-04-SMKKRIAN1\Documents\RipenAI\data\processed\test\pineapple_rotten\alexcj10-ripenet_0003225.jpg,1,0.4525240361690521
C:\Users\DELL-04-SMKKRIAN1\Documents\RipenAI\data\processed\test\pineapple_rotten\alexcj10-ripenet_0003226.jpg,1,0.6593714356422424
C:\Users\DELL-04-SMKKRIAN1\Documents\RipenAI\data\processed\test\pineapple_rotten\alexcj10-ripenet_0003227.jpg,1,0.9990966320037842
C:\Users\DELL-04-SMKKRIAN1\Documents\RipenAI\data\processed\test\pineapple_rotten\alexcj10-ripenet_0003228.jpg,1,0.9741382002830505
C:\Users\DELL-04-SMKKRIAN1\Documents\RipenAI\data\processed\test\pineapple_rotten\alexcj10-ripenet_0003229.jpg,1,0.9408156871795654
C:\Users\DELL-04-SMKKRIAN1\Documents\RipenAI\data\processed\test\pineapple_rotten\alexcj10-ripenet_0003230.jpg,1,0.7912023067474365
C:\Users\DELL-04-SMKKRIAN1\Documents\RipenAI\data\processed\test\pineapple_rotten\alexcj10-ripenet_0003231.jpg,1,0.47686532139778137
C:\Users\DELL-04-SMKKRIAN1\Documents\RipenAI\data\processed\test\pineapple_rotten\alexcj10-ripenet_0003232.jpg,1,0.871394693851471
C:\Users\DELL-04-SMKKRIAN1\Documents\RipenAI\data\processed\test\pineapple_rotten\alexcj10-ripenet_0003233.jpg,1,0.9665524363517761
C:\Users\DELL-04-SMKKRIAN1\Documents\RipenAI\data\processed\test\pineapple_rotten\alexcj10-ripenet_0003234.jpg,1,0.35068854689598083
C:\Users\DELL-04-SMKKRIAN1\Documents\RipenAI\data\processed\test\pineapple_rotten\alexcj10-ripenet_0003235.jpg,1,0.14805413782596588
C:\Users\DELL-04-SMKKRIAN1\Documents\RipenAI\data\processed\test\pineapple_rotten\alexcj10-ripenet_0003236.jpg,1,0.9225426316261292
C:\Users\DELL-04-SMKKRIAN1\Documents\RipenAI\data\processed\test\pineapple_rotten\alexcj10-ripenet_0003237.jpg,1,0.30755940079689026
C:\Users\DELL-04-SMKKRIAN1\Documents\RipenAI\data\processed\test\pineapple_rotten\alexcj10-ripenet_0003238.jpg,1,0.918978750705719
C:\Users\DELL-04-SMKKRIAN1\Documents\RipenAI\data\processed\test\pineapple_rotten\alexcj10-ripenet_0003239.jpg,1,0.29081037640571594
C:\Users\DELL-04-SMKKRIAN1\Documents\RipenAI\data\processed\test\pineapple_rotten\alexcj10-ripenet_0003240.jpg,1,0.7721733450889587
C:\Users\DELL-04-SMKKRIAN1\Documents\RipenAI\data\processed\test\pineapple_rotten\alexcj10-ripenet_0003241.jpg,1,0.9880275726318359
C:\Users\DELL-04-SMKKRIAN1\Documents\RipenAI\data\processed\test\pineapple_rotten\alexcj10-ripenet_0003242.jpg,1,0.8983274698257446
C:\Users\DELL-04-SMKKRIAN1\Documents\RipenAI\data\processed\test\pineapple_rotten\alexcj10-ripenet_0003243.jpg,1,0.42807894945144653
C:\Users\DELL-04-SMKKRIAN1\Documents\RipenAI\data\processed\test\pineapple_rotten\alexcj10-ripenet_0003244.jpg,1,0.13954509794712067
C:\Users\DELL-04-SMKKRIAN1\Documents\RipenAI\data\processed\test\pineapple_rotten\alexcj10-ripenet_0003245.jpg,1,0.5088139176368713
C:\Users\DELL-04-SMKKRIAN1\Documents\RipenAI\data\processed\test\pineapple_rotten\alexcj10-ripenet_0003246.jpg,1,0.7994517683982849
C:\Users\DELL-04-SMKKRIAN1\Documents\RipenAI\data\processed\test\pineapple_rotten\alexcj10-ripenet_0003247.jpg,1,0.9687530398368835
C:\Users\DELL-04-SMKKRIAN1\Documents\RipenAI\data\processed\test\pineapple_rotten\alexcj10-ripenet_0003248.jpg,1,0.9986936450004578
C:\Users\DELL-04-SMKKRIAN1\Documents\RipenAI\data\processed\test\pineapple_rotten\alexcj10-ripenet_0003249.jpg,1,0.1489308625459671
C:\Users\DELL-04-SMKKRIAN1\Documents\RipenAI\data\processed\test\pineapple_rotten\alexcj10-ripenet_0003250.jpg,1,0.2244473248720169
C:\Users\DELL-04-SMKKRIAN1\Documents\RipenAI\data\processed\test\pineapple_rotten\alexcj10-ripenet_0003251.jpg,1,0.8166996836662292
C:\Users\DELL-04-SMKKRIAN1\Documents\RipenAI\data\processed\test\pineapple_unripe\alexcj10-ripenet_0003252.jpg,0,0.07134077697992325
C:\Users\DELL-04-SMKKRIAN1\Documents\RipenAI\data\processed\test\pineapple_unripe\alexcj10-ripenet_0003253.jpg,0,0.2898046672344208
C:\Users\DELL-04-SMKKRIAN1\Documents\RipenAI\data\processed\test\pineapple_unripe\alexcj10-ripenet_0003254.jpg,0,0.6844944357872009
C:\Users\DELL-04-SMKKRIAN1\Documents\RipenAI\data\processed\test\pineapple_unripe\alexcj10-ripenet_0003255.jpg,0,0.17255917191505432
C:\Users\DELL-04-SMKKRIAN1\Documents\RipenAI\data\processed\test\pineapple_unripe\alexcj10-ripenet_0003256.jpg,0,0.020103879272937775
C:\Users\DELL-04-SMKKRIAN1\Documents\RipenAI\data\processed\test\pineapple_unripe\alexcj10-ripenet_0003257.jpg,0,0.28903985023498535
C:\Users\DELL-04-SMKKRIAN1\Documents\RipenAI\data\processed\test\pineapple_unripe\alexcj10-ripenet_0003258.jpg,0,0.0033590388484299183
C:\Users\DELL-04-SMKKRIAN1\Documents\RipenAI\data\processed\test\pineapple_unripe\alexcj10-ripenet_0003259.jpg,0,0.005808234214782715
C:\Users\DELL-04-SMKKRIAN1\Documents\RipenAI\data\processed\test\pineapple_unripe\alexcj10-ripenet_0003260.jpg,0,0.13529053330421448
C:\Users\DELL-04-SMKKRIAN1\Documents\RipenAI\data\processed\test\pineapple_unripe\alexcj10-ripenet_0003261.jpg,0,0.023134026676416397
C:\Users\DELL-04-SMKKRIAN1\Documents\RipenAI\data\processed\test\pineapple_unripe\alexcj10-ripenet_0003262.jpg,0,0.021869273856282234
C:\Users\DELL-04-SMKKRIAN1\Documents\RipenAI\data\processed\test\pineapple_unripe\alexcj10-ripenet_0003263.jpg,0,0.22420373558998108
C:\Users\DELL-04-SMKKRIAN1\Documents\RipenAI\data\processed\test\pineapple_unripe\alexcj10-ripenet_0003264.jpg,0,0.010943430475890636
C:\Users\DELL-04-SMKKRIAN1\Documents\RipenAI\data\processed\test\pineapple_unripe\alexcj10-ripenet_0003265.jpg,0,0.4413810670375824
C:\Users\DELL-04-SMKKRIAN1\Documents\RipenAI\data\processed\test\pineapple_unripe\alexcj10-ripenet_0003266.jpg,0,0.02257622592151165
C:\Users\DELL-04-SMKKRIAN1\Documents\RipenAI\data\processed\test\pineapple_unripe\alexcj10-ripenet_0003267.jpg,0,0.012282274663448334
C:\Users\DELL-04-SMKKRIAN1\Documents\RipenAI\data\processed\test\pineapple_unripe\alexcj10-ripenet_0003268.jpg,0,0.2327413558959961
C:\Users\DELL-04-SMKKRIAN1\Documents\RipenAI\data\processed\test\pineapple_unripe\alexcj10-ripenet_0003269.jpg,0,0.18359681963920593
C:\Users\DELL-04-SMKKRIAN1\Documents\RipenAI\data\processed\test\pineapple_unripe\alexcj10-ripenet_0003270.jpg,0,0.05926278606057167
C:\Users\DELL-04-SMKKRIAN1\Documents\RipenAI\data\processed\test\pineapple_unripe\alexcj10-ripenet_0003271.jpg,0,0.24683117866516113
C:\Users\DELL-04-SMKKRIAN1\Documents\RipenAI\data\processed\test\pineapple_unripe\alexcj10-ripenet_0003272.jpg,0,0.1907714158296585
C:\Users\DELL-04-SMKKRIAN1\Documents\RipenAI\data\processed\test\pineapple_unripe\alexcj10-ripenet_0003273.jpg,0,0.7766247391700745
C:\Users\DELL-04-SMKKRIAN1\Documents\RipenAI\data\processed\test\pineapple_unripe\alexcj10-ripenet_0003274.jpg,0,0.5836806297302246
C:\Users\DELL-04-SMKKRIAN1\Documents\RipenAI\data\processed\test\pineapple_unripe\alexcj10-ripenet_0003275.jpg,0,0.048800278455019
C:\Users\DELL-04-SMKKRIAN1\Documents\RipenAI\data\processed\test\pineapple_unripe\alexcj10-ripenet_0003276.jpg,0,0.09703686833381653
C:\Users\DELL-04-SMKKRIAN1\Documents\RipenAI\data\processed\test\pineapple_unripe\alexcj10-ripenet_0003277.jpg,0,0.004324022680521011
C:\Users\DELL-04-SMKKRIAN1\Documents\RipenAI\data\processed\test\pineapple_unripe\alexcj10-ripenet_0003278.jpg,0,0.532446563243866
C:\Users\DELL-04-SMKKRIAN1\Documents\RipenAI\data\processed\test\pineapple_unripe\alexcj10-ripenet_0003279.jpg,0,0.596152126789093
C:\Users\DELL-04-SMKKRIAN1\Documents\RipenAI\data\processed\test\pineapple_unripe\alexcj10-ripenet_0003280.jpg,0,0.060401417315006256
C:\Users\DELL-04-SMKKRIAN1\Documents\RipenAI\data\processed\test\pineapple_unripe\alexcj10-ripenet_0003281.jpg,0,0.15234500169754028
C:\Users\DELL-04-SMKKRIAN1\Documents\RipenAI\data\processed\test\pineapple_unripe\alexcj10-ripenet_0003282.jpg,0,0.0704289898276329
C:\Users\DELL-04-SMKKRIAN1\Documents\RipenAI\data\processed\test\pineapple_unripe\alexcj10-ripenet_0003283.jpg,0,0.25440219044685364
C:\Users\DELL-04-SMKKRIAN1\Documents\RipenAI\data\processed\test\pineapple_unripe\alexcj10-ripenet_0003284.jpg,0,0.33729615807533264
C:\Users\DELL-04-SMKKRIAN1\Documents\RipenAI\data\processed\test\pineapple_unripe\alexcj10-ripenet_0003285.jpg,0,0.13546444475650787
C:\Users\DELL-04-SMKKRIAN1\Documents\RipenAI\data\processed\test\pineapple_unripe\alexcj10-ripenet_0003286.jpg,0,0.006244193762540817
C:\Users\DELL-04-SMKKRIAN1\Documents\RipenAI\data\processed\test\pineapple_unripe\alexcj10-ripenet_0003287.jpg,0,0.02373471111059189
C:\Users\DELL-04-SMKKRIAN1\Documents\RipenAI\data\processed\test\pineapple_unripe\alexcj10-ripenet_0003288.jpg,0,0.09131651371717453
C:\Users\DELL-04-SMKKRIAN1\Documents\RipenAI\data\processed\test\pineapple_unripe\alexcj10-ripenet_0003289.jpg,0,0.18026427924633026
C:\Users\DELL-04-SMKKRIAN1\Documents\RipenAI\data\processed\test\pineapple_unripe\alexcj10-ripenet_0003290.jpg,0,0.021418895572423935
C:\Users\DELL-04-SMKKRIAN1\Documents\RipenAI\data\processed\test\pineapple_unripe\alexcj10-ripenet_0003291.jpg,0,0.2250308096408844
C:\Users\DELL-04-SMKKRIAN1\Documents\RipenAI\data\processed\test\pineapple_unripe\alexcj10-ripenet_0003292.jpg,0,0.1333005279302597
C:\Users\DELL-04-SMKKRIAN1\Documents\RipenAI\data\processed\test\pineapple_unripe\alexcj10-ripenet_0003293.jpg,0,0.03818207606673241
C:\Users\DELL-04-SMKKRIAN1\Documents\RipenAI\data\processed\test\pineapple_unripe\alexcj10-ripenet_0003294.jpg,0,0.2413470447063446
C:\Users\DELL-04-SMKKRIAN1\Documents\RipenAI\data\processed\test\pineapple_unripe\alexcj10-ripenet_0003295.jpg,0,0.8639421463012695
C:\Users\DELL-04-SMKKRIAN1\Documents\RipenAI\data\processed\test\pineapple_unripe\alexcj10-ripenet_0003296.jpg,0,0.1206006333231926
C:\Users\DELL-04-SMKKRIAN1\Documents\RipenAI\data\processed\test\pineapple_unripe\alexcj10-ripenet_0003297.jpg,0,0.04622385650873184
C:\Users\DELL-04-SMKKRIAN1\Documents\RipenAI\data\processed\test\pineapple_unripe\alexcj10-ripenet_0003298.jpg,0,0.10668694972991943
C:\Users\DELL-04-SMKKRIAN1\Documents\RipenAI\data\processed\test\pineapple_unripe\alexcj10-ripenet_0003299.jpg,0,0.04341018944978714
C:\Users\DELL-04-SMKKRIAN1\Documents\RipenAI\data\processed\test\pineapple_unripe\alexcj10-ripenet_0003300.jpg,0,0.239102303981781
C:\Users\DELL-04-SMKKRIAN1\Documents\RipenAI\data\processed\test\tomato_overripe\asadullahprl_0003301.jpg,0,0.26484620571136475
C:\Users\DELL-04-SMKKRIAN1\Documents\RipenAI\data\processed\test\tomato_overripe\asadullahprl_0003302.jpg,0,0.03660997748374939
C:\Users\DELL-04-SMKKRIAN1\Documents\RipenAI\data\processed\test\tomato_overripe\asadullahprl_0003303.jpg,0,0.1254163235425949
C:\Users\DELL-04-SMKKRIAN1\Documents\RipenAI\data\processed\test\tomato_overripe\asadullahprl_0003304.jpg,0,0.001527086365967989
C:\Users\DELL-04-SMKKRIAN1\Documents\RipenAI\data\processed\test\tomato_overripe\asadullahprl_0003305.jpg,0,0.006477771792560816
C:\Users\DELL-04-SMKKRIAN1\Documents\RipenAI\data\processed\test\tomato_overripe\asadullahprl_0003306.jpg,0,0.0033111884258687496
C:\Users\DELL-04-SMKKRIAN1\Documents\RipenAI\data\processed\test\tomato_overripe\asadullahprl_0003307.jpg,0,6.41953301965259e-05
C:\Users\DELL-04-SMKKRIAN1\Documents\RipenAI\data\processed\test\tomato_overripe\asadullahprl_0003308.jpg,0,0.002215840620920062
C:\Users\DELL-04-SMKKRIAN1\Documents\RipenAI\data\processed\test\tomato_ripe\asadullahprl_0003309.jpg,0,0.0010755478870123625
C:\Users\DELL-04-SMKKRIAN1\Documents\RipenAI\data\processed\test\tomato_ripe\asadullahprl_0003310.jpg,0,0.0012206673854961991
C:\Users\DELL-04-SMKKRIAN1\Documents\RipenAI\data\processed\test\tomato_ripe\asadullahprl_0003311.jpg,0,0.0015005391323938966
C:\Users\DELL-04-SMKKRIAN1\Documents\RipenAI\data\processed\test\tomato_ripe\asadullahprl_0003312.jpg,0,0.004066011402755976
C:\Users\DELL-04-SMKKRIAN1\Documents\RipenAI\data\processed\test\tomato_ripe\asadullahprl_0003313.jpg,0,4.1264662286266685e-05
C:\Users\DELL-04-SMKKRIAN1\Documents\RipenAI\data\processed\test\tomato_ripe\asadullahprl_0003314.jpg,0,0.007216326892375946
C:\Users\DELL-04-SMKKRIAN1\Documents\RipenAI\data\processed\test\tomato_ripe\asadullahprl_0003315.jpg,0,0.019780350849032402
C:\Users\DELL-04-SMKKRIAN1\Documents\RipenAI\data\processed\test\tomato_ripe\asadullahprl_0003316.jpg,0,5.9010690165450796e-05
C:\Users\DELL-04-SMKKRIAN1\Documents\RipenAI\data\processed\test\tomato_ripe\asadullahprl_0003317.jpg,0,0.003065584460273385
C:\Users\DELL-04-SMKKRIAN1\Documents\RipenAI\data\processed\test\tomato_ripe\asadullahprl_0003318.jpg,0,0.009900565259158611
C:\Users\DELL-04-SMKKRIAN1\Documents\RipenAI\data\processed\test\tomato_ripe\asadullahprl_0003319.jpg,0,0.051927048712968826
C:\Users\DELL-04-SMKKRIAN1\Documents\RipenAI\data\processed\test\tomato_ripe\asadullahprl_0003320.jpg,0,0.0006367838359437883
C:\Users\DELL-04-SMKKRIAN1\Documents\RipenAI\data\processed\test\tomato_ripe\asadullahprl_0003321.jpg,0,4.2858820961555466e-05
C:\Users\DELL-04-SMKKRIAN1\Documents\RipenAI\data\processed\test\tomato_ripe\asadullahprl_0003322.jpg,0,0.003460913198068738
C:\Users\DELL-04-SMKKRIAN1\Documents\RipenAI\data\processed\test\tomato_ripe\asadullahprl_0003323.jpg,0,0.000887152855284512
C:\Users\DELL-04-SMKKRIAN1\Documents\RipenAI\data\processed\test\tomato_ripe\asadullahprl_0003324.jpg,0,0.002546141389757395
C:\Users\DELL-04-SMKKRIAN1\Documents\RipenAI\data\processed\test\tomato_ripe\asadullahprl_0003325.jpg,0,0.00029764699866063893
C:\Users\DELL-04-SMKKRIAN1\Documents\RipenAI\data\processed\test\tomato_ripe\asadullahprl_0003326.jpg,0,0.008386170491576195
C:\Users\DELL-04-SMKKRIAN1\Documents\RipenAI\data\processed\test\tomato_ripe\asadullahprl_0003327.jpg,0,0.00215401453897357
C:\Users\DELL-04-SMKKRIAN1\Documents\RipenAI\data\processed\test\tomato_ripe\asadullahprl_0003328.jpg,0,0.0018506761407479644
C:\Users\DELL-04-SMKKRIAN1\Documents\RipenAI\data\processed\test\tomato_ripe\asadullahprl_0003329.jpg,0,0.0014188130153343081
C:\Users\DELL-04-SMKKRIAN1\Documents\RipenAI\data\processed\test\tomato_ripe\asadullahprl_0003330.jpg,0,0.002518528373911977
C:\Users\DELL-04-SMKKRIAN1\Documents\RipenAI\data\processed\test\tomato_ripe\asadullahprl_0003331.jpg,0,0.0016918587498366833
C:\Users\DELL-04-SMKKRIAN1\Documents\RipenAI\data\processed\test\tomato_ripe\asadullahprl_0003332.jpg,0,0.001127186929807067
C:\Users\DELL-04-SMKKRIAN1\Documents\RipenAI\data\processed\test\tomato_ripe\asadullahprl_0003333.jpg,0,0.709489643573761
C:\Users\DELL-04-SMKKRIAN1\Documents\RipenAI\data\processed\test\tomato_ripe\asadullahprl_0003334.jpg,0,0.00023901138047222048
C:\Users\DELL-04-SMKKRIAN1\Documents\RipenAI\data\processed\test\tomato_unripe\asadullahprl_0003335.jpg,0,0.25153985619544983
C:\Users\DELL-04-SMKKRIAN1\Documents\RipenAI\data\processed\test\tomato_unripe\asadullahprl_0003336.jpg,0,5.1494240324245766e-05
C:\Users\DELL-04-SMKKRIAN1\Documents\RipenAI\data\processed\test\tomato_unripe\asadullahprl_0003337.jpg,0,0.0014591081999242306
C:\Users\DELL-04-SMKKRIAN1\Documents\RipenAI\data\processed\test\tomato_unripe\asadullahprl_0003338.jpg,0,0.00412015151232481
C:\Users\DELL-04-SMKKRIAN1\Documents\RipenAI\data\processed\test\tomato_unripe\asadullahprl_0003339.jpg,0,0.00011134379747090861
C:\Users\DELL-04-SMKKRIAN1\Documents\RipenAI\data\processed\test\tomato_unripe\asadullahprl_0003340.jpg,0,0.0001340449962299317
C:\Users\DELL-04-SMKKRIAN1\Documents\RipenAI\data\processed\test\tomato_unripe\asadullahprl_0003341.jpg,0,0.000967693398706615
C:\Users\DELL-04-SMKKRIAN1\Documents\RipenAI\data\processed\test\tomato_unripe\asadullahprl_0003342.jpg,0,0.001350772799924016
C:\Users\DELL-04-SMKKRIAN1\Documents\RipenAI\data\processed\test\tomato_unripe\asadullahprl_0003343.jpg,0,1.9692544810823165e-05
C:\Users\DELL-04-SMKKRIAN1\Documents\RipenAI\data\processed\test\tomato_unripe\asadullahprl_0003344.jpg,0,0.031760528683662415
C:\Users\DELL-04-SMKKRIAN1\Documents\RipenAI\data\processed\test\tomato_unripe\asadullahprl_0003345.jpg,0,1.9882038486684905e-06
C:\Users\DELL-04-SMKKRIAN1\Documents\RipenAI\data\processed\test\tomato_unripe\asadullahprl_0003346.jpg,0,0.01044284924864769
C:\Users\DELL-04-SMKKRIAN1\Documents\RipenAI\data\processed\test\tomato_unripe\asadullahprl_0003347.jpg,0,0.0004733820678666234
C:\Users\DELL-04-SMKKRIAN1\Documents\RipenAI\data\processed\test\tomato_unripe\asadullahprl_0003348.jpg,0,0.0003384810406714678
C:\Users\DELL-04-SMKKRIAN1\Documents\RipenAI\data\processed\test\tomato_unripe\asadullahprl_0003349.jpg,0,0.00019013775454368442
C:\Users\DELL-04-SMKKRIAN1\Documents\RipenAI\data\processed\test\tomato_unripe\asadullahprl_0003350.jpg,0,0.00026514913770370185
C:\Users\DELL-04-SMKKRIAN1\Documents\RipenAI\data\processed\test\tomato_unripe\asadullahprl_0003351.jpg,0,2.0753717763000168e-05
C:\Users\DELL-04-SMKKRIAN1\Documents\RipenAI\data\processed\test\tomato_unripe\asadullahprl_0003352.jpg,0,0.009938051924109459
C:\Users\DELL-04-SMKKRIAN1\Documents\RipenAI\data\processed\test\tomato_unripe\asadullahprl_0003353.jpg,0,0.002084944164380431
C:\Users\DELL-04-SMKKRIAN1\Documents\RipenAI\data\processed\test\tomato_unripe\asadullahprl_0003354.jpg,0,0.0017079210374504328
C:\Users\DELL-04-SMKKRIAN1\Documents\RipenAI\data\processed\test\tomato_unripe\asadullahprl_0003355.jpg,0,0.009158788248896599
C:\Users\DELL-04-SMKKRIAN1\Documents\RipenAI\data\processed\test\tomato_unripe\asadullahprl_0003356.jpg,0,0.00011249371891608462
C:\Users\DELL-04-SMKKRIAN1\Documents\RipenAI\data\processed\test\tomato_unripe\asadullahprl_0003357.jpg,0,0.00016512905131094158
C:\Users\DELL-04-SMKKRIAN1\Documents\RipenAI\data\processed\test\tomato_unripe\asadullahprl_0003358.jpg,0,0.0041492534801363945
C:\Users\DELL-04-SMKKRIAN1\Documents\RipenAI\data\processed\test\tomato_unripe\asadullahprl_0003359.jpg,0,0.004572518635541201
C:\Users\DELL-04-SMKKRIAN1\Documents\RipenAI\data\processed\test\tomato_unripe\asadullahprl_0003360.jpg,0,0.0131864994764328
C:\Users\DELL-04-SMKKRIAN1\Documents\RipenAI\data\processed\test\tomato_unripe\asadullahprl_0003361.jpg,0,0.005543937906622887
C:\Users\DELL-04-SMKKRIAN1\Documents\RipenAI\data\processed\test\tomato_unripe\asadullahprl_0003362.jpg,0,0.0012284659314900637
