path,true_stage,pred_stage_when_banana_selected,global_pred_label,banana_support,confidence,correct_stage
C:\Users\DELL-04-SMKKRIAN1\Documents\RipenAI\data\raw_external\bananaimagebd\extracted\banana_overripe\bananaimagebd_00416.jpg,overripe,overripe,banana_overripe,0.9997169971466064,0.7299666404724121,True
C:\Users\DELL-04-SMKKRIAN1\Documents\RipenAI\data\raw_external\bananaimagebd\extracted\banana_overripe\bananaimagebd_00417.jpg,overripe,overripe,banana_overripe,0.9998615384101868,0.9991770386695862,True
C:\Users\DELL-04-SMKKRIAN1\Documents\RipenAI\data\raw_external\bananaimagebd\extracted\banana_overripe\bananaimagebd_00418.jpg,overripe,overripe,banana_overripe,0.9993355870246887,0.9841968417167664,True
C:\Users\DELL-04-SMKKRIAN1\Documents\RipenAI\data\raw_external\bananaimagebd\extracted\banana_overripe\bananaimagebd_00419.jpg,overripe,overripe,banana_overripe,0.9942762851715088,0.9844685792922974,True
C:\Users\DELL-04-SMKKRIAN1\Documents\RipenAI\data\raw_external\bananaimagebd\extracted\banana_overripe\bananaimagebd_00420.jpg,overripe,overripe,banana_overripe,0.9875873923301697,0.9731889963150024,True
C:\Users\DELL-04-SMKKRIAN1\Documents\RipenAI\data\raw_external\bananaimagebd\extracted\banana_overripe\bananaimagebd_00421.jpg,overripe,overripe,banana_overripe,0.9996323585510254,0.9307970404624939,True
C:\Users\DELL-04-SMKKRIAN1\Documents\RipenAI\data\raw_external\bananaimagebd\extracted\banana_overripe\bananaimagebd_00422.jpg,overripe,overripe,banana_overripe,0.9998953938484192,0.9928203225135803,True
C:\Users\DELL-04-SMKKRIAN1\Documents\RipenAI\data\raw_external\bananaimagebd\extracted\banana_overripe\bananaimagebd_00423.jpg,overripe,overripe,banana_overripe,0.9992742538452148,0.6235451698303223,True
C:\Users\DELL-04-SMKKRIAN1\Documents\RipenAI\data\raw_external\bananaimagebd\extracted\banana_overripe\bananaimagebd_00424.jpg,overripe,overripe,banana_overripe,0.9997929334640503,0.9950304627418518,True
C:\Users\DELL-04-SMKKRIAN1\Documents\RipenAI\data\raw_external\bananaimagebd\extracted\banana_overripe\bananaimagebd_00425.jpg,overripe,overripe,banana_overripe,0.999577522277832,0.998603105545044,True
C:\Users\DELL-04-SMKKRIAN1\Documents\RipenAI\data\raw_external\bananaimagebd\extracted\banana_overripe\bananaimagebd_00426.jpg,overripe,overripe,banana_overripe,0.9871461391448975,0.9721129536628723,True
C:\Users\DELL-04-SMKKRIAN1\Documents\RipenAI\data\raw_external\bananaimagebd\extracted\banana_overripe\bananaimagebd_00427.jpg,overripe,overripe,banana_overripe,0.9980835318565369,0.9917542338371277,True
C:\Users\DELL-04-SMKKRIAN1\Documents\RipenAI\data\raw_external\bananaimagebd\extracted\banana_overripe\bananaimagebd_00428.jpg,overripe,overripe,banana_overripe,0.9904583692550659,0.9860600829124451,True
C:\Users\DELL-04-SMKKRIAN1\Documents\RipenAI\data\raw_external\bananaimagebd\extracted\banana_overripe\bananaimagebd_00429.jpg,overripe,overripe,banana_overripe,0.999471127986908,0.9938669204711914,True
C:\Users\DELL-04-SMKKRIAN1\Documents\RipenAI\data\raw_external\bananaimagebd\extracted\banana_overripe\bananaimagebd_00430.jpg,overripe,overripe,banana_overripe,0.9997972846031189,0.9973767995834351,True
C:\Users\DELL-04-SMKKRIAN1\Documents\RipenAI\data\raw_external\bananaimagebd\extracted\banana_overripe\bananaimagebd_00431.jpg,overripe,overripe,banana_overripe,0.9998928308486938,0.9999222159385681,True
C:\Users\DELL-04-SMKKRIAN1\Documents\RipenAI\data\raw_external\bananaimagebd\extracted\banana_overripe\bananaimagebd_00432.jpg,overripe,overripe,banana_overripe,0.9999251961708069,0.9997557997703552,True
C:\Users\DELL-04-SMKKRIAN1\Documents\RipenAI\data\raw_external\bananaimagebd\extracted\banana_overripe\bananaimagebd_00433.jpg,overripe,overripe,banana_overripe,0.9997992515563965,0.9961838126182556,True
C:\Users\DELL-04-SMKKRIAN1\Documents\RipenAI\data\raw_external\bananaimagebd\extracted\banana_overripe\bananaimagebd_00434.jpg,overripe,overripe,banana_overripe,0.9993127584457397,0.9982702732086182,True
C:\Users\DELL-04-SMKKRIAN1\Documents\RipenAI\data\raw_external\bananaimagebd\extracted\banana_overripe\bananaimagebd_00435.jpg,overripe,overripe,banana_overripe,0.9906663298606873,0.9831975102424622,True
C:\Users\DELL-04-SMKKRIAN1\Documents\RipenAI\data\raw_external\bananaimagebd\extracted\banana_overripe\bananaimagebd_00436.jpg,overripe,overripe,banana_overripe,0.9995889067649841,0.9997120499610901,True
C:\Users\DELL-04-SMKKRIAN1\Documents\RipenAI\data\raw_external\bananaimagebd\extracted\banana_overripe\bananaimagebd_00437.jpg,overripe,overripe,banana_overripe,0.9949604272842407,0.9800513982772827,True
C:\Users\DELL-04-SMKKRIAN1\Documents\RipenAI\data\raw_external\bananaimagebd\extracted\banana_overripe\bananaimagebd_00438.jpg,overripe,overripe,banana_overripe,0.9985804557800293,0.9116559624671936,True
C:\Users\DELL-04-SMKKRIAN1\Documents\RipenAI\data\raw_external\bananaimagebd\extracted\banana_overripe\bananaimagebd_00439.jpg,overripe,overripe,banana_overripe,0.9998936057090759,0.9215553402900696,True
C:\Users\DELL-04-SMKKRIAN1\Documents\RipenAI\data\raw_external\bananaimagebd\extracted\banana_overripe\bananaimagebd_00440.jpg,overripe,overripe,banana_overripe,0.998421847820282,0.9967334270477295,True
C:\Users\DELL-04-SMKKRIAN1\Documents\RipenAI\data\raw_external\bananaimagebd\extracted\banana_overripe\bananaimagebd_00441.jpg,overripe,overripe,banana_overripe,0.9995936751365662,0.9865863919258118,True
C:\Users\DELL-04-SMKKRIAN1\Documents\RipenAI\data\raw_external\bananaimagebd\extracted\banana_overripe\bananaimagebd_00442.jpg,overripe,ripe,banana_ripe,0.5201408863067627,0.8962690234184265,False
C:\Users\DELL-04-SMKKRIAN1\Documents\RipenAI\data\raw_external\bananaimagebd\extracted\banana_overripe\bananaimagebd_00443.jpg,overripe,overripe,banana_overripe,0.9994097948074341,0.9721088409423828,True
C:\Users\DELL-04-SMKKRIAN1\Documents\RipenAI\data\raw_external\bananaimagebd\extracted\banana_overripe\bananaimagebd_00444.jpg,overripe,overripe,banana_overripe,0.9978740215301514,0.9916747212409973,True
C:\Users\DELL-04-SMKKRIAN1\Documents\RipenAI\data\raw_external\bananaimagebd\extracted\banana_overripe\bananaimagebd_00445.jpg,overripe,overripe,banana_overripe,0.8306150436401367,0.5065150856971741,True
C:\Users\DELL-04-SMKKRIAN1\Documents\RipenAI\data\raw_external\bananaimagebd\extracted\banana_overripe\bananaimagebd_00446.jpg,overripe,overripe,banana_overripe,0.9885313510894775,0.9071375727653503,True
C:\Users\DELL-04-SMKKRIAN1\Documents\RipenAI\data\raw_external\bananaimagebd\extracted\banana_overripe\bananaimagebd_00447.jpg,overripe,overripe,banana_overripe,0.9990152716636658,0.9993196129798889,True
C:\Users\DELL-04-SMKKRIAN1\Documents\RipenAI\data\raw_external\bananaimagebd\extracted\banana_overripe\bananaimagebd_00448.jpg,overripe,overripe,banana_overripe,0.9998482465744019,0.9993409514427185,True
C:\Users\DELL-04-SMKKRIAN1\Documents\RipenAI\data\raw_external\bananaimagebd\extracted\banana_overripe\bananaimagebd_00449.jpg,overripe,overripe,banana_overripe,0.9989500045776367,0.9972707033157349,True
C:\Users\DELL-04-SMKKRIAN1\Documents\RipenAI\data\raw_external\bananaimagebd\extracted\banana_overripe\bananaimagebd_00450.jpg,overripe,overripe,banana_overripe,0.9844506978988647,0.9874372482299805,True
C:\Users\DELL-04-SMKKRIAN1\Documents\RipenAI\data\raw_external\bananaimagebd\extracted\banana_overripe\bananaimagebd_00451.jpg,overripe,overripe,banana_overripe,0.9998674392700195,0.99924236536026,True
C:\Users\DELL-04-SMKKRIAN1\Documents\RipenAI\data\raw_external\bananaimagebd\extracted\banana_overripe\bananaimagebd_00452.jpg,overripe,overripe,banana_overripe,0.9997919797897339,0.9995185136795044,True
C:\Users\DELL-04-SMKKRIAN1\Documents\RipenAI\data\raw_external\bananaimagebd\extracted\banana_overripe\bananaimagebd_00453.jpg,overripe,overripe,banana_overripe,0.9990060925483704,0.9913337230682373,True
C:\Users\DELL-04-SMKKRIAN1\Documents\RipenAI\data\raw_external\bananaimagebd\extracted\banana_overripe\bananaimagebd_00454.jpg,overripe,overripe,banana_overripe,0.9995752573013306,0.9950686097145081,True
C:\Users\DELL-04-SMKKRIAN1\Documents\RipenAI\data\raw_external\bananaimagebd\extracted\banana_overripe\bananaimagebd_00455.jpg,overripe,overripe,banana_overripe,0.9979234337806702,0.9861546158790588,True
C:\Users\DELL-04-SMKKRIAN1\Documents\RipenAI\data\raw_external\bananaimagebd\extracted\banana_overripe\bananaimagebd_00456.jpg,overripe,overripe,banana_overripe,0.9971640706062317,0.997508704662323,True
C:\Users\DELL-04-SMKKRIAN1\Documents\RipenAI\data\raw_external\bananaimagebd\extracted\banana_overripe\bananaimagebd_00457.jpg,overripe,overripe,banana_overripe,0.9868748188018799,0.9976876974105835,True
C:\Users\DELL-04-SMKKRIAN1\Documents\RipenAI\data\raw_external\bananaimagebd\extracted\banana_overripe\bananaimagebd_00458.jpg,overripe,overripe,banana_overripe,0.9990911483764648,0.9990931153297424,True
C:\Users\DELL-04-SMKKRIAN1\Documents\RipenAI\data\raw_external\bananaimagebd\extracted\banana_overripe\bananaimagebd_00459.jpg,overripe,overripe,banana_overripe,0.9925355911254883,0.9978316426277161,True
C:\Users\DELL-04-SMKKRIAN1\Documents\RipenAI\data\raw_external\bananaimagebd\extracted\banana_overripe\bananaimagebd_00460.jpg,overripe,overripe,banana_overripe,0.9998182058334351,0.997200608253479,True
C:\Users\DELL-04-SMKKRIAN1\Documents\RipenAI\data\raw_external\bananaimagebd\extracted\banana_overripe\bananaimagebd_00461.jpg,overripe,overripe,banana_overripe,0.9992935657501221,0.9968395829200745,True
C:\Users\DELL-04-SMKKRIAN1\Documents\RipenAI\data\raw_external\bananaimagebd\extracted\banana_overripe\bananaimagebd_00462.jpg,overripe,overripe,banana_overripe,0.9958541393280029,0.9988642334938049,True
C:\Users\DELL-04-SMKKRIAN1\Documents\RipenAI\data\raw_external\bananaimagebd\extracted\banana_overripe\bananaimagebd_00463.jpg,overripe,overripe,banana_overripe,0.9991176128387451,0.9015327095985413,True
C:\Users\DELL-04-SMKKRIAN1\Documents\RipenAI\data\raw_external\bananaimagebd\extracted\banana_overripe\bananaimagebd_00464.jpg,overripe,overripe,banana_overripe,0.9986117482185364,0.9849609136581421,True
C:\Users\DELL-04-SMKKRIAN1\Documents\RipenAI\data\raw_external\bananaimagebd\extracted\banana_overripe\bananaimagebd_00465.jpg,overripe,overripe,banana_overripe,0.999717116355896,0.9986602067947388,True
C:\Users\DELL-04-SMKKRIAN1\Documents\RipenAI\data\raw_external\bananaimagebd\extracted\banana_overripe\bananaimagebd_00466.jpg,overripe,overripe,banana_overripe,0.999872624874115,0.9892215132713318,True
C:\Users\DELL-04-SMKKRIAN1\Documents\RipenAI\data\raw_external\bananaimagebd\extracted\banana_overripe\bananaimagebd_00467.jpg,overripe,overripe,banana_overripe,0.9885635375976562,0.9978525042533875,True
C:\Users\DELL-04-SMKKRIAN1\Documents\RipenAI\data\raw_external\bananaimagebd\extracted\banana_overripe\bananaimagebd_00468.jpg,overripe,overripe,banana_overripe,0.999719500541687,0.9533155560493469,True
C:\Users\DELL-04-SMKKRIAN1\Documents\RipenAI\data\raw_external\bananaimagebd\extracted\banana_overripe\bananaimagebd_00469.jpg,overripe,overripe,banana_overripe,0.999476432800293,0.9986534714698792,True
C:\Users\DELL-04-SMKKRIAN1\Documents\RipenAI\data\raw_external\bananaimagebd\extracted\banana_overripe\bananaimagebd_00470.jpg,overripe,overripe,banana_overripe,0.9960862994194031,0.996951162815094,True
C:\Users\DELL-04-SMKKRIAN1\Documents\RipenAI\data\raw_external\bananaimagebd\extracted\banana_overripe\bananaimagebd_00471.jpg,overripe,overripe,banana_overripe,0.9929442405700684,0.9697472453117371,True
C:\Users\DELL-04-SMKKRIAN1\Documents\RipenAI\data\raw_external\bananaimagebd\extracted\banana_overripe\bananaimagebd_00472.jpg,overripe,overripe,banana_overripe,0.999752402305603,0.9996557831764221,True
C:\Users\DELL-04-SMKKRIAN1\Documents\RipenAI\data\raw_external\bananaimagebd\extracted\banana_overripe\bananaimagebd_00473.jpg,overripe,overripe,banana_overripe,0.9999358057975769,0.999440610408783,True
C:\Users\DELL-04-SMKKRIAN1\Documents\RipenAI\data\raw_external\bananaimagebd\extracted\banana_overripe\bananaimagebd_00474.jpg,overripe,overripe,banana_overripe,0.997734010219574,0.8048399686813354,True
C:\Users\DELL-04-SMKKRIAN1\Documents\RipenAI\data\raw_external\bananaimagebd\extracted\banana_overripe\bananaimagebd_00475.jpg,overripe,overripe,banana_overripe,0.999686598777771,0.9897727370262146,True
C:\Users\DELL-04-SMKKRIAN1\Documents\RipenAI\data\raw_external\bananaimagebd\extracted\banana_overripe\bananaimagebd_00476.jpg,overripe,overripe,banana_overripe,0.9963645935058594,0.9111776351928711,True
C:\Users\DELL-04-SMKKRIAN1\Documents\RipenAI\data\raw_external\bananaimagebd\extracted\banana_overripe\bananaimagebd_00477.jpg,overripe,overripe,banana_overripe,0.9999150633811951,0.9918563365936279,True
C:\Users\DELL-04-SMKKRIAN1\Documents\RipenAI\data\raw_external\bananaimagebd\extracted\banana_overripe\bananaimagebd_00478.jpg,overripe,overripe,banana_overripe,0.9992462992668152,0.9814925193786621,True
C:\Users\DELL-04-SMKKRIAN1\Documents\RipenAI\data\raw_external\bananaimagebd\extracted\banana_overripe\bananaimagebd_00479.jpg,overripe,overripe,banana_overripe,0.9968870878219604,0.9972808361053467,True
C:\Users\DELL-04-SMKKRIAN1\Documents\RipenAI\data\raw_external\bananaimagebd\extracted\banana_overripe\bananaimagebd_00480.jpg,overripe,overripe,banana_overripe,0.9993025660514832,0.996612548828125,True
C:\Users\DELL-04-SMKKRIAN1\Documents\RipenAI\data\raw_external\bananaimagebd\extracted\banana_overripe\bananaimagebd_00481.jpg,overripe,overripe,banana_overripe,0.9996213316917419,0.9139362573623657,True
C:\Users\DELL-04-SMKKRIAN1\Documents\RipenAI\data\raw_external\bananaimagebd\extracted\banana_overripe\bananaimagebd_00482.jpg,overripe,overripe,banana_overripe,0.9951688647270203,0.9908145666122437,True
C:\Users\DELL-04-SMKKRIAN1\Documents\RipenAI\data\raw_external\bananaimagebd\extracted\banana_overripe\bananaimagebd_00483.jpg,overripe,overripe,banana_overripe,0.9892660975456238,0.9973970651626587,True
C:\Users\DELL-04-SMKKRIAN1\Documents\RipenAI\data\raw_external\bananaimagebd\extracted\banana_overripe\bananaimagebd_00484.jpg,overripe,overripe,banana_overripe,0.9997979998588562,0.986810564994812,True
C:\Users\DELL-04-SMKKRIAN1\Documents\RipenAI\data\raw_external\bananaimagebd\extracted\banana_overripe\bananaimagebd_00485.jpg,overripe,overripe,banana_overripe,0.9786374568939209,0.9699329137802124,True
C:\Users\DELL-04-SMKKRIAN1\Documents\RipenAI\data\raw_external\bananaimagebd\extracted\banana_overripe\bananaimagebd_00486.jpg,overripe,overripe,banana_overripe,0.9959847927093506,0.9943062663078308,True
C:\Users\DELL-04-SMKKRIAN1\Documents\RipenAI\data\raw_external\bananaimagebd\extracted\banana_overripe\bananaimagebd_00487.jpg,overripe,overripe,banana_overripe,0.9923070669174194,0.9966951012611389,True
C:\Users\DELL-04-SMKKRIAN1\Documents\RipenAI\data\raw_external\bananaimagebd\extracted\banana_overripe\bananaimagebd_00488.jpg,overripe,overripe,banana_overripe,0.9973011612892151,0.9919549822807312,True
C:\Users\DELL-04-SMKKRIAN1\Documents\RipenAI\data\raw_external\bananaimagebd\extracted\banana_overripe\bananaimagebd_00489.jpg,overripe,overripe,banana_overripe,0.9981710314750671,0.9997206330299377,True
C:\Users\DELL-04-SMKKRIAN1\Documents\RipenAI\data\raw_external\bananaimagebd\extracted\banana_overripe\bananaimagebd_00490.jpg,overripe,overripe,banana_overripe,0.9998894333839417,0.9991796016693115,True
C:\Users\DELL-04-SMKKRIAN1\Documents\RipenAI\data\raw_external\bananaimagebd\extracted\banana_overripe\bananaimagebd_00491.jpg,overripe,overripe,banana_overripe,0.9987983107566833,0.9985106587409973,True
C:\Users\DELL-04-SMKKRIAN1\Documents\RipenAI\data\raw_external\bananaimagebd\extracted\banana_overripe\bananaimagebd_00492.jpg,overripe,overripe,banana_overripe,0.9996168613433838,0.999130368232727,True
C:\Users\DELL-04-SMKKRIAN1\Documents\RipenAI\data\raw_external\bananaimagebd\extracted\banana_overripe\bananaimagebd_00493.jpg,overripe,overripe,banana_overripe,0.9994795918464661,0.9996752738952637,True
C:\Users\DELL-04-SMKKRIAN1\Documents\RipenAI\data\raw_external\bananaimagebd\extracted\banana_overripe\bananaimagebd_00494.jpg,overripe,overripe,banana_overripe,0.9982958436012268,0.7912327647209167,True
C:\Users\DELL-04-SMKKRIAN1\Documents\RipenAI\data\raw_external\bananaimagebd\extracted\banana_overripe\bananaimagebd_00495.jpg,overripe,overripe,banana_overripe,0.9998367428779602,0.9858687520027161,True
C:\Users\DELL-04-SMKKRIAN1\Documents\RipenAI\data\raw_external\bananaimagebd\extracted\banana_overripe\bananaimagebd_00496.jpg,overripe,overripe,banana_overripe,0.9962337613105774,0.9972751140594482,True
C:\Users\DELL-04-SMKKRIAN1\Documents\RipenAI\data\raw_external\bananaimagebd\extracted\banana_overripe\bananaimagebd_00497.jpg,overripe,overripe,banana_overripe,0.9993062019348145,0.9997822642326355,True
C:\Users\DELL-04-SMKKRIAN1\Documents\RipenAI\data\raw_external\bananaimagebd\extracted\banana_overripe\bananaimagebd_00498.jpg,overripe,overripe,banana_overripe,0.9986063838005066,0.9962034821510315,True
C:\Users\DELL-04-SMKKRIAN1\Documents\RipenAI\data\raw_external\bananaimagebd\extracted\banana_overripe\bananaimagebd_00499.jpg,overripe,overripe,banana_overripe,0.989966094493866,0.996094286441803,True
C:\Users\DELL-04-SMKKRIAN1\Documents\RipenAI\data\raw_external\bananaimagebd\extracted\banana_overripe\bananaimagebd_00500.jpg,overripe,overripe,banana_overripe,0.9971424341201782,0.9983179569244385,True
C:\Users\DELL-04-SMKKRIAN1\Documents\RipenAI\data\raw_external\bananaimagebd\extracted\banana_overripe\bananaimagebd_00501.jpg,overripe,overripe,banana_overripe,0.9964879155158997,0.9221159219741821,True
C:\Users\DELL-04-SMKKRIAN1\Documents\RipenAI\data\raw_external\bananaimagebd\extracted\banana_overripe\bananaimagebd_00502.jpg,overripe,overripe,banana_overripe,0.997177243232727,0.9507867693901062,True
C:\Users\DELL-04-SMKKRIAN1\Documents\RipenAI\data\raw_external\bananaimagebd\extracted\banana_overripe\bananaimagebd_00503.jpg,overripe,overripe,banana_overripe,0.996200680732727,0.9973931908607483,True
C:\Users\DELL-04-SMKKRIAN1\Documents\RipenAI\data\raw_external\bananaimagebd\extracted\banana_overripe\bananaimagebd_00504.jpg,overripe,overripe,banana_overripe,0.993455708026886,0.500813901424408,True
C:\Users\DELL-04-SMKKRIAN1\Documents\RipenAI\data\raw_external\bananaimagebd\extracted\banana_overripe\bananaimagebd_00505.jpg,overripe,ripe,banana_ripe,0.9987678527832031,0.5982609391212463,False
C:\Users\DELL-04-SMKKRIAN1\Documents\RipenAI\data\raw_external\bananaimagebd\extracted\banana_overripe\bananaimagebd_00506.jpg,overripe,overripe,banana_overripe,0.9997303485870361,0.9901033639907837,True
C:\Users\DELL-04-SMKKRIAN1\Documents\RipenAI\data\raw_external\bananaimagebd\extracted\banana_overripe\bananaimagebd_00507.jpg,overripe,overripe,banana_overripe,0.9993196129798889,0.9978988766670227,True
C:\Users\DELL-04-SMKKRIAN1\Documents\RipenAI\data\raw_external\bananaimagebd\extracted\banana_overripe\bananaimagebd_00508.jpg,overripe,overripe,banana_overripe,0.9918636083602905,0.9241589903831482,True
C:\Users\DELL-04-SMKKRIAN1\Documents\RipenAI\data\raw_external\bananaimagebd\extracted\banana_overripe\bananaimagebd_00509.jpg,overripe,overripe,banana_overripe,0.9950924515724182,0.9974811673164368,True
C:\Users\DELL-04-SMKKRIAN1\Documents\RipenAI\data\raw_external\bananaimagebd\extracted\banana_overripe\bananaimagebd_00510.jpg,overripe,overripe,banana_overripe,0.9971122145652771,0.9992488622665405,True
C:\Users\DELL-04-SMKKRIAN1\Documents\RipenAI\data\raw_external\bananaimagebd\extracted\banana_overripe\bananaimagebd_00511.jpg,overripe,overripe,banana_overripe,0.9994223117828369,0.9991976022720337,True
C:\Users\DELL-04-SMKKRIAN1\Documents\RipenAI\data\raw_external\bananaimagebd\extracted\banana_overripe\bananaimagebd_00512.jpg,overripe,overripe,banana_overripe,0.9981101751327515,0.9990106821060181,True
C:\Users\DELL-04-SMKKRIAN1\Documents\RipenAI\data\raw_external\bananaimagebd\extracted\banana_overripe\bananaimagebd_00513.jpg,overripe,overripe,banana_overripe,0.9800498485565186,0.9915721416473389,True
C:\Users\DELL-04-SMKKRIAN1\Documents\RipenAI\data\raw_external\bananaimagebd\extracted\banana_overripe\bananaimagebd_00514.jpg,overripe,overripe,banana_overripe,0.9971816539764404,0.9822976589202881,True
C:\Users\DELL-04-SMKKRIAN1\Documents\RipenAI\data\raw_external\bananaimagebd\extracted\banana_overripe\bananaimagebd_00515.jpg,overripe,overripe,banana_overripe,0.997025191783905,0.920160710811615,True
C:\Users\DELL-04-SMKKRIAN1\Documents\RipenAI\data\raw_external\bananaimagebd\extracted\banana_overripe\bananaimagebd_00516.jpg,overripe,overripe,banana_overripe,0.9998969435691833,0.9990739226341248,True
C:\Users\DELL-04-SMKKRIAN1\Documents\RipenAI\data\raw_external\bananaimagebd\extracted\banana_overripe\bananaimagebd_00517.jpg,overripe,overripe,banana_overripe,0.999351441860199,0.7580735683441162,True
C:\Users\DELL-04-SMKKRIAN1\Documents\RipenAI\data\raw_external\bananaimagebd\extracted\banana_overripe\bananaimagebd_00518.jpg,overripe,overripe,banana_overripe,0.9972608685493469,0.7211518883705139,True
C:\Users\DELL-04-SMKKRIAN1\Documents\RipenAI\data\raw_external\bananaimagebd\extracted\banana_overripe\bananaimagebd_00519.jpg,overripe,ripe,banana_ripe,0.9997683763504028,0.8864237666130066,False
C:\Users\DELL-04-SMKKRIAN1\Documents\RipenAI\data\raw_external\bananaimagebd\extracted\banana_overripe\bananaimagebd_00520.jpg,overripe,overripe,banana_overripe,0.9984878897666931,0.998281717300415,True
C:\Users\DELL-04-SMKKRIAN1\Documents\RipenAI\data\raw_external\bananaimagebd\extracted\banana_overripe\bananaimagebd_00521.jpg,overripe,overripe,banana_overripe,0.9868406057357788,0.9981712102890015,True
C:\Users\DELL-04-SMKKRIAN1\Documents\RipenAI\data\raw_external\bananaimagebd\extracted\banana_overripe\bananaimagebd_00522.jpg,overripe,overripe,banana_overripe,0.9990359544754028,0.9976128339767456,True
C:\Users\DELL-04-SMKKRIAN1\Documents\RipenAI\data\raw_external\bananaimagebd\extracted\banana_overripe\bananaimagebd_00523.jpg,overripe,overripe,banana_overripe,0.9996492862701416,0.9885650873184204,True
C:\Users\DELL-04-SMKKRIAN1\Documents\RipenAI\data\raw_external\bananaimagebd\extracted\banana_overripe\bananaimagebd_00524.jpg,overripe,overripe,banana_overripe,0.9974190592765808,0.9893620014190674,True
C:\Users\DELL-04-SMKKRIAN1\Documents\RipenAI\data\raw_external\bananaimagebd\extracted\banana_overripe\bananaimagebd_00525.jpg,overripe,overripe,banana_overripe,0.9847555756568909,0.5566234588623047,True
C:\Users\DELL-04-SMKKRIAN1\Documents\RipenAI\data\raw_external\bananaimagebd\extracted\banana_overripe\bananaimagebd_00526.jpg,overripe,ripe,banana_ripe,0.7030249834060669,0.5145020484924316,False
C:\Users\DELL-04-SMKKRIAN1\Documents\RipenAI\data\raw_external\bananaimagebd\extracted\banana_overripe\bananaimagebd_00527.jpg,overripe,overripe,banana_overripe,0.9992828965187073,0.9988753795623779,True
C:\Users\DELL-04-SMKKRIAN1\Documents\RipenAI\data\raw_external\bananaimagebd\extracted\banana_overripe\bananaimagebd_00528.jpg,overripe,overripe,banana_overripe,0.9998915791511536,0.9991095066070557,True
C:\Users\DELL-04-SMKKRIAN1\Documents\RipenAI\data\raw_external\bananaimagebd\extracted\banana_overripe\bananaimagebd_00529.jpg,overripe,overripe,banana_overripe,0.9756869077682495,0.9907348155975342,True
C:\Users\DELL-04-SMKKRIAN1\Documents\RipenAI\data\raw_external\bananaimagebd\extracted\banana_overripe\bananaimagebd_00530.jpg,overripe,overripe,banana_overripe,0.9990732669830322,0.9977033734321594,True
C:\Users\DELL-04-SMKKRIAN1\Documents\RipenAI\data\raw_external\bananaimagebd\extracted\banana_overripe\bananaimagebd_00531.jpg,overripe,overripe,banana_overripe,0.9735512733459473,0.8588106632232666,True
C:\Users\DELL-04-SMKKRIAN1\Documents\RipenAI\data\raw_external\bananaimagebd\extracted\banana_overripe\bananaimagebd_00532.jpg,overripe,overripe,banana_overripe,0.9988014101982117,0.9943019151687622,True
C:\Users\DELL-04-SMKKRIAN1\Documents\RipenAI\data\raw_external\bananaimagebd\extracted\banana_overripe\bananaimagebd_00533.jpg,overripe,overripe,banana_overripe,0.9988711476325989,0.9997485876083374,True
C:\Users\DELL-04-SMKKRIAN1\Documents\RipenAI\data\raw_external\bananaimagebd\extracted\banana_overripe\bananaimagebd_00534.jpg,overripe,overripe,banana_overripe,0.9979126453399658,0.9913355708122253,True
C:\Users\DELL-04-SMKKRIAN1\Documents\RipenAI\data\raw_external\bananaimagebd\extracted\banana_overripe\bananaimagebd_00535.jpg,overripe,overripe,banana_overripe,0.9978968501091003,0.7945277094841003,True
C:\Users\DELL-04-SMKKRIAN1\Documents\RipenAI\data\raw_external\bananaimagebd\extracted\banana_overripe\bananaimagebd_00536.jpg,overripe,overripe,banana_overripe,0.999815046787262,0.9989444017410278,True
C:\Users\DELL-04-SMKKRIAN1\Documents\RipenAI\data\raw_external\bananaimagebd\extracted\banana_overripe\bananaimagebd_00537.jpg,overripe,ripe,banana_ripe,0.9975905418395996,0.897150456905365,False
C:\Users\DELL-04-SMKKRIAN1\Documents\RipenAI\data\raw_external\bananaimagebd\extracted\banana_overripe\bananaimagebd_00538.jpg,overripe,overripe,banana_overripe,0.993037223815918,0.5039864182472229,True
C:\Users\DELL-04-SMKKRIAN1\Documents\RipenAI\data\raw_external\bananaimagebd\extracted\banana_overripe\bananaimagebd_00539.jpg,overripe,overripe,banana_overripe,0.9983749985694885,0.9827449321746826,True
C:\Users\DELL-04-SMKKRIAN1\Documents\RipenAI\data\raw_external\bananaimagebd\extracted\banana_overripe\bananaimagebd_00540.jpg,overripe,overripe,banana_overripe,0.9986045360565186,0.9969554543495178,True
C:\Users\DELL-04-SMKKRIAN1\Documents\RipenAI\data\raw_external\bananaimagebd\extracted\banana_overripe\bananaimagebd_00541.jpg,overripe,overripe,banana_overripe,0.9997398853302002,0.9996702075004578,True
C:\Users\DELL-04-SMKKRIAN1\Documents\RipenAI\data\raw_external\bananaimagebd\extracted\banana_overripe\bananaimagebd_00542.jpg,overripe,overripe,banana_overripe,0.998986005783081,0.9976925849914551,True
C:\Users\DELL-04-SMKKRIAN1\Documents\RipenAI\data\raw_external\bananaimagebd\extracted\banana_overripe\bananaimagebd_00543.jpg,overripe,overripe,banana_overripe,0.9940252304077148,0.9869715571403503,True
C:\Users\DELL-04-SMKKRIAN1\Documents\RipenAI\data\raw_external\bananaimagebd\extracted\banana_overripe\bananaimagebd_00544.jpg,overripe,overripe,banana_overripe,0.9897441267967224,0.9814563393592834,True
C:\Users\DELL-04-SMKKRIAN1\Documents\RipenAI\data\raw_external\bananaimagebd\extracted\banana_overripe\bananaimagebd_00545.jpg,overripe,overripe,banana_overripe,0.999613344669342,0.9978612661361694,True
C:\Users\DELL-04-SMKKRIAN1\Documents\RipenAI\data\raw_external\bananaimagebd\extracted\banana_overripe\bananaimagebd_00546.jpg,overripe,overripe,banana_overripe,0.9978249073028564,0.9989481568336487,True
C:\Users\DELL-04-SMKKRIAN1\Documents\RipenAI\data\raw_external\bananaimagebd\extracted\banana_overripe\bananaimagebd_00547.jpg,overripe,overripe,banana_overripe,0.9975872039794922,0.9681496024131775,True
C:\Users\DELL-04-SMKKRIAN1\Documents\RipenAI\data\raw_external\bananaimagebd\extracted\banana_overripe\bananaimagebd_00548.jpg,overripe,overripe,banana_overripe,0.9986112713813782,0.9986258149147034,True
C:\Users\DELL-04-SMKKRIAN1\Documents\RipenAI\data\raw_external\bananaimagebd\extracted\banana_overripe\bananaimagebd_00549.jpg,overripe,overripe,banana_overripe,0.9993094801902771,0.996674120426178,True
C:\Users\DELL-04-SMKKRIAN1\Documents\RipenAI\data\raw_external\bananaimagebd\extracted\banana_overripe\bananaimagebd_00550.jpg,overripe,overripe,banana_overripe,0.9963382482528687,0.9988515377044678,True
C:\Users\DELL-04-SMKKRIAN1\Documents\RipenAI\data\raw_external\bananaimagebd\extracted\banana_overripe\bananaimagebd_00551.jpg,overripe,overripe,banana_overripe,0.9993310570716858,0.9989311695098877,True
C:\Users\DELL-04-SMKKRIAN1\Documents\RipenAI\data\raw_external\bananaimagebd\extracted\banana_overripe\bananaimagebd_00552.jpg,overripe,overripe,banana_overripe,0.999537467956543,0.9995760917663574,True
C:\Users\DELL-04-SMKKRIAN1\Documents\RipenAI\data\raw_external\bananaimagebd\extracted\banana_overripe\bananaimagebd_00553.jpg,overripe,overripe,banana_overripe,0.9992092847824097,0.9995262026786804,True
C:\Users\DELL-04-SMKKRIAN1\Documents\RipenAI\data\raw_external\bananaimagebd\extracted\banana_overripe\bananaimagebd_00554.jpg,overripe,overripe,banana_overripe,0.9998064637184143,0.9990770220756531,True
C:\Users\DELL-04-SMKKRIAN1\Documents\RipenAI\data\raw_external\bananaimagebd\extracted\banana_overripe\bananaimagebd_00555.jpg,overripe,overripe,banana_overripe,0.9881246089935303,0.9933708906173706,True
C:\Users\DELL-04-SMKKRIAN1\Documents\RipenAI\data\raw_external\bananaimagebd\extracted\banana_overripe\bananaimagebd_00556.jpg,overripe,overripe,banana_overripe,0.9986252784729004,0.999143123626709,True
C:\Users\DELL-04-SMKKRIAN1\Documents\RipenAI\data\raw_external\bananaimagebd\extracted\banana_overripe\bananaimagebd_00557.jpg,overripe,ripe,banana_ripe,0.9988849759101868,0.8476053476333618,False
C:\Users\DELL-04-SMKKRIAN1\Documents\RipenAI\data\raw_external\bananaimagebd\extracted\banana_overripe\bananaimagebd_00558.jpg,overripe,ripe,banana_ripe,0.9993728995323181,0.6492052674293518,False
C:\Users\DELL-04-SMKKRIAN1\Documents\RipenAI\data\raw_external\bananaimagebd\extracted\banana_overripe\bananaimagebd_00559.jpg,overripe,overripe,banana_overripe,0.9996036887168884,0.995646595954895,True
C:\Users\DELL-04-SMKKRIAN1\Documents\RipenAI\data\raw_external\bananaimagebd\extracted\banana_overripe\bananaimagebd_00560.jpg,overripe,overripe,banana_overripe,0.9970292448997498,0.9993552565574646,True
C:\Users\DELL-04-SMKKRIAN1\Documents\RipenAI\data\raw_external\bananaimagebd\extracted\banana_overripe\bananaimagebd_00561.jpg,overripe,overripe,banana_overripe,0.996103048324585,0.9879529476165771,True
C:\Users\DELL-04-SMKKRIAN1\Documents\RipenAI\data\raw_external\bananaimagebd\extracted\banana_overripe\bananaimagebd_00562.jpg,overripe,overripe,banana_overripe,0.9998752474784851,0.9877229332923889,True
C:\Users\DELL-04-SMKKRIAN1\Documents\RipenAI\data\raw_external\bananaimagebd\extracted\banana_overripe\bananaimagebd_00563.jpg,overripe,overripe,banana_overripe,0.9993976354598999,0.9889482855796814,True
C:\Users\DELL-04-SMKKRIAN1\Documents\RipenAI\data\raw_external\bananaimagebd\extracted\banana_overripe\bananaimagebd_00564.jpg,overripe,overripe,banana_overripe,0.9741942882537842,0.5424061417579651,True
C:\Users\DELL-04-SMKKRIAN1\Documents\RipenAI\data\raw_external\bananaimagebd\extracted\banana_overripe\bananaimagebd_00565.jpg,overripe,overripe,banana_overripe,0.995469331741333,0.9950001835823059,True
C:\Users\DELL-04-SMKKRIAN1\Documents\RipenAI\data\raw_external\bananaimagebd\extracted\banana_overripe\bananaimagebd_00566.jpg,overripe,overripe,banana_overripe,0.999403715133667,0.9993387460708618,True
C:\Users\DELL-04-SMKKRIAN1\Documents\RipenAI\data\raw_external\bananaimagebd\extracted\banana_overripe\bananaimagebd_00567.jpg,overripe,overripe,banana_overripe,0.9999464154243469,0.9976621270179749,True
C:\Users\DELL-04-SMKKRIAN1\Documents\RipenAI\data\raw_external\bananaimagebd\extracted\banana_overripe\bananaimagebd_00568.jpg,overripe,overripe,banana_overripe,0.9969550967216492,0.9725608229637146,True
C:\Users\DELL-04-SMKKRIAN1\Documents\RipenAI\data\raw_external\bananaimagebd\extracted\banana_overripe\bananaimagebd_00569.jpg,overripe,overripe,banana_overripe,0.9994285106658936,0.998851478099823,True
C:\Users\DELL-04-SMKKRIAN1\Documents\RipenAI\data\raw_external\bananaimagebd\extracted\banana_overripe\bananaimagebd_00570.jpg,overripe,overripe,banana_overripe,0.9959774017333984,0.985521137714386,True
C:\Users\DELL-04-SMKKRIAN1\Documents\RipenAI\data\raw_external\bananaimagebd\extracted\banana_overripe\bananaimagebd_00571.jpg,overripe,overripe,banana_overripe,0.9904739260673523,0.9189788699150085,True
C:\Users\DELL-04-SMKKRIAN1\Documents\RipenAI\data\raw_external\bananaimagebd\extracted\banana_overripe\bananaimagebd_00572.jpg,overripe,overripe,banana_overripe,0.9684965014457703,0.9893217086791992,True
C:\Users\DELL-04-SMKKRIAN1\Documents\RipenAI\data\raw_external\bananaimagebd\extracted\banana_overripe\bananaimagebd_00573.jpg,overripe,overripe,banana_overripe,0.9996978640556335,0.9996364116668701,True
C:\Users\DELL-04-SMKKRIAN1\Documents\RipenAI\data\raw_external\bananaimagebd\extracted\banana_overripe\bananaimagebd_00574.jpg,overripe,overripe,banana_overripe,0.9995518922805786,0.9712719917297363,True
C:\Users\DELL-04-SMKKRIAN1\Documents\RipenAI\data\raw_external\bananaimagebd\extracted\banana_overripe\bananaimagebd_00575.jpg,overripe,overripe,banana_overripe,0.9997892379760742,0.9994028210639954,True
C:\Users\DELL-04-SMKKRIAN1\Documents\RipenAI\data\raw_external\bananaimagebd\extracted\banana_overripe\bananaimagebd_00576.jpg,overripe,overripe,banana_overripe,0.998005211353302,0.997063159942627,True
C:\Users\DELL-04-SMKKRIAN1\Documents\RipenAI\data\raw_external\bananaimagebd\extracted\banana_overripe\bananaimagebd_00577.jpg,overripe,ripe,banana_ripe,0.9979671835899353,0.9427875280380249,False
C:\Users\DELL-04-SMKKRIAN1\Documents\RipenAI\data\raw_external\bananaimagebd\extracted\banana_overripe\bananaimagebd_00578.jpg,overripe,overripe,banana_overripe,0.9997384548187256,0.9936882853507996,True
C:\Users\DELL-04-SMKKRIAN1\Documents\RipenAI\data\raw_external\bananaimagebd\extracted\banana_overripe\bananaimagebd_00579.jpg,overripe,overripe,banana_overripe,0.9976015090942383,0.9976404905319214,True
C:\Users\DELL-04-SMKKRIAN1\Documents\RipenAI\data\raw_external\bananaimagebd\extracted\banana_overripe\bananaimagebd_00580.jpg,overripe,overripe,banana_overripe,0.9920653700828552,0.9986428618431091,True
C:\Users\DELL-04-SMKKRIAN1\Documents\RipenAI\data\raw_external\bananaimagebd\extracted\banana_overripe\bananaimagebd_00581.jpg,overripe,overripe,banana_overripe,0.9994286298751831,0.9969491958618164,True
C:\Users\DELL-04-SMKKRIAN1\Documents\RipenAI\data\raw_external\bananaimagebd\extracted\banana_overripe\bananaimagebd_00582.jpg,overripe,overripe,banana_overripe,0.980654239654541,0.9382972717285156,True
C:\Users\DELL-04-SMKKRIAN1\Documents\RipenAI\data\raw_external\bananaimagebd\extracted\banana_overripe\bananaimagebd_00583.jpg,overripe,overripe,banana_overripe,0.9998724460601807,0.9878785610198975,True
C:\Users\DELL-04-SMKKRIAN1\Documents\RipenAI\data\raw_external\bananaimagebd\extracted\banana_overripe\bananaimagebd_00584.jpg,overripe,overripe,banana_overripe,0.9988341331481934,0.993543267250061,True
C:\Users\DELL-04-SMKKRIAN1\Documents\RipenAI\data\raw_external\bananaimagebd\extracted\banana_overripe\bananaimagebd_00585.jpg,overripe,overripe,banana_overripe,0.9879876971244812,0.9919087886810303,True
C:\Users\DELL-04-SMKKRIAN1\Documents\RipenAI\data\raw_external\bananaimagebd\extracted\banana_overripe\bananaimagebd_00586.jpg,overripe,overripe,banana_overripe,0.9941594004631042,0.9974103569984436,True
C:\Users\DELL-04-SMKKRIAN1\Documents\RipenAI\data\raw_external\bananaimagebd\extracted\banana_overripe\bananaimagebd_00587.jpg,overripe,overripe,banana_overripe,0.9956666231155396,0.9953483939170837,True
C:\Users\DELL-04-SMKKRIAN1\Documents\RipenAI\data\raw_external\bananaimagebd\extracted\banana_overripe\bananaimagebd_00588.jpg,overripe,overripe,banana_overripe,0.9981268048286438,0.6374232172966003,True
C:\Users\DELL-04-SMKKRIAN1\Documents\RipenAI\data\raw_external\bananaimagebd\extracted\banana_overripe\bananaimagebd_00589.jpg,overripe,overripe,banana_overripe,0.9639735221862793,0.978119969367981,True
C:\Users\DELL-04-SMKKRIAN1\Documents\RipenAI\data\raw_external\bananaimagebd\extracted\banana_overripe\bananaimagebd_00590.jpg,overripe,overripe,banana_overripe,0.9995608329772949,0.9998022317886353,True
C:\Users\DELL-04-SMKKRIAN1\Documents\RipenAI\data\raw_external\bananaimagebd\extracted\banana_overripe\bananaimagebd_00591.jpg,overripe,overripe,banana_overripe,0.995063066482544,0.9318763017654419,True
C:\Users\DELL-04-SMKKRIAN1\Documents\RipenAI\data\raw_external\bananaimagebd\extracted\banana_overripe\bananaimagebd_00592.jpg,overripe,ripe,banana_ripe,0.9644616842269897,0.5309810042381287,False
C:\Users\DELL-04-SMKKRIAN1\Documents\RipenAI\data\raw_external\bananaimagebd\extracted\banana_overripe\bananaimagebd_00593.jpg,overripe,overripe,banana_overripe,0.9948561787605286,0.9954754710197449,True
C:\Users\DELL-04-SMKKRIAN1\Documents\RipenAI\data\raw_external\bananaimagebd\extracted\banana_overripe\bananaimagebd_00594.jpg,overripe,overripe,banana_overripe,0.9941292405128479,0.9818968176841736,True
C:\Users\DELL-04-SMKKRIAN1\Documents\RipenAI\data\raw_external\bananaimagebd\extracted\banana_overripe\bananaimagebd_00595.jpg,overripe,overripe,banana_overripe,0.9986175894737244,0.9961187243461609,True
C:\Users\DELL-04-SMKKRIAN1\Documents\RipenAI\data\raw_external\bananaimagebd\extracted\banana_overripe\bananaimagebd_00596.jpg,overripe,overripe,banana_overripe,0.997094988822937,0.9965366125106812,True
C:\Users\DELL-04-SMKKRIAN1\Documents\RipenAI\data\raw_external\bananaimagebd\extracted\banana_overripe\bananaimagebd_00597.jpg,overripe,overripe,banana_overripe,0.9960618615150452,0.9819951057434082,True
C:\Users\DELL-04-SMKKRIAN1\Documents\RipenAI\data\raw_external\bananaimagebd\extracted\banana_overripe\bananaimagebd_00598.jpg,overripe,overripe,banana_overripe,0.9988020658493042,0.9939928650856018,True
C:\Users\DELL-04-SMKKRIAN1\Documents\RipenAI\data\raw_external\bananaimagebd\extracted\banana_overripe\bananaimagebd_00599.jpg,overripe,overripe,banana_overripe,0.9510908722877502,0.7069427967071533,True
C:\Users\DELL-04-SMKKRIAN1\Documents\RipenAI\data\raw_external\bananaimagebd\extracted\banana_overripe\bananaimagebd_00600.jpg,overripe,ripe,banana_ripe,0.9237573146820068,0.6240774393081665,False
C:\Users\DELL-04-SMKKRIAN1\Documents\RipenAI\data\raw_external\bananaimagebd\extracted\banana_overripe\bananaimagebd_00601.jpg,overripe,overripe,banana_overripe,0.9834920167922974,0.9982526898384094,True
C:\Users\DELL-04-SMKKRIAN1\Documents\RipenAI\data\raw_external\bananaimagebd\extracted\banana_overripe\bananaimagebd_00602.jpg,overripe,unripe,banana_unripe,0.8319564461708069,0.756289005279541,False
C:\Users\DELL-04-SMKKRIAN1\Documents\RipenAI\data\raw_external\bananaimagebd\extracted\banana_overripe\bananaimagebd_00603.jpg,overripe,overripe,banana_overripe,0.9996551275253296,0.999463677406311,True
C:\Users\DELL-04-SMKKRIAN1\Documents\RipenAI\data\raw_external\bananaimagebd\extracted\banana_overripe\bananaimagebd_00604.jpg,overripe,overripe,banana_overripe,0.9960393309593201,0.9788293838500977,True
C:\Users\DELL-04-SMKKRIAN1\Documents\RipenAI\data\raw_external\bananaimagebd\extracted\banana_overripe\bananaimagebd_00605.jpg,overripe,overripe,banana_overripe,0.9964424967765808,0.9804487824440002,True
C:\Users\DELL-04-SMKKRIAN1\Documents\RipenAI\data\raw_external\bananaimagebd\extracted\banana_overripe\bananaimagebd_00606.jpg,overripe,overripe,banana_overripe,0.9899137020111084,0.8829357028007507,True
C:\Users\DELL-04-SMKKRIAN1\Documents\RipenAI\data\raw_external\bananaimagebd\extracted\banana_overripe\bananaimagebd_00607.jpg,overripe,ripe,banana_ripe,0.9648832082748413,0.6599371433258057,False
C:\Users\DELL-04-SMKKRIAN1\Documents\RipenAI\data\raw_external\bananaimagebd\extracted\banana_overripe\bananaimagebd_00608.jpg,overripe,overripe,banana_overripe,0.9971848726272583,0.994895339012146,True
C:\Users\DELL-04-SMKKRIAN1\Documents\RipenAI\data\raw_external\bananaimagebd\extracted\banana_overripe\bananaimagebd_00609.jpg,overripe,ripe,banana_ripe,0.9981732964515686,0.9593091607093811,False
C:\Users\DELL-04-SMKKRIAN1\Documents\RipenAI\data\raw_external\bananaimagebd\extracted\banana_overripe\bananaimagebd_00610.jpg,overripe,overripe,banana_overripe,0.9997623562812805,0.9572504162788391,True
C:\Users\DELL-04-SMKKRIAN1\Documents\RipenAI\data\raw_external\bananaimagebd\extracted\banana_overripe\bananaimagebd_00611.jpg,overripe,overripe,banana_overripe,0.9998213648796082,0.9975264072418213,True
C:\Users\DELL-04-SMKKRIAN1\Documents\RipenAI\data\raw_external\bananaimagebd\extracted\banana_overripe\bananaimagebd_00612.jpg,overripe,overripe,banana_overripe,0.9957647919654846,0.9958974123001099,True
C:\Users\DELL-04-SMKKRIAN1\Documents\RipenAI\data\raw_external\bananaimagebd\extracted\banana_overripe\bananaimagebd_00613.jpg,overripe,overripe,banana_overripe,0.993044376373291,0.9868858456611633,True
C:\Users\DELL-04-SMKKRIAN1\Documents\RipenAI\data\raw_external\bananaimagebd\extracted\banana_overripe\bananaimagebd_00614.jpg,overripe,overripe,banana_overripe,0.9082140922546387,0.9847438335418701,True
C:\Users\DELL-04-SMKKRIAN1\Documents\RipenAI\data\raw_external\bananaimagebd\extracted\banana_overripe\bananaimagebd_00615.jpg,overripe,overripe,banana_overripe,0.9926612973213196,0.9830175638198853,True
C:\Users\DELL-04-SMKKRIAN1\Documents\RipenAI\data\raw_external\bananaimagebd\extracted\banana_overripe\bananaimagebd_00616.jpg,overripe,overripe,banana_overripe,0.999481201171875,0.9994986653327942,True
C:\Users\DELL-04-SMKKRIAN1\Documents\RipenAI\data\raw_external\bananaimagebd\extracted\banana_overripe\bananaimagebd_00617.jpg,overripe,overripe,banana_overripe,0.9980445504188538,0.9991040825843811,True
C:\Users\DELL-04-SMKKRIAN1\Documents\RipenAI\data\raw_external\bananaimagebd\extracted\banana_overripe\bananaimagebd_00618.jpg,overripe,ripe,banana_ripe,0.9682698845863342,0.7224596738815308,False
C:\Users\DELL-04-SMKKRIAN1\Documents\RipenAI\data\raw_external\bananaimagebd\extracted\banana_ripe\bananaimagebd_00212.jpg,ripe,ripe,banana_ripe,0.9997234344482422,0.9349328279495239,True
C:\Users\DELL-04-SMKKRIAN1\Documents\RipenAI\data\raw_external\bananaimagebd\extracted\banana_ripe\bananaimagebd_00213.jpg,ripe,ripe,banana_ripe,0.9986661672592163,0.7435498237609863,True
C:\Users\DELL-04-SMKKRIAN1\Documents\RipenAI\data\raw_external\bananaimagebd\extracted\banana_ripe\bananaimagebd_00214.jpg,ripe,ripe,banana_ripe,0.9993982315063477,0.8841912150382996,True
C:\Users\DELL-04-SMKKRIAN1\Documents\RipenAI\data\raw_external\bananaimagebd\extracted\banana_ripe\bananaimagebd_00215.jpg,ripe,ripe,banana_ripe,0.9953365921974182,0.9890844821929932,True
C:\Users\DELL-04-SMKKRIAN1\Documents\RipenAI\data\raw_external\bananaimagebd\extracted\banana_ripe\bananaimagebd_00216.jpg,ripe,ripe,banana_ripe,0.9367985129356384,0.9515902400016785,True
C:\Users\DELL-04-SMKKRIAN1\Documents\RipenAI\data\raw_external\bananaimagebd\extracted\banana_ripe\bananaimagebd_00217.jpg,ripe,ripe,banana_ripe,0.996418833732605,0.9395580887794495,True
C:\Users\DELL-04-SMKKRIAN1\Documents\RipenAI\data\raw_external\bananaimagebd\extracted\banana_ripe\bananaimagebd_00218.jpg,ripe,ripe,banana_ripe,0.8299817442893982,0.9158408641815186,True
C:\Users\DELL-04-SMKKRIAN1\Documents\RipenAI\data\raw_external\bananaimagebd\extracted\banana_ripe\bananaimagebd_00219.jpg,ripe,ripe,banana_ripe,0.9997109174728394,0.8666449785232544,True
C:\Users\DELL-04-SMKKRIAN1\Documents\RipenAI\data\raw_external\bananaimagebd\extracted\banana_ripe\bananaimagebd_00220.jpg,ripe,ripe,banana_ripe,0.9987391233444214,0.8125579357147217,True
C:\Users\DELL-04-SMKKRIAN1\Documents\RipenAI\data\raw_external\bananaimagebd\extracted\banana_ripe\bananaimagebd_00221.jpg,ripe,ripe,banana_ripe,0.9761292934417725,0.8893104195594788,True
C:\Users\DELL-04-SMKKRIAN1\Documents\RipenAI\data\raw_external\bananaimagebd\extracted\banana_ripe\bananaimagebd_00222.jpg,ripe,ripe,banana_ripe,0.9857863783836365,0.9664109349250793,True
C:\Users\DELL-04-SMKKRIAN1\Documents\RipenAI\data\raw_external\bananaimagebd\extracted\banana_ripe\bananaimagebd_00223.jpg,ripe,ripe,banana_ripe,0.9985901117324829,0.9657316207885742,True
C:\Users\DELL-04-SMKKRIAN1\Documents\RipenAI\data\raw_external\bananaimagebd\extracted\banana_ripe\bananaimagebd_00224.jpg,ripe,ripe,banana_ripe,0.9937594532966614,0.6176506280899048,True
C:\Users\DELL-04-SMKKRIAN1\Documents\RipenAI\data\raw_external\bananaimagebd\extracted\banana_ripe\bananaimagebd_00225.jpg,ripe,ripe,banana_ripe,0.997818112373352,0.8607752323150635,True
C:\Users\DELL-04-SMKKRIAN1\Documents\RipenAI\data\raw_external\bananaimagebd\extracted\banana_ripe\bananaimagebd_00226.jpg,ripe,ripe,banana_ripe,0.9996675848960876,0.9165297746658325,True
C:\Users\DELL-04-SMKKRIAN1\Documents\RipenAI\data\raw_external\bananaimagebd\extracted\banana_ripe\bananaimagebd_00227.jpg,ripe,ripe,banana_ripe,0.9983131885528564,0.8874552249908447,True
C:\Users\DELL-04-SMKKRIAN1\Documents\RipenAI\data\raw_external\bananaimagebd\extracted\banana_ripe\bananaimagebd_00228.jpg,ripe,ripe,banana_ripe,0.9998506903648376,0.9586063027381897,True
C:\Users\DELL-04-SMKKRIAN1\Documents\RipenAI\data\raw_external\bananaimagebd\extracted\banana_ripe\bananaimagebd_00229.jpg,ripe,ripe,banana_ripe,0.9987459182739258,0.920437216758728,True
C:\Users\DELL-04-SMKKRIAN1\Documents\RipenAI\data\raw_external\bananaimagebd\extracted\banana_ripe\bananaimagebd_00230.jpg,ripe,ripe,banana_ripe,0.9996957182884216,0.9811753034591675,True
C:\Users\DELL-04-SMKKRIAN1\Documents\RipenAI\data\raw_external\bananaimagebd\extracted\banana_ripe\bananaimagebd_00231.jpg,ripe,ripe,banana_ripe,0.9988613724708557,0.9813564419746399,True
C:\Users\DELL-04-SMKKRIAN1\Documents\RipenAI\data\raw_external\bananaimagebd\extracted\banana_ripe\bananaimagebd_00232.jpg,ripe,ripe,banana_ripe,0.9981561899185181,0.9365152716636658,True
C:\Users\DELL-04-SMKKRIAN1\Documents\RipenAI\data\raw_external\bananaimagebd\extracted\banana_ripe\bananaimagebd_00233.jpg,ripe,ripe,banana_ripe,0.9966374635696411,0.7332208752632141,True
C:\Users\DELL-04-SMKKRIAN1\Documents\RipenAI\data\raw_external\bananaimagebd\extracted\banana_ripe\bananaimagebd_00234.jpg,ripe,ripe,banana_ripe,0.9969064593315125,0.8030328154563904,True
C:\Users\DELL-04-SMKKRIAN1\Documents\RipenAI\data\raw_external\bananaimagebd\extracted\banana_ripe\bananaimagebd_00235.jpg,ripe,ripe,banana_ripe,0.9981908798217773,0.8518238067626953,True
C:\Users\DELL-04-SMKKRIAN1\Documents\RipenAI\data\raw_external\bananaimagebd\extracted\banana_ripe\bananaimagebd_00236.jpg,ripe,ripe,banana_ripe,0.9977992177009583,0.9216464161872864,True
C:\Users\DELL-04-SMKKRIAN1\Documents\RipenAI\data\raw_external\bananaimagebd\extracted\banana_ripe\bananaimagebd_00237.jpg,ripe,ripe,banana_ripe,0.9939058423042297,0.8392924666404724,True
C:\Users\DELL-04-SMKKRIAN1\Documents\RipenAI\data\raw_external\bananaimagebd\extracted\banana_ripe\bananaimagebd_00238.jpg,ripe,ripe,banana_ripe,0.9990556836128235,0.8135319352149963,True
C:\Users\DELL-04-SMKKRIAN1\Documents\RipenAI\data\raw_external\bananaimagebd\extracted\banana_ripe\bananaimagebd_00239.jpg,ripe,ripe,banana_ripe,0.9998974800109863,0.9730433821678162,True
C:\Users\DELL-04-SMKKRIAN1\Documents\RipenAI\data\raw_external\bananaimagebd\extracted\banana_ripe\bananaimagebd_00240.jpg,ripe,ripe,banana_ripe,0.9999489784240723,0.9886153340339661,True
C:\Users\DELL-04-SMKKRIAN1\Documents\RipenAI\data\raw_external\bananaimagebd\extracted\banana_ripe\bananaimagebd_00241.jpg,ripe,ripe,banana_ripe,0.9988933801651001,0.8649746179580688,True
C:\Users\DELL-04-SMKKRIAN1\Documents\RipenAI\data\raw_external\bananaimagebd\extracted\banana_ripe\bananaimagebd_00242.jpg,ripe,ripe,banana_ripe,0.9998375177383423,0.9838994145393372,True
C:\Users\DELL-04-SMKKRIAN1\Documents\RipenAI\data\raw_external\bananaimagebd\extracted\banana_ripe\bananaimagebd_00243.jpg,ripe,unripe,banana_unripe,0.9903792142868042,0.5736963748931885,False
C:\Users\DELL-04-SMKKRIAN1\Documents\RipenAI\data\raw_external\bananaimagebd\extracted\banana_ripe\bananaimagebd_00244.jpg,ripe,ripe,banana_ripe,0.9997453689575195,0.9491263628005981,True
C:\Users\DELL-04-SMKKRIAN1\Documents\RipenAI\data\raw_external\bananaimagebd\extracted\banana_ripe\bananaimagebd_00245.jpg,ripe,ripe,banana_ripe,0.999568521976471,0.9408258199691772,True
C:\Users\DELL-04-SMKKRIAN1\Documents\RipenAI\data\raw_external\bananaimagebd\extracted\banana_ripe\bananaimagebd_00246.jpg,ripe,ripe,banana_ripe,0.9843267202377319,0.8927081227302551,True
C:\Users\DELL-04-SMKKRIAN1\Documents\RipenAI\data\raw_external\bananaimagebd\extracted\banana_ripe\bananaimagebd_00247.jpg,ripe,ripe,banana_ripe,0.9212045669555664,0.4913747310638428,True
C:\Users\DELL-04-SMKKRIAN1\Documents\RipenAI\data\raw_external\bananaimagebd\extracted\banana_ripe\bananaimagebd_00248.jpg,ripe,overripe,banana_overripe,0.9866689443588257,0.3677702844142914,False
C:\Users\DELL-04-SMKKRIAN1\Documents\RipenAI\data\raw_external\bananaimagebd\extracted\banana_ripe\bananaimagebd_00249.jpg,ripe,overripe,banana_overripe,0.9935042858123779,0.5486906170845032,False
C:\Users\DELL-04-SMKKRIAN1\Documents\RipenAI\data\raw_external\bananaimagebd\extracted\banana_ripe\bananaimagebd_00250.jpg,ripe,ripe,banana_ripe,0.9995753765106201,0.9535261392593384,True
C:\Users\DELL-04-SMKKRIAN1\Documents\RipenAI\data\raw_external\bananaimagebd\extracted\banana_ripe\bananaimagebd_00251.jpg,ripe,ripe,banana_ripe,0.9992059469223022,0.9384105801582336,True
C:\Users\DELL-04-SMKKRIAN1\Documents\RipenAI\data\raw_external\bananaimagebd\extracted\banana_ripe\bananaimagebd_00252.jpg,ripe,ripe,banana_ripe,0.997722864151001,0.9026894569396973,True
C:\Users\DELL-04-SMKKRIAN1\Documents\RipenAI\data\raw_external\bananaimagebd\extracted\banana_ripe\bananaimagebd_00253.jpg,ripe,ripe,banana_ripe,0.9467813968658447,0.8430905342102051,True
C:\Users\DELL-04-SMKKRIAN1\Documents\RipenAI\data\raw_external\bananaimagebd\extracted\banana_ripe\bananaimagebd_00254.jpg,ripe,ripe,banana_ripe,0.998008668422699,0.8954920768737793,True
C:\Users\DELL-04-SMKKRIAN1\Documents\RipenAI\data\raw_external\bananaimagebd\extracted\banana_ripe\bananaimagebd_00255.jpg,ripe,ripe,banana_ripe,0.9996878504753113,0.963151752948761,True
C:\Users\DELL-04-SMKKRIAN1\Documents\RipenAI\data\raw_external\bananaimagebd\extracted\banana_ripe\bananaimagebd_00256.jpg,ripe,ripe,banana_ripe,0.9969955086708069,0.5900285840034485,True
C:\Users\DELL-04-SMKKRIAN1\Documents\RipenAI\data\raw_external\bananaimagebd\extracted\banana_ripe\bananaimagebd_00257.jpg,ripe,ripe,banana_ripe,0.996246337890625,0.9482750296592712,True
C:\Users\DELL-04-SMKKRIAN1\Documents\RipenAI\data\raw_external\bananaimagebd\extracted\banana_ripe\bananaimagebd_00258.jpg,ripe,ripe,banana_ripe,0.9993741512298584,0.9357406497001648,True
C:\Users\DELL-04-SMKKRIAN1\Documents\RipenAI\data\raw_external\bananaimagebd\extracted\banana_ripe\bananaimagebd_00259.jpg,ripe,ripe,banana_ripe,0.9959863424301147,0.827195405960083,True
C:\Users\DELL-04-SMKKRIAN1\Documents\RipenAI\data\raw_external\bananaimagebd\extracted\banana_ripe\bananaimagebd_00260.jpg,ripe,ripe,banana_ripe,0.9989152550697327,0.9187005162239075,True
C:\Users\DELL-04-SMKKRIAN1\Documents\RipenAI\data\raw_external\bananaimagebd\extracted\banana_ripe\bananaimagebd_00261.jpg,ripe,ripe,banana_ripe,0.9995791912078857,0.9663503766059875,True
C:\Users\DELL-04-SMKKRIAN1\Documents\RipenAI\data\raw_external\bananaimagebd\extracted\banana_ripe\bananaimagebd_00262.jpg,ripe,ripe,banana_ripe,0.9990367293357849,0.9689464569091797,True
C:\Users\DELL-04-SMKKRIAN1\Documents\RipenAI\data\raw_external\bananaimagebd\extracted\banana_ripe\bananaimagebd_00263.jpg,ripe,ripe,banana_ripe,0.9991537928581238,0.9503977298736572,True
C:\Users\DELL-04-SMKKRIAN1\Documents\RipenAI\data\raw_external\bananaimagebd\extracted\banana_ripe\bananaimagebd_00264.jpg,ripe,ripe,banana_ripe,0.9964019060134888,0.7643187046051025,True
C:\Users\DELL-04-SMKKRIAN1\Documents\RipenAI\data\raw_external\bananaimagebd\extracted\banana_ripe\bananaimagebd_00265.jpg,ripe,ripe,banana_ripe,0.999193012714386,0.9903182983398438,True
C:\Users\DELL-04-SMKKRIAN1\Documents\RipenAI\data\raw_external\bananaimagebd\extracted\banana_ripe\bananaimagebd_00266.jpg,ripe,ripe,banana_ripe,0.986640214920044,0.539387047290802,True
C:\Users\DELL-04-SMKKRIAN1\Documents\RipenAI\data\raw_external\bananaimagebd\extracted\banana_ripe\bananaimagebd_00267.jpg,ripe,ripe,banana_ripe,0.9977104663848877,0.9253522157669067,True
C:\Users\DELL-04-SMKKRIAN1\Documents\RipenAI\data\raw_external\bananaimagebd\extracted\banana_ripe\bananaimagebd_00268.jpg,ripe,ripe,banana_ripe,0.9995142221450806,0.9959552884101868,True
C:\Users\DELL-04-SMKKRIAN1\Documents\RipenAI\data\raw_external\bananaimagebd\extracted\banana_ripe\bananaimagebd_00269.jpg,ripe,ripe,banana_ripe,0.8300390243530273,0.8364450931549072,True
C:\Users\DELL-04-SMKKRIAN1\Documents\RipenAI\data\raw_external\bananaimagebd\extracted\banana_ripe\bananaimagebd_00270.jpg,ripe,ripe,banana_ripe,0.9997705221176147,0.9502634406089783,True
C:\Users\DELL-04-SMKKRIAN1\Documents\RipenAI\data\raw_external\bananaimagebd\extracted\banana_ripe\bananaimagebd_00271.jpg,ripe,ripe,banana_ripe,0.9991028308868408,0.6862014532089233,True
C:\Users\DELL-04-SMKKRIAN1\Documents\RipenAI\data\raw_external\bananaimagebd\extracted\banana_ripe\bananaimagebd_00272.jpg,ripe,ripe,banana_ripe,0.9933796525001526,0.7685998678207397,True
C:\Users\DELL-04-SMKKRIAN1\Documents\RipenAI\data\raw_external\bananaimagebd\extracted\banana_ripe\bananaimagebd_00273.jpg,ripe,ripe,banana_ripe,0.9998282790184021,0.9666416049003601,True
C:\Users\DELL-04-SMKKRIAN1\Documents\RipenAI\data\raw_external\bananaimagebd\extracted\banana_ripe\bananaimagebd_00274.jpg,ripe,ripe,banana_ripe,0.9983768463134766,0.9005118012428284,True
C:\Users\DELL-04-SMKKRIAN1\Documents\RipenAI\data\raw_external\bananaimagebd\extracted\banana_ripe\bananaimagebd_00275.jpg,ripe,ripe,banana_ripe,0.9968472123146057,0.9053751230239868,True
C:\Users\DELL-04-SMKKRIAN1\Documents\RipenAI\data\raw_external\bananaimagebd\extracted\banana_ripe\bananaimagebd_00276.jpg,ripe,ripe,banana_ripe,0.9999090433120728,0.9854921102523804,True
C:\Users\DELL-04-SMKKRIAN1\Documents\RipenAI\data\raw_external\bananaimagebd\extracted\banana_ripe\bananaimagebd_00277.jpg,ripe,ripe,banana_ripe,0.9580287337303162,0.7570211887359619,True
C:\Users\DELL-04-SMKKRIAN1\Documents\RipenAI\data\raw_external\bananaimagebd\extracted\banana_ripe\bananaimagebd_00278.jpg,ripe,ripe,papaya_unripe,0.25299400091171265,0.7693308591842651,True
C:\Users\DELL-04-SMKKRIAN1\Documents\RipenAI\data\raw_external\bananaimagebd\extracted\banana_ripe\bananaimagebd_00279.jpg,ripe,ripe,banana_ripe,0.9998207688331604,0.9652548432350159,True
C:\Users\DELL-04-SMKKRIAN1\Documents\RipenAI\data\raw_external\bananaimagebd\extracted\banana_ripe\bananaimagebd_00280.jpg,ripe,ripe,banana_ripe,0.9987902045249939,0.9747895002365112,True
C:\Users\DELL-04-SMKKRIAN1\Documents\RipenAI\data\raw_external\bananaimagebd\extracted\banana_ripe\bananaimagebd_00281.jpg,ripe,ripe,banana_ripe,0.9997590184211731,0.9263371229171753,True
C:\Users\DELL-04-SMKKRIAN1\Documents\RipenAI\data\raw_external\bananaimagebd\extracted\banana_ripe\bananaimagebd_00282.jpg,ripe,ripe,banana_ripe,0.9988437294960022,0.8813601732254028,True
C:\Users\DELL-04-SMKKRIAN1\Documents\RipenAI\data\raw_external\bananaimagebd\extracted\banana_ripe\bananaimagebd_00283.jpg,ripe,ripe,banana_ripe,0.9996943473815918,0.6754831075668335,True
C:\Users\DELL-04-SMKKRIAN1\Documents\RipenAI\data\raw_external\bananaimagebd\extracted\banana_ripe\bananaimagebd_00284.jpg,ripe,ripe,banana_ripe,0.9996935725212097,0.9583944082260132,True
C:\Users\DELL-04-SMKKRIAN1\Documents\RipenAI\data\raw_external\bananaimagebd\extracted\banana_ripe\bananaimagebd_00285.jpg,ripe,ripe,banana_ripe,0.9996100664138794,0.8932177424430847,True
C:\Users\DELL-04-SMKKRIAN1\Documents\RipenAI\data\raw_external\bananaimagebd\extracted\banana_ripe\bananaimagebd_00286.jpg,ripe,ripe,banana_ripe,0.9995813369750977,0.9154956340789795,True
C:\Users\DELL-04-SMKKRIAN1\Documents\RipenAI\data\raw_external\bananaimagebd\extracted\banana_ripe\bananaimagebd_00287.jpg,ripe,ripe,banana_ripe,0.9942874908447266,0.7325170040130615,True
C:\Users\DELL-04-SMKKRIAN1\Documents\RipenAI\data\raw_external\bananaimagebd\extracted\banana_ripe\bananaimagebd_00288.jpg,ripe,ripe,banana_ripe,0.9998911619186401,0.9831210970878601,True
C:\Users\DELL-04-SMKKRIAN1\Documents\RipenAI\data\raw_external\bananaimagebd\extracted\banana_ripe\bananaimagebd_00289.jpg,ripe,ripe,banana_ripe,0.9995607137680054,0.9564700126647949,True
C:\Users\DELL-04-SMKKRIAN1\Documents\RipenAI\data\raw_external\bananaimagebd\extracted\banana_ripe\bananaimagebd_00290.jpg,ripe,ripe,banana_ripe,0.9993029236793518,0.9035732746124268,True
C:\Users\DELL-04-SMKKRIAN1\Documents\RipenAI\data\raw_external\bananaimagebd\extracted\banana_ripe\bananaimagebd_00291.jpg,ripe,ripe,banana_ripe,0.9973725080490112,0.8725048899650574,True
C:\Users\DELL-04-SMKKRIAN1\Documents\RipenAI\data\raw_external\bananaimagebd\extracted\banana_ripe\bananaimagebd_00292.jpg,ripe,ripe,banana_ripe,0.9993844628334045,0.9320240020751953,True
C:\Users\DELL-04-SMKKRIAN1\Documents\RipenAI\data\raw_external\bananaimagebd\extracted\banana_ripe\bananaimagebd_00293.jpg,ripe,ripe,banana_ripe,0.9982515573501587,0.8600043058395386,True
C:\Users\DELL-04-SMKKRIAN1\Documents\RipenAI\data\raw_external\bananaimagebd\extracted\banana_ripe\bananaimagebd_00294.jpg,ripe,unripe,banana_unripe,0.9800752401351929,0.6534904837608337,False
C:\Users\DELL-04-SMKKRIAN1\Documents\RipenAI\data\raw_external\bananaimagebd\extracted\banana_ripe\bananaimagebd_00295.jpg,ripe,ripe,banana_ripe,0.9999220967292786,0.754917323589325,True
C:\Users\DELL-04-SMKKRIAN1\Documents\RipenAI\data\raw_external\bananaimagebd\extracted\banana_ripe\bananaimagebd_00296.jpg,ripe,ripe,banana_ripe,0.9999521374702454,0.9934696555137634,True
C:\Users\DELL-04-SMKKRIAN1\Documents\RipenAI\data\raw_external\bananaimagebd\extracted\banana_ripe\bananaimagebd_00297.jpg,ripe,ripe,banana_ripe,0.9954060316085815,0.9343783259391785,True
C:\Users\DELL-04-SMKKRIAN1\Documents\RipenAI\data\raw_external\bananaimagebd\extracted\banana_ripe\bananaimagebd_00298.jpg,ripe,ripe,banana_ripe,0.9998823404312134,0.9467092156410217,True
C:\Users\DELL-04-SMKKRIAN1\Documents\RipenAI\data\raw_external\bananaimagebd\extracted\banana_ripe\bananaimagebd_00299.jpg,ripe,ripe,banana_ripe,0.9925001263618469,0.7276347875595093,True
C:\Users\DELL-04-SMKKRIAN1\Documents\RipenAI\data\raw_external\bananaimagebd\extracted\banana_ripe\bananaimagebd_00300.jpg,ripe,ripe,banana_ripe,0.9977980852127075,0.580974817276001,True
C:\Users\DELL-04-SMKKRIAN1\Documents\RipenAI\data\raw_external\bananaimagebd\extracted\banana_ripe\bananaimagebd_00301.jpg,ripe,ripe,banana_ripe,0.9594725966453552,0.9310760498046875,True
C:\Users\DELL-04-SMKKRIAN1\Documents\RipenAI\data\raw_external\bananaimagebd\extracted\banana_ripe\bananaimagebd_00302.jpg,ripe,ripe,banana_ripe,0.9987044930458069,0.9199525117874146,True
C:\Users\DELL-04-SMKKRIAN1\Documents\RipenAI\data\raw_external\bananaimagebd\extracted\banana_ripe\bananaimagebd_00303.jpg,ripe,ripe,banana_ripe,0.9997107982635498,0.9208641648292542,True
C:\Users\DELL-04-SMKKRIAN1\Documents\RipenAI\data\raw_external\bananaimagebd\extracted\banana_ripe\bananaimagebd_00304.jpg,ripe,ripe,banana_ripe,0.9647864699363708,0.8045682907104492,True
C:\Users\DELL-04-SMKKRIAN1\Documents\RipenAI\data\raw_external\bananaimagebd\extracted\banana_ripe\bananaimagebd_00305.jpg,ripe,ripe,banana_ripe,0.999899685382843,0.9608308672904968,True
C:\Users\DELL-04-SMKKRIAN1\Documents\RipenAI\data\raw_external\bananaimagebd\extracted\banana_ripe\bananaimagebd_00306.jpg,ripe,ripe,banana_ripe,0.9990687966346741,0.8217718005180359,True
C:\Users\DELL-04-SMKKRIAN1\Documents\RipenAI\data\raw_external\bananaimagebd\extracted\banana_ripe\bananaimagebd_00307.jpg,ripe,ripe,banana_ripe,0.9990806579589844,0.6845185160636902,True
C:\Users\DELL-04-SMKKRIAN1\Documents\RipenAI\data\raw_external\bananaimagebd\extracted\banana_ripe\bananaimagebd_00308.jpg,ripe,ripe,banana_ripe,0.9991111159324646,0.9016146063804626,True
C:\Users\DELL-04-SMKKRIAN1\Documents\RipenAI\data\raw_external\bananaimagebd\extracted\banana_ripe\bananaimagebd_00309.jpg,ripe,ripe,banana_ripe,0.9998675584793091,0.9633288383483887,True
C:\Users\DELL-04-SMKKRIAN1\Documents\RipenAI\data\raw_external\bananaimagebd\extracted\banana_ripe\bananaimagebd_00310.jpg,ripe,ripe,banana_ripe,0.9985880851745605,0.7639858722686768,True
C:\Users\DELL-04-SMKKRIAN1\Documents\RipenAI\data\raw_external\bananaimagebd\extracted\banana_ripe\bananaimagebd_00311.jpg,ripe,ripe,banana_ripe,0.9996181130409241,0.9587767124176025,True
C:\Users\DELL-04-SMKKRIAN1\Documents\RipenAI\data\raw_external\bananaimagebd\extracted\banana_ripe\bananaimagebd_00312.jpg,ripe,ripe,banana_ripe,0.9998536109924316,0.8856885433197021,True
C:\Users\DELL-04-SMKKRIAN1\Documents\RipenAI\data\raw_external\bananaimagebd\extracted\banana_ripe\bananaimagebd_00313.jpg,ripe,ripe,banana_ripe,0.998795747756958,0.9348639249801636,True
C:\Users\DELL-04-SMKKRIAN1\Documents\RipenAI\data\raw_external\bananaimagebd\extracted\banana_ripe\bananaimagebd_00314.jpg,ripe,ripe,banana_ripe,0.9998641610145569,0.9836644530296326,True
C:\Users\DELL-04-SMKKRIAN1\Documents\RipenAI\data\raw_external\bananaimagebd\extracted\banana_ripe\bananaimagebd_00315.jpg,ripe,ripe,banana_ripe,0.997858464717865,0.718292236328125,True
C:\Users\DELL-04-SMKKRIAN1\Documents\RipenAI\data\raw_external\bananaimagebd\extracted\banana_ripe\bananaimagebd_00316.jpg,ripe,ripe,banana_ripe,0.9986600875854492,0.9380691647529602,True
C:\Users\DELL-04-SMKKRIAN1\Documents\RipenAI\data\raw_external\bananaimagebd\extracted\banana_ripe\bananaimagebd_00317.jpg,ripe,ripe,banana_ripe,0.9996976256370544,0.8208962678909302,True
C:\Users\DELL-04-SMKKRIAN1\Documents\RipenAI\data\raw_external\bananaimagebd\extracted\banana_ripe\bananaimagebd_00318.jpg,ripe,ripe,banana_ripe,0.999737024307251,0.9314869046211243,True
C:\Users\DELL-04-SMKKRIAN1\Documents\RipenAI\data\raw_external\bananaimagebd\extracted\banana_ripe\bananaimagebd_00319.jpg,ripe,ripe,banana_ripe,0.999500572681427,0.9681922197341919,True
C:\Users\DELL-04-SMKKRIAN1\Documents\RipenAI\data\raw_external\bananaimagebd\extracted\banana_ripe\bananaimagebd_00320.jpg,ripe,ripe,banana_ripe,0.9995238780975342,0.9665375351905823,True
C:\Users\DELL-04-SMKKRIAN1\Documents\RipenAI\data\raw_external\bananaimagebd\extracted\banana_ripe\bananaimagebd_00321.jpg,ripe,ripe,banana_ripe,0.9987145066261292,0.6778441071510315,True
C:\Users\DELL-04-SMKKRIAN1\Documents\RipenAI\data\raw_external\bananaimagebd\extracted\banana_ripe\bananaimagebd_00322.jpg,ripe,ripe,banana_ripe,0.9994015693664551,0.9053017497062683,True
C:\Users\DELL-04-SMKKRIAN1\Documents\RipenAI\data\raw_external\bananaimagebd\extracted\banana_ripe\bananaimagebd_00323.jpg,ripe,ripe,banana_ripe,0.999144434928894,0.8635371923446655,True
C:\Users\DELL-04-SMKKRIAN1\Documents\RipenAI\data\raw_external\bananaimagebd\extracted\banana_ripe\bananaimagebd_00324.jpg,ripe,ripe,banana_ripe,0.9947437047958374,0.8496947288513184,True
C:\Users\DELL-04-SMKKRIAN1\Documents\RipenAI\data\raw_external\bananaimagebd\extracted\banana_ripe\bananaimagebd_00325.jpg,ripe,ripe,banana_ripe,0.9993380904197693,0.9565179347991943,True
C:\Users\DELL-04-SMKKRIAN1\Documents\RipenAI\data\raw_external\bananaimagebd\extracted\banana_ripe\bananaimagebd_00326.jpg,ripe,ripe,banana_ripe,0.9963911771774292,0.7519512176513672,True
C:\Users\DELL-04-SMKKRIAN1\Documents\RipenAI\data\raw_external\bananaimagebd\extracted\banana_ripe\bananaimagebd_00327.jpg,ripe,ripe,banana_ripe,0.9995237588882446,0.9711198210716248,True
C:\Users\DELL-04-SMKKRIAN1\Documents\RipenAI\data\raw_external\bananaimagebd\extracted\banana_ripe\bananaimagebd_00328.jpg,ripe,ripe,banana_ripe,0.9989548921585083,0.8189160227775574,True
C:\Users\DELL-04-SMKKRIAN1\Documents\RipenAI\data\raw_external\bananaimagebd\extracted\banana_ripe\bananaimagebd_00329.jpg,ripe,ripe,banana_ripe,0.9999768733978271,0.9576236605644226,True
C:\Users\DELL-04-SMKKRIAN1\Documents\RipenAI\data\raw_external\bananaimagebd\extracted\banana_ripe\bananaimagebd_00330.jpg,ripe,ripe,banana_ripe,0.9999405145645142,0.9742341637611389,True
C:\Users\DELL-04-SMKKRIAN1\Documents\RipenAI\data\raw_external\bananaimagebd\extracted\banana_ripe\bananaimagebd_00331.jpg,ripe,ripe,banana_ripe,0.9985295534133911,0.8889241814613342,True
C:\Users\DELL-04-SMKKRIAN1\Documents\RipenAI\data\raw_external\bananaimagebd\extracted\banana_ripe\bananaimagebd_00332.jpg,ripe,ripe,banana_ripe,0.9994231462478638,0.716810405254364,True
C:\Users\DELL-04-SMKKRIAN1\Documents\RipenAI\data\raw_external\bananaimagebd\extracted\banana_ripe\bananaimagebd_00333.jpg,ripe,ripe,banana_ripe,0.6827753186225891,0.7095884084701538,True
C:\Users\DELL-04-SMKKRIAN1\Documents\RipenAI\data\raw_external\bananaimagebd\extracted\banana_ripe\bananaimagebd_00334.jpg,ripe,ripe,banana_ripe,0.9993839859962463,0.7156937718391418,True
C:\Users\DELL-04-SMKKRIAN1\Documents\RipenAI\data\raw_external\bananaimagebd\extracted\banana_ripe\bananaimagebd_00335.jpg,ripe,ripe,banana_ripe,0.9998549222946167,0.994767963886261,True
C:\Users\DELL-04-SMKKRIAN1\Documents\RipenAI\data\raw_external\bananaimagebd\extracted\banana_ripe\bananaimagebd_00336.jpg,ripe,ripe,banana_ripe,0.9603168964385986,0.7104964852333069,True
C:\Users\DELL-04-SMKKRIAN1\Documents\RipenAI\data\raw_external\bananaimagebd\extracted\banana_ripe\bananaimagebd_00337.jpg,ripe,ripe,banana_ripe,0.9989854097366333,0.9564330577850342,True
C:\Users\DELL-04-SMKKRIAN1\Documents\RipenAI\data\raw_external\bananaimagebd\extracted\banana_ripe\bananaimagebd_00338.jpg,ripe,ripe,banana_ripe,0.9999709129333496,0.9858551025390625,True
C:\Users\DELL-04-SMKKRIAN1\Documents\RipenAI\data\raw_external\bananaimagebd\extracted\banana_ripe\bananaimagebd_00339.jpg,ripe,ripe,banana_ripe,0.9655113220214844,0.8619301319122314,True
C:\Users\DELL-04-SMKKRIAN1\Documents\RipenAI\data\raw_external\bananaimagebd\extracted\banana_ripe\bananaimagebd_00340.jpg,ripe,ripe,banana_ripe,0.9995299577713013,0.7618550062179565,True
C:\Users\DELL-04-SMKKRIAN1\Documents\RipenAI\data\raw_external\bananaimagebd\extracted\banana_ripe\bananaimagebd_00341.jpg,ripe,ripe,banana_ripe,0.9971939325332642,0.6208885312080383,True
C:\Users\DELL-04-SMKKRIAN1\Documents\RipenAI\data\raw_external\bananaimagebd\extracted\banana_ripe\bananaimagebd_00342.jpg,ripe,ripe,banana_ripe,0.9998858571052551,0.9730671644210815,True
C:\Users\DELL-04-SMKKRIAN1\Documents\RipenAI\data\raw_external\bananaimagebd\extracted\banana_ripe\bananaimagebd_00343.jpg,ripe,ripe,banana_ripe,0.9979164600372314,0.8179985284805298,True
C:\Users\DELL-04-SMKKRIAN1\Documents\RipenAI\data\raw_external\bananaimagebd\extracted\banana_ripe\bananaimagebd_00344.jpg,ripe,ripe,banana_ripe,0.9999105930328369,0.9877374768257141,True
C:\Users\DELL-04-SMKKRIAN1\Documents\RipenAI\data\raw_external\bananaimagebd\extracted\banana_ripe\bananaimagebd_00345.jpg,ripe,ripe,banana_ripe,0.999970555305481,0.9939080476760864,True
C:\Users\DELL-04-SMKKRIAN1\Documents\RipenAI\data\raw_external\bananaimagebd\extracted\banana_ripe\bananaimagebd_00346.jpg,ripe,ripe,banana_ripe,0.9991028904914856,0.9308955073356628,True
C:\Users\DELL-04-SMKKRIAN1\Documents\RipenAI\data\raw_external\bananaimagebd\extracted\banana_ripe\bananaimagebd_00347.jpg,ripe,ripe,banana_ripe,0.9809863567352295,0.957027792930603,True
C:\Users\DELL-04-SMKKRIAN1\Documents\RipenAI\data\raw_external\bananaimagebd\extracted\banana_ripe\bananaimagebd_00348.jpg,ripe,ripe,banana_ripe,0.9002010226249695,0.9870187044143677,True
C:\Users\DELL-04-SMKKRIAN1\Documents\RipenAI\data\raw_external\bananaimagebd\extracted\banana_ripe\bananaimagebd_00349.jpg,ripe,ripe,banana_ripe,0.9990243911743164,0.9978954195976257,True
C:\Users\DELL-04-SMKKRIAN1\Documents\RipenAI\data\raw_external\bananaimagebd\extracted\banana_ripe\bananaimagebd_00350.jpg,ripe,ripe,banana_ripe,0.9997887015342712,0.9940381646156311,True
C:\Users\DELL-04-SMKKRIAN1\Documents\RipenAI\data\raw_external\bananaimagebd\extracted\banana_ripe\bananaimagebd_00351.jpg,ripe,ripe,banana_ripe,0.9896770715713501,0.6767106056213379,True
C:\Users\DELL-04-SMKKRIAN1\Documents\RipenAI\data\raw_external\bananaimagebd\extracted\banana_ripe\bananaimagebd_00352.jpg,ripe,ripe,banana_ripe,0.9972877502441406,0.941520094871521,True
C:\Users\DELL-04-SMKKRIAN1\Documents\RipenAI\data\raw_external\bananaimagebd\extracted\banana_ripe\bananaimagebd_00353.jpg,ripe,ripe,banana_ripe,0.9575901031494141,0.9041820168495178,True
C:\Users\DELL-04-SMKKRIAN1\Documents\RipenAI\data\raw_external\bananaimagebd\extracted\banana_ripe\bananaimagebd_00354.jpg,ripe,ripe,banana_ripe,0.9995036721229553,0.9050402641296387,True
C:\Users\DELL-04-SMKKRIAN1\Documents\RipenAI\data\raw_external\bananaimagebd\extracted\banana_ripe\bananaimagebd_00355.jpg,ripe,ripe,banana_ripe,0.997950553894043,0.8086894154548645,True
C:\Users\DELL-04-SMKKRIAN1\Documents\RipenAI\data\raw_external\bananaimagebd\extracted\banana_ripe\bananaimagebd_00356.jpg,ripe,ripe,banana_ripe,0.9997323751449585,0.7899675369262695,True
C:\Users\DELL-04-SMKKRIAN1\Documents\RipenAI\data\raw_external\bananaimagebd\extracted\banana_ripe\bananaimagebd_00357.jpg,ripe,ripe,banana_ripe,0.9999141693115234,0.9868678450584412,True
C:\Users\DELL-04-SMKKRIAN1\Documents\RipenAI\data\raw_external\bananaimagebd\extracted\banana_ripe\bananaimagebd_00358.jpg,ripe,ripe,banana_ripe,0.9978257417678833,0.8379170298576355,True
C:\Users\DELL-04-SMKKRIAN1\Documents\RipenAI\data\raw_external\bananaimagebd\extracted\banana_ripe\bananaimagebd_00359.jpg,ripe,ripe,banana_ripe,0.9997948408126831,0.9890685677528381,True
C:\Users\DELL-04-SMKKRIAN1\Documents\RipenAI\data\raw_external\bananaimagebd\extracted\banana_ripe\bananaimagebd_00360.jpg,ripe,ripe,banana_ripe,0.9992650747299194,0.9178357124328613,True
C:\Users\DELL-04-SMKKRIAN1\Documents\RipenAI\data\raw_external\bananaimagebd\extracted\banana_ripe\bananaimagebd_00361.jpg,ripe,ripe,banana_ripe,0.9976138472557068,0.7892445921897888,True
C:\Users\DELL-04-SMKKRIAN1\Documents\RipenAI\data\raw_external\bananaimagebd\extracted\banana_ripe\bananaimagebd_00362.jpg,ripe,ripe,banana_ripe,0.9998828768730164,0.9534783959388733,True
C:\Users\DELL-04-SMKKRIAN1\Documents\RipenAI\data\raw_external\bananaimagebd\extracted\banana_ripe\bananaimagebd_00363.jpg,ripe,ripe,banana_ripe,0.9984590411186218,0.7879171371459961,True
C:\Users\DELL-04-SMKKRIAN1\Documents\RipenAI\data\raw_external\bananaimagebd\extracted\banana_ripe\bananaimagebd_00364.jpg,ripe,ripe,banana_ripe,0.9986284971237183,0.9419560432434082,True
C:\Users\DELL-04-SMKKRIAN1\Documents\RipenAI\data\raw_external\bananaimagebd\extracted\banana_ripe\bananaimagebd_00365.jpg,ripe,ripe,banana_ripe,0.9993735551834106,0.9934419393539429,True
C:\Users\DELL-04-SMKKRIAN1\Documents\RipenAI\data\raw_external\bananaimagebd\extracted\banana_ripe\bananaimagebd_00366.jpg,ripe,ripe,banana_ripe,0.9711716175079346,0.9784097671508789,True
C:\Users\DELL-04-SMKKRIAN1\Documents\RipenAI\data\raw_external\bananaimagebd\extracted\banana_ripe\bananaimagebd_00367.jpg,ripe,ripe,banana_ripe,0.9984239339828491,0.9915695786476135,True
C:\Users\DELL-04-SMKKRIAN1\Documents\RipenAI\data\raw_external\bananaimagebd\extracted\banana_ripe\bananaimagebd_00368.jpg,ripe,ripe,banana_ripe,0.9983835816383362,0.983539879322052,True
C:\Users\DELL-04-SMKKRIAN1\Documents\RipenAI\data\raw_external\bananaimagebd\extracted\banana_ripe\bananaimagebd_00369.jpg,ripe,ripe,banana_ripe,0.9996139407157898,0.998825192451477,True
C:\Users\DELL-04-SMKKRIAN1\Documents\RipenAI\data\raw_external\bananaimagebd\extracted\banana_ripe\bananaimagebd_00370.jpg,ripe,ripe,banana_ripe,0.9991390109062195,0.937401533126831,True
C:\Users\DELL-04-SMKKRIAN1\Documents\RipenAI\data\raw_external\bananaimagebd\extracted\banana_ripe\bananaimagebd_00371.jpg,ripe,ripe,banana_ripe,0.9979026317596436,0.9967774748802185,True
C:\Users\DELL-04-SMKKRIAN1\Documents\RipenAI\data\raw_external\bananaimagebd\extracted\banana_ripe\bananaimagebd_00372.jpg,ripe,ripe,banana_ripe,0.9991976022720337,0.9950295090675354,True
C:\Users\DELL-04-SMKKRIAN1\Documents\RipenAI\data\raw_external\bananaimagebd\extracted\banana_ripe\bananaimagebd_00373.jpg,ripe,ripe,banana_ripe,0.9976903796195984,0.8670340776443481,True
C:\Users\DELL-04-SMKKRIAN1\Documents\RipenAI\data\raw_external\bananaimagebd\extracted\banana_ripe\bananaimagebd_00374.jpg,ripe,ripe,banana_ripe,0.9887639880180359,0.9828814268112183,True
C:\Users\DELL-04-SMKKRIAN1\Documents\RipenAI\data\raw_external\bananaimagebd\extracted\banana_ripe\bananaimagebd_00375.jpg,ripe,ripe,banana_ripe,0.9995152950286865,0.9370699524879456,True
C:\Users\DELL-04-SMKKRIAN1\Documents\RipenAI\data\raw_external\bananaimagebd\extracted\banana_ripe\bananaimagebd_00376.jpg,ripe,ripe,banana_ripe,0.9949631690979004,0.9067053198814392,True
C:\Users\DELL-04-SMKKRIAN1\Documents\RipenAI\data\raw_external\bananaimagebd\extracted\banana_ripe\bananaimagebd_00377.jpg,ripe,ripe,banana_ripe,0.9999259114265442,0.9519752264022827,True
C:\Users\DELL-04-SMKKRIAN1\Documents\RipenAI\data\raw_external\bananaimagebd\extracted\banana_ripe\bananaimagebd_00378.jpg,ripe,ripe,banana_ripe,0.9998573660850525,0.9885196685791016,True
C:\Users\DELL-04-SMKKRIAN1\Documents\RipenAI\data\raw_external\bananaimagebd\extracted\banana_ripe\bananaimagebd_00379.jpg,ripe,ripe,banana_ripe,0.9970767498016357,0.6921635270118713,True
C:\Users\DELL-04-SMKKRIAN1\Documents\RipenAI\data\raw_external\bananaimagebd\extracted\banana_ripe\bananaimagebd_00380.jpg,ripe,ripe,banana_ripe,0.9999890923500061,0.9902055263519287,True
C:\Users\DELL-04-SMKKRIAN1\Documents\RipenAI\data\raw_external\bananaimagebd\extracted\banana_ripe\bananaimagebd_00381.jpg,ripe,ripe,banana_ripe,0.9988111853599548,0.692185640335083,True
C:\Users\DELL-04-SMKKRIAN1\Documents\RipenAI\data\raw_external\bananaimagebd\extracted\banana_ripe\bananaimagebd_00382.jpg,ripe,ripe,banana_ripe,0.9981849193572998,0.7856001853942871,True
C:\Users\DELL-04-SMKKRIAN1\Documents\RipenAI\data\raw_external\bananaimagebd\extracted\banana_ripe\bananaimagebd_00383.jpg,ripe,ripe,banana_ripe,0.9997674226760864,0.9418438673019409,True
C:\Users\DELL-04-SMKKRIAN1\Documents\RipenAI\data\raw_external\bananaimagebd\extracted\banana_ripe\bananaimagebd_00384.jpg,ripe,ripe,banana_ripe,0.9993452429771423,0.936377227306366,True
C:\Users\DELL-04-SMKKRIAN1\Documents\RipenAI\data\raw_external\bananaimagebd\extracted\banana_ripe\bananaimagebd_00385.jpg,ripe,ripe,banana_ripe,0.9995473027229309,0.992259681224823,True
C:\Users\DELL-04-SMKKRIAN1\Documents\RipenAI\data\raw_external\bananaimagebd\extracted\banana_ripe\bananaimagebd_00386.jpg,ripe,ripe,banana_ripe,0.9978173971176147,0.873481810092926,True
C:\Users\DELL-04-SMKKRIAN1\Documents\RipenAI\data\raw_external\bananaimagebd\extracted\banana_ripe\bananaimagebd_00387.jpg,ripe,ripe,banana_ripe,0.9975743293762207,0.9741658568382263,True
C:\Users\DELL-04-SMKKRIAN1\Documents\RipenAI\data\raw_external\bananaimagebd\extracted\banana_ripe\bananaimagebd_00388.jpg,ripe,ripe,banana_ripe,0.9999397993087769,0.9975173473358154,True
C:\Users\DELL-04-SMKKRIAN1\Documents\RipenAI\data\raw_external\bananaimagebd\extracted\banana_ripe\bananaimagebd_00389.jpg,ripe,ripe,banana_ripe,0.6731588244438171,0.842924952507019,True
C:\Users\DELL-04-SMKKRIAN1\Documents\RipenAI\data\raw_external\bananaimagebd\extracted\banana_ripe\bananaimagebd_00390.jpg,ripe,ripe,banana_ripe,0.998823881149292,0.9767445921897888,True
C:\Users\DELL-04-SMKKRIAN1\Documents\RipenAI\data\raw_external\bananaimagebd\extracted\banana_ripe\bananaimagebd_00391.jpg,ripe,ripe,banana_ripe,0.992725670337677,0.9582809805870056,True
C:\Users\DELL-04-SMKKRIAN1\Documents\RipenAI\data\raw_external\bananaimagebd\extracted\banana_ripe\bananaimagebd_00392.jpg,ripe,ripe,banana_ripe,0.9973793625831604,0.8313956260681152,True
C:\Users\DELL-04-SMKKRIAN1\Documents\RipenAI\data\raw_external\bananaimagebd\extracted\banana_ripe\bananaimagebd_00393.jpg,ripe,ripe,banana_ripe,0.998978316783905,0.932733952999115,True
C:\Users\DELL-04-SMKKRIAN1\Documents\RipenAI\data\raw_external\bananaimagebd\extracted\banana_ripe\bananaimagebd_00394.jpg,ripe,ripe,banana_ripe,0.999990701675415,0.9964118599891663,True
C:\Users\DELL-04-SMKKRIAN1\Documents\RipenAI\data\raw_external\bananaimagebd\extracted\banana_ripe\bananaimagebd_00395.jpg,ripe,ripe,banana_ripe,0.9999173283576965,0.9706830978393555,True
C:\Users\DELL-04-SMKKRIAN1\Documents\RipenAI\data\raw_external\bananaimagebd\extracted\banana_ripe\bananaimagebd_00396.jpg,ripe,ripe,banana_ripe,0.9969732165336609,0.8476618528366089,True
C:\Users\DELL-04-SMKKRIAN1\Documents\RipenAI\data\raw_external\bananaimagebd\extracted\banana_ripe\bananaimagebd_00397.jpg,ripe,ripe,banana_ripe,0.999407172203064,0.5977776050567627,True
C:\Users\DELL-04-SMKKRIAN1\Documents\RipenAI\data\raw_external\bananaimagebd\extracted\banana_ripe\bananaimagebd_00398.jpg,ripe,ripe,banana_ripe,0.999416708946228,0.949694037437439,True
C:\Users\DELL-04-SMKKRIAN1\Documents\RipenAI\data\raw_external\bananaimagebd\extracted\banana_ripe\bananaimagebd_00399.jpg,ripe,ripe,banana_ripe,0.9990354180335999,0.8006946444511414,True
C:\Users\DELL-04-SMKKRIAN1\Documents\RipenAI\data\raw_external\bananaimagebd\extracted\banana_ripe\bananaimagebd_00400.jpg,ripe,ripe,banana_ripe,0.9999160170555115,0.9507389664649963,True
C:\Users\DELL-04-SMKKRIAN1\Documents\RipenAI\data\raw_external\bananaimagebd\extracted\banana_ripe\bananaimagebd_00401.jpg,ripe,ripe,banana_ripe,0.9983187913894653,0.9593241810798645,True
C:\Users\DELL-04-SMKKRIAN1\Documents\RipenAI\data\raw_external\bananaimagebd\extracted\banana_ripe\bananaimagebd_00402.jpg,ripe,ripe,banana_ripe,0.9996957778930664,0.9507616758346558,True
C:\Users\DELL-04-SMKKRIAN1\Documents\RipenAI\data\raw_external\bananaimagebd\extracted\banana_ripe\bananaimagebd_00403.jpg,ripe,ripe,banana_ripe,0.9871081709861755,0.6069488525390625,True
C:\Users\DELL-04-SMKKRIAN1\Documents\RipenAI\data\raw_external\bananaimagebd\extracted\banana_ripe\bananaimagebd_00404.jpg,ripe,ripe,banana_ripe,0.9952791929244995,0.9736397862434387,True
C:\Users\DELL-04-SMKKRIAN1\Documents\RipenAI\data\raw_external\bananaimagebd\extracted\banana_ripe\bananaimagebd_00405.jpg,ripe,ripe,banana_ripe,0.995777428150177,0.9868592023849487,True
C:\Users\DELL-04-SMKKRIAN1\Documents\RipenAI\data\raw_external\bananaimagebd\extracted\banana_ripe\bananaimagebd_00406.jpg,ripe,ripe,banana_ripe,0.9924757480621338,0.8175448775291443,True
C:\Users\DELL-04-SMKKRIAN1\Documents\RipenAI\data\raw_external\bananaimagebd\extracted\banana_ripe\bananaimagebd_00407.jpg,ripe,ripe,banana_ripe,0.9985213875770569,0.982236385345459,True
C:\Users\DELL-04-SMKKRIAN1\Documents\RipenAI\data\raw_external\bananaimagebd\extracted\banana_ripe\bananaimagebd_00408.jpg,ripe,ripe,banana_ripe,0.9951874017715454,0.9913429617881775,True
C:\Users\DELL-04-SMKKRIAN1\Documents\RipenAI\data\raw_external\bananaimagebd\extracted\banana_ripe\bananaimagebd_00409.jpg,ripe,ripe,banana_ripe,0.9963957071304321,0.9469531178474426,True
C:\Users\DELL-04-SMKKRIAN1\Documents\RipenAI\data\raw_external\bananaimagebd\extracted\banana_ripe\bananaimagebd_00410.jpg,ripe,ripe,banana_ripe,0.9998576045036316,0.7738000154495239,True
C:\Users\DELL-04-SMKKRIAN1\Documents\RipenAI\data\raw_external\bananaimagebd\extracted\banana_ripe\bananaimagebd_00411.jpg,ripe,ripe,banana_ripe,0.9996219277381897,0.9681362509727478,True
C:\Users\DELL-04-SMKKRIAN1\Documents\RipenAI\data\raw_external\bananaimagebd\extracted\banana_ripe\bananaimagebd_00412.jpg,ripe,ripe,banana_ripe,0.9961798191070557,0.719883918762207,True
C:\Users\DELL-04-SMKKRIAN1\Documents\RipenAI\data\raw_external\bananaimagebd\extracted\banana_ripe\bananaimagebd_00413.jpg,ripe,ripe,banana_ripe,0.9999687075614929,0.985845148563385,True
C:\Users\DELL-04-SMKKRIAN1\Documents\RipenAI\data\raw_external\bananaimagebd\extracted\banana_ripe\bananaimagebd_00414.jpg,ripe,ripe,banana_ripe,0.9292820692062378,0.8825581073760986,True
C:\Users\DELL-04-SMKKRIAN1\Documents\RipenAI\data\raw_external\bananaimagebd\extracted\banana_ripe\bananaimagebd_00415.jpg,ripe,ripe,banana_ripe,0.9994258880615234,0.932521641254425,True
C:\Users\DELL-04-SMKKRIAN1\Documents\RipenAI\data\raw_external\bananaimagebd\extracted\banana_ripe\bananaimagebd_00619.jpg,ripe,ripe,banana_ripe,0.9976428151130676,0.8346925973892212,True
C:\Users\DELL-04-SMKKRIAN1\Documents\RipenAI\data\raw_external\bananaimagebd\extracted\banana_ripe\bananaimagebd_00620.jpg,ripe,ripe,banana_ripe,0.990180253982544,0.9780315160751343,True
C:\Users\DELL-04-SMKKRIAN1\Documents\RipenAI\data\raw_external\bananaimagebd\extracted\banana_ripe\bananaimagebd_00621.jpg,ripe,ripe,banana_ripe,0.9743523597717285,0.8450584411621094,True
C:\Users\DELL-04-SMKKRIAN1\Documents\RipenAI\data\raw_external\bananaimagebd\extracted\banana_ripe\bananaimagebd_00622.jpg,ripe,ripe,banana_ripe,0.9998811483383179,0.9931601285934448,True
C:\Users\DELL-04-SMKKRIAN1\Documents\RipenAI\data\raw_external\bananaimagebd\extracted\banana_ripe\bananaimagebd_00623.jpg,ripe,ripe,banana_ripe,0.9989684820175171,0.9667139649391174,True
C:\Users\DELL-04-SMKKRIAN1\Documents\RipenAI\data\raw_external\bananaimagebd\extracted\banana_ripe\bananaimagebd_00624.jpg,ripe,ripe,banana_ripe,0.9937657713890076,0.9070447087287903,True
C:\Users\DELL-04-SMKKRIAN1\Documents\RipenAI\data\raw_external\bananaimagebd\extracted\banana_ripe\bananaimagebd_00625.jpg,ripe,ripe,banana_ripe,0.999897837638855,0.9624829292297363,True
C:\Users\DELL-04-SMKKRIAN1\Documents\RipenAI\data\raw_external\bananaimagebd\extracted\banana_ripe\bananaimagebd_00626.jpg,ripe,ripe,banana_ripe,0.9987291097640991,0.9986366033554077,True
C:\Users\DELL-04-SMKKRIAN1\Documents\RipenAI\data\raw_external\bananaimagebd\extracted\banana_ripe\bananaimagebd_00627.jpg,ripe,ripe,banana_ripe,0.9999259114265442,0.9519752264022827,True
C:\Users\DELL-04-SMKKRIAN1\Documents\RipenAI\data\raw_external\bananaimagebd\extracted\banana_ripe\bananaimagebd_00628.jpg,ripe,ripe,banana_ripe,0.9844993948936462,0.9893666505813599,True
C:\Users\DELL-04-SMKKRIAN1\Documents\RipenAI\data\raw_external\bananaimagebd\extracted\banana_ripe\bananaimagebd_00629.jpg,ripe,ripe,banana_ripe,0.9949042797088623,0.6499701738357544,True
C:\Users\DELL-04-SMKKRIAN1\Documents\RipenAI\data\raw_external\bananaimagebd\extracted\banana_ripe\bananaimagebd_00630.jpg,ripe,overripe,banana_overripe,0.9892176985740662,0.5761326551437378,False
C:\Users\DELL-04-SMKKRIAN1\Documents\RipenAI\data\raw_external\bananaimagebd\extracted\banana_ripe\bananaimagebd_00631.jpg,ripe,ripe,banana_ripe,0.9990456104278564,0.9235895872116089,True
C:\Users\DELL-04-SMKKRIAN1\Documents\RipenAI\data\raw_external\bananaimagebd\extracted\banana_ripe\bananaimagebd_00632.jpg,ripe,ripe,banana_ripe,0.972509503364563,0.9752721190452576,True
C:\Users\DELL-04-SMKKRIAN1\Documents\RipenAI\data\raw_external\bananaimagebd\extracted\banana_ripe\bananaimagebd_00633.jpg,ripe,ripe,banana_ripe,0.8280531764030457,0.9441820979118347,True
C:\Users\DELL-04-SMKKRIAN1\Documents\RipenAI\data\raw_external\bananaimagebd\extracted\banana_ripe\bananaimagebd_00634.jpg,ripe,ripe,banana_ripe,0.9390501379966736,0.998284101486206,True
C:\Users\DELL-04-SMKKRIAN1\Documents\RipenAI\data\raw_external\bananaimagebd\extracted\banana_ripe\bananaimagebd_00635.jpg,ripe,ripe,banana_ripe,0.9707018136978149,0.924553632736206,True
C:\Users\DELL-04-SMKKRIAN1\Documents\RipenAI\data\raw_external\bananaimagebd\extracted\banana_ripe\bananaimagebd_00636.jpg,ripe,ripe,banana_ripe,0.8458486795425415,0.9930935502052307,True
C:\Users\DELL-04-SMKKRIAN1\Documents\RipenAI\data\raw_external\bananaimagebd\extracted\banana_ripe\bananaimagebd_00637.jpg,ripe,ripe,banana_ripe,0.9694316983222961,0.7348911762237549,True
C:\Users\DELL-04-SMKKRIAN1\Documents\RipenAI\data\raw_external\bananaimagebd\extracted\banana_ripe\bananaimagebd_00638.jpg,ripe,ripe,banana_ripe,0.999723494052887,0.8929967880249023,True
C:\Users\DELL-04-SMKKRIAN1\Documents\RipenAI\data\raw_external\bananaimagebd\extracted\banana_ripe\bananaimagebd_00639.jpg,ripe,overripe,banana_overripe,0.9874566197395325,0.6723883748054504,False
C:\Users\DELL-04-SMKKRIAN1\Documents\RipenAI\data\raw_external\bananaimagebd\extracted\banana_ripe\bananaimagebd_00640.jpg,ripe,ripe,banana_ripe,0.9997125864028931,0.9767425656318665,True
C:\Users\DELL-04-SMKKRIAN1\Documents\RipenAI\data\raw_external\bananaimagebd\extracted\banana_ripe\bananaimagebd_00641.jpg,ripe,ripe,banana_ripe,0.9998905062675476,0.9874652624130249,True
C:\Users\DELL-04-SMKKRIAN1\Documents\RipenAI\data\raw_external\bananaimagebd\extracted\banana_ripe\bananaimagebd_00642.jpg,ripe,ripe,banana_ripe,0.9959922432899475,0.9940441250801086,True
C:\Users\DELL-04-SMKKRIAN1\Documents\RipenAI\data\raw_external\bananaimagebd\extracted\banana_ripe\bananaimagebd_00643.jpg,ripe,ripe,banana_ripe,0.9981748461723328,0.9797506928443909,True
C:\Users\DELL-04-SMKKRIAN1\Documents\RipenAI\data\raw_external\bananaimagebd\extracted\banana_ripe\bananaimagebd_00644.jpg,ripe,ripe,banana_ripe,0.9997155070304871,0.9615994095802307,True
C:\Users\DELL-04-SMKKRIAN1\Documents\RipenAI\data\raw_external\bananaimagebd\extracted\banana_ripe\bananaimagebd_00645.jpg,ripe,ripe,banana_ripe,0.9997883439064026,0.8397089838981628,True
C:\Users\DELL-04-SMKKRIAN1\Documents\RipenAI\data\raw_external\bananaimagebd\extracted\banana_ripe\bananaimagebd_00646.jpg,ripe,ripe,banana_ripe,0.9994773268699646,0.9849703907966614,True
C:\Users\DELL-04-SMKKRIAN1\Documents\RipenAI\data\raw_external\bananaimagebd\extracted\banana_ripe\bananaimagebd_00647.jpg,ripe,overripe,banana_overripe,0.9997597336769104,0.5593713521957397,False
C:\Users\DELL-04-SMKKRIAN1\Documents\RipenAI\data\raw_external\bananaimagebd\extracted\banana_ripe\bananaimagebd_00648.jpg,ripe,ripe,banana_ripe,0.99913489818573,0.914470374584198,True
C:\Users\DELL-04-SMKKRIAN1\Documents\RipenAI\data\raw_external\bananaimagebd\extracted\banana_ripe\bananaimagebd_00649.jpg,ripe,ripe,banana_ripe,0.9988206028938293,0.9184948801994324,True
C:\Users\DELL-04-SMKKRIAN1\Documents\RipenAI\data\raw_external\bananaimagebd\extracted\banana_ripe\bananaimagebd_00650.jpg,ripe,ripe,banana_ripe,0.9841806888580322,0.8705769181251526,True
C:\Users\DELL-04-SMKKRIAN1\Documents\RipenAI\data\raw_external\bananaimagebd\extracted\banana_ripe\bananaimagebd_00651.jpg,ripe,ripe,banana_ripe,0.9985218644142151,0.9947336316108704,True
C:\Users\DELL-04-SMKKRIAN1\Documents\RipenAI\data\raw_external\bananaimagebd\extracted\banana_ripe\bananaimagebd_00652.jpg,ripe,ripe,banana_ripe,0.9982606172561646,0.9573191404342651,True
C:\Users\DELL-04-SMKKRIAN1\Documents\RipenAI\data\raw_external\bananaimagebd\extracted\banana_ripe\bananaimagebd_00653.jpg,ripe,overripe,banana_overripe,0.9977388978004456,0.6837790012359619,False
C:\Users\DELL-04-SMKKRIAN1\Documents\RipenAI\data\raw_external\bananaimagebd\extracted\banana_ripe\bananaimagebd_00654.jpg,ripe,ripe,banana_ripe,0.9997678995132446,0.997918963432312,True
C:\Users\DELL-04-SMKKRIAN1\Documents\RipenAI\data\raw_external\bananaimagebd\extracted\banana_ripe\bananaimagebd_00655.jpg,ripe,ripe,banana_ripe,0.999683141708374,0.9869359731674194,True
C:\Users\DELL-04-SMKKRIAN1\Documents\RipenAI\data\raw_external\bananaimagebd\extracted\banana_ripe\bananaimagebd_00656.jpg,ripe,ripe,banana_ripe,0.9995060563087463,0.9707221984863281,True
C:\Users\DELL-04-SMKKRIAN1\Documents\RipenAI\data\raw_external\bananaimagebd\extracted\banana_ripe\bananaimagebd_00657.jpg,ripe,ripe,banana_ripe,0.9896991848945618,0.9958140254020691,True
C:\Users\DELL-04-SMKKRIAN1\Documents\RipenAI\data\raw_external\bananaimagebd\extracted\banana_ripe\bananaimagebd_00658.jpg,ripe,ripe,banana_ripe,0.9994018077850342,0.5828415155410767,True
C:\Users\DELL-04-SMKKRIAN1\Documents\RipenAI\data\raw_external\bananaimagebd\extracted\banana_ripe\bananaimagebd_00659.jpg,ripe,ripe,banana_ripe,0.9970830678939819,0.9854593276977539,True
C:\Users\DELL-04-SMKKRIAN1\Documents\RipenAI\data\raw_external\bananaimagebd\extracted\banana_ripe\bananaimagebd_00660.jpg,ripe,ripe,banana_ripe,0.9997893571853638,0.9971303939819336,True
C:\Users\DELL-04-SMKKRIAN1\Documents\RipenAI\data\raw_external\bananaimagebd\extracted\banana_ripe\bananaimagebd_00661.jpg,ripe,ripe,banana_ripe,0.9993934035301208,0.9965019822120667,True
C:\Users\DELL-04-SMKKRIAN1\Documents\RipenAI\data\raw_external\bananaimagebd\extracted\banana_ripe\bananaimagebd_00662.jpg,ripe,ripe,banana_ripe,0.9985069632530212,0.9719612002372742,True
C:\Users\DELL-04-SMKKRIAN1\Documents\RipenAI\data\raw_external\bananaimagebd\extracted\banana_ripe\bananaimagebd_00663.jpg,ripe,ripe,banana_ripe,0.996294379234314,0.7419471144676208,True
C:\Users\DELL-04-SMKKRIAN1\Documents\RipenAI\data\raw_external\bananaimagebd\extracted\banana_ripe\bananaimagebd_00664.jpg,ripe,ripe,banana_ripe,0.9676867127418518,0.9939761757850647,True
C:\Users\DELL-04-SMKKRIAN1\Documents\RipenAI\data\raw_external\bananaimagebd\extracted\banana_ripe\bananaimagebd_00665.jpg,ripe,ripe,banana_ripe,0.9523714780807495,0.9978843927383423,True
C:\Users\DELL-04-SMKKRIAN1\Documents\RipenAI\data\raw_external\bananaimagebd\extracted\banana_ripe\bananaimagebd_00666.jpg,ripe,ripe,banana_ripe,0.9878123998641968,0.9983049631118774,True
C:\Users\DELL-04-SMKKRIAN1\Documents\RipenAI\data\raw_external\bananaimagebd\extracted\banana_ripe\bananaimagebd_00667.jpg,ripe,ripe,banana_ripe,0.9885627627372742,0.9736202359199524,True
C:\Users\DELL-04-SMKKRIAN1\Documents\RipenAI\data\raw_external\bananaimagebd\extracted\banana_ripe\bananaimagebd_00668.jpg,ripe,ripe,banana_ripe,0.9926809072494507,0.9964585304260254,True
C:\Users\DELL-04-SMKKRIAN1\Documents\RipenAI\data\raw_external\bananaimagebd\extracted\banana_ripe\bananaimagebd_00669.jpg,ripe,ripe,banana_ripe,0.9730409383773804,0.9379522204399109,True
C:\Users\DELL-04-SMKKRIAN1\Documents\RipenAI\data\raw_external\bananaimagebd\extracted\banana_ripe\bananaimagebd_00670.jpg,ripe,ripe,banana_ripe,0.9996172189712524,0.9967016577720642,True
C:\Users\DELL-04-SMKKRIAN1\Documents\RipenAI\data\raw_external\bananaimagebd\extracted\banana_ripe\bananaimagebd_00671.jpg,ripe,ripe,banana_ripe,0.999593198299408,0.9897400736808777,True
C:\Users\DELL-04-SMKKRIAN1\Documents\RipenAI\data\raw_external\bananaimagebd\extracted\banana_ripe\bananaimagebd_00672.jpg,ripe,ripe,banana_ripe,0.9975345134735107,0.9196652770042419,True
C:\Users\DELL-04-SMKKRIAN1\Documents\RipenAI\data\raw_external\bananaimagebd\extracted\banana_ripe\bananaimagebd_00673.jpg,ripe,ripe,banana_ripe,0.9749841094017029,0.8908849358558655,True
C:\Users\DELL-04-SMKKRIAN1\Documents\RipenAI\data\raw_external\bananaimagebd\extracted\banana_ripe\bananaimagebd_00674.jpg,ripe,ripe,banana_ripe,0.9991310238838196,0.9539687633514404,True
C:\Users\DELL-04-SMKKRIAN1\Documents\RipenAI\data\raw_external\bananaimagebd\extracted\banana_ripe\bananaimagebd_00675.jpg,ripe,ripe,banana_ripe,0.9991486072540283,0.9792342782020569,True
C:\Users\DELL-04-SMKKRIAN1\Documents\RipenAI\data\raw_external\bananaimagebd\extracted\banana_ripe\bananaimagebd_00676.jpg,ripe,ripe,banana_ripe,0.9977185130119324,0.9298771619796753,True
C:\Users\DELL-04-SMKKRIAN1\Documents\RipenAI\data\raw_external\bananaimagebd\extracted\banana_ripe\bananaimagebd_00677.jpg,ripe,ripe,banana_ripe,0.9995514154434204,0.9958252310752869,True
C:\Users\DELL-04-SMKKRIAN1\Documents\RipenAI\data\raw_external\bananaimagebd\extracted\banana_ripe\bananaimagebd_00678.jpg,ripe,ripe,banana_ripe,0.9910051226615906,0.9784440398216248,True
C:\Users\DELL-04-SMKKRIAN1\Documents\RipenAI\data\raw_external\bananaimagebd\extracted\banana_ripe\bananaimagebd_00679.jpg,ripe,ripe,banana_ripe,0.9800889492034912,0.9833968877792358,True
C:\Users\DELL-04-SMKKRIAN1\Documents\RipenAI\data\raw_external\bananaimagebd\extracted\banana_ripe\bananaimagebd_00680.jpg,ripe,overripe,banana_overripe,0.876135528087616,0.7655494809150696,False
C:\Users\DELL-04-SMKKRIAN1\Documents\RipenAI\data\raw_external\bananaimagebd\extracted\banana_ripe\bananaimagebd_00681.jpg,ripe,ripe,banana_ripe,0.9972700476646423,0.8518866896629333,True
C:\Users\DELL-04-SMKKRIAN1\Documents\RipenAI\data\raw_external\bananaimagebd\extracted\banana_ripe\bananaimagebd_00682.jpg,ripe,ripe,banana_ripe,0.9611828327178955,0.8527460694313049,True
C:\Users\DELL-04-SMKKRIAN1\Documents\RipenAI\data\raw_external\bananaimagebd\extracted\banana_ripe\bananaimagebd_00683.jpg,ripe,ripe,banana_ripe,0.9920834302902222,0.9977235198020935,True
C:\Users\DELL-04-SMKKRIAN1\Documents\RipenAI\data\raw_external\bananaimagebd\extracted\banana_ripe\bananaimagebd_00684.jpg,ripe,ripe,banana_ripe,0.9997878074645996,0.9180763959884644,True
C:\Users\DELL-04-SMKKRIAN1\Documents\RipenAI\data\raw_external\bananaimagebd\extracted\banana_ripe\bananaimagebd_00685.jpg,ripe,ripe,banana_ripe,0.998323380947113,0.9850459098815918,True
C:\Users\DELL-04-SMKKRIAN1\Documents\RipenAI\data\raw_external\bananaimagebd\extracted\banana_ripe\bananaimagebd_00686.jpg,ripe,ripe,banana_ripe,0.999718427658081,0.9942739009857178,True
C:\Users\DELL-04-SMKKRIAN1\Documents\RipenAI\data\raw_external\bananaimagebd\extracted\banana_ripe\bananaimagebd_00687.jpg,ripe,ripe,banana_ripe,0.9968881607055664,0.9959115982055664,True
C:\Users\DELL-04-SMKKRIAN1\Documents\RipenAI\data\raw_external\bananaimagebd\extracted\banana_ripe\bananaimagebd_00688.jpg,ripe,ripe,banana_ripe,0.9980923533439636,0.7523565292358398,True
C:\Users\DELL-04-SMKKRIAN1\Documents\RipenAI\data\raw_external\bananaimagebd\extracted\banana_ripe\bananaimagebd_00689.jpg,ripe,ripe,banana_ripe,0.9999584555625916,0.9690157175064087,True
C:\Users\DELL-04-SMKKRIAN1\Documents\RipenAI\data\raw_external\bananaimagebd\extracted\banana_ripe\bananaimagebd_00690.jpg,ripe,ripe,banana_ripe,0.9907466173171997,0.9536086916923523,True
C:\Users\DELL-04-SMKKRIAN1\Documents\RipenAI\data\raw_external\bananaimagebd\extracted\banana_ripe\bananaimagebd_00691.jpg,ripe,ripe,banana_ripe,0.9854893088340759,0.9727344512939453,True
C:\Users\DELL-04-SMKKRIAN1\Documents\RipenAI\data\raw_external\bananaimagebd\extracted\banana_ripe\bananaimagebd_00692.jpg,ripe,ripe,banana_ripe,0.8057215213775635,0.6188593506813049,True
C:\Users\DELL-04-SMKKRIAN1\Documents\RipenAI\data\raw_external\bananaimagebd\extracted\banana_ripe\bananaimagebd_00693.jpg,ripe,ripe,banana_ripe,0.9853230118751526,0.704369843006134,True
C:\Users\DELL-04-SMKKRIAN1\Documents\RipenAI\data\raw_external\bananaimagebd\extracted\banana_ripe\bananaimagebd_00694.jpg,ripe,ripe,banana_ripe,0.9931840300559998,0.8436058163642883,True
C:\Users\DELL-04-SMKKRIAN1\Documents\RipenAI\data\raw_external\bananaimagebd\extracted\banana_ripe\bananaimagebd_00695.jpg,ripe,ripe,banana_ripe,0.9974488019943237,0.9895009994506836,True
C:\Users\DELL-04-SMKKRIAN1\Documents\RipenAI\data\raw_external\bananaimagebd\extracted\banana_ripe\bananaimagebd_00696.jpg,ripe,ripe,banana_ripe,0.9011983275413513,0.762553334236145,True
C:\Users\DELL-04-SMKKRIAN1\Documents\RipenAI\data\raw_external\bananaimagebd\extracted\banana_ripe\bananaimagebd_00697.jpg,ripe,ripe,banana_ripe,0.9740738868713379,0.9905827641487122,True
C:\Users\DELL-04-SMKKRIAN1\Documents\RipenAI\data\raw_external\bananaimagebd\extracted\banana_ripe\bananaimagebd_00698.jpg,ripe,ripe,banana_ripe,0.9982941150665283,0.802131712436676,True
C:\Users\DELL-04-SMKKRIAN1\Documents\RipenAI\data\raw_external\bananaimagebd\extracted\banana_ripe\bananaimagebd_00699.jpg,ripe,ripe,banana_ripe,0.9999005198478699,0.9965832829475403,True
C:\Users\DELL-04-SMKKRIAN1\Documents\RipenAI\data\raw_external\bananaimagebd\extracted\banana_ripe\bananaimagebd_00700.jpg,ripe,overripe,banana_overripe,0.9985452890396118,0.7090461254119873,False
C:\Users\DELL-04-SMKKRIAN1\Documents\RipenAI\data\raw_external\bananaimagebd\extracted\banana_ripe\bananaimagebd_00701.jpg,ripe,overripe,banana_overripe,0.997968852519989,0.7004731297492981,False
C:\Users\DELL-04-SMKKRIAN1\Documents\RipenAI\data\raw_external\bananaimagebd\extracted\banana_ripe\bananaimagebd_00702.jpg,ripe,ripe,banana_ripe,0.9992406964302063,0.9991486072540283,True
C:\Users\DELL-04-SMKKRIAN1\Documents\RipenAI\data\raw_external\bananaimagebd\extracted\banana_ripe\bananaimagebd_00703.jpg,ripe,ripe,banana_ripe,0.9990607500076294,0.76015704870224,True
C:\Users\DELL-04-SMKKRIAN1\Documents\RipenAI\data\raw_external\bananaimagebd\extracted\banana_ripe\bananaimagebd_00704.jpg,ripe,ripe,banana_ripe,0.9426178932189941,0.9892877340316772,True
C:\Users\DELL-04-SMKKRIAN1\Documents\RipenAI\data\raw_external\bananaimagebd\extracted\banana_ripe\bananaimagebd_00705.jpg,ripe,ripe,banana_ripe,0.839870274066925,0.9463707208633423,True
C:\Users\DELL-04-SMKKRIAN1\Documents\RipenAI\data\raw_external\bananaimagebd\extracted\banana_ripe\bananaimagebd_00706.jpg,ripe,ripe,banana_ripe,0.9068479537963867,0.9475681185722351,True
C:\Users\DELL-04-SMKKRIAN1\Documents\RipenAI\data\raw_external\bananaimagebd\extracted\banana_ripe\bananaimagebd_00707.jpg,ripe,ripe,banana_ripe,0.9987459778785706,0.975056529045105,True
C:\Users\DELL-04-SMKKRIAN1\Documents\RipenAI\data\raw_external\bananaimagebd\extracted\banana_ripe\bananaimagebd_00708.jpg,ripe,ripe,banana_ripe,0.9918403029441833,0.7307767868041992,True
C:\Users\DELL-04-SMKKRIAN1\Documents\RipenAI\data\raw_external\bananaimagebd\extracted\banana_ripe\bananaimagebd_00709.jpg,ripe,ripe,banana_ripe,0.995075523853302,0.8872625827789307,True
C:\Users\DELL-04-SMKKRIAN1\Documents\RipenAI\data\raw_external\bananaimagebd\extracted\banana_ripe\bananaimagebd_00710.jpg,ripe,ripe,banana_ripe,0.9996408820152283,0.9871101975440979,True
C:\Users\DELL-04-SMKKRIAN1\Documents\RipenAI\data\raw_external\bananaimagebd\extracted\banana_ripe\bananaimagebd_00711.jpg,ripe,ripe,banana_ripe,0.9996122717857361,0.9715811014175415,True
C:\Users\DELL-04-SMKKRIAN1\Documents\RipenAI\data\raw_external\bananaimagebd\extracted\banana_ripe\bananaimagebd_00712.jpg,ripe,ripe,banana_ripe,0.9971026182174683,0.9861746430397034,True
C:\Users\DELL-04-SMKKRIAN1\Documents\RipenAI\data\raw_external\bananaimagebd\extracted\banana_ripe\bananaimagebd_00713.jpg,ripe,ripe,banana_ripe,0.9995416402816772,0.9862836003303528,True
C:\Users\DELL-04-SMKKRIAN1\Documents\RipenAI\data\raw_external\bananaimagebd\extracted\banana_ripe\bananaimagebd_00714.jpg,ripe,overripe,banana_overripe,0.9995784163475037,0.7333157658576965,False
C:\Users\DELL-04-SMKKRIAN1\Documents\RipenAI\data\raw_external\bananaimagebd\extracted\banana_ripe\bananaimagebd_00715.jpg,ripe,ripe,banana_ripe,0.9998506307601929,0.9882399439811707,True
C:\Users\DELL-04-SMKKRIAN1\Documents\RipenAI\data\raw_external\bananaimagebd\extracted\banana_ripe\bananaimagebd_00716.jpg,ripe,ripe,banana_ripe,0.9978008270263672,0.9580133557319641,True
C:\Users\DELL-04-SMKKRIAN1\Documents\RipenAI\data\raw_external\bananaimagebd\extracted\banana_ripe\bananaimagebd_00717.jpg,ripe,ripe,banana_ripe,0.9250977635383606,0.963765561580658,True
C:\Users\DELL-04-SMKKRIAN1\Documents\RipenAI\data\raw_external\bananaimagebd\extracted\banana_ripe\bananaimagebd_00718.jpg,ripe,ripe,banana_ripe,0.9967759251594543,0.8896903991699219,True
C:\Users\DELL-04-SMKKRIAN1\Documents\RipenAI\data\raw_external\bananaimagebd\extracted\banana_ripe\bananaimagebd_00719.jpg,ripe,ripe,banana_ripe,0.9816545248031616,0.8275268077850342,True
C:\Users\DELL-04-SMKKRIAN1\Documents\RipenAI\data\raw_external\bananaimagebd\extracted\banana_ripe\bananaimagebd_00720.jpg,ripe,overripe,banana_overripe,0.9966736435890198,0.6257315874099731,False
C:\Users\DELL-04-SMKKRIAN1\Documents\RipenAI\data\raw_external\bananaimagebd\extracted\banana_ripe\bananaimagebd_00721.jpg,ripe,ripe,banana_ripe,0.9947605133056641,0.5239865779876709,True
C:\Users\DELL-04-SMKKRIAN1\Documents\RipenAI\data\raw_external\bananaimagebd\extracted\banana_ripe\bananaimagebd_00722.jpg,ripe,ripe,banana_ripe,0.9992929100990295,0.9814980626106262,True
C:\Users\DELL-04-SMKKRIAN1\Documents\RipenAI\data\raw_external\bananaimagebd\extracted\banana_ripe\bananaimagebd_00723.jpg,ripe,ripe,banana_ripe,0.9976766705513,0.984710156917572,True
C:\Users\DELL-04-SMKKRIAN1\Documents\RipenAI\data\raw_external\bananaimagebd\extracted\banana_ripe\bananaimagebd_00724.jpg,ripe,ripe,banana_ripe,0.9044651389122009,0.7156243324279785,True
C:\Users\DELL-04-SMKKRIAN1\Documents\RipenAI\data\raw_external\bananaimagebd\extracted\banana_ripe\bananaimagebd_00725.jpg,ripe,ripe,banana_ripe,0.9862521886825562,0.9878243207931519,True
C:\Users\DELL-04-SMKKRIAN1\Documents\RipenAI\data\raw_external\bananaimagebd\extracted\banana_ripe\bananaimagebd_00726.jpg,ripe,ripe,banana_ripe,0.9997954368591309,0.9475927352905273,True
C:\Users\DELL-04-SMKKRIAN1\Documents\RipenAI\data\raw_external\bananaimagebd\extracted\banana_ripe\bananaimagebd_00727.jpg,ripe,overripe,banana_overripe,0.9996206164360046,0.9297260642051697,False
C:\Users\DELL-04-SMKKRIAN1\Documents\RipenAI\data\raw_external\bananaimagebd\extracted\banana_ripe\bananaimagebd_00728.jpg,ripe,ripe,banana_ripe,0.9989343881607056,0.9996515512466431,True
C:\Users\DELL-04-SMKKRIAN1\Documents\RipenAI\data\raw_external\bananaimagebd\extracted\banana_ripe\bananaimagebd_00729.jpg,ripe,ripe,banana_ripe,0.9981082677841187,0.976542592048645,True
C:\Users\DELL-04-SMKKRIAN1\Documents\RipenAI\data\raw_external\bananaimagebd\extracted\banana_ripe\bananaimagebd_00730.jpg,ripe,ripe,banana_ripe,0.9995912313461304,0.4991939067840576,True
C:\Users\DELL-04-SMKKRIAN1\Documents\RipenAI\data\raw_external\bananaimagebd\extracted\banana_ripe\bananaimagebd_00731.jpg,ripe,ripe,banana_ripe,0.9951658248901367,0.7765376567840576,True
C:\Users\DELL-04-SMKKRIAN1\Documents\RipenAI\data\raw_external\bananaimagebd\extracted\banana_ripe\bananaimagebd_00732.jpg,ripe,ripe,banana_ripe,0.9929030537605286,0.9956679344177246,True
C:\Users\DELL-04-SMKKRIAN1\Documents\RipenAI\data\raw_external\bananaimagebd\extracted\banana_ripe\bananaimagebd_00733.jpg,ripe,ripe,banana_ripe,0.9977824687957764,0.9953155517578125,True
C:\Users\DELL-04-SMKKRIAN1\Documents\RipenAI\data\raw_external\bananaimagebd\extracted\banana_ripe\bananaimagebd_00734.jpg,ripe,ripe,banana_ripe,0.9988265037536621,0.9787419438362122,True
C:\Users\DELL-04-SMKKRIAN1\Documents\RipenAI\data\raw_external\bananaimagebd\extracted\banana_ripe\bananaimagebd_00735.jpg,ripe,ripe,banana_ripe,0.9986596703529358,0.982675313949585,True
C:\Users\DELL-04-SMKKRIAN1\Documents\RipenAI\data\raw_external\bananaimagebd\extracted\banana_ripe\bananaimagebd_00736.jpg,ripe,overripe,banana_overripe,0.9753887057304382,0.5566016435623169,False
C:\Users\DELL-04-SMKKRIAN1\Documents\RipenAI\data\raw_external\bananaimagebd\extracted\banana_ripe\bananaimagebd_00737.jpg,ripe,ripe,banana_ripe,0.9947982430458069,0.6923308372497559,True
C:\Users\DELL-04-SMKKRIAN1\Documents\RipenAI\data\raw_external\bananaimagebd\extracted\banana_ripe\bananaimagebd_00738.jpg,ripe,ripe,banana_ripe,0.9996704459190369,0.9537779092788696,True
C:\Users\DELL-04-SMKKRIAN1\Documents\RipenAI\data\raw_external\bananaimagebd\extracted\banana_ripe\bananaimagebd_00739.jpg,ripe,ripe,banana_ripe,0.9999312162399292,0.9548038244247437,True
C:\Users\DELL-04-SMKKRIAN1\Documents\RipenAI\data\raw_external\bananaimagebd\extracted\banana_ripe\bananaimagebd_00740.jpg,ripe,ripe,banana_ripe,0.9988517165184021,0.8038307428359985,True
C:\Users\DELL-04-SMKKRIAN1\Documents\RipenAI\data\raw_external\bananaimagebd\extracted\banana_ripe\bananaimagebd_00741.jpg,ripe,overripe,banana_overripe,0.9996098875999451,0.8795135021209717,False
C:\Users\DELL-04-SMKKRIAN1\Documents\RipenAI\data\raw_external\bananaimagebd\extracted\banana_ripe\bananaimagebd_00742.jpg,ripe,ripe,banana_ripe,0.9997592568397522,0.9240848422050476,True
C:\Users\DELL-04-SMKKRIAN1\Documents\RipenAI\data\raw_external\bananaimagebd\extracted\banana_ripe\bananaimagebd_00743.jpg,ripe,ripe,banana_ripe,0.9998740553855896,0.9396628141403198,True
C:\Users\DELL-04-SMKKRIAN1\Documents\RipenAI\data\raw_external\bananaimagebd\extracted\banana_ripe\bananaimagebd_00744.jpg,ripe,ripe,banana_ripe,0.9998077154159546,0.9843590259552002,True
C:\Users\DELL-04-SMKKRIAN1\Documents\RipenAI\data\raw_external\bananaimagebd\extracted\banana_ripe\bananaimagebd_00745.jpg,ripe,ripe,banana_ripe,0.9992588758468628,0.9570139646530151,True
C:\Users\DELL-04-SMKKRIAN1\Documents\RipenAI\data\raw_external\bananaimagebd\extracted\banana_ripe\bananaimagebd_00746.jpg,ripe,ripe,banana_ripe,0.995045006275177,0.9559364318847656,True
C:\Users\DELL-04-SMKKRIAN1\Documents\RipenAI\data\raw_external\bananaimagebd\extracted\banana_ripe\bananaimagebd_00747.jpg,ripe,overripe,banana_overripe,0.9904013872146606,0.69417804479599,False
C:\Users\DELL-04-SMKKRIAN1\Documents\RipenAI\data\raw_external\bananaimagebd\extracted\banana_ripe\bananaimagebd_00748.jpg,ripe,ripe,banana_ripe,0.9988030195236206,0.9508780241012573,True
C:\Users\DELL-04-SMKKRIAN1\Documents\RipenAI\data\raw_external\bananaimagebd\extracted\banana_ripe\bananaimagebd_00749.jpg,ripe,ripe,banana_ripe,0.953063428401947,0.8026227951049805,True
C:\Users\DELL-04-SMKKRIAN1\Documents\RipenAI\data\raw_external\bananaimagebd\extracted\banana_ripe\bananaimagebd_00750.jpg,ripe,ripe,banana_ripe,0.9495205283164978,0.8820363879203796,True
C:\Users\DELL-04-SMKKRIAN1\Documents\RipenAI\data\raw_external\bananaimagebd\extracted\banana_ripe\bananaimagebd_00751.jpg,ripe,ripe,banana_ripe,0.9990742802619934,0.9956167936325073,True
C:\Users\DELL-04-SMKKRIAN1\Documents\RipenAI\data\raw_external\bananaimagebd\extracted\banana_ripe\bananaimagebd_00752.jpg,ripe,ripe,banana_ripe,0.9998462200164795,0.9833247661590576,True
C:\Users\DELL-04-SMKKRIAN1\Documents\RipenAI\data\raw_external\bananaimagebd\extracted\banana_ripe\bananaimagebd_00753.jpg,ripe,ripe,banana_ripe,0.9998887777328491,0.9946979284286499,True
C:\Users\DELL-04-SMKKRIAN1\Documents\RipenAI\data\raw_external\bananaimagebd\extracted\banana_ripe\bananaimagebd_00754.jpg,ripe,ripe,banana_ripe,0.9998429417610168,0.9923225045204163,True
C:\Users\DELL-04-SMKKRIAN1\Documents\RipenAI\data\raw_external\bananaimagebd\extracted\banana_ripe\bananaimagebd_00755.jpg,ripe,ripe,banana_ripe,0.9941116571426392,0.9957595467567444,True
C:\Users\DELL-04-SMKKRIAN1\Documents\RipenAI\data\raw_external\bananaimagebd\extracted\banana_ripe\bananaimagebd_00756.jpg,ripe,ripe,banana_ripe,0.9240783452987671,0.7106897234916687,True
C:\Users\DELL-04-SMKKRIAN1\Documents\RipenAI\data\raw_external\bananaimagebd\extracted\banana_ripe\bananaimagebd_00757.jpg,ripe,ripe,banana_ripe,0.9857223033905029,0.9780274033546448,True
C:\Users\DELL-04-SMKKRIAN1\Documents\RipenAI\data\raw_external\bananaimagebd\extracted\banana_ripe\bananaimagebd_00758.jpg,ripe,ripe,banana_ripe,0.9801825284957886,0.8916916847229004,True
C:\Users\DELL-04-SMKKRIAN1\Documents\RipenAI\data\raw_external\bananaimagebd\extracted\banana_ripe\bananaimagebd_00759.jpg,ripe,ripe,banana_ripe,0.955712616443634,0.9971321225166321,True
C:\Users\DELL-04-SMKKRIAN1\Documents\RipenAI\data\raw_external\bananaimagebd\extracted\banana_ripe\bananaimagebd_00760.jpg,ripe,ripe,banana_ripe,0.9989885091781616,0.9259788990020752,True
C:\Users\DELL-04-SMKKRIAN1\Documents\RipenAI\data\raw_external\bananaimagebd\extracted\banana_ripe\bananaimagebd_00761.jpg,ripe,ripe,banana_ripe,0.9999284148216248,0.998503565788269,True
C:\Users\DELL-04-SMKKRIAN1\Documents\RipenAI\data\raw_external\bananaimagebd\extracted\banana_ripe\bananaimagebd_00762.jpg,ripe,ripe,banana_ripe,0.9992150664329529,0.9956161379814148,True
C:\Users\DELL-04-SMKKRIAN1\Documents\RipenAI\data\raw_external\bananaimagebd\extracted\banana_ripe\bananaimagebd_00763.jpg,ripe,ripe,banana_ripe,0.999741792678833,0.9983792304992676,True
C:\Users\DELL-04-SMKKRIAN1\Documents\RipenAI\data\raw_external\bananaimagebd\extracted\banana_ripe\bananaimagebd_00764.jpg,ripe,ripe,banana_ripe,0.999739408493042,0.990266740322113,True
C:\Users\DELL-04-SMKKRIAN1\Documents\RipenAI\data\raw_external\bananaimagebd\extracted\banana_ripe\bananaimagebd_00765.jpg,ripe,ripe,banana_ripe,0.9986129999160767,0.5484567284584045,True
C:\Users\DELL-04-SMKKRIAN1\Documents\RipenAI\data\raw_external\bananaimagebd\extracted\banana_ripe\bananaimagebd_00766.jpg,ripe,ripe,banana_ripe,0.989612340927124,0.9803766012191772,True
C:\Users\DELL-04-SMKKRIAN1\Documents\RipenAI\data\raw_external\bananaimagebd\extracted\banana_ripe\bananaimagebd_00767.jpg,ripe,ripe,banana_ripe,0.967965304851532,0.9807651042938232,True
C:\Users\DELL-04-SMKKRIAN1\Documents\RipenAI\data\raw_external\bananaimagebd\extracted\banana_ripe\bananaimagebd_00768.jpg,ripe,ripe,banana_ripe,0.9989988207817078,0.9593260288238525,True
C:\Users\DELL-04-SMKKRIAN1\Documents\RipenAI\data\raw_external\bananaimagebd\extracted\banana_ripe\bananaimagebd_00769.jpg,ripe,ripe,banana_ripe,0.9988642334938049,0.8813498020172119,True
C:\Users\DELL-04-SMKKRIAN1\Documents\RipenAI\data\raw_external\bananaimagebd\extracted\banana_ripe\bananaimagebd_00770.jpg,ripe,ripe,banana_ripe,0.9846870303153992,0.9853880405426025,True
C:\Users\DELL-04-SMKKRIAN1\Documents\RipenAI\data\raw_external\bananaimagebd\extracted\banana_ripe\bananaimagebd_00771.jpg,ripe,overripe,banana_overripe,0.994161069393158,0.5507397055625916,False
C:\Users\DELL-04-SMKKRIAN1\Documents\RipenAI\data\raw_external\bananaimagebd\extracted\banana_ripe\bananaimagebd_00772.jpg,ripe,ripe,banana_ripe,0.9998552203178406,0.9906907677650452,True
C:\Users\DELL-04-SMKKRIAN1\Documents\RipenAI\data\raw_external\bananaimagebd\extracted\banana_ripe\bananaimagebd_00773.jpg,ripe,ripe,banana_ripe,0.9999402165412903,0.9984801411628723,True
C:\Users\DELL-04-SMKKRIAN1\Documents\RipenAI\data\raw_external\bananaimagebd\extracted\banana_ripe\bananaimagebd_00774.jpg,ripe,ripe,banana_ripe,0.9991003274917603,0.994100034236908,True
C:\Users\DELL-04-SMKKRIAN1\Documents\RipenAI\data\raw_external\bananaimagebd\extracted\banana_ripe\bananaimagebd_00775.jpg,ripe,ripe,banana_ripe,0.998706579208374,0.9812743663787842,True
C:\Users\DELL-04-SMKKRIAN1\Documents\RipenAI\data\raw_external\bananaimagebd\extracted\banana_ripe\bananaimagebd_00776.jpg,ripe,ripe,banana_ripe,0.9995327591896057,0.7392002940177917,True
C:\Users\DELL-04-SMKKRIAN1\Documents\RipenAI\data\raw_external\bananaimagebd\extracted\banana_ripe\bananaimagebd_00777.jpg,ripe,ripe,banana_ripe,0.9928231835365295,0.9885204434394836,True
C:\Users\DELL-04-SMKKRIAN1\Documents\RipenAI\data\raw_external\bananaimagebd\extracted\banana_ripe\bananaimagebd_00778.jpg,ripe,ripe,banana_ripe,0.9986643195152283,0.9391258955001831,True
C:\Users\DELL-04-SMKKRIAN1\Documents\RipenAI\data\raw_external\bananaimagebd\extracted\banana_ripe\bananaimagebd_00779.jpg,ripe,ripe,banana_ripe,0.966758131980896,0.7483770251274109,True
C:\Users\DELL-04-SMKKRIAN1\Documents\RipenAI\data\raw_external\bananaimagebd\extracted\banana_ripe\bananaimagebd_00780.jpg,ripe,ripe,banana_ripe,0.9996243119239807,0.9364112019538879,True
C:\Users\DELL-04-SMKKRIAN1\Documents\RipenAI\data\raw_external\bananaimagebd\extracted\banana_ripe\bananaimagebd_00781.jpg,ripe,ripe,banana_ripe,0.9982827305793762,0.979191780090332,True
C:\Users\DELL-04-SMKKRIAN1\Documents\RipenAI\data\raw_external\bananaimagebd\extracted\banana_ripe\bananaimagebd_00782.jpg,ripe,ripe,banana_ripe,0.9991710186004639,0.8595795631408691,True
C:\Users\DELL-04-SMKKRIAN1\Documents\RipenAI\data\raw_external\bananaimagebd\extracted\banana_ripe\bananaimagebd_00783.jpg,ripe,ripe,banana_ripe,0.9692079424858093,0.9601558446884155,True
C:\Users\DELL-04-SMKKRIAN1\Documents\RipenAI\data\raw_external\bananaimagebd\extracted\banana_ripe\bananaimagebd_00784.jpg,ripe,ripe,banana_ripe,0.9978396892547607,0.9581314325332642,True
C:\Users\DELL-04-SMKKRIAN1\Documents\RipenAI\data\raw_external\bananaimagebd\extracted\banana_ripe\bananaimagebd_00785.jpg,ripe,ripe,banana_ripe,0.9766288995742798,0.9815139174461365,True
C:\Users\DELL-04-SMKKRIAN1\Documents\RipenAI\data\raw_external\bananaimagebd\extracted\banana_ripe\bananaimagebd_00786.jpg,ripe,ripe,banana_ripe,0.9989001154899597,0.9723789095878601,True
C:\Users\DELL-04-SMKKRIAN1\Documents\RipenAI\data\raw_external\bananaimagebd\extracted\banana_ripe\bananaimagebd_00787.jpg,ripe,ripe,banana_ripe,0.9997561573982239,0.79071044921875,True
C:\Users\DELL-04-SMKKRIAN1\Documents\RipenAI\data\raw_external\bananaimagebd\extracted\banana_ripe\bananaimagebd_00788.jpg,ripe,ripe,banana_ripe,0.7637304067611694,0.5317971110343933,True
C:\Users\DELL-04-SMKKRIAN1\Documents\RipenAI\data\raw_external\bananaimagebd\extracted\banana_ripe\bananaimagebd_00789.jpg,ripe,ripe,banana_ripe,0.9975202083587646,0.9867841601371765,True
C:\Users\DELL-04-SMKKRIAN1\Documents\RipenAI\data\raw_external\bananaimagebd\extracted\banana_ripe\bananaimagebd_00790.jpg,ripe,ripe,banana_ripe,0.9992585778236389,0.872254490852356,True
C:\Users\DELL-04-SMKKRIAN1\Documents\RipenAI\data\raw_external\bananaimagebd\extracted\banana_ripe\bananaimagebd_00791.jpg,ripe,ripe,banana_ripe,0.9987602233886719,0.9590328931808472,True
C:\Users\DELL-04-SMKKRIAN1\Documents\RipenAI\data\raw_external\bananaimagebd\extracted\banana_ripe\bananaimagebd_00792.jpg,ripe,ripe,banana_ripe,0.9995083212852478,0.9710999131202698,True
C:\Users\DELL-04-SMKKRIAN1\Documents\RipenAI\data\raw_external\bananaimagebd\extracted\banana_ripe\bananaimagebd_00793.jpg,ripe,ripe,banana_ripe,0.9996187686920166,0.9748687744140625,True
C:\Users\DELL-04-SMKKRIAN1\Documents\RipenAI\data\raw_external\bananaimagebd\extracted\banana_ripe\bananaimagebd_00794.jpg,ripe,ripe,banana_ripe,0.9912607073783875,0.9375179409980774,True
C:\Users\DELL-04-SMKKRIAN1\Documents\RipenAI\data\raw_external\bananaimagebd\extracted\banana_ripe\bananaimagebd_00795.jpg,ripe,ripe,banana_ripe,0.9867725372314453,0.9816434979438782,True
C:\Users\DELL-04-SMKKRIAN1\Documents\RipenAI\data\raw_external\bananaimagebd\extracted\banana_ripe\bananaimagebd_00796.jpg,ripe,ripe,banana_ripe,0.9989423155784607,0.9943044781684875,True
C:\Users\DELL-04-SMKKRIAN1\Documents\RipenAI\data\raw_external\bananaimagebd\extracted\banana_ripe\bananaimagebd_00797.jpg,ripe,ripe,banana_ripe,0.9990416169166565,0.7755803465843201,True
C:\Users\DELL-04-SMKKRIAN1\Documents\RipenAI\data\raw_external\bananaimagebd\extracted\banana_ripe\bananaimagebd_00798.jpg,ripe,ripe,banana_ripe,0.5715366005897522,0.8425715565681458,True
C:\Users\DELL-04-SMKKRIAN1\Documents\RipenAI\data\raw_external\bananaimagebd\extracted\banana_ripe\bananaimagebd_00799.jpg,ripe,ripe,banana_ripe,0.9999541640281677,0.9910609126091003,True
C:\Users\DELL-04-SMKKRIAN1\Documents\RipenAI\data\raw_external\bananaimagebd\extracted\banana_ripe\bananaimagebd_00800.jpg,ripe,ripe,banana_ripe,0.9999037981033325,0.9910430312156677,True
C:\Users\DELL-04-SMKKRIAN1\Documents\RipenAI\data\raw_external\bananaimagebd\extracted\banana_ripe\bananaimagebd_00801.jpg,ripe,ripe,banana_ripe,0.57170569896698,0.9506140351295471,True
C:\Users\DELL-04-SMKKRIAN1\Documents\RipenAI\data\raw_external\bananaimagebd\extracted\banana_ripe\bananaimagebd_00802.jpg,ripe,ripe,banana_ripe,0.9977995157241821,0.9491478800773621,True
C:\Users\DELL-04-SMKKRIAN1\Documents\RipenAI\data\raw_external\bananaimagebd\extracted\banana_ripe\bananaimagebd_00803.jpg,ripe,ripe,banana_ripe,0.9949509501457214,0.6431455016136169,True
C:\Users\DELL-04-SMKKRIAN1\Documents\RipenAI\data\raw_external\bananaimagebd\extracted\banana_ripe\bananaimagebd_00804.jpg,ripe,ripe,banana_ripe,0.9925602078437805,0.5019431710243225,True
C:\Users\DELL-04-SMKKRIAN1\Documents\RipenAI\data\raw_external\bananaimagebd\extracted\banana_ripe\bananaimagebd_00805.jpg,ripe,ripe,banana_ripe,0.9940980672836304,0.8294337391853333,True
C:\Users\DELL-04-SMKKRIAN1\Documents\RipenAI\data\raw_external\bananaimagebd\extracted\banana_ripe\bananaimagebd_00806.jpg,ripe,ripe,banana_ripe,0.9994518756866455,0.8065487742424011,True
C:\Users\DELL-04-SMKKRIAN1\Documents\RipenAI\data\raw_external\bananaimagebd\extracted\banana_ripe\bananaimagebd_00807.jpg,ripe,ripe,banana_ripe,0.9983018636703491,0.8166007399559021,True
C:\Users\DELL-04-SMKKRIAN1\Documents\RipenAI\data\raw_external\bananaimagebd\extracted\banana_ripe\bananaimagebd_00808.jpg,ripe,ripe,banana_ripe,0.9996180534362793,0.8744975924491882,True
C:\Users\DELL-04-SMKKRIAN1\Documents\RipenAI\data\raw_external\bananaimagebd\extracted\banana_ripe\bananaimagebd_00809.jpg,ripe,ripe,banana_ripe,0.9986452460289001,0.5381119847297668,True
C:\Users\DELL-04-SMKKRIAN1\Documents\RipenAI\data\raw_external\bananaimagebd\extracted\banana_ripe\bananaimagebd_00810.jpg,ripe,ripe,banana_ripe,0.9966663718223572,0.9987615346908569,True
C:\Users\DELL-04-SMKKRIAN1\Documents\RipenAI\data\raw_external\bananaimagebd\extracted\banana_ripe\bananaimagebd_00811.jpg,ripe,ripe,banana_ripe,0.9712110757827759,0.9908573031425476,True
C:\Users\DELL-04-SMKKRIAN1\Documents\RipenAI\data\raw_external\bananaimagebd\extracted\banana_ripe\bananaimagebd_00812.jpg,ripe,ripe,banana_ripe,0.9999532699584961,0.9893684983253479,True
C:\Users\DELL-04-SMKKRIAN1\Documents\RipenAI\data\raw_external\bananaimagebd\extracted\banana_ripe\bananaimagebd_00813.jpg,ripe,ripe,banana_ripe,0.9982389211654663,0.9657705426216125,True
C:\Users\DELL-04-SMKKRIAN1\Documents\RipenAI\data\raw_external\bananaimagebd\extracted\banana_ripe\bananaimagebd_00814.jpg,ripe,ripe,banana_ripe,0.9997395277023315,0.9480883479118347,True
C:\Users\DELL-04-SMKKRIAN1\Documents\RipenAI\data\raw_external\bananaimagebd\extracted\banana_ripe\bananaimagebd_00815.jpg,ripe,ripe,banana_ripe,0.996661365032196,0.8991991877555847,True
C:\Users\DELL-04-SMKKRIAN1\Documents\RipenAI\data\raw_external\bananaimagebd\extracted\banana_ripe\bananaimagebd_00816.jpg,ripe,ripe,banana_ripe,0.9920504689216614,0.9563088417053223,True
C:\Users\DELL-04-SMKKRIAN1\Documents\RipenAI\data\raw_external\bananaimagebd\extracted\banana_ripe\bananaimagebd_00817.jpg,ripe,ripe,banana_ripe,0.9997692108154297,0.9785117506980896,True
C:\Users\DELL-04-SMKKRIAN1\Documents\RipenAI\data\raw_external\bananaimagebd\extracted\banana_ripe\bananaimagebd_00818.jpg,ripe,ripe,banana_ripe,0.9980199933052063,0.9973755478858948,True
C:\Users\DELL-04-SMKKRIAN1\Documents\RipenAI\data\raw_external\bananaimagebd\extracted\banana_ripe\bananaimagebd_00819.jpg,ripe,ripe,banana_ripe,0.9801620841026306,0.9812094569206238,True
C:\Users\DELL-04-SMKKRIAN1\Documents\RipenAI\data\raw_external\bananaimagebd\extracted\banana_unripe\bananaimagebd_00000.jpg,unripe,unripe,banana_unripe,0.9897417426109314,0.9931542277336121,True
C:\Users\DELL-04-SMKKRIAN1\Documents\RipenAI\data\raw_external\bananaimagebd\extracted\banana_unripe\bananaimagebd_00001.jpg,unripe,unripe,banana_unripe,0.9996830821037292,0.9559166431427002,True
C:\Users\DELL-04-SMKKRIAN1\Documents\RipenAI\data\raw_external\bananaimagebd\extracted\banana_unripe\bananaimagebd_00002.jpg,unripe,unripe,banana_unripe,0.9975785613059998,0.9947752952575684,True
C:\Users\DELL-04-SMKKRIAN1\Documents\RipenAI\data\raw_external\bananaimagebd\extracted\banana_unripe\bananaimagebd_00003.jpg,unripe,ripe,banana_ripe,0.9991558790206909,0.6246055960655212,False
C:\Users\DELL-04-SMKKRIAN1\Documents\RipenAI\data\raw_external\bananaimagebd\extracted\banana_unripe\bananaimagebd_00004.jpg,unripe,ripe,banana_ripe,0.9965746402740479,0.6331470608711243,False
C:\Users\DELL-04-SMKKRIAN1\Documents\RipenAI\data\raw_external\bananaimagebd\extracted\banana_unripe\bananaimagebd_00005.jpg,unripe,unripe,banana_unripe,0.9889707565307617,0.9764403104782104,True
C:\Users\DELL-04-SMKKRIAN1\Documents\RipenAI\data\raw_external\bananaimagebd\extracted\banana_unripe\bananaimagebd_00006.jpg,unripe,unripe,banana_unripe,0.9983185529708862,0.9853628277778625,True
C:\Users\DELL-04-SMKKRIAN1\Documents\RipenAI\data\raw_external\bananaimagebd\extracted\banana_unripe\bananaimagebd_00007.jpg,unripe,unripe,banana_unripe,0.9859009981155396,0.7943233847618103,True
C:\Users\DELL-04-SMKKRIAN1\Documents\RipenAI\data\raw_external\bananaimagebd\extracted\banana_unripe\bananaimagebd_00008.jpg,unripe,unripe,banana_unripe,0.9438790678977966,0.8736894130706787,True
C:\Users\DELL-04-SMKKRIAN1\Documents\RipenAI\data\raw_external\bananaimagebd\extracted\banana_unripe\bananaimagebd_00009.jpg,unripe,unripe,banana_unripe,0.9885967373847961,0.7642529606819153,True
C:\Users\DELL-04-SMKKRIAN1\Documents\RipenAI\data\raw_external\bananaimagebd\extracted\banana_unripe\bananaimagebd_00010.jpg,unripe,unripe,banana_unripe,0.9697920680046082,0.7518637180328369,True
C:\Users\DELL-04-SMKKRIAN1\Documents\RipenAI\data\raw_external\bananaimagebd\extracted\banana_unripe\bananaimagebd_00011.jpg,unripe,unripe,banana_unripe,0.9971721172332764,0.8563948273658752,True
C:\Users\DELL-04-SMKKRIAN1\Documents\RipenAI\data\raw_external\bananaimagebd\extracted\banana_unripe\bananaimagebd_00012.jpg,unripe,unripe,banana_unripe,0.9888904690742493,0.7297380566596985,True
C:\Users\DELL-04-SMKKRIAN1\Documents\RipenAI\data\raw_external\bananaimagebd\extracted\banana_unripe\bananaimagebd_00013.jpg,unripe,ripe,banana_ripe,0.9968957304954529,0.7027199268341064,False
C:\Users\DELL-04-SMKKRIAN1\Documents\RipenAI\data\raw_external\bananaimagebd\extracted\banana_unripe\bananaimagebd_00014.jpg,unripe,unripe,banana_unripe,0.9973570704460144,0.9263150095939636,True
C:\Users\DELL-04-SMKKRIAN1\Documents\RipenAI\data\raw_external\bananaimagebd\extracted\banana_unripe\bananaimagebd_00015.jpg,unripe,unripe,banana_unripe,0.9897331595420837,0.9509914517402649,True
C:\Users\DELL-04-SMKKRIAN1\Documents\RipenAI\data\raw_external\bananaimagebd\extracted\banana_unripe\bananaimagebd_00016.jpg,unripe,unripe,banana_unripe,0.9818297028541565,0.9900879859924316,True
C:\Users\DELL-04-SMKKRIAN1\Documents\RipenAI\data\raw_external\bananaimagebd\extracted\banana_unripe\bananaimagebd_00017.jpg,unripe,unripe,banana_unripe,0.9952986240386963,0.9931955933570862,True
C:\Users\DELL-04-SMKKRIAN1\Documents\RipenAI\data\raw_external\bananaimagebd\extracted\banana_unripe\bananaimagebd_00018.jpg,unripe,unripe,banana_unripe,0.9923438429832458,0.9932695627212524,True
C:\Users\DELL-04-SMKKRIAN1\Documents\RipenAI\data\raw_external\bananaimagebd\extracted\banana_unripe\bananaimagebd_00019.jpg,unripe,unripe,banana_unripe,0.9299864172935486,0.6531496644020081,True
C:\Users\DELL-04-SMKKRIAN1\Documents\RipenAI\data\raw_external\bananaimagebd\extracted\banana_unripe\bananaimagebd_00020.jpg,unripe,unripe,banana_unripe,0.9988440275192261,0.8543399572372437,True
C:\Users\DELL-04-SMKKRIAN1\Documents\RipenAI\data\raw_external\bananaimagebd\extracted\banana_unripe\bananaimagebd_00021.jpg,unripe,unripe,banana_unripe,0.9894676208496094,0.8661587834358215,True
C:\Users\DELL-04-SMKKRIAN1\Documents\RipenAI\data\raw_external\bananaimagebd\extracted\banana_unripe\bananaimagebd_00022.jpg,unripe,ripe,banana_ripe,0.9982277750968933,0.6139519214630127,False
C:\Users\DELL-04-SMKKRIAN1\Documents\RipenAI\data\raw_external\bananaimagebd\extracted\banana_unripe\bananaimagebd_00023.jpg,unripe,unripe,banana_unripe,0.9973269701004028,0.9888800978660583,True
C:\Users\DELL-04-SMKKRIAN1\Documents\RipenAI\data\raw_external\bananaimagebd\extracted\banana_unripe\bananaimagebd_00024.jpg,unripe,unripe,banana_unripe,0.9959673881530762,0.975281298160553,True
C:\Users\DELL-04-SMKKRIAN1\Documents\RipenAI\data\raw_external\bananaimagebd\extracted\banana_unripe\bananaimagebd_00025.jpg,unripe,unripe,banana_unripe,0.989061713218689,0.6664448380470276,True
C:\Users\DELL-04-SMKKRIAN1\Documents\RipenAI\data\raw_external\bananaimagebd\extracted\banana_unripe\bananaimagebd_00026.jpg,unripe,unripe,banana_unripe,0.9982759952545166,0.8624231815338135,True
C:\Users\DELL-04-SMKKRIAN1\Documents\RipenAI\data\raw_external\bananaimagebd\extracted\banana_unripe\bananaimagebd_00027.jpg,unripe,unripe,banana_unripe,0.9975857734680176,0.6712161898612976,True
C:\Users\DELL-04-SMKKRIAN1\Documents\RipenAI\data\raw_external\bananaimagebd\extracted\banana_unripe\bananaimagebd_00028.jpg,unripe,unripe,banana_unripe,0.9978668093681335,0.9971182942390442,True
C:\Users\DELL-04-SMKKRIAN1\Documents\RipenAI\data\raw_external\bananaimagebd\extracted\banana_unripe\bananaimagebd_00029.jpg,unripe,unripe,banana_unripe,0.9989287853240967,0.7739579677581787,True
C:\Users\DELL-04-SMKKRIAN1\Documents\RipenAI\data\raw_external\bananaimagebd\extracted\banana_unripe\bananaimagebd_00030.jpg,unripe,unripe,banana_unripe,0.7920026183128357,0.8755949139595032,True
C:\Users\DELL-04-SMKKRIAN1\Documents\RipenAI\data\raw_external\bananaimagebd\extracted\banana_unripe\bananaimagebd_00031.jpg,unripe,unripe,banana_unripe,0.995701014995575,0.9973172545433044,True
C:\Users\DELL-04-SMKKRIAN1\Documents\RipenAI\data\raw_external\bananaimagebd\extracted\banana_unripe\bananaimagebd_00032.jpg,unripe,unripe,banana_unripe,0.9973244071006775,0.9979762434959412,True
C:\Users\DELL-04-SMKKRIAN1\Documents\RipenAI\data\raw_external\bananaimagebd\extracted\banana_unripe\bananaimagebd_00033.jpg,unripe,unripe,banana_unripe,0.997684895992279,0.996676504611969,True
C:\Users\DELL-04-SMKKRIAN1\Documents\RipenAI\data\raw_external\bananaimagebd\extracted\banana_unripe\bananaimagebd_00034.jpg,unripe,unripe,banana_unripe,0.996686577796936,0.9306338429450989,True
C:\Users\DELL-04-SMKKRIAN1\Documents\RipenAI\data\raw_external\bananaimagebd\extracted\banana_unripe\bananaimagebd_00035.jpg,unripe,unripe,banana_unripe,0.9918667674064636,0.8520931601524353,True
C:\Users\DELL-04-SMKKRIAN1\Documents\RipenAI\data\raw_external\bananaimagebd\extracted\banana_unripe\bananaimagebd_00036.jpg,unripe,ripe,banana_ripe,0.999846339225769,0.8066592216491699,False
C:\Users\DELL-04-SMKKRIAN1\Documents\RipenAI\data\raw_external\bananaimagebd\extracted\banana_unripe\bananaimagebd_00037.jpg,unripe,unripe,banana_unripe,0.9964430332183838,0.9954978823661804,True
C:\Users\DELL-04-SMKKRIAN1\Documents\RipenAI\data\raw_external\bananaimagebd\extracted\banana_unripe\bananaimagebd_00038.jpg,unripe,unripe,banana_unripe,0.9975529909133911,0.6832557916641235,True
C:\Users\DELL-04-SMKKRIAN1\Documents\RipenAI\data\raw_external\bananaimagebd\extracted\banana_unripe\bananaimagebd_00039.jpg,unripe,unripe,banana_unripe,0.8716331720352173,0.4929497539997101,True
C:\Users\DELL-04-SMKKRIAN1\Documents\RipenAI\data\raw_external\bananaimagebd\extracted\banana_unripe\bananaimagebd_00040.jpg,unripe,unripe,banana_unripe,0.986064076423645,0.800927460193634,True
C:\Users\DELL-04-SMKKRIAN1\Documents\RipenAI\data\raw_external\bananaimagebd\extracted\banana_unripe\bananaimagebd_00041.jpg,unripe,unripe,banana_unripe,0.9919395446777344,0.8859116435050964,True
C:\Users\DELL-04-SMKKRIAN1\Documents\RipenAI\data\raw_external\bananaimagebd\extracted\banana_unripe\bananaimagebd_00042.jpg,unripe,unripe,banana_unripe,0.9911237955093384,0.9614495635032654,True
C:\Users\DELL-04-SMKKRIAN1\Documents\RipenAI\data\raw_external\bananaimagebd\extracted\banana_unripe\bananaimagebd_00043.jpg,unripe,unripe,banana_unripe,0.9896714091300964,0.8197628855705261,True
C:\Users\DELL-04-SMKKRIAN1\Documents\RipenAI\data\raw_external\bananaimagebd\extracted\banana_unripe\bananaimagebd_00044.jpg,unripe,unripe,banana_unripe,0.998875081539154,0.9931144714355469,True
C:\Users\DELL-04-SMKKRIAN1\Documents\RipenAI\data\raw_external\bananaimagebd\extracted\banana_unripe\bananaimagebd_00045.jpg,unripe,ripe,banana_ripe,0.9985458850860596,0.6224240064620972,False
C:\Users\DELL-04-SMKKRIAN1\Documents\RipenAI\data\raw_external\bananaimagebd\extracted\banana_unripe\bananaimagebd_00046.jpg,unripe,unripe,banana_unripe,0.9952367544174194,0.48387232422828674,True
C:\Users\DELL-04-SMKKRIAN1\Documents\RipenAI\data\raw_external\bananaimagebd\extracted\banana_unripe\bananaimagebd_00047.jpg,unripe,unripe,banana_unripe,0.9917845726013184,0.993126392364502,True
C:\Users\DELL-04-SMKKRIAN1\Documents\RipenAI\data\raw_external\bananaimagebd\extracted\banana_unripe\bananaimagebd_00048.jpg,unripe,unripe,banana_unripe,0.9727833867073059,0.9802034497261047,True
C:\Users\DELL-04-SMKKRIAN1\Documents\RipenAI\data\raw_external\bananaimagebd\extracted\banana_unripe\bananaimagebd_00049.jpg,unripe,unripe,banana_unripe,0.9963120818138123,0.9968065023422241,True
C:\Users\DELL-04-SMKKRIAN1\Documents\RipenAI\data\raw_external\bananaimagebd\extracted\banana_unripe\bananaimagebd_00050.jpg,unripe,unripe,banana_unripe,0.9901865124702454,0.9989743828773499,True
C:\Users\DELL-04-SMKKRIAN1\Documents\RipenAI\data\raw_external\bananaimagebd\extracted\banana_unripe\bananaimagebd_00051.jpg,unripe,ripe,banana_ripe,0.9994051456451416,0.5110610723495483,False
C:\Users\DELL-04-SMKKRIAN1\Documents\RipenAI\data\raw_external\bananaimagebd\extracted\banana_unripe\bananaimagebd_00052.jpg,unripe,unripe,banana_unripe,0.991486132144928,0.7301212549209595,True
C:\Users\DELL-04-SMKKRIAN1\Documents\RipenAI\data\raw_external\bananaimagebd\extracted\banana_unripe\bananaimagebd_00053.jpg,unripe,unripe,banana_unripe,0.9489092826843262,0.8806372880935669,True
C:\Users\DELL-04-SMKKRIAN1\Documents\RipenAI\data\raw_external\bananaimagebd\extracted\banana_unripe\bananaimagebd_00054.jpg,unripe,unripe,banana_unripe,0.879128634929657,0.7344357967376709,True
C:\Users\DELL-04-SMKKRIAN1\Documents\RipenAI\data\raw_external\bananaimagebd\extracted\banana_unripe\bananaimagebd_00055.jpg,unripe,unripe,banana_unripe,0.9907662868499756,0.8255231976509094,True
C:\Users\DELL-04-SMKKRIAN1\Documents\RipenAI\data\raw_external\bananaimagebd\extracted\banana_unripe\bananaimagebd_00056.jpg,unripe,unripe,banana_unripe,0.7189716100692749,0.742973268032074,True
C:\Users\DELL-04-SMKKRIAN1\Documents\RipenAI\data\raw_external\bananaimagebd\extracted\banana_unripe\bananaimagebd_00057.jpg,unripe,unripe,banana_unripe,0.8881701827049255,0.589779257774353,True
C:\Users\DELL-04-SMKKRIAN1\Documents\RipenAI\data\raw_external\bananaimagebd\extracted\banana_unripe\bananaimagebd_00058.jpg,unripe,unripe,banana_unripe,0.9334020018577576,0.9175874590873718,True
C:\Users\DELL-04-SMKKRIAN1\Documents\RipenAI\data\raw_external\bananaimagebd\extracted\banana_unripe\bananaimagebd_00059.jpg,unripe,unripe,banana_unripe,0.9975200891494751,0.7294866442680359,True
C:\Users\DELL-04-SMKKRIAN1\Documents\RipenAI\data\raw_external\bananaimagebd\extracted\banana_unripe\bananaimagebd_00060.jpg,unripe,ripe,banana_ripe,0.9988394975662231,0.5744085311889648,False
C:\Users\DELL-04-SMKKRIAN1\Documents\RipenAI\data\raw_external\bananaimagebd\extracted\banana_unripe\bananaimagebd_00061.jpg,unripe,unripe,banana_unripe,0.9861845970153809,0.9719652533531189,True
C:\Users\DELL-04-SMKKRIAN1\Documents\RipenAI\data\raw_external\bananaimagebd\extracted\banana_unripe\bananaimagebd_00062.jpg,unripe,unripe,banana_unripe,0.9907186031341553,0.9867877960205078,True
C:\Users\DELL-04-SMKKRIAN1\Documents\RipenAI\data\raw_external\bananaimagebd\extracted\banana_unripe\bananaimagebd_00063.jpg,unripe,unripe,banana_unripe,0.9939348697662354,0.9169791340827942,True
C:\Users\DELL-04-SMKKRIAN1\Documents\RipenAI\data\raw_external\bananaimagebd\extracted\banana_unripe\bananaimagebd_00064.jpg,unripe,unripe,banana_unripe,0.9901235699653625,0.9282045960426331,True
C:\Users\DELL-04-SMKKRIAN1\Documents\RipenAI\data\raw_external\bananaimagebd\extracted\banana_unripe\bananaimagebd_00065.jpg,unripe,unripe,banana_unripe,0.9908620119094849,0.9874374866485596,True
C:\Users\DELL-04-SMKKRIAN1\Documents\RipenAI\data\raw_external\bananaimagebd\extracted\banana_unripe\bananaimagebd_00066.jpg,unripe,unripe,banana_unripe,0.9913323521614075,0.9977925419807434,True
C:\Users\DELL-04-SMKKRIAN1\Documents\RipenAI\data\raw_external\bananaimagebd\extracted\banana_unripe\bananaimagebd_00067.jpg,unripe,unripe,banana_unripe,0.9927905797958374,0.56401526927948,True
C:\Users\DELL-04-SMKKRIAN1\Documents\RipenAI\data\raw_external\bananaimagebd\extracted\banana_unripe\bananaimagebd_00068.jpg,unripe,ripe,banana_ripe,0.9969164133071899,0.6213497519493103,False
C:\Users\DELL-04-SMKKRIAN1\Documents\RipenAI\data\raw_external\bananaimagebd\extracted\banana_unripe\bananaimagebd_00069.jpg,unripe,unripe,banana_unripe,0.9985876679420471,0.9811062812805176,True
C:\Users\DELL-04-SMKKRIAN1\Documents\RipenAI\data\raw_external\bananaimagebd\extracted\banana_unripe\bananaimagebd_00070.jpg,unripe,ripe,banana_ripe,0.9991308450698853,0.6247962713241577,False
C:\Users\DELL-04-SMKKRIAN1\Documents\RipenAI\data\raw_external\bananaimagebd\extracted\banana_unripe\bananaimagebd_00071.jpg,unripe,ripe,banana_ripe,0.9979569911956787,0.5165149569511414,False
C:\Users\DELL-04-SMKKRIAN1\Documents\RipenAI\data\raw_external\bananaimagebd\extracted\banana_unripe\bananaimagebd_00072.jpg,unripe,unripe,banana_unripe,0.9980771541595459,0.7318923473358154,True
C:\Users\DELL-04-SMKKRIAN1\Documents\RipenAI\data\raw_external\bananaimagebd\extracted\banana_unripe\bananaimagebd_00073.jpg,unripe,unripe,banana_unripe,0.9909172058105469,0.9979203939437866,True
C:\Users\DELL-04-SMKKRIAN1\Documents\RipenAI\data\raw_external\bananaimagebd\extracted\banana_unripe\bananaimagebd_00074.jpg,unripe,unripe,banana_unripe,0.9883362054824829,0.9657265543937683,True
C:\Users\DELL-04-SMKKRIAN1\Documents\RipenAI\data\raw_external\bananaimagebd\extracted\banana_unripe\bananaimagebd_00075.jpg,unripe,unripe,banana_unripe,0.982029378414154,0.9929236769676208,True
C:\Users\DELL-04-SMKKRIAN1\Documents\RipenAI\data\raw_external\bananaimagebd\extracted\banana_unripe\bananaimagebd_00076.jpg,unripe,unripe,banana_unripe,0.9995329976081848,0.9849147200584412,True
C:\Users\DELL-04-SMKKRIAN1\Documents\RipenAI\data\raw_external\bananaimagebd\extracted\banana_unripe\bananaimagebd_00077.jpg,unripe,unripe,banana_unripe,0.996357262134552,0.9993814826011658,True
C:\Users\DELL-04-SMKKRIAN1\Documents\RipenAI\data\raw_external\bananaimagebd\extracted\banana_unripe\bananaimagebd_00078.jpg,unripe,unripe,banana_unripe,0.9877808094024658,0.8831702470779419,True
C:\Users\DELL-04-SMKKRIAN1\Documents\RipenAI\data\raw_external\bananaimagebd\extracted\banana_unripe\bananaimagebd_00079.jpg,unripe,unripe,banana_unripe,0.9989332556724548,0.9736878275871277,True
C:\Users\DELL-04-SMKKRIAN1\Documents\RipenAI\data\raw_external\bananaimagebd\extracted\banana_unripe\bananaimagebd_00080.jpg,unripe,unripe,banana_unripe,0.9961148500442505,0.9921605587005615,True
C:\Users\DELL-04-SMKKRIAN1\Documents\RipenAI\data\raw_external\bananaimagebd\extracted\banana_unripe\bananaimagebd_00081.jpg,unripe,unripe,banana_unripe,0.9829040765762329,0.9814679622650146,True
C:\Users\DELL-04-SMKKRIAN1\Documents\RipenAI\data\raw_external\bananaimagebd\extracted\banana_unripe\bananaimagebd_00082.jpg,unripe,unripe,banana_unripe,0.9922803640365601,0.8600457310676575,True
C:\Users\DELL-04-SMKKRIAN1\Documents\RipenAI\data\raw_external\bananaimagebd\extracted\banana_unripe\bananaimagebd_00083.jpg,unripe,unripe,banana_unripe,0.9625654220581055,0.7324721813201904,True
C:\Users\DELL-04-SMKKRIAN1\Documents\RipenAI\data\raw_external\bananaimagebd\extracted\banana_unripe\bananaimagebd_00084.jpg,unripe,unripe,banana_unripe,0.9884302020072937,0.8383976817131042,True
C:\Users\DELL-04-SMKKRIAN1\Documents\RipenAI\data\raw_external\bananaimagebd\extracted\banana_unripe\bananaimagebd_00085.jpg,unripe,ripe,banana_ripe,0.9988106489181519,0.6076090335845947,False
C:\Users\DELL-04-SMKKRIAN1\Documents\RipenAI\data\raw_external\bananaimagebd\extracted\banana_unripe\bananaimagebd_00086.jpg,unripe,unripe,banana_unripe,0.9967505931854248,0.9851601123809814,True
C:\Users\DELL-04-SMKKRIAN1\Documents\RipenAI\data\raw_external\bananaimagebd\extracted\banana_unripe\bananaimagebd_00087.jpg,unripe,unripe,banana_unripe,0.9732705950737,0.9906963109970093,True
C:\Users\DELL-04-SMKKRIAN1\Documents\RipenAI\data\raw_external\bananaimagebd\extracted\banana_unripe\bananaimagebd_00088.jpg,unripe,unripe,banana_unripe,0.9840660691261292,0.9959077835083008,True
C:\Users\DELL-04-SMKKRIAN1\Documents\RipenAI\data\raw_external\bananaimagebd\extracted\banana_unripe\bananaimagebd_00089.jpg,unripe,unripe,banana_unripe,0.9976699948310852,0.9918445944786072,True
C:\Users\DELL-04-SMKKRIAN1\Documents\RipenAI\data\raw_external\bananaimagebd\extracted\banana_unripe\bananaimagebd_00090.jpg,unripe,unripe,banana_unripe,0.9960118532180786,0.9846819043159485,True
C:\Users\DELL-04-SMKKRIAN1\Documents\RipenAI\data\raw_external\bananaimagebd\extracted\banana_unripe\bananaimagebd_00091.jpg,unripe,unripe,banana_unripe,0.998684287071228,0.9896131753921509,True
C:\Users\DELL-04-SMKKRIAN1\Documents\RipenAI\data\raw_external\bananaimagebd\extracted\banana_unripe\bananaimagebd_00092.jpg,unripe,unripe,banana_unripe,0.995400071144104,0.9959083199501038,True
C:\Users\DELL-04-SMKKRIAN1\Documents\RipenAI\data\raw_external\bananaimagebd\extracted\banana_unripe\bananaimagebd_00093.jpg,unripe,unripe,banana_unripe,0.9981162548065186,0.964429497718811,True
C:\Users\DELL-04-SMKKRIAN1\Documents\RipenAI\data\raw_external\bananaimagebd\extracted\banana_unripe\bananaimagebd_00094.jpg,unripe,unripe,banana_unripe,0.9986120462417603,0.9953790903091431,True
C:\Users\DELL-04-SMKKRIAN1\Documents\RipenAI\data\raw_external\bananaimagebd\extracted\banana_unripe\bananaimagebd_00095.jpg,unripe,unripe,banana_unripe,0.9983232021331787,0.9559417963027954,True
C:\Users\DELL-04-SMKKRIAN1\Documents\RipenAI\data\raw_external\bananaimagebd\extracted\banana_unripe\bananaimagebd_00096.jpg,unripe,unripe,banana_unripe,0.9986308813095093,0.9746518135070801,True
C:\Users\DELL-04-SMKKRIAN1\Documents\RipenAI\data\raw_external\bananaimagebd\extracted\banana_unripe\bananaimagebd_00097.jpg,unripe,unripe,banana_unripe,0.9878056049346924,0.8745841383934021,True
C:\Users\DELL-04-SMKKRIAN1\Documents\RipenAI\data\raw_external\bananaimagebd\extracted\banana_unripe\bananaimagebd_00098.jpg,unripe,ripe,banana_ripe,0.9980069398880005,0.5118687152862549,False
C:\Users\DELL-04-SMKKRIAN1\Documents\RipenAI\data\raw_external\bananaimagebd\extracted\banana_unripe\bananaimagebd_00099.jpg,unripe,unripe,banana_unripe,0.9989739656448364,0.9467483758926392,True
C:\Users\DELL-04-SMKKRIAN1\Documents\RipenAI\data\raw_external\bananaimagebd\extracted\banana_unripe\bananaimagebd_00100.jpg,unripe,unripe,banana_unripe,0.9952413439750671,0.9880456924438477,True
C:\Users\DELL-04-SMKKRIAN1\Documents\RipenAI\data\raw_external\bananaimagebd\extracted\banana_unripe\bananaimagebd_00101.jpg,unripe,unripe,banana_unripe,0.9885093569755554,0.9900177121162415,True
C:\Users\DELL-04-SMKKRIAN1\Documents\RipenAI\data\raw_external\bananaimagebd\extracted\banana_unripe\bananaimagebd_00102.jpg,unripe,unripe,banana_unripe,0.9983104467391968,0.9983800649642944,True
C:\Users\DELL-04-SMKKRIAN1\Documents\RipenAI\data\raw_external\bananaimagebd\extracted\banana_unripe\bananaimagebd_00103.jpg,unripe,unripe,banana_unripe,0.9988382458686829,0.9960882663726807,True
C:\Users\DELL-04-SMKKRIAN1\Documents\RipenAI\data\raw_external\bananaimagebd\extracted\banana_unripe\bananaimagebd_00104.jpg,unripe,unripe,banana_unripe,0.9963616728782654,0.9893890619277954,True
C:\Users\DELL-04-SMKKRIAN1\Documents\RipenAI\data\raw_external\bananaimagebd\extracted\banana_unripe\bananaimagebd_00105.jpg,unripe,unripe,banana_unripe,0.9959642887115479,0.994182288646698,True
C:\Users\DELL-04-SMKKRIAN1\Documents\RipenAI\data\raw_external\bananaimagebd\extracted\banana_unripe\bananaimagebd_00106.jpg,unripe,unripe,banana_unripe,0.9972338676452637,0.9705710411071777,True
C:\Users\DELL-04-SMKKRIAN1\Documents\RipenAI\data\raw_external\bananaimagebd\extracted\banana_unripe\bananaimagebd_00107.jpg,unripe,unripe,banana_unripe,0.9903326630592346,0.9639684557914734,True
C:\Users\DELL-04-SMKKRIAN1\Documents\RipenAI\data\raw_external\bananaimagebd\extracted\banana_unripe\bananaimagebd_00108.jpg,unripe,unripe,banana_unripe,0.9978654980659485,0.947191596031189,True
C:\Users\DELL-04-SMKKRIAN1\Documents\RipenAI\data\raw_external\bananaimagebd\extracted\banana_unripe\bananaimagebd_00109.jpg,unripe,ripe,banana_ripe,0.9997117519378662,0.8636606335639954,False
C:\Users\DELL-04-SMKKRIAN1\Documents\RipenAI\data\raw_external\bananaimagebd\extracted\banana_unripe\bananaimagebd_00110.jpg,unripe,unripe,banana_unripe,0.9872434139251709,0.47791385650634766,True
C:\Users\DELL-04-SMKKRIAN1\Documents\RipenAI\data\raw_external\bananaimagebd\extracted\banana_unripe\bananaimagebd_00111.jpg,unripe,unripe,banana_unripe,0.9980939626693726,0.6268290877342224,True
C:\Users\DELL-04-SMKKRIAN1\Documents\RipenAI\data\raw_external\bananaimagebd\extracted\banana_unripe\bananaimagebd_00112.jpg,unripe,unripe,banana_unripe,0.9982436299324036,0.9334243535995483,True
C:\Users\DELL-04-SMKKRIAN1\Documents\RipenAI\data\raw_external\bananaimagebd\extracted\banana_unripe\bananaimagebd_00113.jpg,unripe,unripe,banana_unripe,0.9471046328544617,0.7013260126113892,True
C:\Users\DELL-04-SMKKRIAN1\Documents\RipenAI\data\raw_external\bananaimagebd\extracted\banana_unripe\bananaimagebd_00114.jpg,unripe,unripe,banana_unripe,0.9855794906616211,0.6733455061912537,True
C:\Users\DELL-04-SMKKRIAN1\Documents\RipenAI\data\raw_external\bananaimagebd\extracted\banana_unripe\bananaimagebd_00115.jpg,unripe,unripe,banana_unripe,0.9919734001159668,0.9594541192054749,True
C:\Users\DELL-04-SMKKRIAN1\Documents\RipenAI\data\raw_external\bananaimagebd\extracted\banana_unripe\bananaimagebd_00116.jpg,unripe,unripe,banana_unripe,0.98966383934021,0.990192174911499,True
C:\Users\DELL-04-SMKKRIAN1\Documents\RipenAI\data\raw_external\bananaimagebd\extracted\banana_unripe\bananaimagebd_00117.jpg,unripe,unripe,banana_unripe,0.9600114226341248,0.9954195022583008,True
C:\Users\DELL-04-SMKKRIAN1\Documents\RipenAI\data\raw_external\bananaimagebd\extracted\banana_unripe\bananaimagebd_00118.jpg,unripe,unripe,banana_unripe,0.9812134504318237,0.9173915982246399,True
C:\Users\DELL-04-SMKKRIAN1\Documents\RipenAI\data\raw_external\bananaimagebd\extracted\banana_unripe\bananaimagebd_00119.jpg,unripe,unripe,banana_unripe,0.9971572756767273,0.9577599763870239,True
C:\Users\DELL-04-SMKKRIAN1\Documents\RipenAI\data\raw_external\bananaimagebd\extracted\banana_unripe\bananaimagebd_00120.jpg,unripe,unripe,banana_unripe,0.9959001541137695,0.9341627955436707,True
C:\Users\DELL-04-SMKKRIAN1\Documents\RipenAI\data\raw_external\bananaimagebd\extracted\banana_unripe\bananaimagebd_00121.jpg,unripe,unripe,banana_unripe,0.9991384148597717,0.9928098917007446,True
C:\Users\DELL-04-SMKKRIAN1\Documents\RipenAI\data\raw_external\bananaimagebd\extracted\banana_unripe\bananaimagebd_00122.jpg,unripe,ripe,banana_ripe,0.9986750483512878,0.6576683521270752,False
C:\Users\DELL-04-SMKKRIAN1\Documents\RipenAI\data\raw_external\bananaimagebd\extracted\banana_unripe\bananaimagebd_00123.jpg,unripe,unripe,banana_unripe,0.997758686542511,0.983720600605011,True
C:\Users\DELL-04-SMKKRIAN1\Documents\RipenAI\data\raw_external\bananaimagebd\extracted\banana_unripe\bananaimagebd_00124.jpg,unripe,unripe,banana_unripe,0.9996739625930786,0.7547225952148438,True
C:\Users\DELL-04-SMKKRIAN1\Documents\RipenAI\data\raw_external\bananaimagebd\extracted\banana_unripe\bananaimagebd_00125.jpg,unripe,unripe,banana_unripe,0.9964617490768433,0.8209131956100464,True
C:\Users\DELL-04-SMKKRIAN1\Documents\RipenAI\data\raw_external\bananaimagebd\extracted\banana_unripe\bananaimagebd_00126.jpg,unripe,unripe,banana_unripe,0.9989079833030701,0.9857261180877686,True
C:\Users\DELL-04-SMKKRIAN1\Documents\RipenAI\data\raw_external\bananaimagebd\extracted\banana_unripe\bananaimagebd_00127.jpg,unripe,unripe,banana_unripe,0.9899154305458069,0.48021548986434937,True
C:\Users\DELL-04-SMKKRIAN1\Documents\RipenAI\data\raw_external\bananaimagebd\extracted\banana_unripe\bananaimagebd_00128.jpg,unripe,unripe,banana_unripe,0.9924430251121521,0.9571221470832825,True
C:\Users\DELL-04-SMKKRIAN1\Documents\RipenAI\data\raw_external\bananaimagebd\extracted\banana_unripe\bananaimagebd_00129.jpg,unripe,unripe,banana_unripe,0.9983753561973572,0.9983311891555786,True
C:\Users\DELL-04-SMKKRIAN1\Documents\RipenAI\data\raw_external\bananaimagebd\extracted\banana_unripe\bananaimagebd_00130.jpg,unripe,unripe,banana_unripe,0.9980328679084778,0.9980701208114624,True
C:\Users\DELL-04-SMKKRIAN1\Documents\RipenAI\data\raw_external\bananaimagebd\extracted\banana_unripe\bananaimagebd_00131.jpg,unripe,unripe,banana_unripe,0.9986453056335449,0.9860842823982239,True
C:\Users\DELL-04-SMKKRIAN1\Documents\RipenAI\data\raw_external\bananaimagebd\extracted\banana_unripe\bananaimagebd_00132.jpg,unripe,unripe,banana_unripe,0.9985277056694031,0.991181492805481,True
C:\Users\DELL-04-SMKKRIAN1\Documents\RipenAI\data\raw_external\bananaimagebd\extracted\banana_unripe\bananaimagebd_00133.jpg,unripe,unripe,banana_unripe,0.9954201579093933,0.9797981381416321,True
C:\Users\DELL-04-SMKKRIAN1\Documents\RipenAI\data\raw_external\bananaimagebd\extracted\banana_unripe\bananaimagebd_00134.jpg,unripe,unripe,banana_unripe,0.9979883432388306,0.993606448173523,True
C:\Users\DELL-04-SMKKRIAN1\Documents\RipenAI\data\raw_external\bananaimagebd\extracted\banana_unripe\bananaimagebd_00135.jpg,unripe,ripe,banana_ripe,0.9953018426895142,0.634609043598175,False
C:\Users\DELL-04-SMKKRIAN1\Documents\RipenAI\data\raw_external\bananaimagebd\extracted\banana_unripe\bananaimagebd_00136.jpg,unripe,ripe,banana_ripe,0.998578667640686,0.763192892074585,False
C:\Users\DELL-04-SMKKRIAN1\Documents\RipenAI\data\raw_external\bananaimagebd\extracted\banana_unripe\bananaimagebd_00137.jpg,unripe,unripe,banana_unripe,0.9960188865661621,0.9796867966651917,True
C:\Users\DELL-04-SMKKRIAN1\Documents\RipenAI\data\raw_external\bananaimagebd\extracted\banana_unripe\bananaimagebd_00138.jpg,unripe,unripe,banana_unripe,0.9909103512763977,0.9438995122909546,True
C:\Users\DELL-04-SMKKRIAN1\Documents\RipenAI\data\raw_external\bananaimagebd\extracted\banana_unripe\bananaimagebd_00139.jpg,unripe,unripe,banana_unripe,0.9979782104492188,0.9657098650932312,True
C:\Users\DELL-04-SMKKRIAN1\Documents\RipenAI\data\raw_external\bananaimagebd\extracted\banana_unripe\bananaimagebd_00140.jpg,unripe,unripe,banana_unripe,0.9916242361068726,0.9831068515777588,True
C:\Users\DELL-04-SMKKRIAN1\Documents\RipenAI\data\raw_external\bananaimagebd\extracted\banana_unripe\bananaimagebd_00141.jpg,unripe,unripe,banana_unripe,0.998405396938324,0.9856446981430054,True
C:\Users\DELL-04-SMKKRIAN1\Documents\RipenAI\data\raw_external\bananaimagebd\extracted\banana_unripe\bananaimagebd_00142.jpg,unripe,unripe,banana_unripe,0.9947143197059631,0.9675795435905457,True
C:\Users\DELL-04-SMKKRIAN1\Documents\RipenAI\data\raw_external\bananaimagebd\extracted\banana_unripe\bananaimagebd_00143.jpg,unripe,unripe,banana_unripe,0.9987202286720276,0.9962401986122131,True
C:\Users\DELL-04-SMKKRIAN1\Documents\RipenAI\data\raw_external\bananaimagebd\extracted\banana_unripe\bananaimagebd_00144.jpg,unripe,unripe,banana_unripe,0.9991994500160217,0.9424163103103638,True
C:\Users\DELL-04-SMKKRIAN1\Documents\RipenAI\data\raw_external\bananaimagebd\extracted\banana_unripe\bananaimagebd_00145.jpg,unripe,ripe,banana_ripe,0.9989445209503174,0.6613210439682007,False
C:\Users\DELL-04-SMKKRIAN1\Documents\RipenAI\data\raw_external\bananaimagebd\extracted\banana_unripe\bananaimagebd_00146.jpg,unripe,unripe,banana_unripe,0.9816833734512329,0.8642350435256958,True
C:\Users\DELL-04-SMKKRIAN1\Documents\RipenAI\data\raw_external\bananaimagebd\extracted\banana_unripe\bananaimagebd_00147.jpg,unripe,unripe,banana_unripe,0.9978843927383423,0.7278127074241638,True
C:\Users\DELL-04-SMKKRIAN1\Documents\RipenAI\data\raw_external\bananaimagebd\extracted\banana_unripe\bananaimagebd_00148.jpg,unripe,unripe,banana_unripe,0.9788879156112671,0.9954790472984314,True
C:\Users\DELL-04-SMKKRIAN1\Documents\RipenAI\data\raw_external\bananaimagebd\extracted\banana_unripe\bananaimagebd_00149.jpg,unripe,unripe,banana_unripe,0.99826979637146,0.9953144192695618,True
C:\Users\DELL-04-SMKKRIAN1\Documents\RipenAI\data\raw_external\bananaimagebd\extracted\banana_unripe\bananaimagebd_00150.jpg,unripe,unripe,banana_unripe,0.9995131492614746,0.98450767993927,True
C:\Users\DELL-04-SMKKRIAN1\Documents\RipenAI\data\raw_external\bananaimagebd\extracted\banana_unripe\bananaimagebd_00151.jpg,unripe,unripe,banana_unripe,0.9947420954704285,0.9979527592658997,True
C:\Users\DELL-04-SMKKRIAN1\Documents\RipenAI\data\raw_external\bananaimagebd\extracted\banana_unripe\bananaimagebd_00152.jpg,unripe,unripe,banana_unripe,0.9987750053405762,0.9956220984458923,True
C:\Users\DELL-04-SMKKRIAN1\Documents\RipenAI\data\raw_external\bananaimagebd\extracted\banana_unripe\bananaimagebd_00153.jpg,unripe,unripe,banana_unripe,0.9887682795524597,0.9977654218673706,True
C:\Users\DELL-04-SMKKRIAN1\Documents\RipenAI\data\raw_external\bananaimagebd\extracted\banana_unripe\bananaimagebd_00154.jpg,unripe,unripe,banana_unripe,0.9982073307037354,0.5394793748855591,True
C:\Users\DELL-04-SMKKRIAN1\Documents\RipenAI\data\raw_external\bananaimagebd\extracted\banana_unripe\bananaimagebd_00155.jpg,unripe,ripe,banana_ripe,0.9980736970901489,0.536500096321106,False
C:\Users\DELL-04-SMKKRIAN1\Documents\RipenAI\data\raw_external\bananaimagebd\extracted\banana_unripe\bananaimagebd_00156.jpg,unripe,unripe,banana_unripe,0.9988250732421875,0.9978379011154175,True
C:\Users\DELL-04-SMKKRIAN1\Documents\RipenAI\data\raw_external\bananaimagebd\extracted\banana_unripe\bananaimagebd_00157.jpg,unripe,unripe,banana_unripe,0.9944385886192322,0.9753183126449585,True
C:\Users\DELL-04-SMKKRIAN1\Documents\RipenAI\data\raw_external\bananaimagebd\extracted\banana_unripe\bananaimagebd_00158.jpg,unripe,unripe,banana_unripe,0.9733115434646606,0.5842702388763428,True
C:\Users\DELL-04-SMKKRIAN1\Documents\RipenAI\data\raw_external\bananaimagebd\extracted\banana_unripe\bananaimagebd_00159.jpg,unripe,unripe,banana_unripe,0.9983254075050354,0.8637388348579407,True
C:\Users\DELL-04-SMKKRIAN1\Documents\RipenAI\data\raw_external\bananaimagebd\extracted\banana_unripe\bananaimagebd_00160.jpg,unripe,unripe,banana_unripe,0.9953875541687012,0.9977125525474548,True
C:\Users\DELL-04-SMKKRIAN1\Documents\RipenAI\data\raw_external\bananaimagebd\extracted\banana_unripe\bananaimagebd_00161.jpg,unripe,unripe,banana_unripe,0.9967676997184753,0.9921602010726929,True
C:\Users\DELL-04-SMKKRIAN1\Documents\RipenAI\data\raw_external\bananaimagebd\extracted\banana_unripe\bananaimagebd_00162.jpg,unripe,unripe,banana_unripe,0.9987845420837402,0.9779897332191467,True
C:\Users\DELL-04-SMKKRIAN1\Documents\RipenAI\data\raw_external\bananaimagebd\extracted\banana_unripe\bananaimagebd_00163.jpg,unripe,unripe,banana_unripe,0.9978780150413513,0.9986833930015564,True
C:\Users\DELL-04-SMKKRIAN1\Documents\RipenAI\data\raw_external\bananaimagebd\extracted\banana_unripe\bananaimagebd_00164.jpg,unripe,unripe,banana_unripe,0.996197521686554,0.9680880308151245,True
C:\Users\DELL-04-SMKKRIAN1\Documents\RipenAI\data\raw_external\bananaimagebd\extracted\banana_unripe\bananaimagebd_00165.jpg,unripe,unripe,banana_unripe,0.9252625107765198,0.7474967241287231,True
C:\Users\DELL-04-SMKKRIAN1\Documents\RipenAI\data\raw_external\bananaimagebd\extracted\banana_unripe\bananaimagebd_00166.jpg,unripe,unripe,banana_unripe,0.9901281595230103,0.9344373345375061,True
C:\Users\DELL-04-SMKKRIAN1\Documents\RipenAI\data\raw_external\bananaimagebd\extracted\banana_unripe\bananaimagebd_00167.jpg,unripe,unripe,banana_unripe,0.9928973317146301,0.9993936419487,True
C:\Users\DELL-04-SMKKRIAN1\Documents\RipenAI\data\raw_external\bananaimagebd\extracted\banana_unripe\bananaimagebd_00168.jpg,unripe,unripe,banana_unripe,0.9980127811431885,0.9748603701591492,True
C:\Users\DELL-04-SMKKRIAN1\Documents\RipenAI\data\raw_external\bananaimagebd\extracted\banana_unripe\bananaimagebd_00169.jpg,unripe,unripe,banana_unripe,0.9812536239624023,0.469424307346344,True
C:\Users\DELL-04-SMKKRIAN1\Documents\RipenAI\data\raw_external\bananaimagebd\extracted\banana_unripe\bananaimagebd_00170.jpg,unripe,unripe,banana_unripe,0.9681737422943115,0.6547613739967346,True
C:\Users\DELL-04-SMKKRIAN1\Documents\RipenAI\data\raw_external\bananaimagebd\extracted\banana_unripe\bananaimagebd_00171.jpg,unripe,unripe,banana_unripe,0.9583278894424438,0.7446359395980835,True
C:\Users\DELL-04-SMKKRIAN1\Documents\RipenAI\data\raw_external\bananaimagebd\extracted\banana_unripe\bananaimagebd_00172.jpg,unripe,unripe,banana_unripe,0.9922905564308167,0.997791051864624,True
C:\Users\DELL-04-SMKKRIAN1\Documents\RipenAI\data\raw_external\bananaimagebd\extracted\banana_unripe\bananaimagebd_00173.jpg,unripe,unripe,banana_unripe,0.9969942569732666,0.9466990828514099,True
C:\Users\DELL-04-SMKKRIAN1\Documents\RipenAI\data\raw_external\bananaimagebd\extracted\banana_unripe\bananaimagebd_00174.jpg,unripe,ripe,banana_ripe,0.759332537651062,0.7563125491142273,False
C:\Users\DELL-04-SMKKRIAN1\Documents\RipenAI\data\raw_external\bananaimagebd\extracted\banana_unripe\bananaimagebd_00175.jpg,unripe,unripe,banana_unripe,0.987107515335083,0.9537234902381897,True
C:\Users\DELL-04-SMKKRIAN1\Documents\RipenAI\data\raw_external\bananaimagebd\extracted\banana_unripe\bananaimagebd_00176.jpg,unripe,unripe,banana_unripe,0.9972531199455261,0.989223062992096,True
C:\Users\DELL-04-SMKKRIAN1\Documents\RipenAI\data\raw_external\bananaimagebd\extracted\banana_unripe\bananaimagebd_00177.jpg,unripe,unripe,banana_unripe,0.9982419610023499,0.9873993992805481,True
C:\Users\DELL-04-SMKKRIAN1\Documents\RipenAI\data\raw_external\bananaimagebd\extracted\banana_unripe\bananaimagebd_00178.jpg,unripe,ripe,banana_ripe,0.9937441349029541,0.4970353841781616,False
C:\Users\DELL-04-SMKKRIAN1\Documents\RipenAI\data\raw_external\bananaimagebd\extracted\banana_unripe\bananaimagebd_00179.jpg,unripe,unripe,banana_unripe,0.9941905736923218,0.9759456515312195,True
C:\Users\DELL-04-SMKKRIAN1\Documents\RipenAI\data\raw_external\bananaimagebd\extracted\banana_unripe\bananaimagebd_00180.jpg,unripe,unripe,banana_unripe,0.993134617805481,0.7508359551429749,True
C:\Users\DELL-04-SMKKRIAN1\Documents\RipenAI\data\raw_external\bananaimagebd\extracted\banana_unripe\bananaimagebd_00181.jpg,unripe,unripe,banana_unripe,0.8112947940826416,0.6970020532608032,True
C:\Users\DELL-04-SMKKRIAN1\Documents\RipenAI\data\raw_external\bananaimagebd\extracted\banana_unripe\bananaimagebd_00182.jpg,unripe,unripe,banana_unripe,0.999452531337738,0.5909302830696106,True
C:\Users\DELL-04-SMKKRIAN1\Documents\RipenAI\data\raw_external\bananaimagebd\extracted\banana_unripe\bananaimagebd_00183.jpg,unripe,unripe,banana_unripe,0.992080569267273,0.8489904403686523,True
C:\Users\DELL-04-SMKKRIAN1\Documents\RipenAI\data\raw_external\bananaimagebd\extracted\banana_unripe\bananaimagebd_00184.jpg,unripe,unripe,banana_unripe,0.9909099340438843,0.9770851135253906,True
C:\Users\DELL-04-SMKKRIAN1\Documents\RipenAI\data\raw_external\bananaimagebd\extracted\banana_unripe\bananaimagebd_00185.jpg,unripe,ripe,banana_ripe,0.9508892297744751,0.563895583152771,False
C:\Users\DELL-04-SMKKRIAN1\Documents\RipenAI\data\raw_external\bananaimagebd\extracted\banana_unripe\bananaimagebd_00186.jpg,unripe,unripe,banana_unripe,0.9872434735298157,0.9870378375053406,True
C:\Users\DELL-04-SMKKRIAN1\Documents\RipenAI\data\raw_external\bananaimagebd\extracted\banana_unripe\bananaimagebd_00187.jpg,unripe,unripe,banana_unripe,0.994284987449646,0.9924103021621704,True
C:\Users\DELL-04-SMKKRIAN1\Documents\RipenAI\data\raw_external\bananaimagebd\extracted\banana_unripe\bananaimagebd_00188.jpg,unripe,ripe,banana_ripe,0.9334549903869629,0.6626097559928894,False
C:\Users\DELL-04-SMKKRIAN1\Documents\RipenAI\data\raw_external\bananaimagebd\extracted\banana_unripe\bananaimagebd_00189.jpg,unripe,unripe,banana_unripe,0.9954954385757446,0.9825440645217896,True
C:\Users\DELL-04-SMKKRIAN1\Documents\RipenAI\data\raw_external\bananaimagebd\extracted\banana_unripe\bananaimagebd_00190.jpg,unripe,unripe,banana_unripe,0.9914284944534302,0.8803212642669678,True
C:\Users\DELL-04-SMKKRIAN1\Documents\RipenAI\data\raw_external\bananaimagebd\extracted\banana_unripe\bananaimagebd_00191.jpg,unripe,unripe,banana_unripe,0.983707845211029,0.8511109352111816,True
C:\Users\DELL-04-SMKKRIAN1\Documents\RipenAI\data\raw_external\bananaimagebd\extracted\banana_unripe\bananaimagebd_00192.jpg,unripe,unripe,banana_unripe,0.9835370779037476,0.4877833425998688,True
C:\Users\DELL-04-SMKKRIAN1\Documents\RipenAI\data\raw_external\bananaimagebd\extracted\banana_unripe\bananaimagebd_00193.jpg,unripe,unripe,banana_unripe,0.9518507122993469,0.9787381291389465,True
C:\Users\DELL-04-SMKKRIAN1\Documents\RipenAI\data\raw_external\bananaimagebd\extracted\banana_unripe\bananaimagebd_00194.jpg,unripe,unripe,banana_unripe,0.9980937838554382,0.9746326804161072,True
C:\Users\DELL-04-SMKKRIAN1\Documents\RipenAI\data\raw_external\bananaimagebd\extracted\banana_unripe\bananaimagebd_00195.jpg,unripe,ripe,banana_ripe,0.9923360347747803,0.4222715497016907,False
C:\Users\DELL-04-SMKKRIAN1\Documents\RipenAI\data\raw_external\bananaimagebd\extracted\banana_unripe\bananaimagebd_00196.jpg,unripe,unripe,banana_unripe,0.997372031211853,0.9327932596206665,True
C:\Users\DELL-04-SMKKRIAN1\Documents\RipenAI\data\raw_external\bananaimagebd\extracted\banana_unripe\bananaimagebd_00197.jpg,unripe,unripe,banana_unripe,0.9894205331802368,0.9952723383903503,True
C:\Users\DELL-04-SMKKRIAN1\Documents\RipenAI\data\raw_external\bananaimagebd\extracted\banana_unripe\bananaimagebd_00198.jpg,unripe,unripe,banana_unripe,0.9978702664375305,0.9988731741905212,True
C:\Users\DELL-04-SMKKRIAN1\Documents\RipenAI\data\raw_external\bananaimagebd\extracted\banana_unripe\bananaimagebd_00199.jpg,unripe,unripe,banana_unripe,0.9945322275161743,0.981777548789978,True
C:\Users\DELL-04-SMKKRIAN1\Documents\RipenAI\data\raw_external\bananaimagebd\extracted\banana_unripe\bananaimagebd_00200.jpg,unripe,ripe,banana_ripe,0.9995882511138916,0.8316599130630493,False
C:\Users\DELL-04-SMKKRIAN1\Documents\RipenAI\data\raw_external\bananaimagebd\extracted\banana_unripe\bananaimagebd_00201.jpg,unripe,ripe,banana_ripe,0.988275945186615,0.6659020185470581,False
C:\Users\DELL-04-SMKKRIAN1\Documents\RipenAI\data\raw_external\bananaimagebd\extracted\banana_unripe\bananaimagebd_00202.jpg,unripe,ripe,banana_ripe,0.9994421601295471,0.8468078970909119,False
C:\Users\DELL-04-SMKKRIAN1\Documents\RipenAI\data\raw_external\bananaimagebd\extracted\banana_unripe\bananaimagebd_00203.jpg,unripe,ripe,banana_ripe,0.9266654253005981,0.7054144144058228,False
C:\Users\DELL-04-SMKKRIAN1\Documents\RipenAI\data\raw_external\bananaimagebd\extracted\banana_unripe\bananaimagebd_00204.jpg,unripe,unripe,banana_unripe,0.9342923760414124,0.4885110557079315,True
C:\Users\DELL-04-SMKKRIAN1\Documents\RipenAI\data\raw_external\bananaimagebd\extracted\banana_unripe\bananaimagebd_00205.jpg,unripe,unripe,banana_unripe,0.9485946297645569,0.9173374176025391,True
C:\Users\DELL-04-SMKKRIAN1\Documents\RipenAI\data\raw_external\bananaimagebd\extracted\banana_unripe\bananaimagebd_00206.jpg,unripe,unripe,banana_unripe,0.996661901473999,0.6034269332885742,True
C:\Users\DELL-04-SMKKRIAN1\Documents\RipenAI\data\raw_external\bananaimagebd\extracted\banana_unripe\bananaimagebd_00207.jpg,unripe,unripe,banana_unripe,0.891316831111908,0.9532026052474976,True
C:\Users\DELL-04-SMKKRIAN1\Documents\RipenAI\data\raw_external\bananaimagebd\extracted\banana_unripe\bananaimagebd_00208.jpg,unripe,ripe,banana_ripe,0.8684183359146118,0.5589137673377991,False
C:\Users\DELL-04-SMKKRIAN1\Documents\RipenAI\data\raw_external\bananaimagebd\extracted\banana_unripe\bananaimagebd_00209.jpg,unripe,unripe,banana_unripe,0.9998117685317993,0.856235921382904,True
C:\Users\DELL-04-SMKKRIAN1\Documents\RipenAI\data\raw_external\bananaimagebd\extracted\banana_unripe\bananaimagebd_00210.jpg,unripe,unripe,banana_unripe,0.9886916279792786,0.9902604222297668,True
C:\Users\DELL-04-SMKKRIAN1\Documents\RipenAI\data\raw_external\bananaimagebd\extracted\banana_unripe\bananaimagebd_00211.jpg,unripe,unripe,banana_unripe,0.9880340695381165,0.9436905384063721,True
