path,true_label,pred_label,true_index,pred_index,correct,confidence,top2_label,top2_confidence,source
data\processed\test\apple_overripe\asadullahprl_0000000.jpg,apple_overripe,apple_overripe,0,0,True,0.7593799829483032,tomato_overripe,0.12232370674610138,asadullahprl
data\processed\test\apple_overripe\asadullahprl_0000001.jpg,apple_overripe,apple_overripe,0,0,True,0.980474591255188,apple_ripe,0.011345974169671535,asadullahprl
data\processed\test\apple_overripe\asadullahprl_0000002.jpg,apple_overripe,apple_overripe,0,0,True,0.9923617839813232,apple_ripe,0.0033383117988705635,asadullahprl
data\processed\test\apple_overripe\asadullahprl_0000003.jpg,apple_overripe,orange_overripe,0,12,False,0.5005517601966858,apple_overripe,0.4398093521595001,asadullahprl
data\processed\test\apple_overripe\asadullahprl_0000004.jpg,apple_overripe,apple_overripe,0,0,True,0.9435685873031616,papaya_rotten,0.01978793740272522,asadullahprl
data\processed\test\apple_overripe\asadullahprl_0000005.jpg,apple_overripe,apple_overripe,0,0,True,0.9455006122589111,tomato_overripe,0.02823304757475853,asadullahprl
data\processed\test\apple_overripe\asadullahprl_0000006.jpg,apple_overripe,apple_overripe,0,0,True,0.9981186985969543,apple_ripe,0.001174421515315771,asadullahprl
data\processed\test\apple_overripe\asadullahprl_0000007.jpg,apple_overripe,apple_overripe,0,0,True,0.9986715316772461,apple_ripe,0.0005704330978915095,asadullahprl
data\processed\test\apple_overripe\asadullahprl_0000008.jpg,apple_overripe,apple_overripe,0,0,True,0.997369647026062,apple_ripe,0.0013588618021458387,asadullahprl
data\processed\test\apple_overripe\asadullahprl_0000009.jpg,apple_overripe,apple_overripe,0,0,True,0.9979366064071655,tomato_overripe,0.0013254868099465966,asadullahprl
data\processed\test\apple_overripe\asadullahprl_0000010.jpg,apple_overripe,apple_overripe,0,0,True,0.640701949596405,apple_rotten,0.18356335163116455,asadullahprl
data\processed\test\apple_overripe\asadullahprl_0000011.jpg,apple_overripe,apple_overripe,0,0,True,0.5486336350440979,apple_rotten,0.3983761966228485,asadullahprl
data\processed\test\apple_overripe\asadullahprl_0000012.jpg,apple_overripe,apple_overripe,0,0,True,0.9244536757469177,apple_ripe,0.0660717710852623,asadullahprl
data\processed\test\apple_ripe\alexcj10-ripenet_0000014.jpg,apple_ripe,apple_ripe,1,1,True,0.3904748558998108,apple_unripe,0.12888209521770477,alexcj10
data\processed\test\apple_ripe\alexcj10-ripenet_0000015.jpg,apple_ripe,mango_ripe,1,9,False,0.35914725065231323,apple_ripe,0.21315079927444458,alexcj10
data\processed\test\apple_ripe\alexcj10-ripenet_0000021.jpg,apple_ripe,papaya_ripe,1,16,False,0.3076575994491577,apple_ripe,0.24499861896038055,alexcj10
data\processed\test\apple_ripe\alexcj10-ripenet_0000028.jpg,apple_ripe,orange_unripe,1,15,False,0.6417141556739807,apple_unripe,0.1262248456478119,alexcj10
data\processed\test\apple_ripe\alexcj10-ripenet_0000029.jpg,apple_ripe,apple_ripe,1,1,True,0.8317277431488037,apple_rotten,0.061602625995874405,alexcj10
data\processed\test\apple_ripe\alexcj10-ripenet_0000033.jpg,apple_ripe,mango_rotten,1,10,False,0.7363092303276062,mango_unripe,0.07117249816656113,alexcj10
data\processed\test\apple_ripe\alexcj10-ripenet_0000036.jpg,apple_ripe,apple_ripe,1,1,True,0.7391838431358337,apple_unripe,0.06336704641580582,alexcj10
data\processed\test\apple_ripe\alexcj10-ripenet_0000040.jpg,apple_ripe,mango_unripe,1,11,False,0.41550412774086,apple_unripe,0.22249136865139008,alexcj10
data\processed\test\apple_ripe\alexcj10-ripenet_0000044.jpg,apple_ripe,apple_ripe,1,1,True,0.5751944184303284,apple_unripe,0.3829593360424042,alexcj10
data\processed\test\apple_ripe\alexcj10-ripenet_0000054.jpg,apple_ripe,apple_ripe,1,1,True,0.6959755420684814,apple_rotten,0.11042672395706177,alexcj10
data\processed\test\apple_ripe\alexcj10-ripenet_0000057.jpg,apple_ripe,mango_ripe,1,9,False,0.5075955390930176,apple_ripe,0.36114734411239624,alexcj10
data\processed\test\apple_ripe\alexcj10-ripenet_0000065.jpg,apple_ripe,mango_unripe,1,11,False,0.5445976257324219,mango_ripe,0.2551037669181824,alexcj10
data\processed\test\apple_ripe\alexcj10-ripenet_0000072.jpg,apple_ripe,apple_ripe,1,1,True,0.973298192024231,apple_rotten,0.014204321429133415,alexcj10
data\processed\test\apple_ripe\alexcj10-ripenet_0000076.jpg,apple_ripe,apple_ripe,1,1,True,0.30969589948654175,orange_unripe,0.16697734594345093,alexcj10
data\processed\test\apple_ripe\alexcj10-ripenet_0000079.jpg,apple_ripe,apple_ripe,1,1,True,0.6663264036178589,tomato_ripe,0.19498293101787567,alexcj10
data\processed\test\apple_ripe\alexcj10-ripenet_0000093.jpg,apple_ripe,apple_ripe,1,1,True,0.8920021057128906,apple_unripe,0.0626172199845314,alexcj10
data\processed\test\apple_ripe\alexcj10-ripenet_0000095.jpg,apple_ripe,apple_ripe,1,1,True,0.8631694912910461,apple_unripe,0.08813019841909409,alexcj10
data\processed\test\apple_ripe\alexcj10-ripenet_0000103.jpg,apple_ripe,apple_ripe,1,1,True,0.2909202575683594,tomato_ripe,0.22301191091537476,alexcj10
data\processed\test\apple_ripe\alexcj10-ripenet_0000146.jpg,apple_ripe,apple_unripe,1,3,False,0.18665215373039246,papaya_ripe,0.18569990992546082,alexcj10
data\processed\test\apple_ripe\alexcj10-ripenet_0000154.jpg,apple_ripe,apple_ripe,1,1,True,0.5735200047492981,tomato_ripe,0.1909209042787552,alexcj10
data\processed\test\apple_ripe\alexcj10-ripenet_0000160.jpg,apple_ripe,apple_ripe,1,1,True,0.6287898421287537,apple_overripe,0.10497026145458221,alexcj10
data\processed\test\apple_ripe\alexcj10-ripenet_0000168.jpg,apple_ripe,apple_ripe,1,1,True,0.8509835600852966,mango_ripe,0.08692312240600586,alexcj10
data\processed\test\apple_ripe\alexcj10-ripenet_0000169.jpg,apple_ripe,apple_ripe,1,1,True,0.9715004563331604,orange_ripe,0.007241885177791119,alexcj10
data\processed\test\apple_ripe\alexcj10-ripenet_0000176.jpg,apple_ripe,apple_unripe,1,3,False,0.3854728937149048,apple_ripe,0.35345935821533203,alexcj10
data\processed\test\apple_ripe\alexcj10-ripenet_0000187.jpg,apple_ripe,papaya_ripe,1,16,False,0.4589068591594696,apple_rotten,0.1853395700454712,alexcj10
data\processed\test\apple_ripe\alexcj10-ripenet_0000190.jpg,apple_ripe,mango_ripe,1,9,False,0.39115428924560547,apple_ripe,0.3136800527572632,alexcj10
data\processed\test\apple_ripe\alexcj10-ripenet_0000194.jpg,apple_ripe,apple_ripe,1,1,True,0.7154016494750977,apple_unripe,0.10379326343536377,alexcj10
data\processed\test\apple_ripe\alexcj10-ripenet_0000200.jpg,apple_ripe,apple_ripe,1,1,True,0.979292631149292,apple_rotten,0.009283664636313915,alexcj10
data\processed\test\apple_ripe\alexcj10-ripenet_0000218.jpg,apple_ripe,apple_ripe,1,1,True,0.7591575384140015,mango_unripe,0.07302786409854889,alexcj10
data\processed\test\apple_ripe\alexcj10-ripenet_0000219.jpg,apple_ripe,mango_ripe,1,9,False,0.7747288346290588,mango_unripe,0.12344037741422653,alexcj10
data\processed\test\apple_ripe\alexcj10-ripenet_0000226.jpg,apple_ripe,apple_unripe,1,3,False,0.41515377163887024,mango_ripe,0.2937445640563965,alexcj10
data\processed\test\apple_ripe\alexcj10-ripenet_0000232.jpg,apple_ripe,banana_unripe,1,7,False,0.5334962010383606,banana_ripe,0.2301865667104721,alexcj10
data\processed\test\apple_ripe\alexcj10-ripenet_0000250.jpg,apple_ripe,apple_ripe,1,1,True,0.7077262997627258,tomato_ripe,0.08008317649364471,alexcj10
data\processed\test\apple_ripe\alexcj10-ripenet_0000256.jpg,apple_ripe,apple_ripe,1,1,True,0.46947959065437317,tomato_overripe,0.165414497256279,alexcj10
data\processed\test\apple_ripe\alexcj10-ripenet_0000258.jpg,apple_ripe,mango_unripe,1,11,False,0.9071370363235474,papaya_unripe,0.03723536804318428,alexcj10
data\processed\test\apple_ripe\alexcj10-ripenet_0000259.jpg,apple_ripe,papaya_ripe,1,16,False,0.24415695667266846,papaya_unripe,0.21532848477363586,alexcj10
data\processed\test\apple_ripe\alexcj10-ripenet_0000260.jpg,apple_ripe,apple_ripe,1,1,True,0.8492683172225952,mango_ripe,0.07335346192121506,alexcj10
data\processed\test\apple_ripe\alexcj10-ripenet_0000262.jpg,apple_ripe,apple_ripe,1,1,True,0.719657301902771,apple_unripe,0.09410689026117325,alexcj10
data\processed\test\apple_ripe\alexcj10-ripenet_0000275.jpg,apple_ripe,apple_ripe,1,1,True,0.9911536574363708,mango_ripe,0.003174543147906661,alexcj10
data\processed\test\apple_ripe\alexcj10-ripenet_0000278.jpg,apple_ripe,apple_ripe,1,1,True,0.9263132810592651,apple_unripe,0.04450826719403267,alexcj10
data\processed\test\apple_ripe\alexcj10-ripenet_0000280.jpg,apple_ripe,apple_ripe,1,1,True,0.893256664276123,apple_rotten,0.03094364143908024,alexcj10
data\processed\test\apple_ripe\alexcj10-ripenet_0000286.jpg,apple_ripe,apple_unripe,1,3,False,0.35799354314804077,apple_ripe,0.27185818552970886,alexcj10
data\processed\test\apple_ripe\alexcj10-ripenet_0000290.jpg,apple_ripe,apple_ripe,1,1,True,0.3586280941963196,apple_rotten,0.21967177093029022,alexcj10
data\processed\test\apple_ripe\alexcj10-ripenet_0000292.jpg,apple_ripe,apple_unripe,1,3,False,0.4731186628341675,apple_ripe,0.30085691809654236,alexcj10
data\processed\test\apple_ripe\alexcj10-ripenet_0000294.jpg,apple_ripe,apple_unripe,1,3,False,0.46438711881637573,apple_ripe,0.27215924859046936,alexcj10
data\processed\test\apple_ripe\asadullahprl_0000016.jpg,apple_ripe,apple_ripe,1,1,True,0.4946603775024414,apple_overripe,0.38410115242004395,asadullahprl
data\processed\test\apple_ripe\asadullahprl_0000025.jpg,apple_ripe,apple_unripe,1,3,False,0.7280852794647217,apple_ripe,0.14129690825939178,asadullahprl
data\processed\test\apple_ripe\asadullahprl_0000026.jpg,apple_ripe,tomato_ripe,1,23,False,0.4077589511871338,tomato_overripe,0.30947989225387573,asadullahprl
data\processed\test\apple_ripe\asadullahprl_0000031.jpg,apple_ripe,apple_ripe,1,1,True,0.862663209438324,orange_ripe,0.030278636142611504,asadullahprl
data\processed\test\apple_ripe\asadullahprl_0000052.jpg,apple_ripe,apple_ripe,1,1,True,0.4503999352455139,tomato_ripe,0.2500690221786499,asadullahprl
data\processed\test\apple_ripe\asadullahprl_0000062.jpg,apple_ripe,apple_ripe,1,1,True,0.9323816895484924,apple_overripe,0.051475364714860916,asadullahprl
data\processed\test\apple_ripe\asadullahprl_0000069.jpg,apple_ripe,mango_ripe,1,9,False,0.4095045030117035,apple_ripe,0.36912673711776733,asadullahprl
data\processed\test\apple_ripe\asadullahprl_0000074.jpg,apple_ripe,mango_ripe,1,9,False,0.22917670011520386,apple_ripe,0.19764210283756256,asadullahprl
data\processed\test\apple_ripe\asadullahprl_0000075.jpg,apple_ripe,apple_overripe,1,0,False,0.6616557240486145,apple_ripe,0.20552831888198853,asadullahprl
data\processed\test\apple_ripe\asadullahprl_0000094.jpg,apple_ripe,apple_ripe,1,1,True,0.8091264367103577,apple_unripe,0.07899594306945801,asadullahprl
data\processed\test\apple_ripe\asadullahprl_0000102.jpg,apple_ripe,apple_ripe,1,1,True,0.7382150292396545,mango_ripe,0.1461646407842636,asadullahprl
data\processed\test\apple_ripe\asadullahprl_0000104.jpg,apple_ripe,apple_ripe,1,1,True,0.753107488155365,apple_overripe,0.22748059034347534,asadullahprl
data\processed\test\apple_ripe\asadullahprl_0000106.jpg,apple_ripe,apple_overripe,1,0,False,0.9612666964530945,apple_ripe,0.03428380936384201,asadullahprl
data\processed\test\apple_ripe\asadullahprl_0000108.jpg,apple_ripe,apple_ripe,1,1,True,0.8265126943588257,apple_overripe,0.1419667899608612,asadullahprl
data\processed\test\apple_ripe\asadullahprl_0000114.jpg,apple_ripe,apple_overripe,1,0,False,0.5005623698234558,tomato_overripe,0.14222021400928497,asadullahprl
data\processed\test\apple_ripe\asadullahprl_0000115.jpg,apple_ripe,apple_overripe,1,0,False,0.8543369174003601,apple_ripe,0.12561418116092682,asadullahprl
data\processed\test\apple_ripe\asadullahprl_0000117.jpg,apple_ripe,apple_overripe,1,0,False,0.6548816561698914,apple_ripe,0.3370228409767151,asadullahprl
data\processed\test\apple_ripe\asadullahprl_0000120.jpg,apple_ripe,apple_overripe,1,0,False,0.6214780211448669,apple_ripe,0.35775989294052124,asadullahprl
data\processed\test\apple_ripe\asadullahprl_0000132.jpg,apple_ripe,apple_ripe,1,1,True,0.9440659880638123,apple_unripe,0.05160919949412346,asadullahprl
data\processed\test\apple_ripe\asadullahprl_0000135.jpg,apple_ripe,apple_ripe,1,1,True,0.6529191732406616,apple_overripe,0.33813709020614624,asadullahprl
data\processed\test\apple_ripe\asadullahprl_0000144.jpg,apple_ripe,apple_ripe,1,1,True,0.8626092076301575,apple_unripe,0.08858336508274078,asadullahprl
data\processed\test\apple_ripe\asadullahprl_0000147.jpg,apple_ripe,apple_ripe,1,1,True,0.4560398757457733,apple_overripe,0.21857589483261108,asadullahprl
data\processed\test\apple_ripe\asadullahprl_0000151.jpg,apple_ripe,apple_overripe,1,0,False,0.967337429523468,apple_ripe,0.02220858260989189,asadullahprl
data\processed\test\apple_ripe\asadullahprl_0000166.jpg,apple_ripe,apple_ripe,1,1,True,0.9371495842933655,apple_overripe,0.038339052349328995,asadullahprl
data\processed\test\apple_ripe\asadullahprl_0000170.jpg,apple_ripe,apple_ripe,1,1,True,0.758759617805481,apple_overripe,0.21007859706878662,asadullahprl
data\processed\test\apple_ripe\asadullahprl_0000196.jpg,apple_ripe,apple_overripe,1,0,False,0.552198588848114,apple_unripe,0.2423969805240631,asadullahprl
data\processed\test\apple_ripe\asadullahprl_0000197.jpg,apple_ripe,apple_ripe,1,1,True,0.5719459056854248,apple_overripe,0.39981013536453247,asadullahprl
data\processed\test\apple_ripe\asadullahprl_0000199.jpg,apple_ripe,apple_ripe,1,1,True,0.6040871739387512,apple_overripe,0.37783870100975037,asadullahprl
data\processed\test\apple_ripe\asadullahprl_0000201.jpg,apple_ripe,apple_overripe,1,0,False,0.5469493865966797,apple_ripe,0.4368433654308319,asadullahprl
data\processed\test\apple_ripe\asadullahprl_0000202.jpg,apple_ripe,apple_ripe,1,1,True,0.8221567869186401,apple_unripe,0.04815855622291565,asadullahprl
data\processed\test\apple_ripe\asadullahprl_0000208.jpg,apple_ripe,apple_ripe,1,1,True,0.9933404326438904,apple_unripe,0.00270780548453331,asadullahprl
data\processed\test\apple_ripe\asadullahprl_0000210.jpg,apple_ripe,apple_overripe,1,0,False,0.6169330477714539,apple_ripe,0.33319270610809326,asadullahprl
data\processed\test\apple_ripe\asadullahprl_0000236.jpg,apple_ripe,apple_overripe,1,0,False,0.9221890568733215,apple_ripe,0.07198548316955566,asadullahprl
data\processed\test\apple_ripe\asadullahprl_0000239.jpg,apple_ripe,apple_overripe,1,0,False,0.9797394871711731,apple_ripe,0.016485704109072685,asadullahprl
data\processed\test\apple_ripe\asadullahprl_0000242.jpg,apple_ripe,apple_ripe,1,1,True,0.870141863822937,apple_overripe,0.08944528549909592,asadullahprl
data\processed\test\apple_ripe\asadullahprl_0000247.jpg,apple_ripe,apple_unripe,1,3,False,0.7623077034950256,apple_ripe,0.16602258384227753,asadullahprl
data\processed\test\apple_ripe\asadullahprl_0000251.jpg,apple_ripe,apple_ripe,1,1,True,0.8935572504997253,apple_rotten,0.06514500081539154,asadullahprl
data\processed\test\apple_ripe\asadullahprl_0000268.jpg,apple_ripe,apple_ripe,1,1,True,0.4804316759109497,mango_ripe,0.19089649617671967,asadullahprl
data\processed\test\apple_ripe\asadullahprl_0000281.jpg,apple_ripe,apple_ripe,1,1,True,0.7633527517318726,apple_unripe,0.13940708339214325,asadullahprl
data\processed\test\apple_ripe\asadullahprl_0000289.jpg,apple_ripe,apple_ripe,1,1,True,0.8107736706733704,apple_overripe,0.17753668129444122,asadullahprl
data\processed\test\apple_ripe\asadullahprl_0000297.jpg,apple_ripe,apple_ripe,1,1,True,0.62306809425354,apple_unripe,0.2362751066684723,asadullahprl
data\processed\test\apple_ripe\leftin_0000013.jpg,apple_ripe,apple_ripe,1,1,True,0.978857696056366,apple_unripe,0.015934983268380165,leftin
data\processed\test\apple_ripe\leftin_0000017.jpg,apple_ripe,apple_ripe,1,1,True,0.7502309679985046,apple_unripe,0.23058360815048218,leftin
data\processed\test\apple_ripe\leftin_0000018.jpg,apple_ripe,apple_ripe,1,1,True,0.9956526756286621,apple_unripe,0.0036749865394085646,leftin
data\processed\test\apple_ripe\leftin_0000019.jpg,apple_ripe,apple_ripe,1,1,True,0.7772415280342102,apple_unripe,0.2125176340341568,leftin
data\processed\test\apple_ripe\leftin_0000020.jpg,apple_ripe,apple_ripe,1,1,True,0.981404721736908,apple_rotten,0.01112407073378563,leftin
data\processed\test\apple_ripe\leftin_0000022.jpg,apple_ripe,apple_ripe,1,1,True,0.9981101751327515,apple_unripe,0.0015127675142139196,leftin
data\processed\test\apple_ripe\leftin_0000023.jpg,apple_ripe,apple_ripe,1,1,True,0.5720754861831665,apple_rotten,0.16242597997188568,leftin
data\processed\test\apple_ripe\leftin_0000024.jpg,apple_ripe,apple_ripe,1,1,True,0.9963744282722473,apple_rotten,0.002096609678119421,leftin
data\processed\test\apple_ripe\leftin_0000027.jpg,apple_ripe,apple_unripe,1,3,False,0.47550347447395325,apple_ripe,0.43504324555397034,leftin
data\processed\test\apple_ripe\leftin_0000030.jpg,apple_ripe,apple_ripe,1,1,True,0.9727035164833069,apple_rotten,0.009836167097091675,leftin
data\processed\test\apple_ripe\leftin_0000032.jpg,apple_ripe,apple_ripe,1,1,True,0.9879584312438965,orange_rotten,0.00693558482453227,leftin
data\processed\test\apple_ripe\leftin_0000034.jpg,apple_ripe,apple_ripe,1,1,True,0.9551494717597961,apple_unripe,0.042485952377319336,leftin
data\processed\test\apple_ripe\leftin_0000035.jpg,apple_ripe,apple_ripe,1,1,True,0.9995936751365662,apple_unripe,0.00019930581038352102,leftin
data\processed\test\apple_ripe\leftin_0000037.jpg,apple_ripe,apple_ripe,1,1,True,0.8286610841751099,apple_rotten,0.17116883397102356,leftin
data\processed\test\apple_ripe\leftin_0000038.jpg,apple_ripe,apple_ripe,1,1,True,0.981882631778717,apple_unripe,0.008079889230430126,leftin
data\processed\test\apple_ripe\leftin_0000039.jpg,apple_ripe,apple_ripe,1,1,True,0.9582788348197937,orange_rotten,0.018580930307507515,leftin
data\processed\test\apple_ripe\leftin_0000041.jpg,apple_ripe,apple_ripe,1,1,True,0.9675201773643494,apple_unripe,0.0314234234392643,leftin
data\processed\test\apple_ripe\leftin_0000042.jpg,apple_ripe,apple_ripe,1,1,True,0.9953989386558533,apple_unripe,0.001382657210342586,leftin
data\processed\test\apple_ripe\leftin_0000043.jpg,apple_ripe,apple_ripe,1,1,True,0.9252403378486633,apple_unripe,0.03801688551902771,leftin
data\processed\test\apple_ripe\leftin_0000045.jpg,apple_ripe,apple_rotten,1,2,False,0.6165567636489868,apple_ripe,0.282048761844635,leftin
data\processed\test\apple_ripe\leftin_0000046.jpg,apple_ripe,apple_ripe,1,1,True,0.9369758367538452,apple_rotten,0.061886660754680634,leftin
data\processed\test\apple_ripe\leftin_0000047.jpg,apple_ripe,apple_ripe,1,1,True,0.9990618824958801,apple_rotten,0.0007905908860266209,leftin
data\processed\test\apple_ripe\leftin_0000048.jpg,apple_ripe,apple_ripe,1,1,True,0.9789360761642456,apple_rotten,0.01752498745918274,leftin
data\processed\test\apple_ripe\leftin_0000049.jpg,apple_ripe,apple_ripe,1,1,True,0.9873839616775513,apple_rotten,0.0042095547541975975,leftin
data\processed\test\apple_ripe\leftin_0000050.jpg,apple_ripe,apple_ripe,1,1,True,0.9958441853523254,apple_rotten,0.0018512553069740534,leftin
data\processed\test\apple_ripe\leftin_0000051.jpg,apple_ripe,apple_unripe,1,3,False,0.901389479637146,apple_ripe,0.09187671542167664,leftin
data\processed\test\apple_ripe\leftin_0000053.jpg,apple_ripe,apple_ripe,1,1,True,0.9812777638435364,apple_unripe,0.008240828290581703,leftin
data\processed\test\apple_ripe\leftin_0000055.jpg,apple_ripe,apple_ripe,1,1,True,0.9680370092391968,apple_rotten,0.017048463225364685,leftin
data\processed\test\apple_ripe\leftin_0000056.jpg,apple_ripe,apple_ripe,1,1,True,0.9945331811904907,apple_unripe,0.004672632087022066,leftin
data\processed\test\apple_ripe\leftin_0000058.jpg,apple_ripe,apple_ripe,1,1,True,0.9788965582847595,apple_unripe,0.018382973968982697,leftin
data\processed\test\apple_ripe\leftin_0000059.jpg,apple_ripe,apple_ripe,1,1,True,0.997183084487915,apple_unripe,0.0017304925713688135,leftin
data\processed\test\apple_ripe\leftin_0000060.jpg,apple_ripe,apple_ripe,1,1,True,0.9925583600997925,mango_unripe,0.002254554070532322,leftin
data\processed\test\apple_ripe\leftin_0000061.jpg,apple_ripe,apple_ripe,1,1,True,0.9985829591751099,apple_unripe,0.0008396765915676951,leftin
data\processed\test\apple_ripe\leftin_0000063.jpg,apple_ripe,apple_ripe,1,1,True,0.9545536637306213,apple_rotten,0.03657723218202591,leftin
data\processed\test\apple_ripe\leftin_0000064.jpg,apple_ripe,apple_ripe,1,1,True,0.9701218605041504,apple_unripe,0.01002987939864397,leftin
data\processed\test\apple_ripe\leftin_0000066.jpg,apple_ripe,apple_ripe,1,1,True,0.9474564790725708,apple_unripe,0.034326329827308655,leftin
data\processed\test\apple_ripe\leftin_0000067.jpg,apple_ripe,apple_ripe,1,1,True,0.9803237915039062,apple_unripe,0.016502978280186653,leftin
data\processed\test\apple_ripe\leftin_0000068.jpg,apple_ripe,apple_ripe,1,1,True,0.9947761297225952,apple_unripe,0.004916577134281397,leftin
data\processed\test\apple_ripe\leftin_0000070.jpg,apple_ripe,apple_ripe,1,1,True,0.9926275610923767,apple_unripe,0.005886666942387819,leftin
data\processed\test\apple_ripe\leftin_0000071.jpg,apple_ripe,apple_ripe,1,1,True,0.9335684180259705,apple_unripe,0.06373205035924911,leftin
data\processed\test\apple_ripe\leftin_0000073.jpg,apple_ripe,apple_ripe,1,1,True,0.9372885823249817,apple_unripe,0.06107804551720619,leftin
data\processed\test\apple_ripe\leftin_0000077.jpg,apple_ripe,apple_ripe,1,1,True,0.9615532755851746,apple_unripe,0.0240339245647192,leftin
data\processed\test\apple_ripe\leftin_0000078.jpg,apple_ripe,apple_ripe,1,1,True,0.9922978281974792,tomato_ripe,0.003793000476434827,leftin
data\processed\test\apple_ripe\leftin_0000080.jpg,apple_ripe,apple_ripe,1,1,True,0.9942966103553772,papaya_unripe,0.0024310159496963024,leftin
data\processed\test\apple_ripe\leftin_0000081.jpg,apple_ripe,apple_ripe,1,1,True,0.9990432858467102,apple_rotten,0.0007170333992689848,leftin
data\processed\test\apple_ripe\leftin_0000082.jpg,apple_ripe,apple_ripe,1,1,True,0.9883437156677246,apple_rotten,0.009479747153818607,leftin
data\processed\test\apple_ripe\leftin_0000083.jpg,apple_ripe,apple_ripe,1,1,True,0.995096743106842,apple_rotten,0.0038151650223881006,leftin
data\processed\test\apple_ripe\leftin_0000084.jpg,apple_ripe,apple_ripe,1,1,True,0.9956940412521362,apple_overripe,0.0019444358767941594,leftin
data\processed\test\apple_ripe\leftin_0000085.jpg,apple_ripe,apple_ripe,1,1,True,0.9810205698013306,orange_ripe,0.011617975309491158,leftin
data\processed\test\apple_ripe\leftin_0000086.jpg,apple_ripe,apple_ripe,1,1,True,0.890331506729126,orange_ripe,0.08781693130731583,leftin
data\processed\test\apple_ripe\leftin_0000087.jpg,apple_ripe,apple_ripe,1,1,True,0.9971733093261719,apple_unripe,0.0022265841253101826,leftin
data\processed\test\apple_ripe\leftin_0000088.jpg,apple_ripe,apple_ripe,1,1,True,0.9755856990814209,apple_unripe,0.018191659823060036,leftin
data\processed\test\apple_ripe\leftin_0000089.jpg,apple_ripe,apple_ripe,1,1,True,0.9528793096542358,apple_unripe,0.045514002442359924,leftin
data\processed\test\apple_ripe\leftin_0000090.jpg,apple_ripe,apple_overripe,1,0,False,0.3780907094478607,apple_ripe,0.3301413655281067,leftin
data\processed\test\apple_ripe\leftin_0000091.jpg,apple_ripe,apple_ripe,1,1,True,0.9858160018920898,apple_unripe,0.01099218800663948,leftin
data\processed\test\apple_ripe\leftin_0000092.jpg,apple_ripe,apple_ripe,1,1,True,0.9950397610664368,apple_unripe,0.004065480083227158,leftin
data\processed\test\apple_ripe\leftin_0000096.jpg,apple_ripe,apple_ripe,1,1,True,0.5257659554481506,apple_unripe,0.3367082476615906,leftin
data\processed\test\apple_ripe\leftin_0000097.jpg,apple_ripe,apple_ripe,1,1,True,0.9957734942436218,apple_unripe,0.0019351355731487274,leftin
data\processed\test\apple_ripe\leftin_0000098.jpg,apple_ripe,apple_ripe,1,1,True,0.9594172239303589,apple_rotten,0.014171709306538105,leftin
data\processed\test\apple_ripe\leftin_0000099.jpg,apple_ripe,apple_ripe,1,1,True,0.9955905675888062,apple_rotten,0.0037448573857545853,leftin
data\processed\test\apple_ripe\leftin_0000100.jpg,apple_ripe,apple_ripe,1,1,True,0.9832680821418762,apple_rotten,0.006130661815404892,leftin
data\processed\test\apple_ripe\leftin_0000101.jpg,apple_ripe,apple_ripe,1,1,True,0.9973962306976318,apple_rotten,0.0023518488742411137,leftin
data\processed\test\apple_ripe\leftin_0000105.jpg,apple_ripe,apple_ripe,1,1,True,0.9668837785720825,apple_rotten,0.023860502988100052,leftin
data\processed\test\apple_ripe\leftin_0000107.jpg,apple_ripe,apple_ripe,1,1,True,0.9386171102523804,apple_unripe,0.059051260352134705,leftin
data\processed\test\apple_ripe\leftin_0000109.jpg,apple_ripe,apple_ripe,1,1,True,0.99281245470047,apple_rotten,0.0030951062217354774,leftin
data\processed\test\apple_ripe\leftin_0000110.jpg,apple_ripe,apple_ripe,1,1,True,0.9969531297683716,apple_rotten,0.0015253510791808367,leftin
data\processed\test\apple_ripe\leftin_0000111.jpg,apple_ripe,apple_ripe,1,1,True,0.9771275520324707,apple_unripe,0.019802521914243698,leftin
data\processed\test\apple_ripe\leftin_0000112.jpg,apple_ripe,apple_ripe,1,1,True,0.9417232275009155,apple_unripe,0.05117892101407051,leftin
data\processed\test\apple_ripe\leftin_0000113.jpg,apple_ripe,apple_ripe,1,1,True,0.9907761216163635,tomato_ripe,0.004329750780016184,leftin
data\processed\test\apple_ripe\leftin_0000116.jpg,apple_ripe,apple_ripe,1,1,True,0.9529315829277039,apple_unripe,0.045116718858480453,leftin
data\processed\test\apple_ripe\leftin_0000118.jpg,apple_ripe,apple_ripe,1,1,True,0.9457615613937378,apple_unripe,0.02817169763147831,leftin
data\processed\test\apple_ripe\leftin_0000119.jpg,apple_ripe,apple_ripe,1,1,True,0.8913843631744385,apple_unripe,0.09446296840906143,leftin
data\processed\test\apple_ripe\leftin_0000121.jpg,apple_ripe,apple_ripe,1,1,True,0.9903097748756409,apple_rotten,0.00924038514494896,leftin
data\processed\test\apple_ripe\leftin_0000122.jpg,apple_ripe,apple_ripe,1,1,True,0.9716943502426147,apple_rotten,0.025296209380030632,leftin
data\processed\test\apple_ripe\leftin_0000123.jpg,apple_ripe,apple_ripe,1,1,True,0.997359573841095,apple_rotten,0.0023120217956602573,leftin
data\processed\test\apple_ripe\leftin_0000124.jpg,apple_ripe,apple_unripe,1,3,False,0.8322924375534058,apple_ripe,0.10017618536949158,leftin
data\processed\test\apple_ripe\leftin_0000125.jpg,apple_ripe,apple_ripe,1,1,True,0.56455397605896,apple_unripe,0.38189542293548584,leftin
data\processed\test\apple_ripe\leftin_0000126.jpg,apple_ripe,apple_ripe,1,1,True,0.9150562286376953,apple_unripe,0.0643630251288414,leftin
data\processed\test\apple_ripe\leftin_0000127.jpg,apple_ripe,apple_ripe,1,1,True,0.9578056931495667,apple_rotten,0.028090042993426323,leftin
data\processed\test\apple_ripe\leftin_0000128.jpg,apple_ripe,apple_ripe,1,1,True,0.9967502355575562,apple_unripe,0.0020472661126405,leftin
data\processed\test\apple_ripe\leftin_0000129.jpg,apple_ripe,apple_ripe,1,1,True,0.9739434719085693,apple_unripe,0.022511174902319908,leftin
data\processed\test\apple_ripe\leftin_0000130.jpg,apple_ripe,apple_ripe,1,1,True,0.998212456703186,apple_rotten,0.001176730846054852,leftin
data\processed\test\apple_ripe\leftin_0000131.jpg,apple_ripe,apple_ripe,1,1,True,0.8709693551063538,apple_rotten,0.12816907465457916,leftin
data\processed\test\apple_ripe\leftin_0000133.jpg,apple_ripe,apple_ripe,1,1,True,0.9932045936584473,apple_rotten,0.0062736752443015575,leftin
data\processed\test\apple_ripe\leftin_0000134.jpg,apple_ripe,apple_ripe,1,1,True,0.979893684387207,apple_unripe,0.018479371443390846,leftin
data\processed\test\apple_ripe\leftin_0000136.jpg,apple_ripe,apple_ripe,1,1,True,0.996185839176178,apple_rotten,0.003402165835723281,leftin
data\processed\test\apple_ripe\leftin_0000137.jpg,apple_ripe,apple_ripe,1,1,True,0.9997429251670837,apple_rotten,0.00018389556498732418,leftin
data\processed\test\apple_ripe\leftin_0000138.jpg,apple_ripe,apple_ripe,1,1,True,0.9819221496582031,apple_rotten,0.014792189933359623,leftin
data\processed\test\apple_ripe\leftin_0000139.jpg,apple_ripe,apple_ripe,1,1,True,0.8335019946098328,apple_unripe,0.15969718992710114,leftin
data\processed\test\apple_ripe\leftin_0000140.jpg,apple_ripe,apple_ripe,1,1,True,0.9995015859603882,apple_rotten,0.00020868840510956943,leftin
data\processed\test\apple_ripe\leftin_0000141.jpg,apple_ripe,apple_ripe,1,1,True,0.5078561902046204,apple_unripe,0.3522263467311859,leftin
data\processed\test\apple_ripe\leftin_0000142.jpg,apple_ripe,apple_ripe,1,1,True,0.9992324113845825,apple_unripe,0.0006509589147754014,leftin
data\processed\test\apple_ripe\leftin_0000143.jpg,apple_ripe,apple_ripe,1,1,True,0.9946446418762207,apple_unripe,0.00499771349132061,leftin
data\processed\test\apple_ripe\leftin_0000145.jpg,apple_ripe,apple_ripe,1,1,True,0.966548502445221,apple_rotten,0.016647523269057274,leftin
data\processed\test\apple_ripe\leftin_0000148.jpg,apple_ripe,apple_ripe,1,1,True,0.9771896004676819,apple_rotten,0.012070264667272568,leftin
data\processed\test\apple_ripe\leftin_0000149.jpg,apple_ripe,apple_ripe,1,1,True,0.8571513891220093,apple_unripe,0.13950932025909424,leftin
data\processed\test\apple_ripe\leftin_0000150.jpg,apple_ripe,apple_ripe,1,1,True,0.60780268907547,orange_ripe,0.16823458671569824,leftin
data\processed\test\apple_ripe\leftin_0000152.jpg,apple_ripe,apple_ripe,1,1,True,0.9959385395050049,apple_unripe,0.002865863498300314,leftin
data\processed\test\apple_ripe\leftin_0000153.jpg,apple_ripe,apple_ripe,1,1,True,0.6986064910888672,apple_unripe,0.2940976619720459,leftin
data\processed\test\apple_ripe\leftin_0000155.jpg,apple_ripe,apple_ripe,1,1,True,0.9990634322166443,apple_rotten,0.0008328763651661575,leftin
data\processed\test\apple_ripe\leftin_0000156.jpg,apple_ripe,apple_ripe,1,1,True,0.9927822351455688,apple_unripe,0.00469012139365077,leftin
data\processed\test\apple_ripe\leftin_0000157.jpg,apple_ripe,apple_ripe,1,1,True,0.9974517226219177,apple_unripe,0.0022285201121121645,leftin
data\processed\test\apple_ripe\leftin_0000158.jpg,apple_ripe,apple_ripe,1,1,True,0.9228719472885132,apple_rotten,0.058387111872434616,leftin
data\processed\test\apple_ripe\leftin_0000159.jpg,apple_ripe,apple_ripe,1,1,True,0.9954419136047363,apple_unripe,0.002249873476102948,leftin
data\processed\test\apple_ripe\leftin_0000161.jpg,apple_ripe,apple_ripe,1,1,True,0.9982383251190186,apple_unripe,0.0008812950109131634,leftin
data\processed\test\apple_ripe\leftin_0000162.jpg,apple_ripe,apple_ripe,1,1,True,0.9992833733558655,apple_unripe,0.0006296077626757324,leftin
data\processed\test\apple_ripe\leftin_0000163.jpg,apple_ripe,apple_ripe,1,1,True,0.9922905564308167,apple_unripe,0.006468655075877905,leftin
data\processed\test\apple_ripe\leftin_0000164.jpg,apple_ripe,apple_ripe,1,1,True,0.9824540019035339,apple_rotten,0.01596919819712639,leftin
data\processed\test\apple_ripe\leftin_0000165.jpg,apple_ripe,apple_ripe,1,1,True,0.9977300763130188,apple_rotten,0.00206873775459826,leftin
data\processed\test\apple_ripe\leftin_0000167.jpg,apple_ripe,apple_ripe,1,1,True,0.9980236291885376,apple_unripe,0.0009157697204500437,leftin
data\processed\test\apple_ripe\leftin_0000171.jpg,apple_ripe,apple_ripe,1,1,True,0.9579146504402161,apple_unripe,0.032256804406642914,leftin
data\processed\test\apple_ripe\leftin_0000172.jpg,apple_ripe,apple_ripe,1,1,True,0.982854962348938,apple_rotten,0.013443632051348686,leftin
data\processed\test\apple_ripe\leftin_0000173.jpg,apple_ripe,apple_ripe,1,1,True,0.9957081079483032,apple_rotten,0.0031374432146549225,leftin
data\processed\test\apple_ripe\leftin_0000174.jpg,apple_ripe,apple_ripe,1,1,True,0.9894492626190186,apple_unripe,0.008219791576266289,leftin
data\processed\test\apple_ripe\leftin_0000175.jpg,apple_ripe,apple_ripe,1,1,True,0.9895021319389343,apple_unripe,0.009622913785278797,leftin
data\processed\test\apple_ripe\leftin_0000177.jpg,apple_ripe,apple_ripe,1,1,True,0.9985711574554443,apple_rotten,0.0010349187068641186,leftin
data\processed\test\apple_ripe\leftin_0000178.jpg,apple_ripe,apple_ripe,1,1,True,0.9977927207946777,apple_unripe,0.0018076816340908408,leftin
data\processed\test\apple_ripe\leftin_0000179.jpg,apple_ripe,apple_ripe,1,1,True,0.9873446822166443,apple_rotten,0.010018100030720234,leftin
data\processed\test\apple_ripe\leftin_0000180.jpg,apple_ripe,apple_ripe,1,1,True,0.8682377338409424,apple_rotten,0.11861066520214081,leftin
data\processed\test\apple_ripe\leftin_0000181.jpg,apple_ripe,apple_ripe,1,1,True,0.9913119673728943,apple_unripe,0.00669147027656436,leftin
data\processed\test\apple_ripe\leftin_0000182.jpg,apple_ripe,apple_ripe,1,1,True,0.9952825903892517,apple_rotten,0.0030919471755623817,leftin
data\processed\test\apple_ripe\leftin_0000183.jpg,apple_ripe,apple_ripe,1,1,True,0.9348992705345154,apple_unripe,0.06085281819105148,leftin
data\processed\test\apple_ripe\leftin_0000184.jpg,apple_ripe,apple_ripe,1,1,True,0.7444403171539307,mango_ripe,0.17803950607776642,leftin
data\processed\test\apple_ripe\leftin_0000185.jpg,apple_ripe,apple_ripe,1,1,True,0.8731674551963806,apple_unripe,0.09471391141414642,leftin
data\processed\test\apple_ripe\leftin_0000186.jpg,apple_ripe,apple_ripe,1,1,True,0.8905801773071289,apple_rotten,0.08720917254686356,leftin
data\processed\test\apple_ripe\leftin_0000188.jpg,apple_ripe,apple_ripe,1,1,True,0.9500735402107239,apple_rotten,0.04587235301733017,leftin
data\processed\test\apple_ripe\leftin_0000189.jpg,apple_ripe,apple_ripe,1,1,True,0.9934688806533813,apple_rotten,0.0027240212075412273,leftin
data\processed\test\apple_ripe\leftin_0000191.jpg,apple_ripe,apple_ripe,1,1,True,0.9916568994522095,apple_rotten,0.0068902927450835705,leftin
data\processed\test\apple_ripe\leftin_0000192.jpg,apple_ripe,apple_ripe,1,1,True,0.9972610473632812,apple_rotten,0.002114748815074563,leftin
data\processed\test\apple_ripe\leftin_0000193.jpg,apple_ripe,apple_ripe,1,1,True,0.9687799215316772,apple_rotten,0.02054954320192337,leftin
data\processed\test\apple_ripe\leftin_0000195.jpg,apple_ripe,apple_ripe,1,1,True,0.9982520937919617,orange_rotten,0.0007357620634138584,leftin
data\processed\test\apple_ripe\leftin_0000198.jpg,apple_ripe,apple_ripe,1,1,True,0.9989935755729675,apple_unripe,0.0009067876962944865,leftin
data\processed\test\apple_ripe\leftin_0000203.jpg,apple_ripe,apple_ripe,1,1,True,0.9561133980751038,apple_rotten,0.027242586016654968,leftin
data\processed\test\apple_ripe\leftin_0000204.jpg,apple_ripe,apple_ripe,1,1,True,0.9535633325576782,apple_rotten,0.02814498357474804,leftin
data\processed\test\apple_ripe\leftin_0000205.jpg,apple_ripe,apple_ripe,1,1,True,0.9863393306732178,apple_unripe,0.008587135002017021,leftin
data\processed\test\apple_ripe\leftin_0000206.jpg,apple_ripe,apple_ripe,1,1,True,0.9466493129730225,apple_rotten,0.023959888145327568,leftin
data\processed\test\apple_ripe\leftin_0000207.jpg,apple_ripe,apple_ripe,1,1,True,0.49533843994140625,apple_rotten,0.33324921131134033,leftin
data\processed\test\apple_ripe\leftin_0000209.jpg,apple_ripe,apple_ripe,1,1,True,0.9919541478157043,apple_rotten,0.005751939490437508,leftin
data\processed\test\apple_ripe\leftin_0000211.jpg,apple_ripe,apple_ripe,1,1,True,0.9984351992607117,apple_rotten,0.0012689066352322698,leftin
data\processed\test\apple_ripe\leftin_0000212.jpg,apple_ripe,apple_ripe,1,1,True,0.9993115663528442,apple_rotten,0.00036850947071798146,leftin
data\processed\test\apple_ripe\leftin_0000213.jpg,apple_ripe,apple_ripe,1,1,True,0.9503661394119263,apple_rotten,0.048301465809345245,leftin
data\processed\test\apple_ripe\leftin_0000214.jpg,apple_ripe,apple_rotten,1,2,False,0.5350499749183655,apple_ripe,0.4548182487487793,leftin
data\processed\test\apple_ripe\leftin_0000215.jpg,apple_ripe,apple_ripe,1,1,True,0.9782756567001343,apple_unripe,0.02144305408000946,leftin
data\processed\test\apple_ripe\leftin_0000216.jpg,apple_ripe,apple_ripe,1,1,True,0.9976320266723633,apple_rotten,0.0009321713005192578,leftin
data\processed\test\apple_ripe\leftin_0000217.jpg,apple_ripe,apple_ripe,1,1,True,0.9927555918693542,orange_ripe,0.0036707811523228884,leftin
data\processed\test\apple_ripe\leftin_0000220.jpg,apple_ripe,apple_ripe,1,1,True,0.996991753578186,apple_rotten,0.002516918582841754,leftin
data\processed\test\apple_ripe\leftin_0000221.jpg,apple_ripe,apple_ripe,1,1,True,0.9873769879341125,apple_rotten,0.008136861026287079,leftin
data\processed\test\apple_ripe\leftin_0000222.jpg,apple_ripe,apple_ripe,1,1,True,0.9878155589103699,apple_rotten,0.005932152271270752,leftin
data\processed\test\apple_ripe\leftin_0000223.jpg,apple_ripe,apple_ripe,1,1,True,0.9898635745048523,apple_rotten,0.00644292775541544,leftin
data\processed\test\apple_ripe\leftin_0000224.jpg,apple_ripe,apple_ripe,1,1,True,0.9821420907974243,orange_rotten,0.005657509434968233,leftin
data\processed\test\apple_ripe\leftin_0000225.jpg,apple_ripe,apple_ripe,1,1,True,0.9950495362281799,apple_rotten,0.004244005773216486,leftin
data\processed\test\apple_ripe\leftin_0000227.jpg,apple_ripe,apple_ripe,1,1,True,0.9984799027442932,apple_rotten,0.0008982222061604261,leftin
data\processed\test\apple_ripe\leftin_0000228.jpg,apple_ripe,apple_ripe,1,1,True,0.9944789409637451,apple_rotten,0.005185355432331562,leftin
data\processed\test\apple_ripe\leftin_0000229.jpg,apple_ripe,apple_ripe,1,1,True,0.9777600169181824,apple_unripe,0.0164101030677557,leftin
data\processed\test\apple_ripe\leftin_0000230.jpg,apple_ripe,apple_ripe,1,1,True,0.9299598336219788,apple_unripe,0.06550654768943787,leftin
data\processed\test\apple_ripe\leftin_0000231.jpg,apple_ripe,apple_ripe,1,1,True,0.9896275997161865,apple_unripe,0.009459050372242928,leftin
data\processed\test\apple_ripe\leftin_0000233.jpg,apple_ripe,apple_ripe,1,1,True,0.9977371692657471,apple_rotten,0.0019188877195119858,leftin
data\processed\test\apple_ripe\leftin_0000234.jpg,apple_ripe,apple_ripe,1,1,True,0.9978986978530884,apple_rotten,0.0015886712353676558,leftin
data\processed\test\apple_ripe\leftin_0000235.jpg,apple_ripe,apple_ripe,1,1,True,0.9446814656257629,apple_unripe,0.04914126545190811,leftin
data\processed\test\apple_ripe\leftin_0000237.jpg,apple_ripe,apple_unripe,1,3,False,0.4678330719470978,apple_ripe,0.3745664656162262,leftin
data\processed\test\apple_ripe\leftin_0000238.jpg,apple_ripe,apple_ripe,1,1,True,0.9466676115989685,apple_rotten,0.04665264114737511,leftin
data\processed\test\apple_ripe\leftin_0000240.jpg,apple_ripe,apple_ripe,1,1,True,0.9800097346305847,apple_unripe,0.018990565091371536,leftin
data\processed\test\apple_ripe\leftin_0000241.jpg,apple_ripe,apple_ripe,1,1,True,0.9992119073867798,apple_rotten,0.0003694410261232406,leftin
data\processed\test\apple_ripe\leftin_0000243.jpg,apple_ripe,apple_ripe,1,1,True,0.9998317956924438,apple_rotten,0.00010759587166830897,leftin
data\processed\test\apple_ripe\leftin_0000244.jpg,apple_ripe,apple_ripe,1,1,True,0.7256944179534912,orange_ripe,0.23304826021194458,leftin
data\processed\test\apple_ripe\leftin_0000245.jpg,apple_ripe,apple_ripe,1,1,True,0.9908413887023926,apple_rotten,0.009015465155243874,leftin
data\processed\test\apple_ripe\leftin_0000246.jpg,apple_ripe,apple_ripe,1,1,True,0.994494616985321,apple_rotten,0.0029114377684891224,leftin
data\processed\test\apple_ripe\leftin_0000248.jpg,apple_ripe,apple_ripe,1,1,True,0.9968088269233704,apple_rotten,0.001242631347849965,leftin
data\processed\test\apple_ripe\leftin_0000249.jpg,apple_ripe,apple_ripe,1,1,True,0.9983147382736206,apple_unripe,0.0010150773450732231,leftin
data\processed\test\apple_ripe\leftin_0000252.jpg,apple_ripe,apple_ripe,1,1,True,0.9871150255203247,apple_unripe,0.010363291949033737,leftin
data\processed\test\apple_ripe\leftin_0000253.jpg,apple_ripe,apple_ripe,1,1,True,0.9617410898208618,apple_rotten,0.025674890726804733,leftin
data\processed\test\apple_ripe\leftin_0000254.jpg,apple_ripe,apple_ripe,1,1,True,0.9822548627853394,apple_unripe,0.01106509380042553,leftin
data\processed\test\apple_ripe\leftin_0000255.jpg,apple_ripe,apple_ripe,1,1,True,0.9988217949867249,apple_unripe,0.0010034728329628706,leftin
data\processed\test\apple_ripe\leftin_0000257.jpg,apple_ripe,apple_ripe,1,1,True,0.9979116320610046,apple_rotten,0.0009163649519905448,leftin
data\processed\test\apple_ripe\leftin_0000261.jpg,apple_ripe,apple_ripe,1,1,True,0.9936169385910034,apple_unripe,0.005808234680444002,leftin
data\processed\test\apple_ripe\leftin_0000263.jpg,apple_ripe,apple_ripe,1,1,True,0.9988023042678833,apple_rotten,0.0010427567176520824,leftin
data\processed\test\apple_ripe\leftin_0000264.jpg,apple_ripe,apple_ripe,1,1,True,0.9598627090454102,apple_unripe,0.03250191733241081,leftin
data\processed\test\apple_ripe\leftin_0000265.jpg,apple_ripe,apple_ripe,1,1,True,0.9941423535346985,apple_unripe,0.003199982224032283,leftin
data\processed\test\apple_ripe\leftin_0000266.jpg,apple_ripe,apple_ripe,1,1,True,0.9899197816848755,apple_unripe,0.00828808918595314,leftin
data\processed\test\apple_ripe\leftin_0000267.jpg,apple_ripe,apple_ripe,1,1,True,0.9568145871162415,apple_rotten,0.023697607219219208,leftin
data\processed\test\apple_ripe\leftin_0000269.jpg,apple_ripe,apple_ripe,1,1,True,0.993960976600647,apple_unripe,0.0036383362021297216,leftin
data\processed\test\apple_ripe\leftin_0000270.jpg,apple_ripe,apple_ripe,1,1,True,0.9315223097801208,apple_unripe,0.04464152082800865,leftin
data\processed\test\apple_ripe\leftin_0000271.jpg,apple_ripe,apple_ripe,1,1,True,0.9939034581184387,apple_unripe,0.004892991855740547,leftin
data\processed\test\apple_ripe\leftin_0000272.jpg,apple_ripe,apple_ripe,1,1,True,0.9700092673301697,apple_unripe,0.013693790882825851,leftin
data\processed\test\apple_ripe\leftin_0000273.jpg,apple_ripe,apple_ripe,1,1,True,0.999702513217926,apple_unripe,0.0002248805103590712,leftin
data\processed\test\apple_ripe\leftin_0000274.jpg,apple_ripe,apple_ripe,1,1,True,0.9955488443374634,apple_rotten,0.004254203289747238,leftin
data\processed\test\apple_ripe\leftin_0000276.jpg,apple_ripe,apple_ripe,1,1,True,0.993596076965332,apple_unripe,0.0032661149743944407,leftin
data\processed\test\apple_ripe\leftin_0000277.jpg,apple_ripe,apple_ripe,1,1,True,0.9756711721420288,apple_unripe,0.010133306495845318,leftin
data\processed\test\apple_ripe\leftin_0000279.jpg,apple_ripe,apple_ripe,1,1,True,0.9824005365371704,orange_rotten,0.008914969861507416,leftin
data\processed\test\apple_ripe\leftin_0000282.jpg,apple_ripe,apple_ripe,1,1,True,0.9941540360450745,apple_unripe,0.003145304275676608,leftin
data\processed\test\apple_ripe\leftin_0000283.jpg,apple_ripe,apple_ripe,1,1,True,0.975068986415863,orange_ripe,0.021505296230316162,leftin
data\processed\test\apple_ripe\leftin_0000284.jpg,apple_ripe,apple_ripe,1,1,True,0.994792640209198,apple_unripe,0.003992720041424036,leftin
data\processed\test\apple_ripe\leftin_0000285.jpg,apple_ripe,apple_ripe,1,1,True,0.9947446584701538,apple_unripe,0.002548770047724247,leftin
data\processed\test\apple_ripe\leftin_0000287.jpg,apple_ripe,apple_ripe,1,1,True,0.9784876704216003,apple_rotten,0.016952360048890114,leftin
data\processed\test\apple_ripe\leftin_0000288.jpg,apple_ripe,apple_ripe,1,1,True,0.9991705417633057,apple_rotten,0.0005420040688477457,leftin
data\processed\test\apple_ripe\leftin_0000291.jpg,apple_ripe,apple_ripe,1,1,True,0.9946237802505493,apple_unripe,0.004868163727223873,leftin
data\processed\test\apple_ripe\leftin_0000293.jpg,apple_ripe,apple_ripe,1,1,True,0.986412525177002,apple_unripe,0.009069914929568768,leftin
data\processed\test\apple_ripe\leftin_0000295.jpg,apple_ripe,apple_ripe,1,1,True,0.9640952348709106,apple_unripe,0.03442966192960739,leftin
data\processed\test\apple_ripe\leftin_0000296.jpg,apple_ripe,apple_ripe,1,1,True,0.9924973249435425,apple_unripe,0.0051642791368067265,leftin
data\processed\test\apple_ripe\leftin_0000298.jpg,apple_ripe,apple_ripe,1,1,True,0.9987785220146179,apple_unripe,0.0011000973172485828,leftin
data\processed\test\apple_ripe\leftin_0000299.jpg,apple_ripe,apple_ripe,1,1,True,0.9906781911849976,apple_unripe,0.0075455415062606335,leftin
data\processed\test\apple_ripe\leftin_0000300.jpg,apple_ripe,apple_unripe,1,3,False,0.8402364253997803,apple_ripe,0.15648365020751953,leftin
data\processed\test\apple_ripe\leftin_0000301.jpg,apple_ripe,apple_ripe,1,1,True,0.9785405397415161,apple_rotten,0.009522777050733566,leftin
data\processed\test\apple_rotten\alexcj10-ripenet_0000302.jpg,apple_rotten,apple_rotten,2,2,True,0.930323600769043,mango_rotten,0.02293451875448227,alexcj10
data\processed\test\apple_rotten\alexcj10-ripenet_0000304.jpg,apple_rotten,mango_rotten,2,10,False,0.2378719598054886,apple_rotten,0.1948164403438568,alexcj10
data\processed\test\apple_rotten\alexcj10-ripenet_0000305.jpg,apple_rotten,apple_rotten,2,2,True,0.6299739480018616,mango_rotten,0.3386151194572449,alexcj10
data\processed\test\apple_rotten\alexcj10-ripenet_0000315.jpg,apple_rotten,apple_rotten,2,2,True,0.7521328330039978,apple_overripe,0.24111026525497437,alexcj10
data\processed\test\apple_rotten\alexcj10-ripenet_0000316.jpg,apple_rotten,apple_rotten,2,2,True,0.9865183234214783,apple_overripe,0.01143235806375742,alexcj10
data\processed\test\apple_rotten\alexcj10-ripenet_0000337.jpg,apple_rotten,banana_rotten,2,6,False,0.38072270154953003,papaya_rotten,0.23439182341098785,alexcj10
data\processed\test\apple_rotten\alexcj10-ripenet_0000345.jpg,apple_rotten,apple_rotten,2,2,True,0.6803776025772095,pineapple_rotten,0.0873856171965599,alexcj10
data\processed\test\apple_rotten\alexcj10-ripenet_0000352.jpg,apple_rotten,apple_rotten,2,2,True,0.5626351833343506,apple_overripe,0.34195321798324585,alexcj10
data\processed\test\apple_rotten\alexcj10-ripenet_0000358.jpg,apple_rotten,apple_rotten,2,2,True,0.5198566317558289,mango_rotten,0.1704910546541214,alexcj10
data\processed\test\apple_rotten\alexcj10-ripenet_0000363.jpg,apple_rotten,papaya_rotten,2,17,False,0.26447927951812744,apple_rotten,0.21105849742889404,alexcj10
data\processed\test\apple_rotten\alexcj10-ripenet_0000371.jpg,apple_rotten,mango_rotten,2,10,False,0.2844473719596863,orange_rotten,0.23138336837291718,alexcj10
data\processed\test\apple_rotten\alexcj10-ripenet_0000375.jpg,apple_rotten,apple_overripe,2,0,False,0.6887437701225281,apple_rotten,0.23127837479114532,alexcj10
data\processed\test\apple_rotten\alexcj10-ripenet_0000377.jpg,apple_rotten,apple_rotten,2,2,True,0.8309934735298157,mango_rotten,0.09284818917512894,alexcj10
data\processed\test\apple_rotten\alexcj10-ripenet_0000395.jpg,apple_rotten,apple_rotten,2,2,True,0.7408276796340942,mango_rotten,0.17304766178131104,alexcj10
data\processed\test\apple_rotten\alexcj10-ripenet_0000398.jpg,apple_rotten,apple_rotten,2,2,True,0.39499205350875854,apple_overripe,0.26661813259124756,alexcj10
data\processed\test\apple_rotten\alexcj10-ripenet_0000400.jpg,apple_rotten,apple_ripe,2,1,False,0.5308507680892944,apple_rotten,0.29348841309547424,alexcj10
data\processed\test\apple_rotten\alexcj10-ripenet_0000410.jpg,apple_rotten,apple_rotten,2,2,True,0.3670201897621155,mango_rotten,0.2684304416179657,alexcj10
data\processed\test\apple_rotten\alexcj10-ripenet_0000414.jpg,apple_rotten,apple_rotten,2,2,True,0.6837145090103149,apple_overripe,0.12452388554811478,alexcj10
data\processed\test\apple_rotten\alexcj10-ripenet_0000416.jpg,apple_rotten,apple_rotten,2,2,True,0.45066726207733154,apple_ripe,0.27458295226097107,alexcj10
data\processed\test\apple_rotten\alexcj10-ripenet_0000418.jpg,apple_rotten,apple_rotten,2,2,True,0.5279614925384521,mango_rotten,0.41327744722366333,alexcj10
data\processed\test\apple_rotten\alexcj10-ripenet_0000424.jpg,apple_rotten,apple_ripe,2,1,False,0.4776785671710968,apple_rotten,0.20848782360553741,alexcj10
data\processed\test\apple_rotten\alexcj10-ripenet_0000438.jpg,apple_rotten,apple_unripe,2,3,False,0.48248329758644104,mango_unripe,0.2043793648481369,alexcj10
data\processed\test\apple_rotten\alexcj10-ripenet_0000449.jpg,apple_rotten,papaya_rotten,2,17,False,0.4782572388648987,pineapple_rotten,0.1419854313135147,alexcj10
data\processed\test\apple_rotten\alexcj10-ripenet_0000456.jpg,apple_rotten,apple_rotten,2,2,True,0.9196644425392151,apple_overripe,0.020577844232320786,alexcj10
data\processed\test\apple_rotten\alexcj10-ripenet_0000457.jpg,apple_rotten,papaya_ripe,2,16,False,0.27561163902282715,tomato_ripe,0.2650236487388611,alexcj10
data\processed\test\apple_rotten\alexcj10-ripenet_0000459.jpg,apple_rotten,pineapple_rotten,2,20,False,0.28734099864959717,mango_rotten,0.28014299273490906,alexcj10
data\processed\test\apple_rotten\alexcj10-ripenet_0000473.jpg,apple_rotten,apple_rotten,2,2,True,0.5711472630500793,apple_overripe,0.19182245433330536,alexcj10
data\processed\test\apple_rotten\alexcj10-ripenet_0000477.jpg,apple_rotten,mango_rotten,2,10,False,0.5055434703826904,apple_rotten,0.22790028154850006,alexcj10
data\processed\test\apple_rotten\alexcj10-ripenet_0000481.jpg,apple_rotten,apple_ripe,2,1,False,0.3442305028438568,apple_rotten,0.2932577133178711,alexcj10
data\processed\test\apple_rotten\alexcj10-ripenet_0000490.jpg,apple_rotten,mango_rotten,2,10,False,0.30073320865631104,apple_rotten,0.18469782173633575,alexcj10
data\processed\test\apple_rotten\alexcj10-ripenet_0000491.jpg,apple_rotten,apple_rotten,2,2,True,0.5585068464279175,apple_ripe,0.07661313563585281,alexcj10
data\processed\test\apple_rotten\alexcj10-ripenet_0000495.jpg,apple_rotten,apple_ripe,2,1,False,0.4730585813522339,apple_unripe,0.2126699984073639,alexcj10
data\processed\test\apple_rotten\alexcj10-ripenet_0000498.jpg,apple_rotten,apple_rotten,2,2,True,0.47647249698638916,mango_rotten,0.20223651826381683,alexcj10
data\processed\test\apple_rotten\alexcj10-ripenet_0000508.jpg,apple_rotten,apple_ripe,2,1,False,0.26807764172554016,apple_rotten,0.1451467126607895,alexcj10
data\processed\test\apple_rotten\alexcj10-ripenet_0000509.jpg,apple_rotten,apple_rotten,2,2,True,0.876839280128479,mango_rotten,0.09222689270973206,alexcj10
data\processed\test\apple_rotten\alexcj10-ripenet_0000512.jpg,apple_rotten,mango_rotten,2,10,False,0.4428679943084717,papaya_rotten,0.36603447794914246,alexcj10
data\processed\test\apple_rotten\alexcj10-ripenet_0000513.jpg,apple_rotten,papaya_rotten,2,17,False,0.40419337153434753,mango_rotten,0.34690773487091064,alexcj10
data\processed\test\apple_rotten\alexcj10-ripenet_0000518.jpg,apple_rotten,mango_rotten,2,10,False,0.5448594689369202,orange_rotten,0.2941431999206543,alexcj10
data\processed\test\apple_rotten\alexcj10-ripenet_0000521.jpg,apple_rotten,apple_rotten,2,2,True,0.8750981092453003,apple_overripe,0.12134046107530594,alexcj10
data\processed\test\apple_rotten\alexcj10-ripenet_0000531.jpg,apple_rotten,papaya_unripe,2,18,False,0.5251365303993225,banana_unripe,0.1671026647090912,alexcj10
data\processed\test\apple_rotten\alexcj10-ripenet_0000532.jpg,apple_rotten,apple_rotten,2,2,True,0.5417484045028687,apple_overripe,0.14382272958755493,alexcj10
data\processed\test\apple_rotten\alexcj10-ripenet_0000537.jpg,apple_rotten,apple_rotten,2,2,True,0.49037042260169983,mango_rotten,0.20626138150691986,alexcj10
data\processed\test\apple_rotten\alexcj10-ripenet_0000542.jpg,apple_rotten,mango_rotten,2,10,False,0.3247329890727997,apple_rotten,0.29348742961883545,alexcj10
data\processed\test\apple_rotten\alexcj10-ripenet_0000557.jpg,apple_rotten,apple_rotten,2,2,True,0.7773170471191406,apple_ripe,0.10024923086166382,alexcj10
data\processed\test\apple_rotten\alexcj10-ripenet_0000558.jpg,apple_rotten,apple_rotten,2,2,True,0.988828182220459,apple_overripe,0.004970634821802378,alexcj10
data\processed\test\apple_rotten\alexcj10-ripenet_0000563.jpg,apple_rotten,papaya_rotten,2,17,False,0.28747543692588806,papaya_ripe,0.15750662982463837,alexcj10
data\processed\test\apple_rotten\alexcj10-ripenet_0000564.jpg,apple_rotten,apple_rotten,2,2,True,0.9656669497489929,mango_rotten,0.014663130044937134,alexcj10
data\processed\test\apple_rotten\alexcj10-ripenet_0000578.jpg,apple_rotten,apple_rotten,2,2,True,0.9088265299797058,orange_rotten,0.025359442457556725,alexcj10
data\processed\test\apple_rotten\alexcj10-ripenet_0000583.jpg,apple_rotten,apple_rotten,2,2,True,0.3672780990600586,apple_overripe,0.33661019802093506,alexcj10
data\processed\test\apple_rotten\alexcj10-ripenet_0000597.jpg,apple_rotten,orange_rotten,2,14,False,0.2929205298423767,papaya_rotten,0.2321525514125824,alexcj10
data\processed\test\apple_rotten\alexcj10-ripenet_0000605.jpg,apple_rotten,apple_rotten,2,2,True,0.30967915058135986,pineapple_rotten,0.1829194873571396,alexcj10
data\processed\test\apple_rotten\alexcj10-ripenet_0000607.jpg,apple_rotten,apple_rotten,2,2,True,0.8366689085960388,apple_overripe,0.05712089687585831,alexcj10
data\processed\test\apple_rotten\alexcj10-ripenet_0000614.jpg,apple_rotten,apple_rotten,2,2,True,0.7382308840751648,apple_overripe,0.25550851225852966,alexcj10
data\processed\test\apple_rotten\alexcj10-ripenet_0000634.jpg,apple_rotten,apple_rotten,2,2,True,0.5126383304595947,apple_overripe,0.45395350456237793,alexcj10
data\processed\test\apple_rotten\alexcj10-ripenet_0000644.jpg,apple_rotten,apple_rotten,2,2,True,0.7001795172691345,mango_rotten,0.16040034592151642,alexcj10
data\processed\test\apple_rotten\alexcj10-ripenet_0000647.jpg,apple_rotten,apple_rotten,2,2,True,0.6425358653068542,apple_ripe,0.17734144628047943,alexcj10
data\processed\test\apple_rotten\leftin_0000303.jpg,apple_rotten,apple_rotten,2,2,True,0.8496031165122986,apple_ripe,0.09070908278226852,leftin
data\processed\test\apple_rotten\leftin_0000306.jpg,apple_rotten,apple_overripe,2,0,False,0.7837203741073608,apple_rotten,0.18356913328170776,leftin
data\processed\test\apple_rotten\leftin_0000307.jpg,apple_rotten,apple_rotten,2,2,True,0.9963500499725342,apple_overripe,0.002370021538808942,leftin
data\processed\test\apple_rotten\leftin_0000308.jpg,apple_rotten,apple_rotten,2,2,True,0.6388015151023865,orange_rotten,0.11313047260046005,leftin
data\processed\test\apple_rotten\leftin_0000309.jpg,apple_rotten,apple_rotten,2,2,True,0.9965894222259521,orange_rotten,0.0024906443431973457,leftin
data\processed\test\apple_rotten\leftin_0000310.jpg,apple_rotten,apple_rotten,2,2,True,0.5768565535545349,apple_ripe,0.3933478891849518,leftin
data\processed\test\apple_rotten\leftin_0000311.jpg,apple_rotten,apple_rotten,2,2,True,0.972804844379425,orange_rotten,0.023877985775470734,leftin
data\processed\test\apple_rotten\leftin_0000312.jpg,apple_rotten,apple_rotten,2,2,True,0.6175091862678528,apple_ripe,0.3404516577720642,leftin
data\processed\test\apple_rotten\leftin_0000313.jpg,apple_rotten,apple_rotten,2,2,True,0.9928931593894958,apple_overripe,0.00633208965882659,leftin
data\processed\test\apple_rotten\leftin_0000314.jpg,apple_rotten,apple_rotten,2,2,True,0.938127338886261,apple_ripe,0.029686477035284042,leftin
data\processed\test\apple_rotten\leftin_0000317.jpg,apple_rotten,apple_ripe,2,1,False,0.5134562849998474,apple_rotten,0.4608915448188782,leftin
data\processed\test\apple_rotten\leftin_0000318.jpg,apple_rotten,apple_rotten,2,2,True,0.6911846995353699,apple_overripe,0.295973002910614,leftin
data\processed\test\apple_rotten\leftin_0000319.jpg,apple_rotten,apple_rotten,2,2,True,0.7459818124771118,apple_overripe,0.1920831948518753,leftin
data\processed\test\apple_rotten\leftin_0000320.jpg,apple_rotten,apple_rotten,2,2,True,0.9992284774780273,apple_ripe,0.00044155956129543483,leftin
data\processed\test\apple_rotten\leftin_0000321.jpg,apple_rotten,apple_rotten,2,2,True,0.9958055019378662,orange_rotten,0.002101720543578267,leftin
data\processed\test\apple_rotten\leftin_0000322.jpg,apple_rotten,apple_overripe,2,0,False,0.5039365887641907,apple_rotten,0.4850955903530121,leftin
data\processed\test\apple_rotten\leftin_0000323.jpg,apple_rotten,apple_rotten,2,2,True,0.6765825152397156,apple_ripe,0.32033050060272217,leftin
data\processed\test\apple_rotten\leftin_0000324.jpg,apple_rotten,apple_rotten,2,2,True,0.9495272636413574,banana_rotten,0.020716413855552673,leftin
data\processed\test\apple_rotten\leftin_0000325.jpg,apple_rotten,apple_rotten,2,2,True,0.8745343685150146,apple_ripe,0.10065200179815292,leftin
data\processed\test\apple_rotten\leftin_0000326.jpg,apple_rotten,apple_rotten,2,2,True,0.9736554026603699,apple_ripe,0.015077120624482632,leftin
data\processed\test\apple_rotten\leftin_0000327.jpg,apple_rotten,apple_rotten,2,2,True,0.9740889072418213,apple_overripe,0.019229745492339134,leftin
data\processed\test\apple_rotten\leftin_0000328.jpg,apple_rotten,apple_rotten,2,2,True,0.9281318783760071,apple_overripe,0.06016320735216141,leftin
data\processed\test\apple_rotten\leftin_0000329.jpg,apple_rotten,apple_rotten,2,2,True,0.9805924892425537,orange_rotten,0.0113633181899786,leftin
data\processed\test\apple_rotten\leftin_0000330.jpg,apple_rotten,apple_rotten,2,2,True,0.9853314161300659,apple_overripe,0.01329587958753109,leftin
data\processed\test\apple_rotten\leftin_0000331.jpg,apple_rotten,apple_rotten,2,2,True,0.9718348383903503,orange_rotten,0.019609861075878143,leftin
data\processed\test\apple_rotten\leftin_0000332.jpg,apple_rotten,apple_ripe,2,1,False,0.9778069853782654,apple_rotten,0.018563851714134216,leftin
data\processed\test\apple_rotten\leftin_0000333.jpg,apple_rotten,apple_rotten,2,2,True,0.7495456337928772,apple_overripe,0.2458103746175766,leftin
data\processed\test\apple_rotten\leftin_0000334.jpg,apple_rotten,apple_ripe,2,1,False,0.5190940499305725,apple_rotten,0.36449289321899414,leftin
data\processed\test\apple_rotten\leftin_0000335.jpg,apple_rotten,apple_rotten,2,2,True,0.643031895160675,orange_rotten,0.22541533410549164,leftin
data\processed\test\apple_rotten\leftin_0000336.jpg,apple_rotten,apple_rotten,2,2,True,0.962164044380188,apple_overripe,0.02126201055943966,leftin
data\processed\test\apple_rotten\leftin_0000338.jpg,apple_rotten,apple_rotten,2,2,True,0.8894343972206116,apple_ripe,0.042404063045978546,leftin
data\processed\test\apple_rotten\leftin_0000339.jpg,apple_rotten,apple_rotten,2,2,True,0.9895923137664795,apple_overripe,0.005293292924761772,leftin
data\processed\test\apple_rotten\leftin_0000340.jpg,apple_rotten,apple_rotten,2,2,True,0.9779471755027771,apple_overripe,0.01297509390860796,leftin
data\processed\test\apple_rotten\leftin_0000341.jpg,apple_rotten,apple_rotten,2,2,True,0.9810216426849365,orange_rotten,0.009718372486531734,leftin
data\processed\test\apple_rotten\leftin_0000342.jpg,apple_rotten,apple_rotten,2,2,True,0.9993749260902405,orange_rotten,0.00043039917363785207,leftin
data\processed\test\apple_rotten\leftin_0000343.jpg,apple_rotten,apple_rotten,2,2,True,0.9756308794021606,apple_overripe,0.02413700707256794,leftin
data\processed\test\apple_rotten\leftin_0000344.jpg,apple_rotten,apple_rotten,2,2,True,0.9202386140823364,orange_rotten,0.07031819969415665,leftin
data\processed\test\apple_rotten\leftin_0000346.jpg,apple_rotten,apple_rotten,2,2,True,0.9942883253097534,apple_ripe,0.00274524069391191,leftin
data\processed\test\apple_rotten\leftin_0000347.jpg,apple_rotten,apple_rotten,2,2,True,0.9845349788665771,orange_rotten,0.012815847992897034,leftin
data\processed\test\apple_rotten\leftin_0000348.jpg,apple_rotten,apple_rotten,2,2,True,0.8941376209259033,apple_overripe,0.07333606481552124,leftin
data\processed\test\apple_rotten\leftin_0000349.jpg,apple_rotten,apple_rotten,2,2,True,0.9985120892524719,apple_ripe,0.000490786915179342,leftin
data\processed\test\apple_rotten\leftin_0000350.jpg,apple_rotten,apple_rotten,2,2,True,0.9023162722587585,apple_overripe,0.07390850782394409,leftin
data\processed\test\apple_rotten\leftin_0000351.jpg,apple_rotten,apple_rotten,2,2,True,0.9554923176765442,apple_ripe,0.03859313949942589,leftin
data\processed\test\apple_rotten\leftin_0000353.jpg,apple_rotten,apple_rotten,2,2,True,0.7855395078659058,papaya_rotten,0.14059849083423615,leftin
data\processed\test\apple_rotten\leftin_0000354.jpg,apple_rotten,apple_rotten,2,2,True,0.9729975461959839,apple_ripe,0.018361268565058708,leftin
data\processed\test\apple_rotten\leftin_0000355.jpg,apple_rotten,apple_rotten,2,2,True,0.9976089000701904,orange_rotten,0.0011436098720878363,leftin
data\processed\test\apple_rotten\leftin_0000356.jpg,apple_rotten,apple_rotten,2,2,True,0.9776360392570496,orange_rotten,0.01766689494252205,leftin
data\processed\test\apple_rotten\leftin_0000357.jpg,apple_rotten,apple_rotten,2,2,True,0.992949366569519,orange_rotten,0.004921234678477049,leftin
data\processed\test\apple_rotten\leftin_0000359.jpg,apple_rotten,apple_rotten,2,2,True,0.7948333621025085,apple_overripe,0.10693280398845673,leftin
data\processed\test\apple_rotten\leftin_0000360.jpg,apple_rotten,apple_rotten,2,2,True,0.6600553393363953,apple_overripe,0.3219192922115326,leftin
data\processed\test\apple_rotten\leftin_0000361.jpg,apple_rotten,apple_ripe,2,1,False,0.652808427810669,apple_rotten,0.34556955099105835,leftin
data\processed\test\apple_rotten\leftin_0000362.jpg,apple_rotten,apple_rotten,2,2,True,0.45047900080680847,apple_ripe,0.4105461835861206,leftin
data\processed\test\apple_rotten\leftin_0000364.jpg,apple_rotten,apple_rotten,2,2,True,0.9771800637245178,apple_ripe,0.01475236751139164,leftin
data\processed\test\apple_rotten\leftin_0000365.jpg,apple_rotten,apple_rotten,2,2,True,0.9737059473991394,orange_rotten,0.009982925839722157,leftin
data\processed\test\apple_rotten\leftin_0000366.jpg,apple_rotten,apple_rotten,2,2,True,0.9565454721450806,orange_rotten,0.03431026265025139,leftin
data\processed\test\apple_rotten\leftin_0000367.jpg,apple_rotten,apple_rotten,2,2,True,0.9646049737930298,apple_overripe,0.018716534599661827,leftin
data\processed\test\apple_rotten\leftin_0000368.jpg,apple_rotten,apple_rotten,2,2,True,0.9312604665756226,apple_ripe,0.04812063276767731,leftin
data\processed\test\apple_rotten\leftin_0000369.jpg,apple_rotten,apple_rotten,2,2,True,0.9841136336326599,apple_ripe,0.0064516812562942505,leftin
data\processed\test\apple_rotten\leftin_0000370.jpg,apple_rotten,apple_rotten,2,2,True,0.9734139442443848,apple_overripe,0.013118485920131207,leftin
data\processed\test\apple_rotten\leftin_0000372.jpg,apple_rotten,apple_rotten,2,2,True,0.9965103268623352,orange_rotten,0.002607520204037428,leftin
data\processed\test\apple_rotten\leftin_0000373.jpg,apple_rotten,apple_rotten,2,2,True,0.9990823268890381,orange_rotten,0.0003579444601200521,leftin
data\processed\test\apple_rotten\leftin_0000374.jpg,apple_rotten,apple_rotten,2,2,True,0.9419272541999817,apple_overripe,0.04275508597493172,leftin
data\processed\test\apple_rotten\leftin_0000376.jpg,apple_rotten,apple_rotten,2,2,True,0.9979785084724426,banana_ripe,0.0007696918910369277,leftin
data\processed\test\apple_rotten\leftin_0000378.jpg,apple_rotten,apple_rotten,2,2,True,0.9504607915878296,orange_rotten,0.021561220288276672,leftin
data\processed\test\apple_rotten\leftin_0000379.jpg,apple_rotten,apple_rotten,2,2,True,0.4623453915119171,apple_ripe,0.4153817892074585,leftin
data\processed\test\apple_rotten\leftin_0000380.jpg,apple_rotten,apple_rotten,2,2,True,0.8479164838790894,apple_overripe,0.1463860124349594,leftin
data\processed\test\apple_rotten\leftin_0000381.jpg,apple_rotten,apple_rotten,2,2,True,0.9808670878410339,orange_rotten,0.017564304172992706,leftin
data\processed\test\apple_rotten\leftin_0000382.jpg,apple_rotten,apple_rotten,2,2,True,0.9600602388381958,orange_rotten,0.01630314067006111,leftin
data\processed\test\apple_rotten\leftin_0000383.jpg,apple_rotten,apple_rotten,2,2,True,0.9671955704689026,apple_overripe,0.026882169768214226,leftin
data\processed\test\apple_rotten\leftin_0000384.jpg,apple_rotten,apple_rotten,2,2,True,0.9439799785614014,orange_rotten,0.04398433119058609,leftin
data\processed\test\apple_rotten\leftin_0000385.jpg,apple_rotten,apple_rotten,2,2,True,0.7838078737258911,apple_ripe,0.20655588805675507,leftin
data\processed\test\apple_rotten\leftin_0000386.jpg,apple_rotten,apple_rotten,2,2,True,0.9779024124145508,orange_rotten,0.015481740236282349,leftin
data\processed\test\apple_rotten\leftin_0000387.jpg,apple_rotten,apple_rotten,2,2,True,0.9907613396644592,orange_rotten,0.006909764837473631,leftin
data\processed\test\apple_rotten\leftin_0000388.jpg,apple_rotten,apple_rotten,2,2,True,0.8812695145606995,apple_overripe,0.11095868796110153,leftin
data\processed\test\apple_rotten\leftin_0000389.jpg,apple_rotten,apple_rotten,2,2,True,0.9678252339363098,apple_ripe,0.02684500254690647,leftin
data\processed\test\apple_rotten\leftin_0000390.jpg,apple_rotten,apple_rotten,2,2,True,0.9963249564170837,papaya_rotten,0.0017574392259120941,leftin
data\processed\test\apple_rotten\leftin_0000391.jpg,apple_rotten,apple_rotten,2,2,True,0.9589670896530151,apple_ripe,0.03289911523461342,leftin
data\processed\test\apple_rotten\leftin_0000392.jpg,apple_rotten,apple_rotten,2,2,True,0.999675989151001,orange_rotten,0.00011869100853800774,leftin
data\processed\test\apple_rotten\leftin_0000393.jpg,apple_rotten,apple_rotten,2,2,True,0.7415695190429688,apple_ripe,0.17738378047943115,leftin
data\processed\test\apple_rotten\leftin_0000394.jpg,apple_rotten,apple_rotten,2,2,True,0.9925249218940735,orange_rotten,0.006802485324442387,leftin
data\processed\test\apple_rotten\leftin_0000396.jpg,apple_rotten,apple_rotten,2,2,True,0.9972489476203918,orange_rotten,0.001956159481778741,leftin
data\processed\test\apple_rotten\leftin_0000397.jpg,apple_rotten,apple_rotten,2,2,True,0.5701122879981995,orange_rotten,0.17894025146961212,leftin
data\processed\test\apple_rotten\leftin_0000399.jpg,apple_rotten,apple_rotten,2,2,True,0.9564293026924133,apple_overripe,0.03314715996384621,leftin
data\processed\test\apple_rotten\leftin_0000401.jpg,apple_rotten,apple_rotten,2,2,True,0.9988977909088135,orange_rotten,0.000962341611739248,leftin
data\processed\test\apple_rotten\leftin_0000402.jpg,apple_rotten,apple_rotten,2,2,True,0.927484929561615,mango_rotten,0.04342016950249672,leftin
data\processed\test\apple_rotten\leftin_0000403.jpg,apple_rotten,apple_rotten,2,2,True,0.8872067332267761,apple_overripe,0.09020276367664337,leftin
data\processed\test\apple_rotten\leftin_0000404.jpg,apple_rotten,apple_rotten,2,2,True,0.9658416509628296,apple_ripe,0.032605625689029694,leftin
data\processed\test\apple_rotten\leftin_0000405.jpg,apple_rotten,apple_rotten,2,2,True,0.9700489640235901,apple_ripe,0.021055791527032852,leftin
data\processed\test\apple_rotten\leftin_0000406.jpg,apple_rotten,apple_rotten,2,2,True,0.5145175457000732,apple_ripe,0.4680727422237396,leftin
data\processed\test\apple_rotten\leftin_0000407.jpg,apple_rotten,apple_rotten,2,2,True,0.9816731214523315,orange_rotten,0.013093387708067894,leftin
data\processed\test\apple_rotten\leftin_0000408.jpg,apple_rotten,apple_rotten,2,2,True,0.9932663440704346,mango_rotten,0.0050115520134568214,leftin
data\processed\test\apple_rotten\leftin_0000409.jpg,apple_rotten,apple_rotten,2,2,True,0.959169864654541,apple_overripe,0.030474822968244553,leftin
data\processed\test\apple_rotten\leftin_0000411.jpg,apple_rotten,apple_rotten,2,2,True,0.9995099306106567,orange_rotten,0.00044564655399881303,leftin
data\processed\test\apple_rotten\leftin_0000412.jpg,apple_rotten,apple_rotten,2,2,True,0.9958874583244324,orange_rotten,0.0014843795215710998,leftin
data\processed\test\apple_rotten\leftin_0000413.jpg,apple_rotten,apple_rotten,2,2,True,0.9675441980361938,apple_overripe,0.013539661653339863,leftin
data\processed\test\apple_rotten\leftin_0000415.jpg,apple_rotten,apple_rotten,2,2,True,0.9538608193397522,orange_rotten,0.040646448731422424,leftin
data\processed\test\apple_rotten\leftin_0000417.jpg,apple_rotten,apple_rotten,2,2,True,0.9841830134391785,orange_rotten,0.012557048350572586,leftin
data\processed\test\apple_rotten\leftin_0000419.jpg,apple_rotten,apple_rotten,2,2,True,0.9917016625404358,orange_rotten,0.003218297613784671,leftin
data\processed\test\apple_rotten\leftin_0000420.jpg,apple_rotten,apple_ripe,2,1,False,0.8367799520492554,apple_rotten,0.1550191044807434,leftin
data\processed\test\apple_rotten\leftin_0000421.jpg,apple_rotten,apple_rotten,2,2,True,0.8900781869888306,orange_rotten,0.060664836317300797,leftin
data\processed\test\apple_rotten\leftin_0000422.jpg,apple_rotten,apple_rotten,2,2,True,0.8978977799415588,apple_ripe,0.04887716472148895,leftin
data\processed\test\apple_rotten\leftin_0000423.jpg,apple_rotten,apple_rotten,2,2,True,0.9170201420783997,apple_ripe,0.019334964454174042,leftin
data\processed\test\apple_rotten\leftin_0000425.jpg,apple_rotten,apple_overripe,2,0,False,0.5195093750953674,apple_rotten,0.4698387384414673,leftin
data\processed\test\apple_rotten\leftin_0000426.jpg,apple_rotten,apple_rotten,2,2,True,0.9079940319061279,apple_ripe,0.054083582013845444,leftin
data\processed\test\apple_rotten\leftin_0000427.jpg,apple_rotten,apple_rotten,2,2,True,0.9987937211990356,orange_rotten,0.0006948384107090533,leftin
data\processed\test\apple_rotten\leftin_0000428.jpg,apple_rotten,apple_rotten,2,2,True,0.9995744824409485,orange_rotten,0.00028058254974894226,leftin
data\processed\test\apple_rotten\leftin_0000429.jpg,apple_rotten,apple_ripe,2,1,False,0.7933714389801025,apple_rotten,0.1550896018743515,leftin
data\processed\test\apple_rotten\leftin_0000430.jpg,apple_rotten,apple_rotten,2,2,True,0.909196138381958,orange_rotten,0.07296780496835709,leftin
data\processed\test\apple_rotten\leftin_0000431.jpg,apple_rotten,apple_rotten,2,2,True,0.8898804783821106,orange_rotten,0.10906808823347092,leftin
data\processed\test\apple_rotten\leftin_0000432.jpg,apple_rotten,apple_rotten,2,2,True,0.9930912256240845,orange_rotten,0.004915980156511068,leftin
data\processed\test\apple_rotten\leftin_0000433.jpg,apple_rotten,apple_rotten,2,2,True,0.7438436150550842,orange_rotten,0.22651571035385132,leftin
data\processed\test\apple_rotten\leftin_0000434.jpg,apple_rotten,apple_rotten,2,2,True,0.9943311214447021,apple_overripe,0.0039705331437289715,leftin
data\processed\test\apple_rotten\leftin_0000435.jpg,apple_rotten,apple_rotten,2,2,True,0.9924408197402954,apple_overripe,0.0033885419834405184,leftin
data\processed\test\apple_rotten\leftin_0000436.jpg,apple_rotten,apple_rotten,2,2,True,0.8744499683380127,orange_rotten,0.11318002641201019,leftin
data\processed\test\apple_rotten\leftin_0000437.jpg,apple_rotten,apple_rotten,2,2,True,0.5692154169082642,mango_rotten,0.123999685049057,leftin
data\processed\test\apple_rotten\leftin_0000439.jpg,apple_rotten,apple_rotten,2,2,True,0.9995597004890442,mango_rotten,0.00016357209824491292,leftin
data\processed\test\apple_rotten\leftin_0000440.jpg,apple_rotten,apple_rotten,2,2,True,0.9887685775756836,apple_ripe,0.010040639899671078,leftin
data\processed\test\apple_rotten\leftin_0000441.jpg,apple_rotten,apple_rotten,2,2,True,0.8160483837127686,orange_rotten,0.1543835550546646,leftin
data\processed\test\apple_rotten\leftin_0000442.jpg,apple_rotten,apple_rotten,2,2,True,0.9599581956863403,orange_rotten,0.03271181881427765,leftin
data\processed\test\apple_rotten\leftin_0000443.jpg,apple_rotten,apple_rotten,2,2,True,0.6705217957496643,apple_ripe,0.207671120762825,leftin
data\processed\test\apple_rotten\leftin_0000444.jpg,apple_rotten,apple_rotten,2,2,True,0.9113206267356873,apple_overripe,0.04750087484717369,leftin
data\processed\test\apple_rotten\leftin_0000445.jpg,apple_rotten,apple_rotten,2,2,True,0.9043630957603455,orange_rotten,0.04637256637215614,leftin
data\processed\test\apple_rotten\leftin_0000446.jpg,apple_rotten,apple_overripe,2,0,False,0.4335201382637024,apple_rotten,0.31370314955711365,leftin
data\processed\test\apple_rotten\leftin_0000447.jpg,apple_rotten,apple_rotten,2,2,True,0.6604723930358887,orange_ripe,0.16211821138858795,leftin
data\processed\test\apple_rotten\leftin_0000448.jpg,apple_rotten,apple_rotten,2,2,True,0.983348548412323,apple_ripe,0.011305411346256733,leftin
data\processed\test\apple_rotten\leftin_0000450.jpg,apple_rotten,apple_rotten,2,2,True,0.9780181050300598,apple_overripe,0.017125314101576805,leftin
data\processed\test\apple_rotten\leftin_0000451.jpg,apple_rotten,apple_rotten,2,2,True,0.8636677265167236,apple_ripe,0.1121714636683464,leftin
data\processed\test\apple_rotten\leftin_0000452.jpg,apple_rotten,apple_ripe,2,1,False,0.6968836188316345,apple_rotten,0.1827767938375473,leftin
data\processed\test\apple_rotten\leftin_0000453.jpg,apple_rotten,apple_rotten,2,2,True,0.7221295833587646,apple_overripe,0.27138546109199524,leftin
data\processed\test\apple_rotten\leftin_0000454.jpg,apple_rotten,apple_rotten,2,2,True,0.982862114906311,orange_ripe,0.009467590600252151,leftin
data\processed\test\apple_rotten\leftin_0000455.jpg,apple_rotten,apple_rotten,2,2,True,0.5543553233146667,orange_rotten,0.38039952516555786,leftin
data\processed\test\apple_rotten\leftin_0000458.jpg,apple_rotten,apple_rotten,2,2,True,0.9472590684890747,orange_rotten,0.03526367247104645,leftin
data\processed\test\apple_rotten\leftin_0000460.jpg,apple_rotten,apple_rotten,2,2,True,0.9952914714813232,orange_rotten,0.003025734331458807,leftin
data\processed\test\apple_rotten\leftin_0000461.jpg,apple_rotten,apple_rotten,2,2,True,0.9873555302619934,apple_overripe,0.008161133155226707,leftin
data\processed\test\apple_rotten\leftin_0000462.jpg,apple_rotten,apple_rotten,2,2,True,0.9926199316978455,apple_overripe,0.005897162947803736,leftin
data\processed\test\apple_rotten\leftin_0000463.jpg,apple_rotten,apple_rotten,2,2,True,0.9931384921073914,orange_rotten,0.005491935182362795,leftin
data\processed\test\apple_rotten\leftin_0000464.jpg,apple_rotten,apple_rotten,2,2,True,0.8546839952468872,apple_overripe,0.10334938019514084,leftin
data\processed\test\apple_rotten\leftin_0000465.jpg,apple_rotten,apple_rotten,2,2,True,0.9729371666908264,orange_rotten,0.01420186273753643,leftin
data\processed\test\apple_rotten\leftin_0000466.jpg,apple_rotten,apple_rotten,2,2,True,0.9741005301475525,apple_overripe,0.01885196752846241,leftin
data\processed\test\apple_rotten\leftin_0000467.jpg,apple_rotten,apple_rotten,2,2,True,0.9976045489311218,apple_overripe,0.0007738020503893495,leftin
data\processed\test\apple_rotten\leftin_0000468.jpg,apple_rotten,apple_rotten,2,2,True,0.97198885679245,apple_ripe,0.023386307060718536,leftin
data\processed\test\apple_rotten\leftin_0000469.jpg,apple_rotten,apple_rotten,2,2,True,0.9987121820449829,apple_ripe,0.0008949366747401655,leftin
data\processed\test\apple_rotten\leftin_0000470.jpg,apple_rotten,apple_rotten,2,2,True,0.8947001099586487,apple_overripe,0.05545473098754883,leftin
data\processed\test\apple_rotten\leftin_0000471.jpg,apple_rotten,apple_rotten,2,2,True,0.8836894035339355,apple_overripe,0.1159164234995842,leftin
data\processed\test\apple_rotten\leftin_0000472.jpg,apple_rotten,apple_rotten,2,2,True,0.9951329827308655,orange_rotten,0.0034802951849997044,leftin
data\processed\test\apple_rotten\leftin_0000474.jpg,apple_rotten,apple_rotten,2,2,True,0.9388548731803894,apple_overripe,0.04699825122952461,leftin
data\processed\test\apple_rotten\leftin_0000475.jpg,apple_rotten,apple_rotten,2,2,True,0.9836604595184326,orange_ripe,0.00797338131815195,leftin
data\processed\test\apple_rotten\leftin_0000476.jpg,apple_rotten,apple_rotten,2,2,True,0.96771639585495,apple_overripe,0.031043104827404022,leftin
data\processed\test\apple_rotten\leftin_0000478.jpg,apple_rotten,apple_rotten,2,2,True,0.6249410510063171,apple_overripe,0.35783007740974426,leftin
data\processed\test\apple_rotten\leftin_0000479.jpg,apple_rotten,apple_rotten,2,2,True,0.9761472344398499,apple_overripe,0.017765790224075317,leftin
data\processed\test\apple_rotten\leftin_0000480.jpg,apple_rotten,apple_rotten,2,2,True,0.47436994314193726,apple_ripe,0.43271443247795105,leftin
data\processed\test\apple_rotten\leftin_0000482.jpg,apple_rotten,apple_rotten,2,2,True,0.9986245632171631,orange_rotten,0.0006980879115872085,leftin
data\processed\test\apple_rotten\leftin_0000483.jpg,apple_rotten,apple_rotten,2,2,True,0.9684135317802429,apple_overripe,0.030720707029104233,leftin
data\processed\test\apple_rotten\leftin_0000484.jpg,apple_rotten,apple_rotten,2,2,True,0.9994088411331177,apple_ripe,0.00028734002262353897,leftin
data\processed\test\apple_rotten\leftin_0000485.jpg,apple_rotten,apple_rotten,2,2,True,0.9232112765312195,apple_overripe,0.07177336513996124,leftin
data\processed\test\apple_rotten\leftin_0000486.jpg,apple_rotten,apple_rotten,2,2,True,0.814731240272522,apple_ripe,0.09943465888500214,leftin
data\processed\test\apple_rotten\leftin_0000487.jpg,apple_rotten,apple_rotten,2,2,True,0.985433042049408,apple_overripe,0.011993478052318096,leftin
data\processed\test\apple_rotten\leftin_0000488.jpg,apple_rotten,apple_rotten,2,2,True,0.9897425174713135,orange_rotten,0.009226025082170963,leftin
data\processed\test\apple_rotten\leftin_0000489.jpg,apple_rotten,apple_rotten,2,2,True,0.9931765198707581,orange_rotten,0.0037522518541663885,leftin
data\processed\test\apple_rotten\leftin_0000492.jpg,apple_rotten,apple_rotten,2,2,True,0.9980297684669495,orange_rotten,0.0017454783665016294,leftin
data\processed\test\apple_rotten\leftin_0000493.jpg,apple_rotten,apple_rotten,2,2,True,0.9877579212188721,orange_ripe,0.0079179797321558,leftin
data\processed\test\apple_rotten\leftin_0000494.jpg,apple_rotten,apple_rotten,2,2,True,0.4742242097854614,orange_rotten,0.4587477445602417,leftin
data\processed\test\apple_rotten\leftin_0000496.jpg,apple_rotten,apple_rotten,2,2,True,0.9979888200759888,apple_ripe,0.0014070197939872742,leftin
data\processed\test\apple_rotten\leftin_0000497.jpg,apple_rotten,apple_rotten,2,2,True,0.7054686546325684,orange_rotten,0.1246001198887825,leftin
data\processed\test\apple_rotten\leftin_0000499.jpg,apple_rotten,apple_rotten,2,2,True,0.9601261615753174,apple_ripe,0.020754821598529816,leftin
data\processed\test\apple_rotten\leftin_0000500.jpg,apple_rotten,apple_rotten,2,2,True,0.8709582090377808,apple_ripe,0.12630820274353027,leftin
data\processed\test\apple_rotten\leftin_0000501.jpg,apple_rotten,apple_rotten,2,2,True,0.9986425042152405,banana_rotten,0.0010417611338198185,leftin
data\processed\test\apple_rotten\leftin_0000502.jpg,apple_rotten,apple_overripe,2,0,False,0.47898057103157043,apple_rotten,0.24483691155910492,leftin
data\processed\test\apple_rotten\leftin_0000503.jpg,apple_rotten,apple_rotten,2,2,True,0.9862008690834045,apple_ripe,0.009365369565784931,leftin
data\processed\test\apple_rotten\leftin_0000504.jpg,apple_rotten,apple_rotten,2,2,True,0.9576528668403625,apple_overripe,0.03650814667344093,leftin
data\processed\test\apple_rotten\leftin_0000505.jpg,apple_rotten,apple_rotten,2,2,True,0.9876677393913269,orange_rotten,0.009321876801550388,leftin
data\processed\test\apple_rotten\leftin_0000506.jpg,apple_rotten,apple_rotten,2,2,True,0.9743940234184265,apple_overripe,0.02304137498140335,leftin
data\processed\test\apple_rotten\leftin_0000507.jpg,apple_rotten,apple_rotten,2,2,True,0.9779734015464783,orange_rotten,0.02114960364997387,leftin
data\processed\test\apple_rotten\leftin_0000510.jpg,apple_rotten,apple_rotten,2,2,True,0.9884517192840576,apple_ripe,0.00782510731369257,leftin
data\processed\test\apple_rotten\leftin_0000511.jpg,apple_rotten,apple_rotten,2,2,True,0.9808366894721985,apple_overripe,0.01827380619943142,leftin
data\processed\test\apple_rotten\leftin_0000514.jpg,apple_rotten,apple_rotten,2,2,True,0.7532781958580017,orange_rotten,0.22129175066947937,leftin
data\processed\test\apple_rotten\leftin_0000515.jpg,apple_rotten,apple_rotten,2,2,True,0.984765887260437,orange_rotten,0.01205409038811922,leftin
data\processed\test\apple_rotten\leftin_0000516.jpg,apple_rotten,apple_rotten,2,2,True,0.9882436990737915,apple_overripe,0.010744213126599789,leftin
data\processed\test\apple_rotten\leftin_0000517.jpg,apple_rotten,apple_rotten,2,2,True,0.9850665330886841,orange_rotten,0.013371533714234829,leftin
data\processed\test\apple_rotten\leftin_0000519.jpg,apple_rotten,apple_rotten,2,2,True,0.9990515112876892,orange_rotten,0.0007906422251835465,leftin
data\processed\test\apple_rotten\leftin_0000520.jpg,apple_rotten,apple_rotten,2,2,True,0.6146206259727478,apple_overripe,0.33482906222343445,leftin
data\processed\test\apple_rotten\leftin_0000522.jpg,apple_rotten,apple_rotten,2,2,True,0.6674363613128662,mango_rotten,0.19509464502334595,leftin
data\processed\test\apple_rotten\leftin_0000523.jpg,apple_rotten,apple_rotten,2,2,True,0.9984835982322693,orange_rotten,0.0013809874653816223,leftin
data\processed\test\apple_rotten\leftin_0000524.jpg,apple_rotten,apple_rotten,2,2,True,0.9258283972740173,apple_overripe,0.06721770763397217,leftin
data\processed\test\apple_rotten\leftin_0000525.jpg,apple_rotten,apple_rotten,2,2,True,0.9951562881469727,apple_overripe,0.004408926237374544,leftin
data\processed\test\apple_rotten\leftin_0000526.jpg,apple_rotten,apple_rotten,2,2,True,0.6393831372261047,apple_ripe,0.3593602180480957,leftin
data\processed\test\apple_rotten\leftin_0000527.jpg,apple_rotten,apple_rotten,2,2,True,0.8903851509094238,apple_overripe,0.07236768305301666,leftin
data\processed\test\apple_rotten\leftin_0000528.jpg,apple_rotten,apple_rotten,2,2,True,0.9937938451766968,apple_overripe,0.005880417767912149,leftin
data\processed\test\apple_rotten\leftin_0000529.jpg,apple_rotten,banana_rotten,2,6,False,0.5077084302902222,apple_rotten,0.2921479046344757,leftin
data\processed\test\apple_rotten\leftin_0000530.jpg,apple_rotten,apple_rotten,2,2,True,0.7207048535346985,apple_ripe,0.21145707368850708,leftin
data\processed\test\apple_rotten\leftin_0000533.jpg,apple_rotten,apple_rotten,2,2,True,0.9940882921218872,apple_overripe,0.0039334069006145,leftin
data\processed\test\apple_rotten\leftin_0000534.jpg,apple_rotten,apple_rotten,2,2,True,0.9984403252601624,orange_rotten,0.0009546979563310742,leftin
data\processed\test\apple_rotten\leftin_0000535.jpg,apple_rotten,apple_rotten,2,2,True,0.9624383449554443,apple_ripe,0.021590622141957283,leftin
data\processed\test\apple_rotten\leftin_0000536.jpg,apple_rotten,apple_rotten,2,2,True,0.9348788261413574,apple_ripe,0.06368106603622437,leftin
data\processed\test\apple_rotten\leftin_0000538.jpg,apple_rotten,apple_rotten,2,2,True,0.9240241050720215,apple_overripe,0.04667007550597191,leftin
data\processed\test\apple_rotten\leftin_0000539.jpg,apple_rotten,apple_rotten,2,2,True,0.7549510598182678,orange_rotten,0.21871493756771088,leftin
data\processed\test\apple_rotten\leftin_0000540.jpg,apple_rotten,apple_rotten,2,2,True,0.648019552230835,mango_rotten,0.16583840548992157,leftin
data\processed\test\apple_rotten\leftin_0000541.jpg,apple_rotten,apple_rotten,2,2,True,0.8463407754898071,apple_overripe,0.11515834182500839,leftin
data\processed\test\apple_rotten\leftin_0000543.jpg,apple_rotten,apple_rotten,2,2,True,0.9968194961547852,orange_rotten,0.0025255235377699137,leftin
data\processed\test\apple_rotten\leftin_0000544.jpg,apple_rotten,apple_rotten,2,2,True,0.9793331027030945,orange_rotten,0.018702952191233635,leftin
data\processed\test\apple_rotten\leftin_0000545.jpg,apple_rotten,apple_rotten,2,2,True,0.9856173396110535,orange_rotten,0.013179240748286247,leftin
data\processed\test\apple_rotten\leftin_0000546.jpg,apple_rotten,apple_rotten,2,2,True,0.9974385499954224,orange_rotten,0.002365651773288846,leftin
data\processed\test\apple_rotten\leftin_0000547.jpg,apple_rotten,apple_rotten,2,2,True,0.9988428354263306,orange_rotten,0.0008685043430887163,leftin
data\processed\test\apple_rotten\leftin_0000548.jpg,apple_rotten,apple_rotten,2,2,True,0.9400639533996582,apple_ripe,0.04408678412437439,leftin
data\processed\test\apple_rotten\leftin_0000549.jpg,apple_rotten,apple_ripe,2,1,False,0.7975931763648987,apple_rotten,0.16364818811416626,leftin
data\processed\test\apple_rotten\leftin_0000550.jpg,apple_rotten,apple_rotten,2,2,True,0.9731143712997437,apple_overripe,0.022585120052099228,leftin
data\processed\test\apple_rotten\leftin_0000551.jpg,apple_rotten,apple_rotten,2,2,True,0.7842254042625427,apple_overripe,0.15948379039764404,leftin
data\processed\test\apple_rotten\leftin_0000552.jpg,apple_rotten,apple_rotten,2,2,True,0.9951906204223633,orange_rotten,0.0032601910643279552,leftin
data\processed\test\apple_rotten\leftin_0000553.jpg,apple_rotten,apple_rotten,2,2,True,0.994433581829071,apple_overripe,0.0024752626195549965,leftin
data\processed\test\apple_rotten\leftin_0000554.jpg,apple_rotten,apple_overripe,2,0,False,0.5328957438468933,apple_rotten,0.33982932567596436,leftin
data\processed\test\apple_rotten\leftin_0000555.jpg,apple_rotten,apple_overripe,2,0,False,0.5959414839744568,apple_rotten,0.39606618881225586,leftin
data\processed\test\apple_rotten\leftin_0000556.jpg,apple_rotten,apple_rotten,2,2,True,0.6421207189559937,apple_overripe,0.0734846293926239,leftin
data\processed\test\apple_rotten\leftin_0000559.jpg,apple_rotten,apple_rotten,2,2,True,0.9979210495948792,apple_ripe,0.001125746057368815,leftin
data\processed\test\apple_rotten\leftin_0000560.jpg,apple_rotten,apple_rotten,2,2,True,0.9903207421302795,orange_rotten,0.00601367698982358,leftin
data\processed\test\apple_rotten\leftin_0000561.jpg,apple_rotten,apple_rotten,2,2,True,0.9974116683006287,orange_rotten,0.0020995778031647205,leftin
data\processed\test\apple_rotten\leftin_0000562.jpg,apple_rotten,apple_rotten,2,2,True,0.9846820831298828,orange_rotten,0.009478692896664143,leftin
data\processed\test\apple_rotten\leftin_0000565.jpg,apple_rotten,apple_rotten,2,2,True,0.9873613119125366,apple_overripe,0.007075611501932144,leftin
data\processed\test\apple_rotten\leftin_0000566.jpg,apple_rotten,apple_rotten,2,2,True,0.9940894842147827,orange_rotten,0.0032479860819876194,leftin
data\processed\test\apple_rotten\leftin_0000567.jpg,apple_rotten,apple_rotten,2,2,True,0.7268924117088318,orange_rotten,0.2509397268295288,leftin
data\processed\test\apple_rotten\leftin_0000568.jpg,apple_rotten,apple_rotten,2,2,True,0.9763635396957397,orange_rotten,0.019055569544434547,leftin
data\processed\test\apple_rotten\leftin_0000569.jpg,apple_rotten,apple_ripe,2,1,False,0.6464294791221619,apple_rotten,0.3273785412311554,leftin
data\processed\test\apple_rotten\leftin_0000570.jpg,apple_rotten,apple_rotten,2,2,True,0.6162639260292053,apple_overripe,0.3661110997200012,leftin
data\processed\test\apple_rotten\leftin_0000571.jpg,apple_rotten,apple_overripe,2,0,False,0.530808687210083,apple_rotten,0.40823274850845337,leftin
data\processed\test\apple_rotten\leftin_0000572.jpg,apple_rotten,apple_rotten,2,2,True,0.9526230692863464,orange_rotten,0.023225830867886543,leftin
data\processed\test\apple_rotten\leftin_0000573.jpg,apple_rotten,apple_rotten,2,2,True,0.9997242093086243,apple_overripe,0.00010708323679864407,leftin
data\processed\test\apple_rotten\leftin_0000574.jpg,apple_rotten,apple_rotten,2,2,True,0.7825307250022888,papaya_rotten,0.10165037214756012,leftin
data\processed\test\apple_rotten\leftin_0000575.jpg,apple_rotten,apple_rotten,2,2,True,0.6137905716896057,apple_ripe,0.3736233413219452,leftin
data\processed\test\apple_rotten\leftin_0000576.jpg,apple_rotten,apple_rotten,2,2,True,0.9881898164749146,apple_ripe,0.008394707925617695,leftin
data\processed\test\apple_rotten\leftin_0000577.jpg,apple_rotten,apple_rotten,2,2,True,0.936042070388794,apple_ripe,0.038731899112463,leftin
data\processed\test\apple_rotten\leftin_0000579.jpg,apple_rotten,apple_rotten,2,2,True,0.9971696734428406,apple_ripe,0.002419342054054141,leftin
data\processed\test\apple_rotten\leftin_0000580.jpg,apple_rotten,apple_rotten,2,2,True,0.9799606204032898,orange_rotten,0.017076006159186363,leftin
data\processed\test\apple_rotten\leftin_0000581.jpg,apple_rotten,apple_rotten,2,2,True,0.9276411533355713,orange_rotten,0.040418729186058044,leftin
data\processed\test\apple_rotten\leftin_0000582.jpg,apple_rotten,apple_rotten,2,2,True,0.9958152174949646,orange_rotten,0.0027081468142569065,leftin
data\processed\test\apple_rotten\leftin_0000584.jpg,apple_rotten,apple_rotten,2,2,True,0.9988642930984497,apple_overripe,0.0007277449476532638,leftin
data\processed\test\apple_rotten\leftin_0000585.jpg,apple_rotten,apple_rotten,2,2,True,0.9674414992332458,orange_rotten,0.029273035004734993,leftin
data\processed\test\apple_rotten\leftin_0000586.jpg,apple_rotten,apple_rotten,2,2,True,0.9997053742408752,orange_rotten,0.0002576807455625385,leftin
data\processed\test\apple_rotten\leftin_0000587.jpg,apple_rotten,apple_rotten,2,2,True,0.9951164722442627,orange_rotten,0.0021509185899049044,leftin
data\processed\test\apple_rotten\leftin_0000588.jpg,apple_rotten,apple_rotten,2,2,True,0.9949058294296265,orange_rotten,0.004868204705417156,leftin
data\processed\test\apple_rotten\leftin_0000589.jpg,apple_rotten,apple_rotten,2,2,True,0.998634397983551,apple_overripe,0.0012475819094106555,leftin
data\processed\test\apple_rotten\leftin_0000590.jpg,apple_rotten,apple_rotten,2,2,True,0.9984270334243774,orange_rotten,0.0013822187902405858,leftin
data\processed\test\apple_rotten\leftin_0000591.jpg,apple_rotten,apple_rotten,2,2,True,0.9755814075469971,apple_overripe,0.014940849505364895,leftin
data\processed\test\apple_rotten\leftin_0000592.jpg,apple_rotten,apple_rotten,2,2,True,0.7676572799682617,orange_rotten,0.2166447937488556,leftin
data\processed\test\apple_rotten\leftin_0000593.jpg,apple_rotten,apple_rotten,2,2,True,0.9974328875541687,orange_rotten,0.0022338132839649916,leftin
data\processed\test\apple_rotten\leftin_0000594.jpg,apple_rotten,apple_rotten,2,2,True,0.9740810990333557,orange_rotten,0.02401566132903099,leftin
data\processed\test\apple_rotten\leftin_0000595.jpg,apple_rotten,apple_rotten,2,2,True,0.9838151335716248,orange_rotten,0.013768267817795277,leftin
data\processed\test\apple_rotten\leftin_0000596.jpg,apple_rotten,apple_rotten,2,2,True,0.681976318359375,apple_overripe,0.315816193819046,leftin
data\processed\test\apple_rotten\leftin_0000598.jpg,apple_rotten,apple_rotten,2,2,True,0.987431526184082,orange_rotten,0.0084169777110219,leftin
data\processed\test\apple_rotten\leftin_0000599.jpg,apple_rotten,apple_rotten,2,2,True,0.4942416846752167,apple_ripe,0.4355011284351349,leftin
data\processed\test\apple_rotten\leftin_0000600.jpg,apple_rotten,apple_rotten,2,2,True,0.9982581734657288,apple_overripe,0.0005211977404542267,leftin
data\processed\test\apple_rotten\leftin_0000601.jpg,apple_rotten,apple_rotten,2,2,True,0.9521583914756775,orange_rotten,0.035071227699518204,leftin
data\processed\test\apple_rotten\leftin_0000602.jpg,apple_rotten,apple_rotten,2,2,True,0.9898871779441833,apple_overripe,0.007346359547227621,leftin
data\processed\test\apple_rotten\leftin_0000603.jpg,apple_rotten,apple_rotten,2,2,True,0.9943116903305054,apple_overripe,0.004062567837536335,leftin
data\processed\test\apple_rotten\leftin_0000604.jpg,apple_rotten,apple_rotten,2,2,True,0.8139700293540955,apple_overripe,0.08234218508005142,leftin
data\processed\test\apple_rotten\leftin_0000606.jpg,apple_rotten,apple_rotten,2,2,True,0.9156560301780701,apple_ripe,0.06552647799253464,leftin
data\processed\test\apple_rotten\leftin_0000608.jpg,apple_rotten,apple_rotten,2,2,True,0.852724552154541,orange_rotten,0.09842780977487564,leftin
data\processed\test\apple_rotten\leftin_0000609.jpg,apple_rotten,apple_rotten,2,2,True,0.9773014187812805,apple_ripe,0.013330662623047829,leftin
data\processed\test\apple_rotten\leftin_0000610.jpg,apple_rotten,apple_rotten,2,2,True,0.9760870337486267,apple_overripe,0.014608842320740223,leftin
data\processed\test\apple_rotten\leftin_0000611.jpg,apple_rotten,apple_rotten,2,2,True,0.9990100860595703,orange_rotten,0.0007188133895397186,leftin
data\processed\test\apple_rotten\leftin_0000612.jpg,apple_rotten,apple_rotten,2,2,True,0.9188236594200134,orange_rotten,0.06890230625867844,leftin
data\processed\test\apple_rotten\leftin_0000613.jpg,apple_rotten,apple_rotten,2,2,True,0.9980652928352356,apple_overripe,0.0012345346622169018,leftin
data\processed\test\apple_rotten\leftin_0000615.jpg,apple_rotten,apple_rotten,2,2,True,0.8138315081596375,apple_overripe,0.17393499612808228,leftin
data\processed\test\apple_rotten\leftin_0000616.jpg,apple_rotten,apple_rotten,2,2,True,0.9969876408576965,orange_rotten,0.0016229016473516822,leftin
data\processed\test\apple_rotten\leftin_0000617.jpg,apple_rotten,apple_rotten,2,2,True,0.9924060702323914,apple_overripe,0.004036275669932365,leftin
data\processed\test\apple_rotten\leftin_0000618.jpg,apple_rotten,apple_rotten,2,2,True,0.6346039175987244,orange_rotten,0.14390841126441956,leftin
data\processed\test\apple_rotten\leftin_0000619.jpg,apple_rotten,apple_rotten,2,2,True,0.9895961880683899,orange_rotten,0.00938260369002819,leftin
data\processed\test\apple_rotten\leftin_0000620.jpg,apple_rotten,apple_rotten,2,2,True,0.999458372592926,mango_rotten,0.00027513757231645286,leftin
data\processed\test\apple_rotten\leftin_0000621.jpg,apple_rotten,apple_rotten,2,2,True,0.6859668493270874,orange_rotten,0.3083283305168152,leftin
data\processed\test\apple_rotten\leftin_0000622.jpg,apple_rotten,apple_overripe,2,0,False,0.3476414382457733,apple_rotten,0.15562346577644348,leftin
data\processed\test\apple_rotten\leftin_0000623.jpg,apple_rotten,apple_rotten,2,2,True,0.9066023826599121,orange_rotten,0.06624311953783035,leftin
data\processed\test\apple_rotten\leftin_0000624.jpg,apple_rotten,apple_rotten,2,2,True,0.9462717175483704,apple_ripe,0.04928673803806305,leftin
data\processed\test\apple_rotten\leftin_0000625.jpg,apple_rotten,apple_rotten,2,2,True,0.8283746242523193,mango_overripe,0.05773497372865677,leftin
data\processed\test\apple_rotten\leftin_0000626.jpg,apple_rotten,apple_rotten,2,2,True,0.9133962392807007,apple_overripe,0.08090003579854965,leftin
data\processed\test\apple_rotten\leftin_0000627.jpg,apple_rotten,apple_ripe,2,1,False,0.5227637887001038,apple_rotten,0.46918466687202454,leftin
data\processed\test\apple_rotten\leftin_0000628.jpg,apple_rotten,apple_rotten,2,2,True,0.9996286630630493,apple_overripe,0.00023565760056953877,leftin
data\processed\test\apple_rotten\leftin_0000629.jpg,apple_rotten,apple_rotten,2,2,True,0.8599896430969238,apple_ripe,0.07142794132232666,leftin
data\processed\test\apple_rotten\leftin_0000630.jpg,apple_rotten,apple_rotten,2,2,True,0.3615310788154602,apple_overripe,0.2066778689622879,leftin
data\processed\test\apple_rotten\leftin_0000631.jpg,apple_rotten,apple_rotten,2,2,True,0.9679205417633057,orange_rotten,0.023277826607227325,leftin
data\processed\test\apple_rotten\leftin_0000632.jpg,apple_rotten,apple_rotten,2,2,True,0.5975157022476196,apple_overripe,0.39442431926727295,leftin
data\processed\test\apple_rotten\leftin_0000633.jpg,apple_rotten,apple_rotten,2,2,True,0.9945817589759827,orange_rotten,0.0042694550938904285,leftin
data\processed\test\apple_rotten\leftin_0000635.jpg,apple_rotten,apple_ripe,2,1,False,0.9632781744003296,apple_rotten,0.034398067742586136,leftin
data\processed\test\apple_rotten\leftin_0000636.jpg,apple_rotten,apple_rotten,2,2,True,0.9584895968437195,orange_rotten,0.02108224295079708,leftin
data\processed\test\apple_rotten\leftin_0000637.jpg,apple_rotten,apple_rotten,2,2,True,0.9890600442886353,orange_rotten,0.008947470225393772,leftin
data\processed\test\apple_rotten\leftin_0000638.jpg,apple_rotten,apple_rotten,2,2,True,0.9829705953598022,apple_ripe,0.01210828311741352,leftin
data\processed\test\apple_rotten\leftin_0000639.jpg,apple_rotten,apple_rotten,2,2,True,0.9553943872451782,orange_rotten,0.022025272250175476,leftin
data\processed\test\apple_rotten\leftin_0000640.jpg,apple_rotten,apple_rotten,2,2,True,0.7140142321586609,mango_rotten,0.11118166893720627,leftin
data\processed\test\apple_rotten\leftin_0000641.jpg,apple_rotten,apple_rotten,2,2,True,0.9936072826385498,orange_rotten,0.00448346184566617,leftin
data\processed\test\apple_rotten\leftin_0000642.jpg,apple_rotten,apple_rotten,2,2,True,0.9886156916618347,orange_rotten,0.007255928590893745,leftin
data\processed\test\apple_rotten\leftin_0000643.jpg,apple_rotten,apple_rotten,2,2,True,0.9429795145988464,orange_rotten,0.05548848584294319,leftin
data\processed\test\apple_rotten\leftin_0000645.jpg,apple_rotten,apple_rotten,2,2,True,0.9988939166069031,orange_rotten,0.0008106424938887358,leftin
data\processed\test\apple_rotten\leftin_0000646.jpg,apple_rotten,apple_rotten,2,2,True,0.9579096436500549,orange_rotten,0.037500422447919846,leftin
data\processed\test\apple_rotten\leftin_0000648.jpg,apple_rotten,apple_rotten,2,2,True,0.8682365417480469,apple_overripe,0.056086547672748566,leftin
data\processed\test\apple_rotten\leftin_0000649.jpg,apple_rotten,apple_rotten,2,2,True,0.9740909337997437,orange_rotten,0.023742686957120895,leftin
data\processed\test\apple_unripe\alexcj10-ripenet_0000652.jpg,apple_unripe,apple_unripe,3,3,True,0.5567912459373474,mango_unripe,0.2831132113933563,alexcj10
data\processed\test\apple_unripe\alexcj10-ripenet_0000657.jpg,apple_unripe,apple_ripe,3,1,False,0.3338939845561981,apple_unripe,0.24981141090393066,alexcj10
data\processed\test\apple_unripe\alexcj10-ripenet_0000664.jpg,apple_unripe,mango_ripe,3,9,False,0.44549185037612915,papaya_ripe,0.1839933693408966,alexcj10
data\processed\test\apple_unripe\alexcj10-ripenet_0000673.jpg,apple_unripe,apple_unripe,3,3,True,0.6033766269683838,mango_unripe,0.3161596953868866,alexcj10
data\processed\test\apple_unripe\alexcj10-ripenet_0000674.jpg,apple_unripe,apple_unripe,3,3,True,0.48908746242523193,apple_ripe,0.4415470063686371,alexcj10
data\processed\test\apple_unripe\alexcj10-ripenet_0000689.jpg,apple_unripe,apple_ripe,3,1,False,0.5018261075019836,apple_unripe,0.4064483344554901,alexcj10
data\processed\test\apple_unripe\alexcj10-ripenet_0000690.jpg,apple_unripe,apple_unripe,3,3,True,0.9003337025642395,mango_unripe,0.039500780403614044,alexcj10
data\processed\test\apple_unripe\alexcj10-ripenet_0000694.jpg,apple_unripe,mango_unripe,3,11,False,0.3620206117630005,apple_unripe,0.23595750331878662,alexcj10
data\processed\test\apple_unripe\alexcj10-ripenet_0000697.jpg,apple_unripe,apple_unripe,3,3,True,0.9276807308197021,apple_ripe,0.057870473712682724,alexcj10
data\processed\test\apple_unripe\alexcj10-ripenet_0000701.jpg,apple_unripe,apple_ripe,3,1,False,0.8238610029220581,apple_unripe,0.1680382341146469,alexcj10
data\processed\test\apple_unripe\alexcj10-ripenet_0000702.jpg,apple_unripe,mango_unripe,3,11,False,0.6909872889518738,mango_rotten,0.1526506543159485,alexcj10
data\processed\test\apple_unripe\alexcj10-ripenet_0000721.jpg,apple_unripe,mango_unripe,3,11,False,0.282141774892807,apple_unripe,0.22415614128112793,alexcj10
data\processed\test\apple_unripe\alexcj10-ripenet_0000728.jpg,apple_unripe,apple_unripe,3,3,True,0.747172474861145,apple_ripe,0.08645965903997421,alexcj10
data\processed\test\apple_unripe\alexcj10-ripenet_0000730.jpg,apple_unripe,apple_unripe,3,3,True,0.41046008467674255,mango_unripe,0.2645961344242096,alexcj10
data\processed\test\apple_unripe\alexcj10-ripenet_0000731.jpg,apple_unripe,papaya_unripe,3,18,False,0.49426785111427307,apple_unripe,0.09094075113534927,alexcj10
data\processed\test\apple_unripe\alexcj10-ripenet_0000747.jpg,apple_unripe,apple_unripe,3,3,True,0.5281230211257935,mango_unripe,0.21209654211997986,alexcj10
data\processed\test\apple_unripe\alexcj10-ripenet_0000748.jpg,apple_unripe,apple_unripe,3,3,True,0.5481951236724854,apple_ripe,0.17086274921894073,alexcj10
data\processed\test\apple_unripe\alexcj10-ripenet_0000749.jpg,apple_unripe,mango_unripe,3,11,False,0.4583449959754944,apple_ripe,0.32241830229759216,alexcj10
data\processed\test\apple_unripe\alexcj10-ripenet_0000755.jpg,apple_unripe,papaya_unripe,3,18,False,0.8766089677810669,mango_unripe,0.03921392932534218,alexcj10
data\processed\test\apple_unripe\alexcj10-ripenet_0000771.jpg,apple_unripe,mango_unripe,3,11,False,0.4591476321220398,apple_unripe,0.4507860243320465,alexcj10
data\processed\test\apple_unripe\alexcj10-ripenet_0000772.jpg,apple_unripe,mango_unripe,3,11,False,0.7608290314674377,mango_rotten,0.1045452430844307,alexcj10
data\processed\test\apple_unripe\alexcj10-ripenet_0000778.jpg,apple_unripe,mango_unripe,3,11,False,0.4679800570011139,papaya_unripe,0.3752451241016388,alexcj10
data\processed\test\apple_unripe\alexcj10-ripenet_0000782.jpg,apple_unripe,apple_unripe,3,3,True,0.5858831405639648,mango_unripe,0.16678239405155182,alexcj10
data\processed\test\apple_unripe\alexcj10-ripenet_0000783.jpg,apple_unripe,apple_ripe,3,1,False,0.8246865272521973,apple_unripe,0.15108641982078552,alexcj10
data\processed\test\apple_unripe\alexcj10-ripenet_0000787.jpg,apple_unripe,apple_unripe,3,3,True,0.44312453269958496,papaya_unripe,0.3237231373786926,alexcj10
data\processed\test\apple_unripe\alexcj10-ripenet_0000800.jpg,apple_unripe,mango_unripe,3,11,False,0.6267610788345337,orange_unripe,0.17022544145584106,alexcj10
data\processed\test\apple_unripe\alexcj10-ripenet_0000806.jpg,apple_unripe,apple_unripe,3,3,True,0.3740044832229614,papaya_unripe,0.18896739184856415,alexcj10
data\processed\test\apple_unripe\alexcj10-ripenet_0000807.jpg,apple_unripe,mango_unripe,3,11,False,0.5451256632804871,apple_unripe,0.32208526134490967,alexcj10
data\processed\test\apple_unripe\alexcj10-ripenet_0000809.jpg,apple_unripe,apple_unripe,3,3,True,0.8030973672866821,apple_ripe,0.11237866431474686,alexcj10
data\processed\test\apple_unripe\alexcj10-ripenet_0000812.jpg,apple_unripe,mango_unripe,3,11,False,0.6970902681350708,orange_unripe,0.14659731090068817,alexcj10
data\processed\test\apple_unripe\alexcj10-ripenet_0000819.jpg,apple_unripe,apple_unripe,3,3,True,0.6680221557617188,mango_unripe,0.20718008279800415,alexcj10
data\processed\test\apple_unripe\alexcj10-ripenet_0000824.jpg,apple_unripe,apple_unripe,3,3,True,0.3652958273887634,mango_unripe,0.24403364956378937,alexcj10
data\processed\test\apple_unripe\alexcj10-ripenet_0000825.jpg,apple_unripe,apple_ripe,3,1,False,0.37631285190582275,mango_ripe,0.23075495660305023,alexcj10
data\processed\test\apple_unripe\alexcj10-ripenet_0000829.jpg,apple_unripe,apple_ripe,3,1,False,0.8179653286933899,tomato_ripe,0.09008312225341797,alexcj10
data\processed\test\apple_unripe\alexcj10-ripenet_0000833.jpg,apple_unripe,apple_unripe,3,3,True,0.6973450779914856,mango_unripe,0.24116650223731995,alexcj10
data\processed\test\apple_unripe\alexcj10-ripenet_0000847.jpg,apple_unripe,apple_unripe,3,3,True,0.5308746099472046,mango_unripe,0.31318092346191406,alexcj10
data\processed\test\apple_unripe\alexcj10-ripenet_0000850.jpg,apple_unripe,apple_ripe,3,1,False,0.8381373882293701,apple_unripe,0.07867086678743362,alexcj10
data\processed\test\apple_unripe\alexcj10-ripenet_0000853.jpg,apple_unripe,papaya_unripe,3,18,False,0.41207972168922424,mango_unripe,0.24622449278831482,alexcj10
data\processed\test\apple_unripe\alexcj10-ripenet_0000856.jpg,apple_unripe,papaya_unripe,3,18,False,0.3908534646034241,apple_unripe,0.26457679271698,alexcj10
data\processed\test\apple_unripe\alexcj10-ripenet_0000875.jpg,apple_unripe,apple_ripe,3,1,False,0.8859628438949585,apple_unripe,0.09970124065876007,alexcj10
data\processed\test\apple_unripe\alexcj10-ripenet_0000877.jpg,apple_unripe,apple_unripe,3,3,True,0.34491440653800964,mango_unripe,0.33207401633262634,alexcj10
data\processed\test\apple_unripe\alexcj10-ripenet_0000879.jpg,apple_unripe,mango_unripe,3,11,False,0.5024405121803284,apple_unripe,0.1545400172472,alexcj10
data\processed\test\apple_unripe\alexcj10-ripenet_0000888.jpg,apple_unripe,apple_unripe,3,3,True,0.6109313368797302,apple_ripe,0.12066557258367538,alexcj10
data\processed\test\apple_unripe\alexcj10-ripenet_0000900.jpg,apple_unripe,apple_unripe,3,3,True,0.5388802886009216,orange_unripe,0.35851067304611206,alexcj10
data\processed\test\apple_unripe\alexcj10-ripenet_0000905.jpg,apple_unripe,apple_unripe,3,3,True,0.46562692523002625,mango_unripe,0.3538781702518463,alexcj10
data\processed\test\apple_unripe\alexcj10-ripenet_0000910.jpg,apple_unripe,apple_unripe,3,3,True,0.5954940319061279,orange_unripe,0.2230917066335678,alexcj10
data\processed\test\apple_unripe\alexcj10-ripenet_0000911.jpg,apple_unripe,apple_ripe,3,1,False,0.8520811200141907,apple_unripe,0.05952369049191475,alexcj10
data\processed\test\apple_unripe\alexcj10-ripenet_0000912.jpg,apple_unripe,tomato_unripe,3,24,False,0.7493765950202942,apple_unripe,0.1011265441775322,alexcj10
data\processed\test\apple_unripe\alexcj10-ripenet_0000913.jpg,apple_unripe,apple_unripe,3,3,True,0.5130582451820374,orange_unripe,0.31363534927368164,alexcj10
data\processed\test\apple_unripe\alexcj10-ripenet_0000917.jpg,apple_unripe,apple_unripe,3,3,True,0.7192856073379517,orange_unripe,0.12711142003536224,alexcj10
data\processed\test\apple_unripe\alexcj10-ripenet_0000922.jpg,apple_unripe,apple_unripe,3,3,True,0.40143778920173645,mango_unripe,0.2944447696208954,alexcj10
data\processed\test\apple_unripe\alexcj10-ripenet_0000930.jpg,apple_unripe,apple_unripe,3,3,True,0.6435114741325378,mango_unripe,0.25523149967193604,alexcj10
data\processed\test\apple_unripe\alexcj10-ripenet_0000934.jpg,apple_unripe,apple_ripe,3,1,False,0.9611850380897522,apple_unripe,0.03797382861375809,alexcj10
data\processed\test\apple_unripe\alexcj10-ripenet_0000935.jpg,apple_unripe,apple_unripe,3,3,True,0.6602492928504944,orange_unripe,0.26196393370628357,alexcj10
data\processed\test\apple_unripe\alexcj10-ripenet_0000936.jpg,apple_unripe,mango_unripe,3,11,False,0.3312779366970062,orange_unripe,0.24855628609657288,alexcj10
data\processed\test\apple_unripe\alexcj10-ripenet_0000938.jpg,apple_unripe,apple_ripe,3,1,False,0.6331959366798401,apple_unripe,0.3294122815132141,alexcj10
data\processed\test\apple_unripe\alexcj10-ripenet_0000943.jpg,apple_unripe,apple_unripe,3,3,True,0.7468518614768982,apple_ripe,0.05906890332698822,alexcj10
data\processed\test\apple_unripe\alexcj10-ripenet_0000949.jpg,apple_unripe,apple_unripe,3,3,True,0.34559139609336853,mango_unripe,0.3317854404449463,alexcj10
data\processed\test\apple_unripe\alexcj10-ripenet_0000957.jpg,apple_unripe,papaya_unripe,3,18,False,0.6059644222259521,mango_unripe,0.15112578868865967,alexcj10
data\processed\test\apple_unripe\alexcj10-ripenet_0000965.jpg,apple_unripe,apple_unripe,3,3,True,0.5676889419555664,apple_ripe,0.25146418809890747,alexcj10
data\processed\test\apple_unripe\asadullahprl_0000656.jpg,apple_unripe,apple_unripe,3,3,True,0.9838235378265381,apple_ripe,0.015106966719031334,asadullahprl
data\processed\test\apple_unripe\asadullahprl_0000665.jpg,apple_unripe,apple_unripe,3,3,True,0.3633589446544647,apple_ripe,0.25896376371383667,asadullahprl
data\processed\test\apple_unripe\asadullahprl_0000683.jpg,apple_unripe,apple_unripe,3,3,True,0.5317324995994568,apple_ripe,0.42580729722976685,asadullahprl
data\processed\test\apple_unripe\asadullahprl_0000714.jpg,apple_unripe,apple_unripe,3,3,True,0.9766584038734436,apple_ripe,0.02179240621626377,asadullahprl
data\processed\test\apple_unripe\asadullahprl_0000719.jpg,apple_unripe,orange_unripe,3,15,False,0.557592511177063,apple_unripe,0.35317790508270264,asadullahprl
data\processed\test\apple_unripe\asadullahprl_0000724.jpg,apple_unripe,apple_unripe,3,3,True,0.7680982947349548,mango_ripe,0.1055714562535286,asadullahprl
data\processed\test\apple_unripe\asadullahprl_0000729.jpg,apple_unripe,apple_unripe,3,3,True,0.9189835786819458,orange_unripe,0.058545347303152084,asadullahprl
data\processed\test\apple_unripe\asadullahprl_0000741.jpg,apple_unripe,apple_unripe,3,3,True,0.9871958494186401,apple_ripe,0.005090097431093454,asadullahprl
data\processed\test\apple_unripe\asadullahprl_0000752.jpg,apple_unripe,apple_unripe,3,3,True,0.9984530210494995,orange_unripe,0.0007869386463426054,asadullahprl
data\processed\test\apple_unripe\asadullahprl_0000759.jpg,apple_unripe,orange_unripe,3,15,False,0.3196609616279602,mango_ripe,0.1799452006816864,asadullahprl
data\processed\test\apple_unripe\asadullahprl_0000761.jpg,apple_unripe,apple_unripe,3,3,True,0.878017008304596,apple_ripe,0.09088557958602905,asadullahprl
data\processed\test\apple_unripe\asadullahprl_0000779.jpg,apple_unripe,mango_overripe,3,8,False,0.3962644934654236,apple_unripe,0.3430919647216797,asadullahprl
data\processed\test\apple_unripe\asadullahprl_0000781.jpg,apple_unripe,apple_ripe,3,1,False,0.7490808367729187,apple_unripe,0.21641916036605835,asadullahprl
data\processed\test\apple_unripe\asadullahprl_0000793.jpg,apple_unripe,apple_unripe,3,3,True,0.42282944917678833,mango_ripe,0.206170454621315,asadullahprl
data\processed\test\apple_unripe\asadullahprl_0000815.jpg,apple_unripe,apple_unripe,3,3,True,0.9958979487419128,apple_ripe,0.003626278368756175,asadullahprl
data\processed\test\apple_unripe\asadullahprl_0000854.jpg,apple_unripe,apple_unripe,3,3,True,0.6804016828536987,apple_ripe,0.23735015094280243,asadullahprl
data\processed\test\apple_unripe\asadullahprl_0000863.jpg,apple_unripe,apple_ripe,3,1,False,0.8548107743263245,apple_unripe,0.10747908800840378,asadullahprl
data\processed\test\apple_unripe\asadullahprl_0000867.jpg,apple_unripe,apple_unripe,3,3,True,0.8208307027816772,apple_ripe,0.1734073907136917,asadullahprl
data\processed\test\apple_unripe\asadullahprl_0000886.jpg,apple_unripe,apple_unripe,3,3,True,0.46305733919143677,apple_ripe,0.44670966267585754,asadullahprl
data\processed\test\apple_unripe\asadullahprl_0000887.jpg,apple_unripe,apple_unripe,3,3,True,0.8034467697143555,apple_ripe,0.17714644968509674,asadullahprl
data\processed\test\apple_unripe\asadullahprl_0000894.jpg,apple_unripe,apple_unripe,3,3,True,0.6591846346855164,apple_ripe,0.25924041867256165,asadullahprl
data\processed\test\apple_unripe\asadullahprl_0000907.jpg,apple_unripe,apple_unripe,3,3,True,0.4119807481765747,mango_overripe,0.31208765506744385,asadullahprl
data\processed\test\apple_unripe\asadullahprl_0000915.jpg,apple_unripe,apple_unripe,3,3,True,0.975205659866333,apple_ripe,0.014967155642807484,asadullahprl
data\processed\test\apple_unripe\asadullahprl_0000916.jpg,apple_unripe,apple_unripe,3,3,True,0.8203380703926086,orange_unripe,0.12389123439788818,asadullahprl
data\processed\test\apple_unripe\asadullahprl_0000919.jpg,apple_unripe,apple_unripe,3,3,True,0.9672740697860718,apple_ripe,0.02641165815293789,asadullahprl
data\processed\test\apple_unripe\asadullahprl_0000925.jpg,apple_unripe,apple_unripe,3,3,True,0.8678727149963379,apple_ripe,0.12649773061275482,asadullahprl
data\processed\test\apple_unripe\asadullahprl_0000928.jpg,apple_unripe,apple_unripe,3,3,True,0.9929116368293762,apple_ripe,0.005420454312115908,asadullahprl
data\processed\test\apple_unripe\asadullahprl_0000933.jpg,apple_unripe,apple_ripe,3,1,False,0.36753877997398376,apple_unripe,0.300158828496933,asadullahprl
data\processed\test\apple_unripe\asadullahprl_0000952.jpg,apple_unripe,apple_unripe,3,3,True,0.46586787700653076,orange_unripe,0.1931769847869873,asadullahprl
data\processed\test\apple_unripe\asadullahprl_0000959.jpg,apple_unripe,mango_unripe,3,11,False,0.29445502161979675,mango_ripe,0.26944077014923096,asadullahprl
data\processed\test\apple_unripe\asadullahprl_0000964.jpg,apple_unripe,apple_unripe,3,3,True,0.9909998774528503,apple_ripe,0.007239220663905144,asadullahprl
data\processed\test\apple_unripe\leftin_0000650.jpg,apple_unripe,apple_unripe,3,3,True,0.7651070356369019,apple_ripe,0.21512459218502045,leftin
data\processed\test\apple_unripe\leftin_0000651.jpg,apple_unripe,apple_unripe,3,3,True,0.4952729344367981,orange_unripe,0.47014525532722473,leftin
data\processed\test\apple_unripe\leftin_0000653.jpg,apple_unripe,apple_unripe,3,3,True,0.8386790752410889,orange_unripe,0.15465593338012695,leftin
data\processed\test\apple_unripe\leftin_0000654.jpg,apple_unripe,apple_unripe,3,3,True,0.9613950252532959,orange_unripe,0.024743543937802315,leftin
data\processed\test\apple_unripe\leftin_0000655.jpg,apple_unripe,apple_unripe,3,3,True,0.4954145550727844,orange_unripe,0.4652376174926758,leftin
data\processed\test\apple_unripe\leftin_0000658.jpg,apple_unripe,apple_unripe,3,3,True,0.9555985331535339,orange_unripe,0.03816210851073265,leftin
data\processed\test\apple_unripe\leftin_0000659.jpg,apple_unripe,apple_unripe,3,3,True,0.9177241325378418,apple_ripe,0.07308885455131531,leftin
data\processed\test\apple_unripe\leftin_0000660.jpg,apple_unripe,orange_unripe,3,15,False,0.9118554592132568,apple_unripe,0.08758947998285294,leftin
data\processed\test\apple_unripe\leftin_0000661.jpg,apple_unripe,banana_unripe,3,7,False,0.5757027864456177,orange_unripe,0.3358292877674103,leftin
data\processed\test\apple_unripe\leftin_0000662.jpg,apple_unripe,orange_unripe,3,15,False,0.5617768168449402,apple_unripe,0.41905227303504944,leftin
data\processed\test\apple_unripe\leftin_0000663.jpg,apple_unripe,apple_unripe,3,3,True,0.9299836754798889,orange_unripe,0.04083671420812607,leftin
data\processed\test\apple_unripe\leftin_0000666.jpg,apple_unripe,orange_unripe,3,15,False,0.5750996470451355,banana_unripe,0.3678677976131439,leftin
data\processed\test\apple_unripe\leftin_0000667.jpg,apple_unripe,orange_unripe,3,15,False,0.9103506207466125,apple_unripe,0.08577007055282593,leftin
data\processed\test\apple_unripe\leftin_0000668.jpg,apple_unripe,banana_unripe,3,7,False,0.804831862449646,orange_unripe,0.09847820550203323,leftin
data\processed\test\apple_unripe\leftin_0000669.jpg,apple_unripe,apple_unripe,3,3,True,0.7201258540153503,apple_ripe,0.1228473037481308,leftin
data\processed\test\apple_unripe\leftin_0000670.jpg,apple_unripe,apple_unripe,3,3,True,0.5088024139404297,tomato_overripe,0.3903307616710663,leftin
data\processed\test\apple_unripe\leftin_0000671.jpg,apple_unripe,apple_unripe,3,3,True,0.971452534198761,orange_unripe,0.024014700204133987,leftin
data\processed\test\apple_unripe\leftin_0000672.jpg,apple_unripe,apple_unripe,3,3,True,0.9529760479927063,apple_ripe,0.03307649493217468,leftin
data\processed\test\apple_unripe\leftin_0000675.jpg,apple_unripe,apple_unripe,3,3,True,0.5391510725021362,orange_unripe,0.4529878795146942,leftin
data\processed\test\apple_unripe\leftin_0000676.jpg,apple_unripe,apple_unripe,3,3,True,0.9012275338172913,apple_ripe,0.07798963040113449,leftin
data\processed\test\apple_unripe\leftin_0000677.jpg,apple_unripe,apple_unripe,3,3,True,0.8771460056304932,banana_unripe,0.05688873305916786,leftin
data\processed\test\apple_unripe\leftin_0000678.jpg,apple_unripe,apple_unripe,3,3,True,0.987784206867218,banana_unripe,0.007752688601613045,leftin
data\processed\test\apple_unripe\leftin_0000679.jpg,apple_unripe,orange_unripe,3,15,False,0.8239162564277649,apple_unripe,0.17421676218509674,leftin
data\processed\test\apple_unripe\leftin_0000680.jpg,apple_unripe,apple_unripe,3,3,True,0.9940102100372314,orange_unripe,0.0027103780303150415,leftin
data\processed\test\apple_unripe\leftin_0000681.jpg,apple_unripe,apple_unripe,3,3,True,0.9626725316047668,orange_unripe,0.03625393658876419,leftin
data\processed\test\apple_unripe\leftin_0000682.jpg,apple_unripe,apple_unripe,3,3,True,0.5490450263023376,banana_unripe,0.4259992837905884,leftin
data\processed\test\apple_unripe\leftin_0000684.jpg,apple_unripe,apple_unripe,3,3,True,0.7832262516021729,orange_unripe,0.21374237537384033,leftin
data\processed\test\apple_unripe\leftin_0000685.jpg,apple_unripe,apple_unripe,3,3,True,0.9619977474212646,orange_unripe,0.020405186340212822,leftin
data\processed\test\apple_unripe\leftin_0000686.jpg,apple_unripe,apple_unripe,3,3,True,0.9884189963340759,apple_ripe,0.0060155377723276615,leftin
data\processed\test\apple_unripe\leftin_0000687.jpg,apple_unripe,apple_unripe,3,3,True,0.9027280807495117,orange_unripe,0.05515848472714424,leftin
data\processed\test\apple_unripe\leftin_0000688.jpg,apple_unripe,mango_ripe,3,9,False,0.45118385553359985,apple_unripe,0.2799028158187866,leftin
data\processed\test\apple_unripe\leftin_0000691.jpg,apple_unripe,apple_unripe,3,3,True,0.808912992477417,orange_unripe,0.1905650496482849,leftin
data\processed\test\apple_unripe\leftin_0000692.jpg,apple_unripe,apple_unripe,3,3,True,0.9868329167366028,orange_unripe,0.008670037612318993,leftin
data\processed\test\apple_unripe\leftin_0000693.jpg,apple_unripe,apple_unripe,3,3,True,0.7621917724609375,orange_unripe,0.2368154376745224,leftin
data\processed\test\apple_unripe\leftin_0000695.jpg,apple_unripe,apple_unripe,3,3,True,0.9776207804679871,apple_ripe,0.021289696916937828,leftin
data\processed\test\apple_unripe\leftin_0000696.jpg,apple_unripe,apple_unripe,3,3,True,0.425466924905777,banana_unripe,0.28544026613235474,leftin
data\processed\test\apple_unripe\leftin_0000698.jpg,apple_unripe,apple_unripe,3,3,True,0.808797299861908,banana_unripe,0.14686015248298645,leftin
data\processed\test\apple_unripe\leftin_0000699.jpg,apple_unripe,apple_unripe,3,3,True,0.8856118321418762,banana_unripe,0.05110684409737587,leftin
data\processed\test\apple_unripe\leftin_0000700.jpg,apple_unripe,apple_unripe,3,3,True,0.8079884648323059,orange_unripe,0.18632836639881134,leftin
data\processed\test\apple_unripe\leftin_0000703.jpg,apple_unripe,apple_unripe,3,3,True,0.9598995447158813,banana_unripe,0.02069552056491375,leftin
data\processed\test\apple_unripe\leftin_0000704.jpg,apple_unripe,apple_unripe,3,3,True,0.4843735694885254,orange_unripe,0.41536039113998413,leftin
data\processed\test\apple_unripe\leftin_0000705.jpg,apple_unripe,apple_unripe,3,3,True,0.8943586349487305,banana_unripe,0.07880464941263199,leftin
data\processed\test\apple_unripe\leftin_0000706.jpg,apple_unripe,apple_unripe,3,3,True,0.9790990352630615,banana_unripe,0.012093803845345974,leftin
data\processed\test\apple_unripe\leftin_0000707.jpg,apple_unripe,apple_unripe,3,3,True,0.7611641883850098,banana_unripe,0.22962261736392975,leftin
data\processed\test\apple_unripe\leftin_0000708.jpg,apple_unripe,apple_unripe,3,3,True,0.9978935122489929,banana_unripe,0.0014814167516306043,leftin
data\processed\test\apple_unripe\leftin_0000709.jpg,apple_unripe,apple_unripe,3,3,True,0.5401762127876282,orange_unripe,0.45734599232673645,leftin
data\processed\test\apple_unripe\leftin_0000710.jpg,apple_unripe,banana_unripe,3,7,False,0.4757869243621826,apple_unripe,0.41564226150512695,leftin
data\processed\test\apple_unripe\leftin_0000711.jpg,apple_unripe,apple_unripe,3,3,True,0.53575599193573,orange_unripe,0.3063324987888336,leftin
data\processed\test\apple_unripe\leftin_0000712.jpg,apple_unripe,orange_unripe,3,15,False,0.6939060091972351,apple_unripe,0.30055198073387146,leftin
data\processed\test\apple_unripe\leftin_0000713.jpg,apple_unripe,apple_unripe,3,3,True,0.7074264287948608,orange_unripe,0.28733640909194946,leftin
data\processed\test\apple_unripe\leftin_0000715.jpg,apple_unripe,orange_unripe,3,15,False,0.9398166537284851,apple_unripe,0.05970417708158493,leftin
data\processed\test\apple_unripe\leftin_0000716.jpg,apple_unripe,apple_unripe,3,3,True,0.6260039210319519,banana_unripe,0.3008183240890503,leftin
data\processed\test\apple_unripe\leftin_0000717.jpg,apple_unripe,apple_unripe,3,3,True,0.9213122725486755,orange_unripe,0.06649352610111237,leftin
data\processed\test\apple_unripe\leftin_0000718.jpg,apple_unripe,apple_unripe,3,3,True,0.7143141031265259,orange_unripe,0.2835389971733093,leftin
data\processed\test\apple_unripe\leftin_0000720.jpg,apple_unripe,apple_unripe,3,3,True,0.9618099331855774,apple_ripe,0.020222557708621025,leftin
data\processed\test\apple_unripe\leftin_0000722.jpg,apple_unripe,apple_unripe,3,3,True,0.8417133688926697,orange_unripe,0.1571621298789978,leftin
data\processed\test\apple_unripe\leftin_0000723.jpg,apple_unripe,orange_unripe,3,15,False,0.8795927166938782,apple_unripe,0.1025838553905487,leftin
data\processed\test\apple_unripe\leftin_0000725.jpg,apple_unripe,apple_unripe,3,3,True,0.9358775019645691,orange_unripe,0.03145592287182808,leftin
data\processed\test\apple_unripe\leftin_0000726.jpg,apple_unripe,apple_unripe,3,3,True,0.9858507513999939,orange_unripe,0.009578087367117405,leftin
data\processed\test\apple_unripe\leftin_0000727.jpg,apple_unripe,apple_unripe,3,3,True,0.9586300253868103,orange_unripe,0.03574983403086662,leftin
data\processed\test\apple_unripe\leftin_0000732.jpg,apple_unripe,apple_unripe,3,3,True,0.9891736507415771,apple_ripe,0.00918075442314148,leftin
data\processed\test\apple_unripe\leftin_0000733.jpg,apple_unripe,banana_unripe,3,7,False,0.6825248003005981,apple_unripe,0.2583903968334198,leftin
data\processed\test\apple_unripe\leftin_0000734.jpg,apple_unripe,apple_unripe,3,3,True,0.8072234392166138,orange_unripe,0.1815473437309265,leftin
data\processed\test\apple_unripe\leftin_0000735.jpg,apple_unripe,apple_unripe,3,3,True,0.8733234405517578,orange_unripe,0.10677466541528702,leftin
data\processed\test\apple_unripe\leftin_0000736.jpg,apple_unripe,apple_unripe,3,3,True,0.8574873208999634,orange_unripe,0.13872918486595154,leftin
data\processed\test\apple_unripe\leftin_0000737.jpg,apple_unripe,orange_unripe,3,15,False,0.4880368709564209,apple_unripe,0.3088066279888153,leftin
data\processed\test\apple_unripe\leftin_0000738.jpg,apple_unripe,apple_unripe,3,3,True,0.7815805077552795,orange_unripe,0.20827144384384155,leftin
data\processed\test\apple_unripe\leftin_0000739.jpg,apple_unripe,apple_unripe,3,3,True,0.988892138004303,orange_unripe,0.005473266821354628,leftin
data\processed\test\apple_unripe\leftin_0000740.jpg,apple_unripe,orange_unripe,3,15,False,0.5229408144950867,apple_unripe,0.4735339879989624,leftin
data\processed\test\apple_unripe\leftin_0000742.jpg,apple_unripe,orange_unripe,3,15,False,0.9314083456993103,apple_unripe,0.06679245829582214,leftin
data\processed\test\apple_unripe\leftin_0000743.jpg,apple_unripe,apple_unripe,3,3,True,0.523784339427948,orange_unripe,0.4100303649902344,leftin
data\processed\test\apple_unripe\leftin_0000744.jpg,apple_unripe,apple_unripe,3,3,True,0.7923721671104431,orange_unripe,0.17304682731628418,leftin
data\processed\test\apple_unripe\leftin_0000745.jpg,apple_unripe,apple_unripe,3,3,True,0.7942942976951599,orange_unripe,0.19920717179775238,leftin
data\processed\test\apple_unripe\leftin_0000746.jpg,apple_unripe,apple_unripe,3,3,True,0.8978493213653564,apple_ripe,0.051052894443273544,leftin
data\processed\test\apple_unripe\leftin_0000750.jpg,apple_unripe,apple_unripe,3,3,True,0.9811191558837891,apple_ripe,0.013154717162251472,leftin
data\processed\test\apple_unripe\leftin_0000751.jpg,apple_unripe,orange_unripe,3,15,False,0.5738205313682556,apple_unripe,0.39974144101142883,leftin
data\processed\test\apple_unripe\leftin_0000753.jpg,apple_unripe,apple_unripe,3,3,True,0.8983058333396912,apple_ripe,0.03545461595058441,leftin
data\processed\test\apple_unripe\leftin_0000754.jpg,apple_unripe,banana_unripe,3,7,False,0.8747157454490662,apple_unripe,0.09144414216279984,leftin
data\processed\test\apple_unripe\leftin_0000756.jpg,apple_unripe,apple_unripe,3,3,True,0.9547395706176758,orange_unripe,0.023375704884529114,leftin
data\processed\test\apple_unripe\leftin_0000757.jpg,apple_unripe,apple_unripe,3,3,True,0.9980199337005615,orange_unripe,0.0009215744794346392,leftin
data\processed\test\apple_unripe\leftin_0000758.jpg,apple_unripe,apple_unripe,3,3,True,0.7949697971343994,orange_unripe,0.20464956760406494,leftin
data\processed\test\apple_unripe\leftin_0000760.jpg,apple_unripe,apple_unripe,3,3,True,0.8173004388809204,tomato_overripe,0.06913033872842789,leftin
data\processed\test\apple_unripe\leftin_0000762.jpg,apple_unripe,apple_unripe,3,3,True,0.8308162689208984,orange_unripe,0.16370855271816254,leftin
data\processed\test\apple_unripe\leftin_0000763.jpg,apple_unripe,apple_unripe,3,3,True,0.8345003724098206,banana_unripe,0.10781702399253845,leftin
data\processed\test\apple_unripe\leftin_0000764.jpg,apple_unripe,orange_unripe,3,15,False,0.7435315251350403,apple_unripe,0.25602957606315613,leftin
data\processed\test\apple_unripe\leftin_0000765.jpg,apple_unripe,apple_unripe,3,3,True,0.9258411526679993,orange_unripe,0.0728459358215332,leftin
data\processed\test\apple_unripe\leftin_0000766.jpg,apple_unripe,apple_unripe,3,3,True,0.8686554431915283,orange_unripe,0.08208683878183365,leftin
data\processed\test\apple_unripe\leftin_0000767.jpg,apple_unripe,orange_unripe,3,15,False,0.6516100168228149,apple_unripe,0.34788793325424194,leftin
data\processed\test\apple_unripe\leftin_0000768.jpg,apple_unripe,apple_unripe,3,3,True,0.9997372031211853,apple_ripe,0.00010032814316218719,leftin
data\processed\test\apple_unripe\leftin_0000769.jpg,apple_unripe,apple_unripe,3,3,True,0.5617420077323914,orange_unripe,0.43805578351020813,leftin
data\processed\test\apple_unripe\leftin_0000770.jpg,apple_unripe,apple_unripe,3,3,True,0.9922424554824829,orange_unripe,0.006433622445911169,leftin
data\processed\test\apple_unripe\leftin_0000773.jpg,apple_unripe,apple_unripe,3,3,True,0.9233779311180115,orange_unripe,0.07264481484889984,leftin
data\processed\test\apple_unripe\leftin_0000774.jpg,apple_unripe,orange_unripe,3,15,False,0.8840672969818115,apple_unripe,0.11525145918130875,leftin
data\processed\test\apple_unripe\leftin_0000775.jpg,apple_unripe,orange_unripe,3,15,False,0.8015192747116089,apple_unripe,0.18840572237968445,leftin
data\processed\test\apple_unripe\leftin_0000776.jpg,apple_unripe,apple_unripe,3,3,True,0.6989710927009583,orange_unripe,0.3006643056869507,leftin
data\processed\test\apple_unripe\leftin_0000777.jpg,apple_unripe,apple_unripe,3,3,True,0.9010320901870728,orange_unripe,0.09278908371925354,leftin
data\processed\test\apple_unripe\leftin_0000780.jpg,apple_unripe,apple_unripe,3,3,True,0.9165807962417603,banana_unripe,0.02902083471417427,leftin
data\processed\test\apple_unripe\leftin_0000784.jpg,apple_unripe,orange_unripe,3,15,False,0.6899518966674805,apple_unripe,0.3097592294216156,leftin
data\processed\test\apple_unripe\leftin_0000785.jpg,apple_unripe,apple_unripe,3,3,True,0.8596416711807251,orange_unripe,0.12709400057792664,leftin
data\processed\test\apple_unripe\leftin_0000786.jpg,apple_unripe,apple_unripe,3,3,True,0.7462917566299438,orange_unripe,0.24191753566265106,leftin
data\processed\test\apple_unripe\leftin_0000788.jpg,apple_unripe,apple_unripe,3,3,True,0.8342303037643433,banana_unripe,0.0888785868883133,leftin
data\processed\test\apple_unripe\leftin_0000789.jpg,apple_unripe,apple_unripe,3,3,True,0.9099047780036926,orange_unripe,0.07820993661880493,leftin
data\processed\test\apple_unripe\leftin_0000790.jpg,apple_unripe,orange_unripe,3,15,False,0.5875169634819031,apple_unripe,0.40928786993026733,leftin
data\processed\test\apple_unripe\leftin_0000791.jpg,apple_unripe,orange_unripe,3,15,False,0.8935778141021729,apple_unripe,0.0982908383011818,leftin
data\processed\test\apple_unripe\leftin_0000792.jpg,apple_unripe,apple_unripe,3,3,True,0.9562680721282959,orange_unripe,0.02479626052081585,leftin
data\processed\test\apple_unripe\leftin_0000794.jpg,apple_unripe,apple_unripe,3,3,True,0.9600437879562378,orange_unripe,0.0271400585770607,leftin
data\processed\test\apple_unripe\leftin_0000795.jpg,apple_unripe,orange_unripe,3,15,False,0.6287561655044556,apple_unripe,0.34885719418525696,leftin
data\processed\test\apple_unripe\leftin_0000796.jpg,apple_unripe,apple_unripe,3,3,True,0.9822350144386292,apple_ripe,0.008151714690029621,leftin
data\processed\test\apple_unripe\leftin_0000797.jpg,apple_unripe,orange_unripe,3,15,False,0.6740579605102539,apple_unripe,0.32208484411239624,leftin
data\processed\test\apple_unripe\leftin_0000798.jpg,apple_unripe,apple_unripe,3,3,True,0.9986373782157898,apple_ripe,0.0007252084324136376,leftin
data\processed\test\apple_unripe\leftin_0000799.jpg,apple_unripe,apple_unripe,3,3,True,0.9638906121253967,apple_ripe,0.01775805652141571,leftin
data\processed\test\apple_unripe\leftin_0000801.jpg,apple_unripe,apple_unripe,3,3,True,0.936923623085022,apple_ripe,0.06065870821475983,leftin
data\processed\test\apple_unripe\leftin_0000802.jpg,apple_unripe,apple_unripe,3,3,True,0.9900301694869995,banana_unripe,0.008103673346340656,leftin
data\processed\test\apple_unripe\leftin_0000803.jpg,apple_unripe,apple_unripe,3,3,True,0.8520331382751465,orange_unripe,0.14576588571071625,leftin
data\processed\test\apple_unripe\leftin_0000804.jpg,apple_unripe,apple_unripe,3,3,True,0.5887393951416016,orange_unripe,0.2314946949481964,leftin
data\processed\test\apple_unripe\leftin_0000805.jpg,apple_unripe,apple_unripe,3,3,True,0.9683663249015808,apple_ripe,0.016590923070907593,leftin
data\processed\test\apple_unripe\leftin_0000808.jpg,apple_unripe,apple_unripe,3,3,True,0.788686215877533,banana_unripe,0.05981938913464546,leftin
data\processed\test\apple_unripe\leftin_0000810.jpg,apple_unripe,apple_unripe,3,3,True,0.6924861073493958,orange_unripe,0.28661227226257324,leftin
data\processed\test\apple_unripe\leftin_0000811.jpg,apple_unripe,apple_unripe,3,3,True,0.5156165957450867,orange_unripe,0.2475789487361908,leftin
data\processed\test\apple_unripe\leftin_0000813.jpg,apple_unripe,apple_unripe,3,3,True,0.8625526428222656,banana_unripe,0.06143246591091156,leftin
data\processed\test\apple_unripe\leftin_0000814.jpg,apple_unripe,apple_unripe,3,3,True,0.865383505821228,orange_unripe,0.1170521080493927,leftin
data\processed\test\apple_unripe\leftin_0000816.jpg,apple_unripe,banana_unripe,3,7,False,0.7208442687988281,banana_ripe,0.22017744183540344,leftin
data\processed\test\apple_unripe\leftin_0000817.jpg,apple_unripe,apple_unripe,3,3,True,0.9831578731536865,orange_unripe,0.008102706633508205,leftin
data\processed\test\apple_unripe\leftin_0000818.jpg,apple_unripe,apple_unripe,3,3,True,0.9588745832443237,apple_ripe,0.020557884126901627,leftin
data\processed\test\apple_unripe\leftin_0000820.jpg,apple_unripe,apple_unripe,3,3,True,0.379372775554657,banana_unripe,0.32567065954208374,leftin
data\processed\test\apple_unripe\leftin_0000821.jpg,apple_unripe,apple_unripe,3,3,True,0.9844295978546143,orange_unripe,0.009292088449001312,leftin
data\processed\test\apple_unripe\leftin_0000822.jpg,apple_unripe,apple_unripe,3,3,True,0.9092531800270081,orange_unripe,0.0572555810213089,leftin
data\processed\test\apple_unripe\leftin_0000823.jpg,apple_unripe,apple_unripe,3,3,True,0.9062591195106506,orange_unripe,0.03525153547525406,leftin
data\processed\test\apple_unripe\leftin_0000826.jpg,apple_unripe,banana_unripe,3,7,False,0.901867687702179,apple_unripe,0.056807272136211395,leftin
data\processed\test\apple_unripe\leftin_0000827.jpg,apple_unripe,apple_unripe,3,3,True,0.9026727080345154,orange_unripe,0.0938354954123497,leftin
data\processed\test\apple_unripe\leftin_0000828.jpg,apple_unripe,apple_unripe,3,3,True,0.9520539045333862,orange_unripe,0.04767897352576256,leftin
data\processed\test\apple_unripe\leftin_0000830.jpg,apple_unripe,banana_unripe,3,7,False,0.43265649676322937,apple_unripe,0.34957268834114075,leftin
data\processed\test\apple_unripe\leftin_0000831.jpg,apple_unripe,orange_unripe,3,15,False,0.9027676582336426,apple_unripe,0.09548666328191757,leftin
data\processed\test\apple_unripe\leftin_0000832.jpg,apple_unripe,apple_unripe,3,3,True,0.8243594169616699,orange_unripe,0.17088715732097626,leftin
data\processed\test\apple_unripe\leftin_0000834.jpg,apple_unripe,orange_unripe,3,15,False,0.5440369248390198,apple_unripe,0.45444631576538086,leftin
data\processed\test\apple_unripe\leftin_0000835.jpg,apple_unripe,apple_unripe,3,3,True,0.921568751335144,banana_unripe,0.06384026259183884,leftin
data\processed\test\apple_unripe\leftin_0000836.jpg,apple_unripe,apple_unripe,3,3,True,0.7852144837379456,orange_unripe,0.20794260501861572,leftin
data\processed\test\apple_unripe\leftin_0000837.jpg,apple_unripe,apple_unripe,3,3,True,0.7552370429039001,banana_unripe,0.16439758241176605,leftin
data\processed\test\apple_unripe\leftin_0000838.jpg,apple_unripe,apple_unripe,3,3,True,0.9963769316673279,orange_unripe,0.0029249165672808886,leftin
data\processed\test\apple_unripe\leftin_0000839.jpg,apple_unripe,apple_unripe,3,3,True,0.6111204028129578,orange_unripe,0.3394516110420227,leftin
data\processed\test\apple_unripe\leftin_0000840.jpg,apple_unripe,apple_unripe,3,3,True,0.9541317224502563,apple_ripe,0.023736324161291122,leftin
data\processed\test\apple_unripe\leftin_0000841.jpg,apple_unripe,apple_unripe,3,3,True,0.8571773767471313,orange_unripe,0.08429162949323654,leftin
data\processed\test\apple_unripe\leftin_0000842.jpg,apple_unripe,apple_unripe,3,3,True,0.9498021602630615,apple_ripe,0.024038663133978844,leftin
data\processed\test\apple_unripe\leftin_0000843.jpg,apple_unripe,apple_unripe,3,3,True,0.9631518721580505,apple_ripe,0.026223260909318924,leftin
data\processed\test\apple_unripe\leftin_0000844.jpg,apple_unripe,apple_unripe,3,3,True,0.9834169745445251,orange_unripe,0.01083321776241064,leftin
data\processed\test\apple_unripe\leftin_0000845.jpg,apple_unripe,apple_unripe,3,3,True,0.9145433902740479,apple_ripe,0.043458614498376846,leftin
data\processed\test\apple_unripe\leftin_0000846.jpg,apple_unripe,orange_unripe,3,15,False,0.5850717425346375,apple_unripe,0.3995089530944824,leftin
data\processed\test\apple_unripe\leftin_0000848.jpg,apple_unripe,apple_unripe,3,3,True,0.975966215133667,orange_unripe,0.011683658696711063,leftin
data\processed\test\apple_unripe\leftin_0000849.jpg,apple_unripe,apple_unripe,3,3,True,0.9081485271453857,orange_unripe,0.080287404358387,leftin
data\processed\test\apple_unripe\leftin_0000851.jpg,apple_unripe,apple_unripe,3,3,True,0.9456191062927246,orange_unripe,0.04891609773039818,leftin
data\processed\test\apple_unripe\leftin_0000852.jpg,apple_unripe,apple_unripe,3,3,True,0.6584301590919495,orange_unripe,0.17272083461284637,leftin
data\processed\test\apple_unripe\leftin_0000855.jpg,apple_unripe,apple_unripe,3,3,True,0.9816271662712097,orange_unripe,0.017168859019875526,leftin
data\processed\test\apple_unripe\leftin_0000857.jpg,apple_unripe,apple_unripe,3,3,True,0.873842716217041,orange_unripe,0.12613557279109955,leftin
data\processed\test\apple_unripe\leftin_0000858.jpg,apple_unripe,apple_unripe,3,3,True,0.9289970397949219,apple_ripe,0.040416114032268524,leftin
data\processed\test\apple_unripe\leftin_0000859.jpg,apple_unripe,apple_unripe,3,3,True,0.9847283363342285,apple_ripe,0.011683960445225239,leftin
data\processed\test\apple_unripe\leftin_0000860.jpg,apple_unripe,apple_unripe,3,3,True,0.9866705536842346,apple_ripe,0.00911826454102993,leftin
data\processed\test\apple_unripe\leftin_0000861.jpg,apple_unripe,apple_unripe,3,3,True,0.94288170337677,apple_ripe,0.029162965714931488,leftin
data\processed\test\apple_unripe\leftin_0000862.jpg,apple_unripe,apple_unripe,3,3,True,0.9927789568901062,orange_unripe,0.006683721672743559,leftin
data\processed\test\apple_unripe\leftin_0000864.jpg,apple_unripe,apple_unripe,3,3,True,0.9599144458770752,orange_unripe,0.03979233652353287,leftin
data\processed\test\apple_unripe\leftin_0000865.jpg,apple_unripe,apple_unripe,3,3,True,0.5176151990890503,orange_unripe,0.43395867943763733,leftin
data\processed\test\apple_unripe\leftin_0000866.jpg,apple_unripe,apple_unripe,3,3,True,0.9587053060531616,orange_unripe,0.022438667714595795,leftin
data\processed\test\apple_unripe\leftin_0000868.jpg,apple_unripe,apple_unripe,3,3,True,0.5825312733650208,orange_unripe,0.33292919397354126,leftin
data\processed\test\apple_unripe\leftin_0000869.jpg,apple_unripe,orange_unripe,3,15,False,0.746116578578949,apple_unripe,0.250949889421463,leftin
data\processed\test\apple_unripe\leftin_0000870.jpg,apple_unripe,apple_unripe,3,3,True,0.9535812139511108,orange_unripe,0.03472089022397995,leftin
data\processed\test\apple_unripe\leftin_0000871.jpg,apple_unripe,banana_unripe,3,7,False,0.9825630187988281,apple_unripe,0.01512836292386055,leftin
data\processed\test\apple_unripe\leftin_0000872.jpg,apple_unripe,apple_unripe,3,3,True,0.9383734464645386,orange_unripe,0.06101777404546738,leftin
data\processed\test\apple_unripe\leftin_0000873.jpg,apple_unripe,apple_unripe,3,3,True,0.7030890583992004,banana_unripe,0.22631926834583282,leftin
data\processed\test\apple_unripe\leftin_0000874.jpg,apple_unripe,orange_unripe,3,15,False,0.8630883097648621,apple_unripe,0.13509775698184967,leftin
data\processed\test\apple_unripe\leftin_0000876.jpg,apple_unripe,banana_unripe,3,7,False,0.591508686542511,apple_unripe,0.3708232343196869,leftin
data\processed\test\apple_unripe\leftin_0000878.jpg,apple_unripe,apple_unripe,3,3,True,0.9281520843505859,apple_ripe,0.028596026822924614,leftin
data\processed\test\apple_unripe\leftin_0000880.jpg,apple_unripe,apple_unripe,3,3,True,0.7646093964576721,orange_unripe,0.21690289676189423,leftin
data\processed\test\apple_unripe\leftin_0000881.jpg,apple_unripe,apple_unripe,3,3,True,0.8702753782272339,orange_unripe,0.12798143923282623,leftin
data\processed\test\apple_unripe\leftin_0000882.jpg,apple_unripe,apple_unripe,3,3,True,0.6586027145385742,orange_unripe,0.20815174281597137,leftin
data\processed\test\apple_unripe\leftin_0000883.jpg,apple_unripe,banana_unripe,3,7,False,0.536236584186554,apple_unripe,0.3454621136188507,leftin
data\processed\test\apple_unripe\leftin_0000884.jpg,apple_unripe,apple_unripe,3,3,True,0.7175502777099609,orange_unripe,0.26008662581443787,leftin
data\processed\test\apple_unripe\leftin_0000885.jpg,apple_unripe,apple_unripe,3,3,True,0.9826775193214417,orange_unripe,0.01710117794573307,leftin
data\processed\test\apple_unripe\leftin_0000889.jpg,apple_unripe,apple_ripe,3,1,False,0.36068442463874817,apple_overripe,0.35531994700431824,leftin
data\processed\test\apple_unripe\leftin_0000890.jpg,apple_unripe,apple_unripe,3,3,True,0.6105063557624817,orange_unripe,0.3873678147792816,leftin
data\processed\test\apple_unripe\leftin_0000891.jpg,apple_unripe,apple_unripe,3,3,True,0.8504268527030945,orange_unripe,0.12677238881587982,leftin
data\processed\test\apple_unripe\leftin_0000892.jpg,apple_unripe,apple_unripe,3,3,True,0.9717112183570862,orange_unripe,0.019364994019269943,leftin
data\processed\test\apple_unripe\leftin_0000893.jpg,apple_unripe,banana_unripe,3,7,False,0.579032838344574,apple_unripe,0.35999318957328796,leftin
data\processed\test\apple_unripe\leftin_0000895.jpg,apple_unripe,apple_unripe,3,3,True,0.9990767240524292,apple_ripe,0.00040576947503723204,leftin
data\processed\test\apple_unripe\leftin_0000896.jpg,apple_unripe,apple_unripe,3,3,True,0.711789608001709,orange_unripe,0.16355860233306885,leftin
data\processed\test\apple_unripe\leftin_0000897.jpg,apple_unripe,apple_unripe,3,3,True,0.5416218042373657,orange_unripe,0.43968623876571655,leftin
data\processed\test\apple_unripe\leftin_0000898.jpg,apple_unripe,apple_unripe,3,3,True,0.9022104740142822,banana_unripe,0.06077771261334419,leftin
data\processed\test\apple_unripe\leftin_0000899.jpg,apple_unripe,apple_unripe,3,3,True,0.7612631916999817,orange_unripe,0.17338678240776062,leftin
data\processed\test\apple_unripe\leftin_0000901.jpg,apple_unripe,orange_unripe,3,15,False,0.8434885740280151,apple_unripe,0.13182306289672852,leftin
data\processed\test\apple_unripe\leftin_0000902.jpg,apple_unripe,apple_unripe,3,3,True,0.7350558042526245,tomato_overripe,0.16988947987556458,leftin
data\processed\test\apple_unripe\leftin_0000903.jpg,apple_unripe,orange_unripe,3,15,False,0.7809239029884338,apple_unripe,0.2177874743938446,leftin
data\processed\test\apple_unripe\leftin_0000904.jpg,apple_unripe,orange_unripe,3,15,False,0.6981305480003357,apple_unripe,0.2971765398979187,leftin
data\processed\test\apple_unripe\leftin_0000906.jpg,apple_unripe,orange_unripe,3,15,False,0.8725137710571289,apple_unripe,0.12129461765289307,leftin
data\processed\test\apple_unripe\leftin_0000908.jpg,apple_unripe,apple_unripe,3,3,True,0.9892197251319885,orange_unripe,0.005930763669312,leftin
data\processed\test\apple_unripe\leftin_0000909.jpg,apple_unripe,apple_unripe,3,3,True,0.9054837822914124,orange_unripe,0.07007914781570435,leftin
data\processed\test\apple_unripe\leftin_0000914.jpg,apple_unripe,apple_unripe,3,3,True,0.9742493033409119,apple_ripe,0.01873042806982994,leftin
data\processed\test\apple_unripe\leftin_0000918.jpg,apple_unripe,orange_unripe,3,15,False,0.8902392387390137,apple_unripe,0.10784615576267242,leftin
data\processed\test\apple_unripe\leftin_0000920.jpg,apple_unripe,apple_unripe,3,3,True,0.9566574692726135,orange_unripe,0.039079561829566956,leftin
data\processed\test\apple_unripe\leftin_0000921.jpg,apple_unripe,apple_unripe,3,3,True,0.7722145915031433,orange_unripe,0.2257392853498459,leftin
data\processed\test\apple_unripe\leftin_0000923.jpg,apple_unripe,apple_unripe,3,3,True,0.7193976044654846,orange_unripe,0.2779153883457184,leftin
data\processed\test\apple_unripe\leftin_0000924.jpg,apple_unripe,apple_unripe,3,3,True,0.7461948394775391,orange_unripe,0.2504637837409973,leftin
data\processed\test\apple_unripe\leftin_0000926.jpg,apple_unripe,apple_unripe,3,3,True,0.9986560344696045,orange_unripe,0.0008916636579670012,leftin
data\processed\test\apple_unripe\leftin_0000927.jpg,apple_unripe,orange_unripe,3,15,False,0.6001543998718262,apple_unripe,0.3614577353000641,leftin
data\processed\test\apple_unripe\leftin_0000929.jpg,apple_unripe,apple_unripe,3,3,True,0.9815838932991028,banana_unripe,0.012676451355218887,leftin
data\processed\test\apple_unripe\leftin_0000931.jpg,apple_unripe,apple_unripe,3,3,True,0.9189695119857788,orange_unripe,0.06540007144212723,leftin
data\processed\test\apple_unripe\leftin_0000932.jpg,apple_unripe,apple_unripe,3,3,True,0.6040162444114685,orange_unripe,0.32562485337257385,leftin
data\processed\test\apple_unripe\leftin_0000937.jpg,apple_unripe,apple_overripe,3,0,False,0.8296562433242798,apple_unripe,0.07961411029100418,leftin
data\processed\test\apple_unripe\leftin_0000939.jpg,apple_unripe,apple_unripe,3,3,True,0.9597233533859253,apple_ripe,0.03627194091677666,leftin
data\processed\test\apple_unripe\leftin_0000940.jpg,apple_unripe,apple_unripe,3,3,True,0.9527438879013062,orange_unripe,0.034212253987789154,leftin
data\processed\test\apple_unripe\leftin_0000941.jpg,apple_unripe,apple_unripe,3,3,True,0.9872860312461853,apple_ripe,0.012064545415341854,leftin
data\processed\test\apple_unripe\leftin_0000942.jpg,apple_unripe,apple_unripe,3,3,True,0.9905857443809509,banana_unripe,0.0034831142984330654,leftin
data\processed\test\apple_unripe\leftin_0000944.jpg,apple_unripe,apple_unripe,3,3,True,0.8821772933006287,orange_unripe,0.06410898268222809,leftin
data\processed\test\apple_unripe\leftin_0000945.jpg,apple_unripe,apple_unripe,3,3,True,0.7779034972190857,banana_unripe,0.2025732547044754,leftin
data\processed\test\apple_unripe\leftin_0000946.jpg,apple_unripe,orange_unripe,3,15,False,0.9005568027496338,apple_unripe,0.08377009630203247,leftin
data\processed\test\apple_unripe\leftin_0000947.jpg,apple_unripe,apple_unripe,3,3,True,0.5410940647125244,orange_unripe,0.44796690344810486,leftin
data\processed\test\apple_unripe\leftin_0000948.jpg,apple_unripe,apple_unripe,3,3,True,0.8641783595085144,orange_unripe,0.1297057569026947,leftin
data\processed\test\apple_unripe\leftin_0000950.jpg,apple_unripe,apple_unripe,3,3,True,0.9636492133140564,orange_unripe,0.02822401188313961,leftin
data\processed\test\apple_unripe\leftin_0000951.jpg,apple_unripe,apple_unripe,3,3,True,0.7965662479400635,apple_overripe,0.08420909196138382,leftin
data\processed\test\apple_unripe\leftin_0000953.jpg,apple_unripe,orange_unripe,3,15,False,0.5926635265350342,mango_ripe,0.18617895245552063,leftin
data\processed\test\apple_unripe\leftin_0000954.jpg,apple_unripe,apple_unripe,3,3,True,0.7938429713249207,banana_unripe,0.1789936125278473,leftin
data\processed\test\apple_unripe\leftin_0000955.jpg,apple_unripe,apple_unripe,3,3,True,0.7261729836463928,orange_unripe,0.2588760554790497,leftin
data\processed\test\apple_unripe\leftin_0000956.jpg,apple_unripe,orange_unripe,3,15,False,0.9430757761001587,apple_unripe,0.05268235504627228,leftin
data\processed\test\apple_unripe\leftin_0000958.jpg,apple_unripe,apple_unripe,3,3,True,0.8327407240867615,orange_unripe,0.128834530711174,leftin
data\processed\test\apple_unripe\leftin_0000960.jpg,apple_unripe,orange_unripe,3,15,False,0.7657206654548645,apple_unripe,0.17885634303092957,leftin
data\processed\test\apple_unripe\leftin_0000961.jpg,apple_unripe,apple_unripe,3,3,True,0.9423710107803345,apple_ripe,0.04272293299436569,leftin
data\processed\test\apple_unripe\leftin_0000962.jpg,apple_unripe,orange_unripe,3,15,False,0.6169153451919556,apple_unripe,0.3670874834060669,leftin
data\processed\test\apple_unripe\leftin_0000963.jpg,apple_unripe,apple_unripe,3,3,True,0.772358238697052,orange_unripe,0.22375327348709106,leftin
data\processed\test\apple_unripe\leftin_0000966.jpg,apple_unripe,apple_unripe,3,3,True,0.8900230526924133,orange_unripe,0.08244046568870544,leftin
data\processed\test\banana_overripe\asadullahprl_0000967.jpg,banana_overripe,banana_overripe,4,4,True,0.812455952167511,mango_overripe,0.15332338213920593,asadullahprl
data\processed\test\banana_overripe\asadullahprl_0000968.jpg,banana_overripe,banana_overripe,4,4,True,0.9360134601593018,banana_ripe,0.06223374605178833,asadullahprl
data\processed\test\banana_overripe\asadullahprl_0000969.jpg,banana_overripe,banana_overripe,4,4,True,0.7107688784599304,banana_rotten,0.15151341259479523,asadullahprl
data\processed\test\banana_overripe\asadullahprl_0000970.jpg,banana_overripe,banana_overripe,4,4,True,0.9954351782798767,banana_ripe,0.0013353449758142233,asadullahprl
data\processed\test\banana_overripe\asadullahprl_0000972.jpg,banana_overripe,banana_unripe,4,7,False,0.6378889679908752,banana_overripe,0.2263803482055664,asadullahprl
data\processed\test\banana_overripe\asadullahprl_0000973.jpg,banana_overripe,banana_ripe,4,5,False,0.5551124811172485,banana_overripe,0.42908185720443726,asadullahprl
data\processed\test\banana_overripe\asadullahprl_0000974.jpg,banana_overripe,banana_overripe,4,4,True,0.9729634523391724,banana_ripe,0.026677140966057777,asadullahprl
data\processed\test\banana_overripe\asadullahprl_0000975.jpg,banana_overripe,banana_overripe,4,4,True,0.9904624819755554,banana_rotten,0.0038523597177118063,asadullahprl
data\processed\test\banana_overripe\asadullahprl_0000976.jpg,banana_overripe,banana_rotten,4,6,False,0.891063392162323,banana_overripe,0.10673549771308899,asadullahprl
data\processed\test\banana_overripe\asadullahprl_0000978.jpg,banana_overripe,banana_overripe,4,4,True,0.993067741394043,banana_ripe,0.0034985479433089495,asadullahprl
data\processed\test\banana_overripe\asadullahprl_0000979.jpg,banana_overripe,banana_overripe,4,4,True,0.9949092268943787,banana_ripe,0.0042755515314638615,asadullahprl
data\processed\test\banana_overripe\asadullahprl_0000980.jpg,banana_overripe,banana_overripe,4,4,True,0.7613670825958252,mango_overripe,0.21632644534111023,asadullahprl
data\processed\test\banana_overripe\asadullahprl_0000982.jpg,banana_overripe,banana_ripe,4,5,False,0.3691555857658386,apple_rotten,0.09750857204198837,asadullahprl
data\processed\test\banana_overripe\asadullahprl_0000984.jpg,banana_overripe,banana_overripe,4,4,True,0.9881227612495422,banana_rotten,0.004945619963109493,asadullahprl
data\processed\test\banana_overripe\asadullahprl_0000985.jpg,banana_overripe,banana_overripe,4,4,True,0.9810848236083984,banana_ripe,0.01612483337521553,asadullahprl
data\processed\test\banana_overripe\asadullahprl_0000986.jpg,banana_overripe,banana_rotten,4,6,False,0.7192288637161255,banana_overripe,0.2800363302230835,asadullahprl
data\processed\test\banana_overripe\asadullahprl_0000988.jpg,banana_overripe,banana_overripe,4,4,True,0.9650856256484985,banana_ripe,0.03324585780501366,asadullahprl
data\processed\test\banana_overripe\asadullahprl_0000989.jpg,banana_overripe,banana_overripe,4,4,True,0.9860872626304626,banana_ripe,0.011561127379536629,asadullahprl
data\processed\test\banana_overripe\asadullahprl_0000991.jpg,banana_overripe,banana_overripe,4,4,True,0.811342716217041,banana_ripe,0.1801658570766449,asadullahprl
data\processed\test\banana_overripe\asadullahprl_0000994.jpg,banana_overripe,banana_overripe,4,4,True,0.9175939559936523,banana_ripe,0.07852759212255478,asadullahprl
data\processed\test\banana_overripe\asadullahprl_0000995.jpg,banana_overripe,banana_overripe,4,4,True,0.7544849514961243,banana_rotten,0.1666957139968872,asadullahprl
data\processed\test\banana_overripe\asadullahprl_0000996.jpg,banana_overripe,banana_overripe,4,4,True,0.975210428237915,banana_rotten,0.020594341680407524,asadullahprl
data\processed\test\banana_overripe\asadullahprl_0000998.jpg,banana_overripe,banana_overripe,4,4,True,0.8409915566444397,banana_ripe,0.15112178027629852,asadullahprl
data\processed\test\banana_overripe\asadullahprl_0000999.jpg,banana_overripe,banana_overripe,4,4,True,0.9858932495117188,banana_ripe,0.012536736205220222,asadullahprl
data\processed\test\banana_overripe\asadullahprl_0001001.jpg,banana_overripe,banana_overripe,4,4,True,0.9992929697036743,banana_ripe,0.00042224384378641844,asadullahprl
data\processed\test\banana_overripe\asadullahprl_0001003.jpg,banana_overripe,banana_overripe,4,4,True,0.7738315463066101,banana_ripe,0.22313538193702698,asadullahprl
data\processed\test\banana_overripe\asadullahprl_0001004.jpg,banana_overripe,banana_overripe,4,4,True,0.5188433527946472,banana_rotten,0.3578289747238159,asadullahprl
data\processed\test\banana_overripe\asadullahprl_0001007.jpg,banana_overripe,banana_overripe,4,4,True,0.6697394251823425,banana_ripe,0.2500034272670746,asadullahprl
data\processed\test\banana_overripe\asadullahprl_0001008.jpg,banana_overripe,banana_overripe,4,4,True,0.9830280542373657,banana_ripe,0.01598021760582924,asadullahprl
data\processed\test\banana_overripe\asadullahprl_0001011.jpg,banana_overripe,banana_overripe,4,4,True,0.9446384906768799,banana_ripe,0.053263816982507706,asadullahprl
data\processed\test\banana_overripe\asadullahprl_0001014.jpg,banana_overripe,banana_overripe,4,4,True,0.67923504114151,banana_ripe,0.31731534004211426,asadullahprl
data\processed\test\banana_overripe\asadullahprl_0001016.jpg,banana_overripe,banana_overripe,4,4,True,0.9963868856430054,banana_ripe,0.0015015448443591595,asadullahprl
data\processed\test\banana_overripe\asadullahprl_0001017.jpg,banana_overripe,banana_overripe,4,4,True,0.9910802245140076,banana_rotten,0.005333124194294214,asadullahprl
data\processed\test\banana_overripe\asadullahprl_0001023.jpg,banana_overripe,banana_overripe,4,4,True,0.4830356240272522,banana_ripe,0.41799935698509216,asadullahprl
data\processed\test\banana_overripe\bananaimagebd_0000971.jpg,banana_overripe,banana_overripe,4,4,True,0.967673659324646,mango_overripe,0.0214080847799778,bananaimagebd
data\processed\test\banana_overripe\bananaimagebd_0000977.jpg,banana_overripe,banana_overripe,4,4,True,0.999040424823761,mango_overripe,0.0002149358333554119,bananaimagebd
data\processed\test\banana_overripe\bananaimagebd_0000981.jpg,banana_overripe,banana_overripe,4,4,True,0.9938510656356812,mango_overripe,0.0045308000408113,bananaimagebd
data\processed\test\banana_overripe\bananaimagebd_0000983.jpg,banana_overripe,banana_overripe,4,4,True,0.8482014536857605,banana_rotten,0.13897666335105896,bananaimagebd
data\processed\test\banana_overripe\bananaimagebd_0000987.jpg,banana_overripe,banana_overripe,4,4,True,0.999503493309021,banana_ripe,0.00022080498456489295,bananaimagebd
data\processed\test\banana_overripe\bananaimagebd_0000990.jpg,banana_overripe,banana_overripe,4,4,True,0.860848069190979,banana_ripe,0.12698431313037872,bananaimagebd
data\processed\test\banana_overripe\bananaimagebd_0000992.jpg,banana_overripe,banana_overripe,4,4,True,0.9978118538856506,banana_ripe,0.000649658206384629,bananaimagebd
data\processed\test\banana_overripe\bananaimagebd_0000993.jpg,banana_overripe,banana_overripe,4,4,True,0.9972327351570129,banana_rotten,0.001564769190736115,bananaimagebd
data\processed\test\banana_overripe\bananaimagebd_0000997.jpg,banana_overripe,banana_overripe,4,4,True,0.998948872089386,banana_ripe,0.0007246435852721334,bananaimagebd
data\processed\test\banana_overripe\bananaimagebd_0001000.jpg,banana_overripe,banana_overripe,4,4,True,0.9891008734703064,banana_rotten,0.009423486888408661,bananaimagebd
data\processed\test\banana_overripe\bananaimagebd_0001002.jpg,banana_overripe,banana_overripe,4,4,True,0.9963513612747192,banana_ripe,0.003355634631589055,bananaimagebd
data\processed\test\banana_overripe\bananaimagebd_0001005.jpg,banana_overripe,banana_overripe,4,4,True,0.9141334891319275,banana_rotten,0.07812215387821198,bananaimagebd
data\processed\test\banana_overripe\bananaimagebd_0001006.jpg,banana_overripe,banana_overripe,4,4,True,0.9678636789321899,banana_rotten,0.02005094289779663,bananaimagebd
data\processed\test\banana_overripe\bananaimagebd_0001009.jpg,banana_overripe,banana_overripe,4,4,True,0.9954657554626465,banana_rotten,0.001326367142610252,bananaimagebd
data\processed\test\banana_overripe\bananaimagebd_0001010.jpg,banana_overripe,banana_overripe,4,4,True,0.9860609769821167,mango_overripe,0.00834948942065239,bananaimagebd
data\processed\test\banana_overripe\bananaimagebd_0001012.jpg,banana_overripe,banana_overripe,4,4,True,0.9811439514160156,banana_ripe,0.011094451881945133,bananaimagebd
data\processed\test\banana_overripe\bananaimagebd_0001013.jpg,banana_overripe,banana_overripe,4,4,True,0.9977824091911316,banana_rotten,0.0012640877394005656,bananaimagebd
data\processed\test\banana_overripe\bananaimagebd_0001015.jpg,banana_overripe,banana_overripe,4,4,True,0.9832709431648254,mango_overripe,0.007942679338157177,bananaimagebd
data\processed\test\banana_overripe\bananaimagebd_0001018.jpg,banana_overripe,banana_overripe,4,4,True,0.9627364873886108,banana_ripe,0.03352399542927742,bananaimagebd
data\processed\test\banana_overripe\bananaimagebd_0001019.jpg,banana_overripe,banana_overripe,4,4,True,0.9770001173019409,banana_rotten,0.015695136040449142,bananaimagebd
data\processed\test\banana_overripe\bananaimagebd_0001020.jpg,banana_overripe,banana_overripe,4,4,True,0.6521701216697693,banana_ripe,0.3253215551376343,bananaimagebd
data\processed\test\banana_overripe\bananaimagebd_0001021.jpg,banana_overripe,banana_overripe,4,4,True,0.9836668968200684,banana_rotten,0.011641280725598335,bananaimagebd
data\processed\test\banana_overripe\bananaimagebd_0001022.jpg,banana_overripe,banana_overripe,4,4,True,0.8572643995285034,banana_rotten,0.12176386266946793,bananaimagebd
data\processed\test\banana_ripe\alexcj10-ripenet_0001024.jpg,banana_ripe,banana_ripe,5,5,True,0.8069784641265869,banana_unripe,0.08133995532989502,alexcj10
data\processed\test\banana_ripe\alexcj10-ripenet_0001035.jpg,banana_ripe,banana_ripe,5,5,True,0.9731767177581787,banana_unripe,0.01870368793606758,alexcj10
data\processed\test\banana_ripe\alexcj10-ripenet_0001053.jpg,banana_ripe,mango_ripe,5,9,False,0.5275208950042725,banana_ripe,0.19528627395629883,alexcj10
data\processed\test\banana_ripe\alexcj10-ripenet_0001057.jpg,banana_ripe,banana_ripe,5,5,True,0.417397677898407,banana_unripe,0.38684773445129395,alexcj10
data\processed\test\banana_ripe\alexcj10-ripenet_0001059.jpg,banana_ripe,banana_rotten,5,6,False,0.6681284308433533,banana_ripe,0.18752248585224152,alexcj10
data\processed\test\banana_ripe\alexcj10-ripenet_0001062.jpg,banana_ripe,banana_ripe,5,5,True,0.7798683643341064,mango_ripe,0.055194225162267685,alexcj10
data\processed\test\banana_ripe\alexcj10-ripenet_0001064.jpg,banana_ripe,banana_rotten,5,6,False,0.4946613609790802,banana_ripe,0.4499177634716034,alexcj10
data\processed\test\banana_ripe\alexcj10-ripenet_0001069.jpg,banana_ripe,banana_ripe,5,5,True,0.8803274035453796,banana_unripe,0.08770960569381714,alexcj10
data\processed\test\banana_ripe\alexcj10-ripenet_0001074.jpg,banana_ripe,banana_rotten,5,6,False,0.7259458303451538,banana_ripe,0.11578770726919174,alexcj10
data\processed\test\banana_ripe\alexcj10-ripenet_0001087.jpg,banana_ripe,banana_ripe,5,5,True,0.9292812347412109,banana_rotten,0.03323475271463394,alexcj10
data\processed\test\banana_ripe\alexcj10-ripenet_0001096.jpg,banana_ripe,banana_ripe,5,5,True,0.46661579608917236,banana_unripe,0.29255372285842896,alexcj10
data\processed\test\banana_ripe\alexcj10-ripenet_0001100.jpg,banana_ripe,banana_ripe,5,5,True,0.984889566898346,banana_overripe,0.010197748430073261,alexcj10
data\processed\test\banana_ripe\alexcj10-ripenet_0001103.jpg,banana_ripe,banana_rotten,5,6,False,0.4926939904689789,banana_overripe,0.3268662691116333,alexcj10
data\processed\test\banana_ripe\alexcj10-ripenet_0001106.jpg,banana_ripe,banana_rotten,5,6,False,0.7435969710350037,banana_overripe,0.16247451305389404,alexcj10
data\processed\test\banana_ripe\alexcj10-ripenet_0001109.jpg,banana_ripe,banana_ripe,5,5,True,0.9750201106071472,banana_unripe,0.017458446323871613,alexcj10
data\processed\test\banana_ripe\alexcj10-ripenet_0001115.jpg,banana_ripe,banana_ripe,5,5,True,0.9817482829093933,banana_unripe,0.013799851760268211,alexcj10
data\processed\test\banana_ripe\alexcj10-ripenet_0001122.jpg,banana_ripe,banana_ripe,5,5,True,0.8682682514190674,mango_ripe,0.08727709203958511,alexcj10
data\processed\test\banana_ripe\alexcj10-ripenet_0001126.jpg,banana_ripe,banana_ripe,5,5,True,0.6836574673652649,banana_rotten,0.19535449147224426,alexcj10
data\processed\test\banana_ripe\alexcj10-ripenet_0001128.jpg,banana_ripe,banana_ripe,5,5,True,0.4360365867614746,mango_ripe,0.3278518319129944,alexcj10
data\processed\test\banana_ripe\alexcj10-ripenet_0001135.jpg,banana_ripe,papaya_ripe,5,16,False,0.26815611124038696,mango_ripe,0.1574852615594864,alexcj10
data\processed\test\banana_ripe\alexcj10-ripenet_0001136.jpg,banana_ripe,banana_rotten,5,6,False,0.5641358494758606,banana_ripe,0.276584655046463,alexcj10
data\processed\test\banana_ripe\alexcj10-ripenet_0001148.jpg,banana_ripe,banana_ripe,5,5,True,0.8947691321372986,banana_overripe,0.05277131870388985,alexcj10
data\processed\test\banana_ripe\alexcj10-ripenet_0001152.jpg,banana_ripe,banana_ripe,5,5,True,0.5524286031723022,banana_rotten,0.341919869184494,alexcj10
data\processed\test\banana_ripe\alexcj10-ripenet_0001183.jpg,banana_ripe,banana_ripe,5,5,True,0.751226007938385,banana_overripe,0.1533960998058319,alexcj10
data\processed\test\banana_ripe\alexcj10-ripenet_0001186.jpg,banana_ripe,banana_ripe,5,5,True,0.6852003931999207,pineapple_ripe,0.08385017514228821,alexcj10
data\processed\test\banana_ripe\alexcj10-ripenet_0001190.jpg,banana_ripe,banana_ripe,5,5,True,0.8194551467895508,banana_rotten,0.09115935117006302,alexcj10
data\processed\test\banana_ripe\alexcj10-ripenet_0001195.jpg,banana_ripe,pineapple_ripe,5,19,False,0.5242578983306885,pineapple_unripe,0.11975957453250885,alexcj10
data\processed\test\banana_ripe\alexcj10-ripenet_0001211.jpg,banana_ripe,banana_ripe,5,5,True,0.7670131325721741,banana_unripe,0.22498217225074768,alexcj10
data\processed\test\banana_ripe\alexcj10-ripenet_0001220.jpg,banana_ripe,banana_ripe,5,5,True,0.8197721838951111,banana_unripe,0.1543143093585968,alexcj10
data\processed\test\banana_ripe\alexcj10-ripenet_0001229.jpg,banana_ripe,mango_ripe,5,9,False,0.701248288154602,apple_ripe,0.08677127957344055,alexcj10
data\processed\test\banana_ripe\alexcj10-ripenet_0001231.jpg,banana_ripe,pineapple_ripe,5,19,False,0.33393487334251404,pineapple_rotten,0.27559036016464233,alexcj10
data\processed\test\banana_ripe\alexcj10-ripenet_0001233.jpg,banana_ripe,banana_ripe,5,5,True,0.6719946265220642,papaya_unripe,0.06016215309500694,alexcj10
data\processed\test\banana_ripe\alexcj10-ripenet_0001240.jpg,banana_ripe,banana_ripe,5,5,True,0.8594507575035095,banana_rotten,0.07694806158542633,alexcj10
data\processed\test\banana_ripe\alexcj10-ripenet_0001242.jpg,banana_ripe,banana_ripe,5,5,True,0.990675151348114,banana_unripe,0.008147268556058407,alexcj10
data\processed\test\banana_ripe\alexcj10-ripenet_0001244.jpg,banana_ripe,banana_ripe,5,5,True,0.9183309674263,banana_unripe,0.05632614344358444,alexcj10
data\processed\test\banana_ripe\alexcj10-ripenet_0001251.jpg,banana_ripe,banana_ripe,5,5,True,0.6294674277305603,pineapple_ripe,0.18730147182941437,alexcj10
data\processed\test\banana_ripe\alexcj10-ripenet_0001257.jpg,banana_ripe,banana_ripe,5,5,True,0.9577441215515137,banana_unripe,0.0295392032712698,alexcj10
data\processed\test\banana_ripe\alexcj10-ripenet_0001262.jpg,banana_ripe,banana_ripe,5,5,True,0.8644795417785645,banana_unripe,0.1297803670167923,alexcj10
data\processed\test\banana_ripe\alexcj10-ripenet_0001263.jpg,banana_ripe,papaya_unripe,5,18,False,0.3199620544910431,banana_rotten,0.23068352043628693,alexcj10
data\processed\test\banana_ripe\alexcj10-ripenet_0001276.jpg,banana_ripe,banana_ripe,5,5,True,0.5223475694656372,pineapple_ripe,0.16699817776679993,alexcj10
data\processed\test\banana_ripe\alexcj10-ripenet_0001284.jpg,banana_ripe,mango_ripe,5,9,False,0.9616817831993103,banana_ripe,0.021474018692970276,alexcj10
data\processed\test\banana_ripe\alexcj10-ripenet_0001289.jpg,banana_ripe,banana_ripe,5,5,True,0.5754534602165222,pineapple_rotten,0.17327995598316193,alexcj10
data\processed\test\banana_ripe\alexcj10-ripenet_0001297.jpg,banana_ripe,banana_ripe,5,5,True,0.504111647605896,mango_ripe,0.3225948214530945,alexcj10
data\processed\test\banana_ripe\alexcj10-ripenet_0001312.jpg,banana_ripe,banana_ripe,5,5,True,0.585040807723999,mango_ripe,0.24590644240379333,alexcj10
data\processed\test\banana_ripe\alexcj10-ripenet_0001323.jpg,banana_ripe,banana_ripe,5,5,True,0.9630886316299438,banana_unripe,0.0355612076818943,alexcj10
data\processed\test\banana_ripe\alexcj10-ripenet_0001338.jpg,banana_ripe,banana_ripe,5,5,True,0.6002030968666077,banana_unripe,0.2968015670776367,alexcj10
data\processed\test\banana_ripe\alexcj10-ripenet_0001343.jpg,banana_ripe,banana_ripe,5,5,True,0.966913640499115,banana_unripe,0.023323073983192444,alexcj10
data\processed\test\banana_ripe\alexcj10-ripenet_0001344.jpg,banana_ripe,banana_rotten,5,6,False,0.19969382882118225,papaya_ripe,0.15176977217197418,alexcj10
data\processed\test\banana_ripe\alexcj10-ripenet_0001346.jpg,banana_ripe,banana_unripe,5,7,False,0.5430065393447876,banana_ripe,0.45305725932121277,alexcj10
data\processed\test\banana_ripe\alexcj10-ripenet_0001347.jpg,banana_ripe,banana_ripe,5,5,True,0.9616109132766724,banana_unripe,0.01813689060509205,alexcj10
data\processed\test\banana_ripe\alexcj10-ripenet_0001348.jpg,banana_ripe,banana_ripe,5,5,True,0.9899255037307739,banana_unripe,0.006921769119799137,alexcj10
data\processed\test\banana_ripe\alexcj10-ripenet_0001362.jpg,banana_ripe,banana_ripe,5,5,True,0.8767524361610413,banana_unripe,0.04061799868941307,alexcj10
data\processed\test\banana_ripe\asadullahprl_0001028.jpg,banana_ripe,banana_overripe,5,4,False,0.979853630065918,banana_unripe,0.012279678136110306,asadullahprl
data\processed\test\banana_ripe\asadullahprl_0001030.jpg,banana_ripe,banana_ripe,5,5,True,0.5000598430633545,banana_overripe,0.4375390112400055,asadullahprl
data\processed\test\banana_ripe\asadullahprl_0001036.jpg,banana_ripe,banana_ripe,5,5,True,0.5082675218582153,banana_unripe,0.41298729181289673,asadullahprl
data\processed\test\banana_ripe\asadullahprl_0001041.jpg,banana_ripe,banana_overripe,5,4,False,0.774914026260376,banana_ripe,0.2244141697883606,asadullahprl
data\processed\test\banana_ripe\asadullahprl_0001054.jpg,banana_ripe,banana_ripe,5,5,True,0.9681300520896912,banana_unripe,0.027246257290244102,asadullahprl
data\processed\test\banana_ripe\asadullahprl_0001056.jpg,banana_ripe,banana_ripe,5,5,True,0.992130696773529,banana_unripe,0.007584668695926666,asadullahprl
data\processed\test\banana_ripe\asadullahprl_0001073.jpg,banana_ripe,banana_unripe,5,7,False,0.4849725365638733,banana_ripe,0.4224082827568054,asadullahprl
data\processed\test\banana_ripe\asadullahprl_0001076.jpg,banana_ripe,banana_ripe,5,5,True,0.7373015284538269,banana_overripe,0.22573401033878326,asadullahprl
data\processed\test\banana_ripe\asadullahprl_0001078.jpg,banana_ripe,banana_overripe,5,4,False,0.9330881237983704,banana_ripe,0.06193727254867554,asadullahprl
data\processed\test\banana_ripe\asadullahprl_0001080.jpg,banana_ripe,banana_ripe,5,5,True,0.8720183372497559,banana_overripe,0.12080323696136475,asadullahprl
data\processed\test\banana_ripe\asadullahprl_0001091.jpg,banana_ripe,banana_ripe,5,5,True,0.5917227864265442,banana_overripe,0.3633236289024353,asadullahprl
data\processed\test\banana_ripe\asadullahprl_0001113.jpg,banana_ripe,banana_ripe,5,5,True,0.9716549515724182,banana_unripe,0.01809847727417946,asadullahprl
data\processed\test\banana_ripe\asadullahprl_0001123.jpg,banana_ripe,banana_ripe,5,5,True,0.8820597529411316,banana_unripe,0.0336766354739666,asadullahprl
data\processed\test\banana_ripe\asadullahprl_0001129.jpg,banana_ripe,banana_ripe,5,5,True,0.7790349721908569,banana_overripe,0.1286616027355194,asadullahprl
data\processed\test\banana_ripe\asadullahprl_0001145.jpg,banana_ripe,banana_ripe,5,5,True,0.9953274726867676,banana_unripe,0.004221686162054539,asadullahprl
data\processed\test\banana_ripe\asadullahprl_0001147.jpg,banana_ripe,banana_overripe,5,4,False,0.7997892498970032,banana_ripe,0.19620025157928467,asadullahprl
data\processed\test\banana_ripe\asadullahprl_0001149.jpg,banana_ripe,banana_overripe,5,4,False,0.9904623627662659,banana_ripe,0.008701566606760025,asadullahprl
data\processed\test\banana_ripe\asadullahprl_0001153.jpg,banana_ripe,banana_overripe,5,4,False,0.5519605875015259,banana_ripe,0.4249649941921234,asadullahprl
data\processed\test\banana_ripe\asadullahprl_0001159.jpg,banana_ripe,banana_overripe,5,4,False,0.6479836106300354,banana_ripe,0.3360585570335388,asadullahprl
data\processed\test\banana_ripe\asadullahprl_0001161.jpg,banana_ripe,banana_ripe,5,5,True,0.7179074287414551,banana_overripe,0.1698954552412033,asadullahprl
data\processed\test\banana_ripe\asadullahprl_0001167.jpg,banana_ripe,banana_ripe,5,5,True,0.994446873664856,banana_unripe,0.005479883868247271,asadullahprl
data\processed\test\banana_ripe\asadullahprl_0001182.jpg,banana_ripe,banana_ripe,5,5,True,0.905283510684967,banana_unripe,0.08948202431201935,asadullahprl
data\processed\test\banana_ripe\asadullahprl_0001189.jpg,banana_ripe,banana_overripe,5,4,False,0.6945605278015137,banana_ripe,0.3023506999015808,asadullahprl
data\processed\test\banana_ripe\asadullahprl_0001191.jpg,banana_ripe,banana_overripe,5,4,False,0.7096054553985596,mango_overripe,0.15421733260154724,asadullahprl
data\processed\test\banana_ripe\asadullahprl_0001192.jpg,banana_ripe,banana_overripe,5,4,False,0.8479672074317932,banana_ripe,0.14687015116214752,asadullahprl
data\processed\test\banana_ripe\asadullahprl_0001208.jpg,banana_ripe,banana_ripe,5,5,True,0.9918760061264038,banana_unripe,0.005688329692929983,asadullahprl
data\processed\test\banana_ripe\asadullahprl_0001237.jpg,banana_ripe,banana_overripe,5,4,False,0.7766647338867188,banana_ripe,0.21621176600456238,asadullahprl
data\processed\test\banana_ripe\asadullahprl_0001243.jpg,banana_ripe,banana_ripe,5,5,True,0.8331834077835083,banana_overripe,0.14423643052577972,asadullahprl
data\processed\test\banana_ripe\asadullahprl_0001249.jpg,banana_ripe,banana_ripe,5,5,True,0.8803656101226807,banana_unripe,0.1089349165558815,asadullahprl
data\processed\test\banana_ripe\asadullahprl_0001253.jpg,banana_ripe,banana_ripe,5,5,True,0.9865505695343018,banana_unripe,0.00921719428151846,asadullahprl
data\processed\test\banana_ripe\asadullahprl_0001264.jpg,banana_ripe,banana_ripe,5,5,True,0.9974103569984436,banana_unripe,0.0017021954990923405,asadullahprl
data\processed\test\banana_ripe\asadullahprl_0001277.jpg,banana_ripe,banana_ripe,5,5,True,0.9116278290748596,banana_unripe,0.056091126054525375,asadullahprl
data\processed\test\banana_ripe\asadullahprl_0001278.jpg,banana_ripe,banana_ripe,5,5,True,0.7768359184265137,banana_unripe,0.13184835016727448,asadullahprl
data\processed\test\banana_ripe\asadullahprl_0001279.jpg,banana_ripe,banana_ripe,5,5,True,0.9937154650688171,banana_unripe,0.00390625512227416,asadullahprl
data\processed\test\banana_ripe\asadullahprl_0001280.jpg,banana_ripe,banana_overripe,5,4,False,0.6930114030838013,banana_ripe,0.29295897483825684,asadullahprl
data\processed\test\banana_ripe\asadullahprl_0001296.jpg,banana_ripe,banana_unripe,5,7,False,0.7356812953948975,banana_ripe,0.2468273788690567,asadullahprl
data\processed\test\banana_ripe\asadullahprl_0001300.jpg,banana_ripe,banana_ripe,5,5,True,0.8680005073547363,banana_overripe,0.1092001274228096,asadullahprl
data\processed\test\banana_ripe\asadullahprl_0001302.jpg,banana_ripe,banana_ripe,5,5,True,0.9287203550338745,banana_rotten,0.02983049862086773,asadullahprl
data\processed\test\banana_ripe\asadullahprl_0001303.jpg,banana_ripe,banana_ripe,5,5,True,0.5830670595169067,banana_overripe,0.4051958918571472,asadullahprl
data\processed\test\banana_ripe\asadullahprl_0001306.jpg,banana_ripe,mango_ripe,5,9,False,0.33750876784324646,banana_ripe,0.2573256194591522,asadullahprl
data\processed\test\banana_ripe\asadullahprl_0001320.jpg,banana_ripe,banana_ripe,5,5,True,0.783481240272522,banana_overripe,0.10598775744438171,asadullahprl
data\processed\test\banana_ripe\asadullahprl_0001321.jpg,banana_ripe,banana_ripe,5,5,True,0.985903799533844,banana_unripe,0.008947447873651981,asadullahprl
data\processed\test\banana_ripe\asadullahprl_0001329.jpg,banana_ripe,banana_ripe,5,5,True,0.7901052236557007,banana_overripe,0.1289416402578354,asadullahprl
data\processed\test\banana_ripe\asadullahprl_0001330.jpg,banana_ripe,banana_overripe,5,4,False,0.7656788229942322,banana_ripe,0.20711453258991241,asadullahprl
data\processed\test\banana_ripe\asadullahprl_0001332.jpg,banana_ripe,banana_ripe,5,5,True,0.975394606590271,banana_overripe,0.01209959201514721,asadullahprl
data\processed\test\banana_ripe\asadullahprl_0001334.jpg,banana_ripe,banana_overripe,5,4,False,0.8174769878387451,banana_ripe,0.15986917912960052,asadullahprl
data\processed\test\banana_ripe\asadullahprl_0001335.jpg,banana_ripe,banana_ripe,5,5,True,0.9664785861968994,banana_unripe,0.025768302381038666,asadullahprl
data\processed\test\banana_ripe\asadullahprl_0001337.jpg,banana_ripe,banana_ripe,5,5,True,0.7347958087921143,banana_unripe,0.09645303338766098,asadullahprl
data\processed\test\banana_ripe\asadullahprl_0001358.jpg,banana_ripe,banana_ripe,5,5,True,0.9687974452972412,banana_overripe,0.024332424625754356,asadullahprl
data\processed\test\banana_ripe\asadullahprl_0001361.jpg,banana_ripe,banana_ripe,5,5,True,0.9519882202148438,banana_unripe,0.044117771089076996,asadullahprl
data\processed\test\banana_ripe\asadullahprl_0001364.jpg,banana_ripe,banana_ripe,5,5,True,0.5277297496795654,banana_overripe,0.428449809551239,asadullahprl
data\processed\test\banana_ripe\bananaimagebd_0001027.jpg,banana_ripe,banana_ripe,5,5,True,0.9755361676216125,banana_overripe,0.023709632456302643,bananaimagebd
data\processed\test\banana_ripe\bananaimagebd_0001032.jpg,banana_ripe,banana_ripe,5,5,True,0.760205864906311,banana_overripe,0.1568489968776703,bananaimagebd
data\processed\test\banana_ripe\bananaimagebd_0001049.jpg,banana_ripe,banana_ripe,5,5,True,0.9310950636863708,banana_overripe,0.06540602445602417,bananaimagebd
data\processed\test\banana_ripe\bananaimagebd_0001061.jpg,banana_ripe,banana_ripe,5,5,True,0.9469842314720154,banana_overripe,0.052263107150793076,bananaimagebd
data\processed\test\banana_ripe\bananaimagebd_0001065.jpg,banana_ripe,banana_ripe,5,5,True,0.956247091293335,banana_overripe,0.04314897581934929,bananaimagebd
data\processed\test\banana_ripe\bananaimagebd_0001071.jpg,banana_ripe,banana_ripe,5,5,True,0.7305731177330017,banana_overripe,0.16651983559131622,bananaimagebd
data\processed\test\banana_ripe\bananaimagebd_0001086.jpg,banana_ripe,banana_overripe,5,4,False,0.38478976488113403,mango_overripe,0.3372044265270233,bananaimagebd
data\processed\test\banana_ripe\bananaimagebd_0001094.jpg,banana_ripe,banana_overripe,5,4,False,0.5061510801315308,banana_ripe,0.46046963334083557,bananaimagebd
data\processed\test\banana_ripe\bananaimagebd_0001104.jpg,banana_ripe,banana_overripe,5,4,False,0.7499475479125977,banana_ripe,0.24413077533245087,bananaimagebd
data\processed\test\banana_ripe\bananaimagebd_0001111.jpg,banana_ripe,banana_ripe,5,5,True,0.8523291349411011,banana_unripe,0.11051969975233078,bananaimagebd
data\processed\test\banana_ripe\bananaimagebd_0001114.jpg,banana_ripe,banana_ripe,5,5,True,0.905261754989624,banana_overripe,0.05989714339375496,bananaimagebd
data\processed\test\banana_ripe\bananaimagebd_0001127.jpg,banana_ripe,banana_ripe,5,5,True,0.9378155469894409,banana_overripe,0.05508964881300926,bananaimagebd
data\processed\test\banana_ripe\bananaimagebd_0001131.jpg,banana_ripe,banana_ripe,5,5,True,0.857612133026123,banana_overripe,0.10416486114263535,bananaimagebd
data\processed\test\banana_ripe\bananaimagebd_0001134.jpg,banana_ripe,banana_ripe,5,5,True,0.7172333002090454,banana_overripe,0.27851322293281555,bananaimagebd
data\processed\test\banana_ripe\bananaimagebd_0001140.jpg,banana_ripe,banana_ripe,5,5,True,0.9562013149261475,banana_overripe,0.03343280032277107,bananaimagebd
data\processed\test\banana_ripe\bananaimagebd_0001154.jpg,banana_ripe,banana_ripe,5,5,True,0.8539614081382751,banana_overripe,0.13762366771697998,bananaimagebd
data\processed\test\banana_ripe\bananaimagebd_0001162.jpg,banana_ripe,banana_ripe,5,5,True,0.8647120594978333,banana_unripe,0.08716756850481033,bananaimagebd
data\processed\test\banana_ripe\bananaimagebd_0001209.jpg,banana_ripe,banana_ripe,5,5,True,0.8807623386383057,banana_overripe,0.09565644711256027,bananaimagebd
data\processed\test\banana_ripe\bananaimagebd_0001212.jpg,banana_ripe,banana_overripe,5,4,False,0.7520850896835327,banana_ripe,0.12986911833286285,bananaimagebd
data\processed\test\banana_ripe\bananaimagebd_0001218.jpg,banana_ripe,banana_ripe,5,5,True,0.7804456353187561,banana_overripe,0.18933755159378052,bananaimagebd
data\processed\test\banana_ripe\bananaimagebd_0001223.jpg,banana_ripe,banana_ripe,5,5,True,0.6363677382469177,banana_overripe,0.3555189073085785,bananaimagebd
data\processed\test\banana_ripe\bananaimagebd_0001232.jpg,banana_ripe,banana_ripe,5,5,True,0.5631038546562195,banana_overripe,0.4036003649234772,bananaimagebd
data\processed\test\banana_ripe\bananaimagebd_0001239.jpg,banana_ripe,banana_ripe,5,5,True,0.8834825158119202,banana_overripe,0.08540911227464676,bananaimagebd
data\processed\test\banana_ripe\bananaimagebd_0001252.jpg,banana_ripe,banana_ripe,5,5,True,0.6538199186325073,banana_overripe,0.3060683012008667,bananaimagebd
data\processed\test\banana_ripe\bananaimagebd_0001266.jpg,banana_ripe,banana_overripe,5,4,False,0.8960411548614502,banana_ripe,0.07562896609306335,bananaimagebd
data\processed\test\banana_ripe\bananaimagebd_0001271.jpg,banana_ripe,banana_ripe,5,5,True,0.8382417559623718,banana_overripe,0.1531195491552353,bananaimagebd
data\processed\test\banana_ripe\bananaimagebd_0001281.jpg,banana_ripe,banana_ripe,5,5,True,0.9712363481521606,mango_ripe,0.019940603524446487,bananaimagebd
data\processed\test\banana_ripe\bananaimagebd_0001287.jpg,banana_ripe,banana_ripe,5,5,True,0.9849302768707275,banana_overripe,0.014883090741932392,bananaimagebd
data\processed\test\banana_ripe\bananaimagebd_0001298.jpg,banana_ripe,banana_ripe,5,5,True,0.8864794373512268,banana_overripe,0.08252812176942825,bananaimagebd
data\processed\test\banana_ripe\bananaimagebd_0001301.jpg,banana_ripe,banana_ripe,5,5,True,0.5912498235702515,banana_overripe,0.39665457606315613,bananaimagebd
data\processed\test\banana_ripe\bananaimagebd_0001313.jpg,banana_ripe,banana_ripe,5,5,True,0.7537779808044434,banana_overripe,0.2348378747701645,bananaimagebd
data\processed\test\banana_ripe\bananaimagebd_0001325.jpg,banana_ripe,banana_ripe,5,5,True,0.9250094294548035,banana_overripe,0.06922141462564468,bananaimagebd
data\processed\test\banana_ripe\bananaimagebd_0001355.jpg,banana_ripe,banana_ripe,5,5,True,0.794080376625061,banana_overripe,0.20557421445846558,bananaimagebd
data\processed\test\banana_ripe\bananaimagebd_0001357.jpg,banana_ripe,banana_ripe,5,5,True,0.7993696331977844,banana_overripe,0.10913834720849991,bananaimagebd
data\processed\test\banana_ripe\leftin_0001025.jpg,banana_ripe,banana_ripe,5,5,True,0.938500165939331,banana_rotten,0.05855773389339447,leftin
data\processed\test\banana_ripe\leftin_0001026.jpg,banana_ripe,banana_ripe,5,5,True,0.9992127418518066,banana_unripe,0.0007252049981616437,leftin
data\processed\test\banana_ripe\leftin_0001029.jpg,banana_ripe,banana_ripe,5,5,True,0.9960752129554749,banana_unripe,0.003508951049298048,leftin
data\processed\test\banana_ripe\leftin_0001031.jpg,banana_ripe,banana_ripe,5,5,True,0.9989897608757019,apple_ripe,0.0003685424162540585,leftin
data\processed\test\banana_ripe\leftin_0001033.jpg,banana_ripe,banana_ripe,5,5,True,0.9318088293075562,banana_rotten,0.061822082847356796,leftin
data\processed\test\banana_ripe\leftin_0001034.jpg,banana_ripe,banana_ripe,5,5,True,0.9565762877464294,banana_unripe,0.04196615144610405,leftin
data\processed\test\banana_ripe\leftin_0001037.jpg,banana_ripe,banana_ripe,5,5,True,0.9901385307312012,banana_unripe,0.009733450599014759,leftin
data\processed\test\banana_ripe\leftin_0001038.jpg,banana_ripe,banana_ripe,5,5,True,0.9793385863304138,banana_rotten,0.01631498709321022,leftin
data\processed\test\banana_ripe\leftin_0001039.jpg,banana_ripe,banana_ripe,5,5,True,0.999081015586853,banana_unripe,0.00027187095838598907,leftin
data\processed\test\banana_ripe\leftin_0001040.jpg,banana_ripe,banana_ripe,5,5,True,0.9988986253738403,banana_unripe,0.00099006702657789,leftin
data\processed\test\banana_ripe\leftin_0001042.jpg,banana_ripe,banana_ripe,5,5,True,0.9940277338027954,banana_rotten,0.004586351569741964,leftin
data\processed\test\banana_ripe\leftin_0001043.jpg,banana_ripe,banana_ripe,5,5,True,0.9548768997192383,banana_unripe,0.02190035581588745,leftin
data\processed\test\banana_ripe\leftin_0001044.jpg,banana_ripe,banana_ripe,5,5,True,0.9839898347854614,banana_rotten,0.014063235372304916,leftin
data\processed\test\banana_ripe\leftin_0001045.jpg,banana_ripe,banana_ripe,5,5,True,0.7812862396240234,banana_rotten,0.20467039942741394,leftin
data\processed\test\banana_ripe\leftin_0001046.jpg,banana_ripe,banana_ripe,5,5,True,0.9996190071105957,banana_unripe,0.00035344535717740655,leftin
data\processed\test\banana_ripe\leftin_0001047.jpg,banana_ripe,banana_ripe,5,5,True,0.9734870791435242,banana_unripe,0.021311838179826736,leftin
data\processed\test\banana_ripe\leftin_0001048.jpg,banana_ripe,banana_ripe,5,5,True,0.9456169009208679,banana_unripe,0.045233651995658875,leftin
data\processed\test\banana_ripe\leftin_0001050.jpg,banana_ripe,banana_ripe,5,5,True,0.9899263381958008,banana_unripe,0.005940075498074293,leftin
data\processed\test\banana_ripe\leftin_0001051.jpg,banana_ripe,banana_ripe,5,5,True,0.8540573716163635,banana_unripe,0.09809368848800659,leftin
data\processed\test\banana_ripe\leftin_0001052.jpg,banana_ripe,banana_ripe,5,5,True,0.999206006526947,mango_ripe,0.00040765866287983954,leftin
data\processed\test\banana_ripe\leftin_0001055.jpg,banana_ripe,banana_ripe,5,5,True,0.9809742569923401,banana_unripe,0.01846294105052948,leftin
data\processed\test\banana_ripe\leftin_0001058.jpg,banana_ripe,banana_ripe,5,5,True,0.9981611371040344,banana_rotten,0.0008476717048324645,leftin
data\processed\test\banana_ripe\leftin_0001060.jpg,banana_ripe,banana_ripe,5,5,True,0.9909752011299133,banana_rotten,0.005396261811256409,leftin
data\processed\test\banana_ripe\leftin_0001063.jpg,banana_ripe,banana_ripe,5,5,True,0.9993414282798767,banana_unripe,0.00047924142563715577,leftin
data\processed\test\banana_ripe\leftin_0001066.jpg,banana_ripe,banana_ripe,5,5,True,0.9978873133659363,banana_rotten,0.0007046184036880732,leftin
data\processed\test\banana_ripe\leftin_0001067.jpg,banana_ripe,banana_ripe,5,5,True,0.99302738904953,banana_rotten,0.004959498066455126,leftin
data\processed\test\banana_ripe\leftin_0001068.jpg,banana_ripe,banana_ripe,5,5,True,0.9982189536094666,banana_unripe,0.001481587765738368,leftin
data\processed\test\banana_ripe\leftin_0001070.jpg,banana_ripe,banana_ripe,5,5,True,0.9972361922264099,banana_unripe,0.0016426346264779568,leftin
data\processed\test\banana_ripe\leftin_0001072.jpg,banana_ripe,banana_ripe,5,5,True,0.9368087649345398,pineapple_rotten,0.024053525179624557,leftin
data\processed\test\banana_ripe\leftin_0001075.jpg,banana_ripe,banana_ripe,5,5,True,0.9994437098503113,banana_unripe,0.00039719254709780216,leftin
data\processed\test\banana_ripe\leftin_0001077.jpg,banana_ripe,banana_ripe,5,5,True,0.9807325005531311,banana_unripe,0.006646912544965744,leftin
data\processed\test\banana_ripe\leftin_0001079.jpg,banana_ripe,banana_ripe,5,5,True,0.9781624674797058,banana_rotten,0.01781880110502243,leftin
data\processed\test\banana_ripe\leftin_0001081.jpg,banana_ripe,banana_ripe,5,5,True,0.9985516667366028,banana_unripe,0.001391738303937018,leftin
data\processed\test\banana_ripe\leftin_0001082.jpg,banana_ripe,banana_ripe,5,5,True,0.955672562122345,banana_rotten,0.028377804905176163,leftin
data\processed\test\banana_ripe\leftin_0001083.jpg,banana_ripe,banana_ripe,5,5,True,0.7680283784866333,banana_rotten,0.19841469824314117,leftin
data\processed\test\banana_ripe\leftin_0001084.jpg,banana_ripe,banana_ripe,5,5,True,0.984953761100769,banana_overripe,0.007623924873769283,leftin
data\processed\test\banana_ripe\leftin_0001085.jpg,banana_ripe,banana_ripe,5,5,True,0.9730101823806763,banana_rotten,0.024502446874976158,leftin
data\processed\test\banana_ripe\leftin_0001088.jpg,banana_ripe,banana_ripe,5,5,True,0.9995627999305725,banana_unripe,0.0001953707105712965,leftin
data\processed\test\banana_ripe\leftin_0001089.jpg,banana_ripe,banana_ripe,5,5,True,0.9761402010917664,banana_rotten,0.02290833182632923,leftin
data\processed\test\banana_ripe\leftin_0001090.jpg,banana_ripe,banana_ripe,5,5,True,0.9956150054931641,banana_unripe,0.003816272597759962,leftin
data\processed\test\banana_ripe\leftin_0001092.jpg,banana_ripe,banana_ripe,5,5,True,0.9959055185317993,banana_unripe,0.0028283812571316957,leftin
data\processed\test\banana_ripe\leftin_0001093.jpg,banana_ripe,banana_ripe,5,5,True,0.9526207447052002,banana_unripe,0.036230649799108505,leftin
data\processed\test\banana_ripe\leftin_0001095.jpg,banana_ripe,banana_ripe,5,5,True,0.9895500540733337,banana_rotten,0.007502635009586811,leftin
data\processed\test\banana_ripe\leftin_0001097.jpg,banana_ripe,banana_ripe,5,5,True,0.9932000041007996,banana_unripe,0.003433695761486888,leftin
data\processed\test\banana_ripe\leftin_0001098.jpg,banana_ripe,banana_ripe,5,5,True,0.9993478655815125,banana_unripe,0.0006285786512307823,leftin
data\processed\test\banana_ripe\leftin_0001099.jpg,banana_ripe,banana_ripe,5,5,True,0.5789148211479187,banana_overripe,0.23645912110805511,leftin
data\processed\test\banana_ripe\leftin_0001101.jpg,banana_ripe,banana_ripe,5,5,True,0.9816538095474243,banana_overripe,0.013668633066117764,leftin
data\processed\test\banana_ripe\leftin_0001102.jpg,banana_ripe,banana_ripe,5,5,True,0.9919596314430237,banana_rotten,0.002883305773139,leftin
data\processed\test\banana_ripe\leftin_0001105.jpg,banana_ripe,banana_ripe,5,5,True,0.9986911416053772,banana_unripe,0.0012934569967910647,leftin
data\processed\test\banana_ripe\leftin_0001107.jpg,banana_ripe,banana_ripe,5,5,True,0.8494607210159302,banana_rotten,0.14315268397331238,leftin
data\processed\test\banana_ripe\leftin_0001108.jpg,banana_ripe,banana_ripe,5,5,True,0.993036687374115,banana_rotten,0.006027530878782272,leftin
data\processed\test\banana_ripe\leftin_0001110.jpg,banana_ripe,banana_ripe,5,5,True,0.9996697902679443,mango_ripe,0.00016595264605712146,leftin
data\processed\test\banana_ripe\leftin_0001112.jpg,banana_ripe,banana_ripe,5,5,True,0.9503183364868164,banana_unripe,0.04249439761042595,leftin
data\processed\test\banana_ripe\leftin_0001116.jpg,banana_ripe,banana_ripe,5,5,True,0.9961904287338257,banana_unripe,0.0034924179781228304,leftin
data\processed\test\banana_ripe\leftin_0001117.jpg,banana_ripe,banana_ripe,5,5,True,0.9984727501869202,banana_rotten,0.0008181445300579071,leftin
data\processed\test\banana_ripe\leftin_0001118.jpg,banana_ripe,banana_ripe,5,5,True,0.9678566455841064,banana_rotten,0.029491161927580833,leftin
data\processed\test\banana_ripe\leftin_0001119.jpg,banana_ripe,banana_ripe,5,5,True,0.9860997796058655,banana_rotten,0.012738674879074097,leftin
data\processed\test\banana_ripe\leftin_0001120.jpg,banana_ripe,banana_ripe,5,5,True,0.9972822666168213,banana_rotten,0.0012930213706567883,leftin
data\processed\test\banana_ripe\leftin_0001121.jpg,banana_ripe,banana_ripe,5,5,True,0.9974206686019897,banana_unripe,0.0021888033952564,leftin
data\processed\test\banana_ripe\leftin_0001124.jpg,banana_ripe,banana_ripe,5,5,True,0.9994484782218933,mango_ripe,0.00018740122322924435,leftin
data\processed\test\banana_ripe\leftin_0001125.jpg,banana_ripe,banana_ripe,5,5,True,0.9957857728004456,banana_rotten,0.002175662899389863,leftin
data\processed\test\banana_ripe\leftin_0001130.jpg,banana_ripe,banana_ripe,5,5,True,0.9903309345245361,banana_unripe,0.004819212947040796,leftin
data\processed\test\banana_ripe\leftin_0001132.jpg,banana_ripe,banana_ripe,5,5,True,0.9957992434501648,banana_rotten,0.00343976728618145,leftin
data\processed\test\banana_ripe\leftin_0001133.jpg,banana_ripe,banana_ripe,5,5,True,0.7232420444488525,banana_rotten,0.2340846061706543,leftin
data\processed\test\banana_ripe\leftin_0001137.jpg,banana_ripe,banana_ripe,5,5,True,0.9212124943733215,banana_overripe,0.039200227707624435,leftin
data\processed\test\banana_ripe\leftin_0001138.jpg,banana_ripe,banana_ripe,5,5,True,0.992713987827301,banana_rotten,0.006326478905975819,leftin
data\processed\test\banana_ripe\leftin_0001139.jpg,banana_ripe,banana_ripe,5,5,True,0.9995929598808289,banana_unripe,0.00033414619974792004,leftin
data\processed\test\banana_ripe\leftin_0001141.jpg,banana_ripe,banana_ripe,5,5,True,0.9993523955345154,banana_unripe,0.000518207554705441,leftin
data\processed\test\banana_ripe\leftin_0001142.jpg,banana_ripe,banana_ripe,5,5,True,0.9988802075386047,banana_unripe,0.0004724386672023684,leftin
data\processed\test\banana_ripe\leftin_0001143.jpg,banana_ripe,banana_ripe,5,5,True,0.9568614363670349,banana_unripe,0.02884015254676342,leftin
data\processed\test\banana_ripe\leftin_0001144.jpg,banana_ripe,banana_ripe,5,5,True,0.9918477535247803,banana_unripe,0.007769137155264616,leftin
data\processed\test\banana_ripe\leftin_0001146.jpg,banana_ripe,banana_ripe,5,5,True,0.9959782361984253,banana_unripe,0.003774345153942704,leftin
data\processed\test\banana_ripe\leftin_0001150.jpg,banana_ripe,banana_ripe,5,5,True,0.9927191734313965,banana_overripe,0.0032412793952971697,leftin
data\processed\test\banana_ripe\leftin_0001151.jpg,banana_ripe,banana_ripe,5,5,True,0.9977706670761108,banana_unripe,0.0011878908844664693,leftin
data\processed\test\banana_ripe\leftin_0001155.jpg,banana_ripe,banana_ripe,5,5,True,0.9904029369354248,banana_unripe,0.008847600780427456,leftin
data\processed\test\banana_ripe\leftin_0001156.jpg,banana_ripe,banana_ripe,5,5,True,0.9981117248535156,banana_overripe,0.0006567798554897308,leftin
data\processed\test\banana_ripe\leftin_0001157.jpg,banana_ripe,banana_ripe,5,5,True,0.979728639125824,banana_unripe,0.01627875119447708,leftin
data\processed\test\banana_ripe\leftin_0001158.jpg,banana_ripe,banana_ripe,5,5,True,0.9937723278999329,banana_rotten,0.0052946871146559715,leftin
data\processed\test\banana_ripe\leftin_0001160.jpg,banana_ripe,banana_ripe,5,5,True,0.9992712140083313,banana_unripe,0.00048508751206099987,leftin
data\processed\test\banana_ripe\leftin_0001163.jpg,banana_ripe,banana_ripe,5,5,True,0.9995417594909668,banana_unripe,0.00032845864188857377,leftin
data\processed\test\banana_ripe\leftin_0001164.jpg,banana_ripe,banana_ripe,5,5,True,0.9599765539169312,banana_unripe,0.029202230274677277,leftin
data\processed\test\banana_ripe\leftin_0001165.jpg,banana_ripe,banana_ripe,5,5,True,0.997016429901123,mango_ripe,0.0013514024903997779,leftin
data\processed\test\banana_ripe\leftin_0001166.jpg,banana_ripe,banana_ripe,5,5,True,0.8096081018447876,banana_rotten,0.16900624334812164,leftin
data\processed\test\banana_ripe\leftin_0001168.jpg,banana_ripe,banana_ripe,5,5,True,0.9981010556221008,banana_rotten,0.0012882058508694172,leftin
data\processed\test\banana_ripe\leftin_0001169.jpg,banana_ripe,banana_ripe,5,5,True,0.9996275901794434,pineapple_ripe,0.00013485252566169947,leftin
data\processed\test\banana_ripe\leftin_0001170.jpg,banana_ripe,banana_ripe,5,5,True,0.9992988109588623,banana_unripe,0.0003458013816270977,leftin
data\processed\test\banana_ripe\leftin_0001171.jpg,banana_ripe,banana_ripe,5,5,True,0.9902034997940063,banana_overripe,0.004823312163352966,leftin
data\processed\test\banana_ripe\leftin_0001172.jpg,banana_ripe,banana_ripe,5,5,True,0.8970363736152649,banana_rotten,0.1004912406206131,leftin
data\processed\test\banana_ripe\leftin_0001173.jpg,banana_ripe,banana_ripe,5,5,True,0.9206356406211853,banana_unripe,0.06423512101173401,leftin
data\processed\test\banana_ripe\leftin_0001174.jpg,banana_ripe,banana_ripe,5,5,True,0.8470271825790405,banana_rotten,0.14065057039260864,leftin
data\processed\test\banana_ripe\leftin_0001175.jpg,banana_ripe,banana_ripe,5,5,True,0.8202908635139465,banana_unripe,0.09412678331136703,leftin
data\processed\test\banana_ripe\leftin_0001176.jpg,banana_ripe,banana_ripe,5,5,True,0.7398532629013062,banana_rotten,0.18174348771572113,leftin
data\processed\test\banana_ripe\leftin_0001177.jpg,banana_ripe,banana_ripe,5,5,True,0.9737711548805237,papaya_unripe,0.008785068988800049,leftin
data\processed\test\banana_ripe\leftin_0001178.jpg,banana_ripe,banana_ripe,5,5,True,0.9086591601371765,mango_ripe,0.05474274232983589,leftin
data\processed\test\banana_ripe\leftin_0001179.jpg,banana_ripe,banana_ripe,5,5,True,0.9888989329338074,banana_unripe,0.010429923422634602,leftin
data\processed\test\banana_ripe\leftin_0001180.jpg,banana_ripe,banana_ripe,5,5,True,0.9909148216247559,banana_unripe,0.006511583924293518,leftin
data\processed\test\banana_ripe\leftin_0001181.jpg,banana_ripe,banana_ripe,5,5,True,0.9849731922149658,banana_overripe,0.00872308760881424,leftin
data\processed\test\banana_ripe\leftin_0001184.jpg,banana_ripe,banana_ripe,5,5,True,0.989866316318512,banana_unripe,0.006235451437532902,leftin
data\processed\test\banana_ripe\leftin_0001185.jpg,banana_ripe,banana_ripe,5,5,True,0.9920024871826172,banana_unripe,0.0072505883872509,leftin
data\processed\test\banana_ripe\leftin_0001187.jpg,banana_ripe,banana_ripe,5,5,True,0.9996672868728638,banana_unripe,0.000133582841954194,leftin
data\processed\test\banana_ripe\leftin_0001188.jpg,banana_ripe,banana_ripe,5,5,True,0.9961861968040466,mango_ripe,0.0013712054351344705,leftin
data\processed\test\banana_ripe\leftin_0001193.jpg,banana_ripe,banana_ripe,5,5,True,0.9939121007919312,banana_rotten,0.003932229708880186,leftin
data\processed\test\banana_ripe\leftin_0001194.jpg,banana_ripe,banana_ripe,5,5,True,0.9302806854248047,banana_rotten,0.0675288513302803,leftin
data\processed\test\banana_ripe\leftin_0001196.jpg,banana_ripe,banana_ripe,5,5,True,0.99988853931427,banana_unripe,9.774137288331985e-05,leftin
data\processed\test\banana_ripe\leftin_0001197.jpg,banana_ripe,banana_ripe,5,5,True,0.9978025555610657,banana_unripe,0.0014261611504480243,leftin
data\processed\test\banana_ripe\leftin_0001198.jpg,banana_ripe,banana_ripe,5,5,True,0.9955915808677673,pineapple_ripe,0.0017093177884817123,leftin
data\processed\test\banana_ripe\leftin_0001199.jpg,banana_ripe,banana_ripe,5,5,True,0.9729026556015015,banana_rotten,0.020505404099822044,leftin
data\processed\test\banana_ripe\leftin_0001200.jpg,banana_ripe,banana_ripe,5,5,True,0.9991907477378845,banana_unripe,0.0005436892388388515,leftin
data\processed\test\banana_ripe\leftin_0001201.jpg,banana_ripe,banana_ripe,5,5,True,0.9309333562850952,banana_rotten,0.027521904557943344,leftin
data\processed\test\banana_ripe\leftin_0001202.jpg,banana_ripe,banana_ripe,5,5,True,0.9961307048797607,banana_rotten,0.0015619663754478097,leftin
data\processed\test\banana_ripe\leftin_0001203.jpg,banana_ripe,banana_ripe,5,5,True,0.9720848202705383,banana_unripe,0.015992294996976852,leftin
data\processed\test\banana_ripe\leftin_0001204.jpg,banana_ripe,banana_ripe,5,5,True,0.9265103340148926,banana_rotten,0.06890274584293365,leftin
data\processed\test\banana_ripe\leftin_0001205.jpg,banana_ripe,banana_ripe,5,5,True,0.97502201795578,mango_ripe,0.019235944375395775,leftin
data\processed\test\banana_ripe\leftin_0001206.jpg,banana_ripe,banana_ripe,5,5,True,0.9602819085121155,banana_unripe,0.03142821416258812,leftin
data\processed\test\banana_ripe\leftin_0001207.jpg,banana_ripe,banana_ripe,5,5,True,0.9190966486930847,banana_rotten,0.03313138335943222,leftin
data\processed\test\banana_ripe\leftin_0001210.jpg,banana_ripe,banana_ripe,5,5,True,0.8741030693054199,banana_rotten,0.1082661896944046,leftin
data\processed\test\banana_ripe\leftin_0001213.jpg,banana_ripe,banana_ripe,5,5,True,0.998108983039856,mango_ripe,0.0009102427284233272,leftin
data\processed\test\banana_ripe\leftin_0001214.jpg,banana_ripe,banana_ripe,5,5,True,0.9989547729492188,banana_unripe,0.0009245484252460301,leftin
data\processed\test\banana_ripe\leftin_0001215.jpg,banana_ripe,banana_ripe,5,5,True,0.9973574280738831,banana_rotten,0.0019638363737612963,leftin
data\processed\test\banana_ripe\leftin_0001216.jpg,banana_ripe,banana_ripe,5,5,True,0.9950103759765625,banana_unripe,0.002716120332479477,leftin
data\processed\test\banana_ripe\leftin_0001217.jpg,banana_ripe,banana_ripe,5,5,True,0.9832756519317627,banana_overripe,0.0082008745521307,leftin
data\processed\test\banana_ripe\leftin_0001219.jpg,banana_ripe,banana_ripe,5,5,True,0.9610379338264465,banana_unripe,0.018178429454565048,leftin
data\processed\test\banana_ripe\leftin_0001221.jpg,banana_ripe,banana_ripe,5,5,True,0.9977102279663086,banana_unripe,0.0019881168846040964,leftin
data\processed\test\banana_ripe\leftin_0001222.jpg,banana_ripe,banana_ripe,5,5,True,0.9844704866409302,banana_rotten,0.014517581090331078,leftin
data\processed\test\banana_ripe\leftin_0001224.jpg,banana_ripe,banana_ripe,5,5,True,0.9704357981681824,banana_unripe,0.029236650094389915,leftin
data\processed\test\banana_ripe\leftin_0001225.jpg,banana_ripe,banana_ripe,5,5,True,0.9527555704116821,banana_unripe,0.0198132935911417,leftin
data\processed\test\banana_ripe\leftin_0001226.jpg,banana_ripe,banana_ripe,5,5,True,0.9746717810630798,banana_unripe,0.01704445108771324,leftin
data\processed\test\banana_ripe\leftin_0001227.jpg,banana_ripe,banana_ripe,5,5,True,0.9807586073875427,banana_unripe,0.012505416758358479,leftin
data\processed\test\banana_ripe\leftin_0001228.jpg,banana_ripe,banana_ripe,5,5,True,0.9281665682792664,banana_unripe,0.05676360800862312,leftin
data\processed\test\banana_ripe\leftin_0001230.jpg,banana_ripe,banana_ripe,5,5,True,0.9602575302124023,banana_unripe,0.02959505282342434,leftin
data\processed\test\banana_ripe\leftin_0001234.jpg,banana_ripe,banana_ripe,5,5,True,0.9993677735328674,banana_unripe,0.0005329741979949176,leftin
data\processed\test\banana_ripe\leftin_0001235.jpg,banana_ripe,banana_ripe,5,5,True,0.9882510304450989,banana_unripe,0.010492739267647266,leftin
data\processed\test\banana_ripe\leftin_0001236.jpg,banana_ripe,banana_ripe,5,5,True,0.9989573955535889,banana_rotten,0.0004884795052930713,leftin
data\processed\test\banana_ripe\leftin_0001238.jpg,banana_ripe,banana_ripe,5,5,True,0.9447534680366516,banana_unripe,0.04702522233128548,leftin
data\processed\test\banana_ripe\leftin_0001241.jpg,banana_ripe,banana_ripe,5,5,True,0.9792807698249817,banana_overripe,0.00885610468685627,leftin
data\processed\test\banana_ripe\leftin_0001245.jpg,banana_ripe,banana_ripe,5,5,True,0.9972935318946838,banana_unripe,0.0012307949364185333,leftin
data\processed\test\banana_ripe\leftin_0001246.jpg,banana_ripe,banana_ripe,5,5,True,0.9888811707496643,banana_unripe,0.008277704939246178,leftin
data\processed\test\banana_ripe\leftin_0001247.jpg,banana_ripe,banana_ripe,5,5,True,0.9980224370956421,banana_overripe,0.0007026297389529645,leftin
data\processed\test\banana_ripe\leftin_0001248.jpg,banana_ripe,banana_ripe,5,5,True,0.9894904494285583,banana_unripe,0.010218460112810135,leftin
data\processed\test\banana_ripe\leftin_0001250.jpg,banana_ripe,banana_ripe,5,5,True,0.9994530081748962,banana_unripe,0.00048109423369169235,leftin
data\processed\test\banana_ripe\leftin_0001254.jpg,banana_ripe,banana_ripe,5,5,True,0.774979829788208,banana_unripe,0.0933610126376152,leftin
data\processed\test\banana_ripe\leftin_0001255.jpg,banana_ripe,banana_ripe,5,5,True,0.8654956221580505,banana_rotten,0.11672207713127136,leftin
data\processed\test\banana_ripe\leftin_0001256.jpg,banana_ripe,banana_ripe,5,5,True,0.9649942517280579,banana_unripe,0.030925044789910316,leftin
data\processed\test\banana_ripe\leftin_0001258.jpg,banana_ripe,banana_ripe,5,5,True,0.997490644454956,banana_rotten,0.0019939462654292583,leftin
data\processed\test\banana_ripe\leftin_0001259.jpg,banana_ripe,banana_ripe,5,5,True,0.7992942929267883,banana_unripe,0.19948522746562958,leftin
data\processed\test\banana_ripe\leftin_0001260.jpg,banana_ripe,banana_ripe,5,5,True,0.9939642548561096,banana_rotten,0.004406604450196028,leftin
data\processed\test\banana_ripe\leftin_0001261.jpg,banana_ripe,banana_ripe,5,5,True,0.9987970590591431,banana_unripe,0.001039396971464157,leftin
data\processed\test\banana_ripe\leftin_0001265.jpg,banana_ripe,banana_ripe,5,5,True,0.9973875880241394,banana_unripe,0.0013274867087602615,leftin
data\processed\test\banana_ripe\leftin_0001267.jpg,banana_ripe,banana_ripe,5,5,True,0.8130615949630737,banana_rotten,0.14281724393367767,leftin
data\processed\test\banana_ripe\leftin_0001268.jpg,banana_ripe,banana_ripe,5,5,True,0.996698260307312,banana_unripe,0.0012913623359054327,leftin
data\processed\test\banana_ripe\leftin_0001269.jpg,banana_ripe,banana_ripe,5,5,True,0.9952270984649658,banana_unripe,0.0025696069933474064,leftin
data\processed\test\banana_ripe\leftin_0001270.jpg,banana_ripe,banana_ripe,5,5,True,0.9846113324165344,banana_unripe,0.007613872177898884,leftin
data\processed\test\banana_ripe\leftin_0001272.jpg,banana_ripe,banana_ripe,5,5,True,0.9556838870048523,mango_ripe,0.01584663987159729,leftin
data\processed\test\banana_ripe\leftin_0001273.jpg,banana_ripe,banana_ripe,5,5,True,0.9931778907775879,banana_unripe,0.004301604814827442,leftin
data\processed\test\banana_ripe\leftin_0001274.jpg,banana_ripe,banana_ripe,5,5,True,0.9972339272499084,banana_rotten,0.0013498235493898392,leftin
data\processed\test\banana_ripe\leftin_0001275.jpg,banana_ripe,banana_ripe,5,5,True,0.9981955885887146,pineapple_ripe,0.000517809297889471,leftin
data\processed\test\banana_ripe\leftin_0001282.jpg,banana_ripe,banana_ripe,5,5,True,0.7976166009902954,banana_rotten,0.19773449003696442,leftin
data\processed\test\banana_ripe\leftin_0001283.jpg,banana_ripe,banana_ripe,5,5,True,0.9809294939041138,banana_unripe,0.006234063766896725,leftin
data\processed\test\banana_ripe\leftin_0001285.jpg,banana_ripe,banana_ripe,5,5,True,0.9959885478019714,banana_unripe,0.002849102020263672,leftin
data\processed\test\banana_ripe\leftin_0001286.jpg,banana_ripe,banana_ripe,5,5,True,0.7186560034751892,banana_rotten,0.278083860874176,leftin
data\processed\test\banana_ripe\leftin_0001288.jpg,banana_ripe,banana_ripe,5,5,True,0.9950030446052551,mango_ripe,0.0013967878185212612,leftin
data\processed\test\banana_ripe\leftin_0001290.jpg,banana_ripe,banana_ripe,5,5,True,0.9810980558395386,banana_rotten,0.013007517904043198,leftin
data\processed\test\banana_ripe\leftin_0001291.jpg,banana_ripe,banana_ripe,5,5,True,0.8827409744262695,banana_unripe,0.11695600301027298,leftin
data\processed\test\banana_ripe\leftin_0001292.jpg,banana_ripe,banana_ripe,5,5,True,0.6704345941543579,pineapple_rotten,0.10317262262105942,leftin
data\processed\test\banana_ripe\leftin_0001293.jpg,banana_ripe,banana_ripe,5,5,True,0.9606999158859253,banana_rotten,0.032648611813783646,leftin
data\processed\test\banana_ripe\leftin_0001294.jpg,banana_ripe,banana_ripe,5,5,True,0.9772790670394897,banana_rotten,0.012989821843802929,leftin
data\processed\test\banana_ripe\leftin_0001295.jpg,banana_ripe,banana_ripe,5,5,True,0.9979240894317627,banana_rotten,0.0015203709481284022,leftin
data\processed\test\banana_ripe\leftin_0001299.jpg,banana_ripe,banana_ripe,5,5,True,0.9992214441299438,banana_rotten,0.0003842292062472552,leftin
data\processed\test\banana_ripe\leftin_0001304.jpg,banana_ripe,banana_ripe,5,5,True,0.9668329358100891,banana_rotten,0.02533075585961342,leftin
data\processed\test\banana_ripe\leftin_0001305.jpg,banana_ripe,banana_ripe,5,5,True,0.9997900128364563,banana_unripe,8.862632239470258e-05,leftin
data\processed\test\banana_ripe\leftin_0001307.jpg,banana_ripe,banana_ripe,5,5,True,0.9552996754646301,banana_rotten,0.03849263861775398,leftin
data\processed\test\banana_ripe\leftin_0001308.jpg,banana_ripe,banana_ripe,5,5,True,0.5817579627037048,banana_rotten,0.3684239983558655,leftin
data\processed\test\banana_ripe\leftin_0001309.jpg,banana_ripe,banana_ripe,5,5,True,0.9949620962142944,banana_unripe,0.0026727551594376564,leftin
data\processed\test\banana_ripe\leftin_0001310.jpg,banana_ripe,banana_ripe,5,5,True,0.9937469959259033,banana_unripe,0.006119968369603157,leftin
data\processed\test\banana_ripe\leftin_0001311.jpg,banana_ripe,banana_ripe,5,5,True,0.9898833632469177,banana_rotten,0.006109944544732571,leftin
data\processed\test\banana_ripe\leftin_0001314.jpg,banana_ripe,banana_ripe,5,5,True,0.9970884919166565,mango_ripe,0.001251961919479072,leftin
data\processed\test\banana_ripe\leftin_0001315.jpg,banana_ripe,banana_ripe,5,5,True,0.8580060005187988,banana_unripe,0.13663357496261597,leftin
data\processed\test\banana_ripe\leftin_0001316.jpg,banana_ripe,banana_ripe,5,5,True,0.9995599389076233,banana_unripe,0.0002693476271815598,leftin
data\processed\test\banana_ripe\leftin_0001317.jpg,banana_ripe,banana_ripe,5,5,True,0.9926931858062744,banana_rotten,0.006690207403153181,leftin
data\processed\test\banana_ripe\leftin_0001318.jpg,banana_ripe,banana_ripe,5,5,True,0.9966127276420593,banana_rotten,0.0021110456436872482,leftin
data\processed\test\banana_ripe\leftin_0001319.jpg,banana_ripe,banana_ripe,5,5,True,0.9465299248695374,banana_overripe,0.03434477001428604,leftin
data\processed\test\banana_ripe\leftin_0001322.jpg,banana_ripe,banana_ripe,5,5,True,0.9933494925498962,mango_ripe,0.005910112522542477,leftin
data\processed\test\banana_ripe\leftin_0001324.jpg,banana_ripe,banana_ripe,5,5,True,0.9097111225128174,banana_unripe,0.05458560213446617,leftin
data\processed\test\banana_ripe\leftin_0001326.jpg,banana_ripe,banana_ripe,5,5,True,0.9873857498168945,mango_ripe,0.0052588945254683495,leftin
data\processed\test\banana_ripe\leftin_0001327.jpg,banana_ripe,banana_ripe,5,5,True,0.9986147880554199,mango_ripe,0.0003690787707455456,leftin
data\processed\test\banana_ripe\leftin_0001328.jpg,banana_ripe,banana_ripe,5,5,True,0.991251528263092,banana_rotten,0.005087278317660093,leftin
data\processed\test\banana_ripe\leftin_0001331.jpg,banana_ripe,banana_ripe,5,5,True,0.9805229306221008,banana_unripe,0.018872711807489395,leftin
data\processed\test\banana_ripe\leftin_0001333.jpg,banana_ripe,banana_ripe,5,5,True,0.9966844916343689,banana_unripe,0.0017684688791632652,leftin
data\processed\test\banana_ripe\leftin_0001336.jpg,banana_ripe,banana_ripe,5,5,True,0.9997075200080872,mango_ripe,0.0001313556858804077,leftin
data\processed\test\banana_ripe\leftin_0001339.jpg,banana_ripe,banana_ripe,5,5,True,0.98436039686203,banana_rotten,0.012587687000632286,leftin
data\processed\test\banana_ripe\leftin_0001340.jpg,banana_ripe,banana_ripe,5,5,True,0.9931989312171936,banana_rotten,0.0038235837128013372,leftin
data\processed\test\banana_ripe\leftin_0001341.jpg,banana_ripe,banana_ripe,5,5,True,0.9816793203353882,banana_overripe,0.012568052858114243,leftin
data\processed\test\banana_ripe\leftin_0001342.jpg,banana_ripe,banana_ripe,5,5,True,0.9990242719650269,banana_rotten,0.0003712699399329722,leftin
data\processed\test\banana_ripe\leftin_0001345.jpg,banana_ripe,banana_ripe,5,5,True,0.9987384676933289,banana_unripe,0.0010451506823301315,leftin
data\processed\test\banana_ripe\leftin_0001349.jpg,banana_ripe,banana_ripe,5,5,True,0.9902498126029968,banana_unripe,0.0037636251654475927,leftin
data\processed\test\banana_ripe\leftin_0001350.jpg,banana_ripe,banana_ripe,5,5,True,0.9978182315826416,banana_unripe,0.002118125092238188,leftin
data\processed\test\banana_ripe\leftin_0001351.jpg,banana_ripe,banana_ripe,5,5,True,0.9973909854888916,banana_unripe,0.0019290732452645898,leftin
data\processed\test\banana_ripe\leftin_0001352.jpg,banana_ripe,banana_ripe,5,5,True,0.9880444407463074,banana_unripe,0.011444073170423508,leftin
data\processed\test\banana_ripe\leftin_0001353.jpg,banana_ripe,banana_ripe,5,5,True,0.9694888591766357,banana_rotten,0.011294269002974033,leftin
data\processed\test\banana_ripe\leftin_0001354.jpg,banana_ripe,banana_ripe,5,5,True,0.9926202297210693,banana_unripe,0.005551154725253582,leftin
data\processed\test\banana_ripe\leftin_0001356.jpg,banana_ripe,banana_ripe,5,5,True,0.9966796636581421,banana_unripe,0.0015565124340355396,leftin
data\processed\test\banana_ripe\leftin_0001359.jpg,banana_ripe,banana_ripe,5,5,True,0.8771015405654907,banana_unripe,0.09837429225444794,leftin
data\processed\test\banana_ripe\leftin_0001360.jpg,banana_ripe,banana_ripe,5,5,True,0.9573318362236023,banana_unripe,0.03922780975699425,leftin
data\processed\test\banana_ripe\leftin_0001363.jpg,banana_ripe,banana_ripe,5,5,True,0.9649651646614075,banana_rotten,0.02663480117917061,leftin
data\processed\test\banana_ripe\leftin_0001365.jpg,banana_ripe,banana_ripe,5,5,True,0.9985711574554443,banana_rotten,0.0007206106674857438,leftin
data\processed\test\banana_ripe\leftin_0001366.jpg,banana_ripe,banana_ripe,5,5,True,0.9972530007362366,banana_unripe,0.0010662451386451721,leftin
data\processed\test\banana_ripe\leftin_0001367.jpg,banana_ripe,banana_ripe,5,5,True,0.9967181086540222,banana_unripe,0.002459679264575243,leftin
data\processed\test\banana_ripe\leftin_0001368.jpg,banana_ripe,banana_ripe,5,5,True,0.9899969100952148,mango_ripe,0.005426405929028988,leftin
data\processed\test\banana_ripe\leftin_0001369.jpg,banana_ripe,banana_ripe,5,5,True,0.9943300485610962,banana_unripe,0.0025939536280930042,leftin
data\processed\test\banana_rotten\alexcj10-ripenet_0001373.jpg,banana_rotten,banana_rotten,6,6,True,0.9516341090202332,banana_overripe,0.03523403778672218,alexcj10
data\processed\test\banana_rotten\alexcj10-ripenet_0001379.jpg,banana_rotten,banana_rotten,6,6,True,0.7366693019866943,banana_overripe,0.24428623914718628,alexcj10
data\processed\test\banana_rotten\alexcj10-ripenet_0001385.jpg,banana_rotten,banana_rotten,6,6,True,0.9981551766395569,banana_overripe,0.0017398499185219407,alexcj10
data\processed\test\banana_rotten\alexcj10-ripenet_0001390.jpg,banana_rotten,banana_rotten,6,6,True,0.8382562398910522,banana_overripe,0.15813905000686646,alexcj10
data\processed\test\banana_rotten\alexcj10-ripenet_0001391.jpg,banana_rotten,banana_rotten,6,6,True,0.9447711706161499,banana_overripe,0.03562799096107483,alexcj10
data\processed\test\banana_rotten\alexcj10-ripenet_0001404.jpg,banana_rotten,banana_rotten,6,6,True,0.9814180731773376,banana_overripe,0.016385138034820557,alexcj10
data\processed\test\banana_rotten\alexcj10-ripenet_0001411.jpg,banana_rotten,banana_rotten,6,6,True,0.8994314670562744,banana_overripe,0.08666703850030899,alexcj10
data\processed\test\banana_rotten\alexcj10-ripenet_0001432.jpg,banana_rotten,banana_rotten,6,6,True,0.9748783707618713,banana_overripe,0.017385251820087433,alexcj10
data\processed\test\banana_rotten\alexcj10-ripenet_0001437.jpg,banana_rotten,banana_rotten,6,6,True,0.9926388263702393,banana_overripe,0.0066290684044361115,alexcj10
data\processed\test\banana_rotten\alexcj10-ripenet_0001441.jpg,banana_rotten,banana_rotten,6,6,True,0.7679022550582886,banana_overripe,0.21782797574996948,alexcj10
data\processed\test\banana_rotten\alexcj10-ripenet_0001447.jpg,banana_rotten,banana_rotten,6,6,True,0.8341470956802368,banana_overripe,0.16044050455093384,alexcj10
data\processed\test\banana_rotten\alexcj10-ripenet_0001450.jpg,banana_rotten,banana_rotten,6,6,True,0.9768075942993164,banana_overripe,0.009041723795235157,alexcj10
data\processed\test\banana_rotten\alexcj10-ripenet_0001455.jpg,banana_rotten,banana_rotten,6,6,True,0.8104575276374817,banana_overripe,0.10965471714735031,alexcj10
data\processed\test\banana_rotten\alexcj10-ripenet_0001462.jpg,banana_rotten,banana_rotten,6,6,True,0.9981209635734558,banana_overripe,0.0008781110518611968,alexcj10
data\processed\test\banana_rotten\alexcj10-ripenet_0001466.jpg,banana_rotten,banana_rotten,6,6,True,0.6687688231468201,mango_rotten,0.1033777967095375,alexcj10
data\processed\test\banana_rotten\alexcj10-ripenet_0001469.jpg,banana_rotten,banana_rotten,6,6,True,0.7914325594902039,banana_overripe,0.18628445267677307,alexcj10
data\processed\test\banana_rotten\alexcj10-ripenet_0001472.jpg,banana_rotten,banana_rotten,6,6,True,0.9893431663513184,banana_overripe,0.010282847099006176,alexcj10
data\processed\test\banana_rotten\alexcj10-ripenet_0001476.jpg,banana_rotten,banana_rotten,6,6,True,0.8521040081977844,papaya_rotten,0.06553303450345993,alexcj10
data\processed\test\banana_rotten\alexcj10-ripenet_0001477.jpg,banana_rotten,banana_rotten,6,6,True,0.9929078817367554,banana_overripe,0.006774372886866331,alexcj10
data\processed\test\banana_rotten\alexcj10-ripenet_0001502.jpg,banana_rotten,banana_rotten,6,6,True,0.9969305396080017,banana_overripe,0.0014850734733045101,alexcj10
data\processed\test\banana_rotten\alexcj10-ripenet_0001504.jpg,banana_rotten,banana_rotten,6,6,True,0.9364928007125854,banana_overripe,0.05249601975083351,alexcj10
data\processed\test\banana_rotten\alexcj10-ripenet_0001506.jpg,banana_rotten,banana_rotten,6,6,True,0.9977078437805176,banana_overripe,0.0006947873043827713,alexcj10
data\processed\test\banana_rotten\alexcj10-ripenet_0001511.jpg,banana_rotten,banana_rotten,6,6,True,0.612762451171875,banana_overripe,0.27871984243392944,alexcj10
data\processed\test\banana_rotten\alexcj10-ripenet_0001526.jpg,banana_rotten,banana_rotten,6,6,True,0.9853593111038208,banana_overripe,0.013132760301232338,alexcj10
data\processed\test\banana_rotten\alexcj10-ripenet_0001529.jpg,banana_rotten,banana_rotten,6,6,True,0.9193156361579895,banana_ripe,0.04213479533791542,alexcj10
data\processed\test\banana_rotten\alexcj10-ripenet_0001532.jpg,banana_rotten,banana_rotten,6,6,True,0.6165401935577393,banana_overripe,0.35648441314697266,alexcj10
data\processed\test\banana_rotten\alexcj10-ripenet_0001535.jpg,banana_rotten,banana_rotten,6,6,True,0.973977267742157,papaya_rotten,0.01426972821354866,alexcj10
data\processed\test\banana_rotten\alexcj10-ripenet_0001542.jpg,banana_rotten,banana_rotten,6,6,True,0.7216508984565735,banana_overripe,0.17567752301692963,alexcj10
data\processed\test\banana_rotten\alexcj10-ripenet_0001543.jpg,banana_rotten,banana_rotten,6,6,True,0.9497748613357544,mango_rotten,0.030997416004538536,alexcj10
data\processed\test\banana_rotten\alexcj10-ripenet_0001544.jpg,banana_rotten,banana_overripe,6,4,False,0.7350645661354065,banana_rotten,0.24802987277507782,alexcj10
data\processed\test\banana_rotten\alexcj10-ripenet_0001547.jpg,banana_rotten,banana_rotten,6,6,True,0.8323265314102173,mango_rotten,0.05195162817835808,alexcj10
data\processed\test\banana_rotten\alexcj10-ripenet_0001564.jpg,banana_rotten,banana_rotten,6,6,True,0.9500830173492432,mango_rotten,0.02464434877038002,alexcj10
data\processed\test\banana_rotten\alexcj10-ripenet_0001571.jpg,banana_rotten,banana_rotten,6,6,True,0.8988394737243652,papaya_rotten,0.05557495728135109,alexcj10
data\processed\test\banana_rotten\alexcj10-ripenet_0001577.jpg,banana_rotten,banana_rotten,6,6,True,0.9821557402610779,banana_overripe,0.011351125314831734,alexcj10
data\processed\test\banana_rotten\alexcj10-ripenet_0001578.jpg,banana_rotten,banana_rotten,6,6,True,0.9073279500007629,banana_overripe,0.08849916607141495,alexcj10
data\processed\test\banana_rotten\alexcj10-ripenet_0001586.jpg,banana_rotten,banana_rotten,6,6,True,0.5217847228050232,banana_overripe,0.23118998110294342,alexcj10
data\processed\test\banana_rotten\alexcj10-ripenet_0001588.jpg,banana_rotten,banana_rotten,6,6,True,0.9923721551895142,banana_overripe,0.006298973690718412,alexcj10
data\processed\test\banana_rotten\alexcj10-ripenet_0001593.jpg,banana_rotten,banana_rotten,6,6,True,0.8755478262901306,banana_unripe,0.05154484882950783,alexcj10
data\processed\test\banana_rotten\alexcj10-ripenet_0001606.jpg,banana_rotten,banana_rotten,6,6,True,0.8939129710197449,papaya_rotten,0.0712820366024971,alexcj10
data\processed\test\banana_rotten\alexcj10-ripenet_0001609.jpg,banana_rotten,papaya_rotten,6,17,False,0.850966215133667,banana_rotten,0.08434823155403137,alexcj10
data\processed\test\banana_rotten\alexcj10-ripenet_0001623.jpg,banana_rotten,banana_rotten,6,6,True,0.8994264006614685,banana_overripe,0.07529687881469727,alexcj10
data\processed\test\banana_rotten\alexcj10-ripenet_0001661.jpg,banana_rotten,mango_rotten,6,10,False,0.6896064877510071,papaya_rotten,0.14324772357940674,alexcj10
data\processed\test\banana_rotten\alexcj10-ripenet_0001662.jpg,banana_rotten,banana_rotten,6,6,True,0.6182188391685486,banana_ripe,0.2698690891265869,alexcj10
data\processed\test\banana_rotten\alexcj10-ripenet_0001663.jpg,banana_rotten,banana_rotten,6,6,True,0.8954287767410278,mango_rotten,0.03780160844326019,alexcj10
data\processed\test\banana_rotten\alexcj10-ripenet_0001670.jpg,banana_rotten,banana_rotten,6,6,True,0.670953631401062,mango_rotten,0.15448269248008728,alexcj10
data\processed\test\banana_rotten\alexcj10-ripenet_0001683.jpg,banana_rotten,banana_rotten,6,6,True,0.9802697896957397,banana_overripe,0.018988540396094322,alexcj10
data\processed\test\banana_rotten\alexcj10-ripenet_0001687.jpg,banana_rotten,banana_rotten,6,6,True,0.9956693649291992,banana_overripe,0.0036723362281918526,alexcj10
data\processed\test\banana_rotten\alexcj10-ripenet_0001691.jpg,banana_rotten,banana_rotten,6,6,True,0.8038057684898376,papaya_rotten,0.14865271747112274,alexcj10
data\processed\test\banana_rotten\leftin_0001370.jpg,banana_rotten,banana_rotten,6,6,True,0.9999641180038452,banana_ripe,2.0516079530352727e-05,leftin
data\processed\test\banana_rotten\leftin_0001371.jpg,banana_rotten,banana_rotten,6,6,True,0.9803286790847778,mango_rotten,0.012037968263030052,leftin
data\processed\test\banana_rotten\leftin_0001372.jpg,banana_rotten,banana_rotten,6,6,True,0.9999629259109497,banana_overripe,2.6334693757235073e-05,leftin
data\processed\test\banana_rotten\leftin_0001374.jpg,banana_rotten,banana_rotten,6,6,True,0.8979133367538452,banana_overripe,0.08172591775655746,leftin
data\processed\test\banana_rotten\leftin_0001375.jpg,banana_rotten,banana_rotten,6,6,True,0.9993383288383484,papaya_rotten,0.00022982028895057738,leftin
data\processed\test\banana_rotten\leftin_0001376.jpg,banana_rotten,banana_rotten,6,6,True,0.9889398217201233,banana_ripe,0.01004378218203783,leftin
data\processed\test\banana_rotten\leftin_0001377.jpg,banana_rotten,banana_rotten,6,6,True,0.9750329256057739,banana_overripe,0.02189553715288639,leftin
data\processed\test\banana_rotten\leftin_0001378.jpg,banana_rotten,banana_rotten,6,6,True,0.9931570887565613,papaya_rotten,0.003116373438388109,leftin
data\processed\test\banana_rotten\leftin_0001380.jpg,banana_rotten,banana_rotten,6,6,True,0.9770632982254028,banana_overripe,0.016644198447465897,leftin
data\processed\test\banana_rotten\leftin_0001381.jpg,banana_rotten,banana_rotten,6,6,True,0.9535918235778809,banana_overripe,0.02356388419866562,leftin
data\processed\test\banana_rotten\leftin_0001382.jpg,banana_rotten,banana_rotten,6,6,True,0.9944959282875061,banana_overripe,0.005403147544711828,leftin
data\processed\test\banana_rotten\leftin_0001383.jpg,banana_rotten,banana_rotten,6,6,True,0.9271158576011658,banana_overripe,0.0485985204577446,leftin
data\processed\test\banana_rotten\leftin_0001384.jpg,banana_rotten,banana_rotten,6,6,True,0.9994909763336182,banana_overripe,0.0004050734278280288,leftin
data\processed\test\banana_rotten\leftin_0001386.jpg,banana_rotten,banana_rotten,6,6,True,0.9855421781539917,banana_overripe,0.014269795268774033,leftin
data\processed\test\banana_rotten\leftin_0001387.jpg,banana_rotten,banana_rotten,6,6,True,0.9967643022537231,banana_overripe,0.002552737481892109,leftin
data\processed\test\banana_rotten\leftin_0001388.jpg,banana_rotten,banana_rotten,6,6,True,0.99482262134552,banana_overripe,0.0050253840163350105,leftin
data\processed\test\banana_rotten\leftin_0001389.jpg,banana_rotten,banana_rotten,6,6,True,0.9992260932922363,banana_ripe,0.0003767595917452127,leftin
data\processed\test\banana_rotten\leftin_0001392.jpg,banana_rotten,banana_rotten,6,6,True,0.9956485629081726,banana_overripe,0.003910936415195465,leftin
data\processed\test\banana_rotten\leftin_0001393.jpg,banana_rotten,banana_rotten,6,6,True,0.9959462285041809,papaya_rotten,0.0031611116137355566,leftin
data\processed\test\banana_rotten\leftin_0001394.jpg,banana_rotten,banana_rotten,6,6,True,0.9981984496116638,banana_ripe,0.00127330981194973,leftin
data\processed\test\banana_rotten\leftin_0001395.jpg,banana_rotten,banana_rotten,6,6,True,0.9996365308761597,banana_overripe,0.00021747968276031315,leftin
data\processed\test\banana_rotten\leftin_0001396.jpg,banana_rotten,banana_rotten,6,6,True,0.9988276362419128,banana_overripe,0.0006084906053729355,leftin
data\processed\test\banana_rotten\leftin_0001397.jpg,banana_rotten,banana_rotten,6,6,True,0.9974523186683655,banana_overripe,0.0024084122851490974,leftin
data\processed\test\banana_rotten\leftin_0001398.jpg,banana_rotten,banana_rotten,6,6,True,0.9998328685760498,banana_overripe,0.00010450713307363912,leftin
data\processed\test\banana_rotten\leftin_0001399.jpg,banana_rotten,banana_rotten,6,6,True,0.9980072379112244,banana_overripe,0.001472259871661663,leftin
data\processed\test\banana_rotten\leftin_0001400.jpg,banana_rotten,banana_rotten,6,6,True,0.9998251795768738,banana_overripe,7.384653144981712e-05,leftin
data\processed\test\banana_rotten\leftin_0001401.jpg,banana_rotten,banana_rotten,6,6,True,0.999860405921936,banana_overripe,0.00010661784472176805,leftin
data\processed\test\banana_rotten\leftin_0001402.jpg,banana_rotten,banana_rotten,6,6,True,0.9989271759986877,banana_overripe,0.0010518919443711638,leftin
data\processed\test\banana_rotten\leftin_0001403.jpg,banana_rotten,banana_rotten,6,6,True,0.9934700727462769,banana_overripe,0.006345192901790142,leftin
data\processed\test\banana_rotten\leftin_0001405.jpg,banana_rotten,banana_rotten,6,6,True,0.5377271175384521,banana_overripe,0.41325175762176514,leftin
data\processed\test\banana_rotten\leftin_0001406.jpg,banana_rotten,banana_rotten,6,6,True,0.9961334466934204,banana_overripe,0.002995524788275361,leftin
data\processed\test\banana_rotten\leftin_0001407.jpg,banana_rotten,banana_rotten,6,6,True,0.993509829044342,banana_overripe,0.006113497540354729,leftin
data\processed\test\banana_rotten\leftin_0001408.jpg,banana_rotten,banana_rotten,6,6,True,0.9978622794151306,banana_overripe,0.0020907213911414146,leftin
data\processed\test\banana_rotten\leftin_0001409.jpg,banana_rotten,banana_rotten,6,6,True,0.9851779341697693,papaya_rotten,0.007785315625369549,leftin
data\processed\test\banana_rotten\leftin_0001410.jpg,banana_rotten,banana_rotten,6,6,True,0.9991494417190552,banana_overripe,0.00026052750763483346,leftin
data\processed\test\banana_rotten\leftin_0001412.jpg,banana_rotten,banana_rotten,6,6,True,0.999954104423523,banana_overripe,3.6478402762440965e-05,leftin
data\processed\test\banana_rotten\leftin_0001413.jpg,banana_rotten,banana_rotten,6,6,True,0.9998098015785217,banana_ripe,0.00014592985098715872,leftin
data\processed\test\banana_rotten\leftin_0001414.jpg,banana_rotten,banana_rotten,6,6,True,0.9953035116195679,mango_rotten,0.002249570330604911,leftin
data\processed\test\banana_rotten\leftin_0001415.jpg,banana_rotten,banana_rotten,6,6,True,0.9930185675621033,banana_overripe,0.006792145781219006,leftin
data\processed\test\banana_rotten\leftin_0001416.jpg,banana_rotten,banana_rotten,6,6,True,0.9254047274589539,papaya_rotten,0.03274480998516083,leftin
data\processed\test\banana_rotten\leftin_0001417.jpg,banana_rotten,banana_rotten,6,6,True,0.9983478784561157,papaya_rotten,0.0008071562042459846,leftin
data\processed\test\banana_rotten\leftin_0001418.jpg,banana_rotten,banana_rotten,6,6,True,0.9975739121437073,banana_overripe,0.0012045144103467464,leftin
data\processed\test\banana_rotten\leftin_0001419.jpg,banana_rotten,banana_rotten,6,6,True,0.9996479749679565,banana_overripe,0.0002511897182557732,leftin
data\processed\test\banana_rotten\leftin_0001420.jpg,banana_rotten,banana_rotten,6,6,True,0.9852567315101624,banana_ripe,0.004195635672658682,leftin
data\processed\test\banana_rotten\leftin_0001421.jpg,banana_rotten,banana_rotten,6,6,True,0.9955959916114807,banana_overripe,0.002989748492836952,leftin
data\processed\test\banana_rotten\leftin_0001422.jpg,banana_rotten,banana_rotten,6,6,True,0.9988976716995239,banana_overripe,0.0009906751802191138,leftin
data\processed\test\banana_rotten\leftin_0001423.jpg,banana_rotten,banana_rotten,6,6,True,0.9799853563308716,papaya_rotten,0.016215182840824127,leftin
data\processed\test\banana_rotten\leftin_0001424.jpg,banana_rotten,banana_rotten,6,6,True,0.9946138262748718,banana_overripe,0.00523041095584631,leftin
data\processed\test\banana_rotten\leftin_0001425.jpg,banana_rotten,banana_rotten,6,6,True,0.8716399669647217,banana_ripe,0.0776277408003807,leftin
data\processed\test\banana_rotten\leftin_0001426.jpg,banana_rotten,banana_rotten,6,6,True,0.9969956874847412,banana_overripe,0.002563993213698268,leftin
data\processed\test\banana_rotten\leftin_0001427.jpg,banana_rotten,banana_rotten,6,6,True,0.9920672178268433,banana_overripe,0.007860221900045872,leftin
data\processed\test\banana_rotten\leftin_0001428.jpg,banana_rotten,banana_rotten,6,6,True,0.9956279993057251,papaya_rotten,0.0038338343147188425,leftin
data\processed\test\banana_rotten\leftin_0001429.jpg,banana_rotten,banana_rotten,6,6,True,0.997931718826294,banana_overripe,0.0018518358701840043,leftin
data\processed\test\banana_rotten\leftin_0001430.jpg,banana_rotten,banana_rotten,6,6,True,0.9751919507980347,banana_overripe,0.018876371905207634,leftin
data\processed\test\banana_rotten\leftin_0001431.jpg,banana_rotten,banana_rotten,6,6,True,0.971961259841919,banana_overripe,0.01906336471438408,leftin
data\processed\test\banana_rotten\leftin_0001433.jpg,banana_rotten,banana_rotten,6,6,True,0.9997087121009827,banana_overripe,0.0002657948643900454,leftin
data\processed\test\banana_rotten\leftin_0001434.jpg,banana_rotten,banana_rotten,6,6,True,0.9893980026245117,banana_overripe,0.007745769806206226,leftin
data\processed\test\banana_rotten\leftin_0001435.jpg,banana_rotten,banana_rotten,6,6,True,0.9630554914474487,banana_overripe,0.0351451076567173,leftin
data\processed\test\banana_rotten\leftin_0001436.jpg,banana_rotten,banana_rotten,6,6,True,0.9840063452720642,banana_overripe,0.015193184837698936,leftin
data\processed\test\banana_rotten\leftin_0001438.jpg,banana_rotten,banana_rotten,6,6,True,0.9974411725997925,banana_overripe,0.0023234558757394552,leftin
data\processed\test\banana_rotten\leftin_0001439.jpg,banana_rotten,banana_rotten,6,6,True,0.9999356269836426,banana_ripe,3.639766509877518e-05,leftin
data\processed\test\banana_rotten\leftin_0001440.jpg,banana_rotten,banana_rotten,6,6,True,0.997569739818573,banana_ripe,0.0008535969536751509,leftin
data\processed\test\banana_rotten\leftin_0001442.jpg,banana_rotten,banana_rotten,6,6,True,0.9984567165374756,banana_ripe,0.000933066476136446,leftin
data\processed\test\banana_rotten\leftin_0001443.jpg,banana_rotten,banana_rotten,6,6,True,0.9954718351364136,banana_overripe,0.0016631114995107055,leftin
data\processed\test\banana_rotten\leftin_0001444.jpg,banana_rotten,banana_rotten,6,6,True,0.9998466968536377,banana_overripe,0.00014195378753356636,leftin
data\processed\test\banana_rotten\leftin_0001445.jpg,banana_rotten,banana_rotten,6,6,True,0.9997673630714417,banana_overripe,0.00019984066602773964,leftin
data\processed\test\banana_rotten\leftin_0001446.jpg,banana_rotten,banana_rotten,6,6,True,0.9999864101409912,banana_overripe,6.828114692325471e-06,leftin
data\processed\test\banana_rotten\leftin_0001448.jpg,banana_rotten,banana_rotten,6,6,True,0.9882386922836304,banana_overripe,0.007018947508186102,leftin
data\processed\test\banana_rotten\leftin_0001449.jpg,banana_rotten,banana_rotten,6,6,True,0.999411940574646,banana_overripe,0.00015723808610346168,leftin
data\processed\test\banana_rotten\leftin_0001451.jpg,banana_rotten,banana_rotten,6,6,True,0.9981502294540405,banana_overripe,0.0018027082551270723,leftin
data\processed\test\banana_rotten\leftin_0001452.jpg,banana_rotten,banana_rotten,6,6,True,0.9988594055175781,banana_overripe,0.001112750731408596,leftin
data\processed\test\banana_rotten\leftin_0001453.jpg,banana_rotten,banana_rotten,6,6,True,0.9999701976776123,papaya_rotten,1.1313560207781848e-05,leftin
data\processed\test\banana_rotten\leftin_0001454.jpg,banana_rotten,banana_rotten,6,6,True,0.9850113987922668,papaya_rotten,0.005390554666519165,leftin
data\processed\test\banana_rotten\leftin_0001456.jpg,banana_rotten,banana_rotten,6,6,True,0.9994118213653564,banana_overripe,0.000361252692528069,leftin
data\processed\test\banana_rotten\leftin_0001457.jpg,banana_rotten,banana_rotten,6,6,True,0.9982954859733582,pineapple_rotten,0.0005954329972155392,leftin
data\processed\test\banana_rotten\leftin_0001458.jpg,banana_rotten,banana_rotten,6,6,True,0.9999904632568359,banana_overripe,5.731225883209845e-06,leftin
data\processed\test\banana_rotten\leftin_0001459.jpg,banana_rotten,banana_rotten,6,6,True,0.9859786629676819,banana_overripe,0.013840184547007084,leftin
data\processed\test\banana_rotten\leftin_0001460.jpg,banana_rotten,banana_rotten,6,6,True,0.9813287258148193,banana_overripe,0.015597764402627945,leftin
data\processed\test\banana_rotten\leftin_0001461.jpg,banana_rotten,banana_rotten,6,6,True,0.9076160788536072,banana_ripe,0.07183275371789932,leftin
data\processed\test\banana_rotten\leftin_0001463.jpg,banana_rotten,banana_rotten,6,6,True,0.9988664388656616,papaya_rotten,0.0008865383570082486,leftin
data\processed\test\banana_rotten\leftin_0001464.jpg,banana_rotten,banana_rotten,6,6,True,0.987655758857727,mango_rotten,0.006752173416316509,leftin
data\processed\test\banana_rotten\leftin_0001465.jpg,banana_rotten,banana_rotten,6,6,True,0.9745960235595703,banana_overripe,0.02402486279606819,leftin
data\processed\test\banana_rotten\leftin_0001467.jpg,banana_rotten,banana_rotten,6,6,True,0.9881147146224976,banana_overripe,0.007516255136579275,leftin
data\processed\test\banana_rotten\leftin_0001468.jpg,banana_rotten,banana_rotten,6,6,True,0.874832034111023,papaya_rotten,0.08146190643310547,leftin
data\processed\test\banana_rotten\leftin_0001470.jpg,banana_rotten,banana_rotten,6,6,True,0.9977124929428101,apple_rotten,0.0011724380310624838,leftin
data\processed\test\banana_rotten\leftin_0001471.jpg,banana_rotten,banana_rotten,6,6,True,0.985408365726471,banana_ripe,0.006966219283640385,leftin
data\processed\test\banana_rotten\leftin_0001473.jpg,banana_rotten,banana_rotten,6,6,True,0.9216270446777344,mango_rotten,0.027423901483416557,leftin
data\processed\test\banana_rotten\leftin_0001474.jpg,banana_rotten,banana_rotten,6,6,True,0.994213879108429,banana_ripe,0.003049190854653716,leftin
data\processed\test\banana_rotten\leftin_0001475.jpg,banana_rotten,banana_rotten,6,6,True,0.9999110698699951,banana_overripe,3.682647366076708e-05,leftin
data\processed\test\banana_rotten\leftin_0001478.jpg,banana_rotten,banana_rotten,6,6,True,0.9991981387138367,banana_overripe,0.0004999571829102933,leftin
data\processed\test\banana_rotten\leftin_0001479.jpg,banana_rotten,banana_rotten,6,6,True,0.995521068572998,papaya_rotten,0.002426484366878867,leftin
data\processed\test\banana_rotten\leftin_0001480.jpg,banana_rotten,banana_rotten,6,6,True,0.9855056405067444,banana_overripe,0.014066359028220177,leftin
data\processed\test\banana_rotten\leftin_0001481.jpg,banana_rotten,banana_rotten,6,6,True,0.9952504634857178,banana_overripe,0.004523806739598513,leftin
data\processed\test\banana_rotten\leftin_0001482.jpg,banana_rotten,banana_rotten,6,6,True,0.8940863609313965,papaya_rotten,0.07372079789638519,leftin
data\processed\test\banana_rotten\leftin_0001483.jpg,banana_rotten,banana_rotten,6,6,True,0.9791427850723267,banana_overripe,0.012138298712670803,leftin
data\processed\test\banana_rotten\leftin_0001484.jpg,banana_rotten,banana_overripe,6,4,False,0.838708758354187,banana_rotten,0.10958997160196304,leftin
data\processed\test\banana_rotten\leftin_0001485.jpg,banana_rotten,banana_rotten,6,6,True,0.9969323873519897,banana_overripe,0.002424526261165738,leftin
data\processed\test\banana_rotten\leftin_0001486.jpg,banana_rotten,banana_rotten,6,6,True,0.9811520576477051,banana_overripe,0.018241725862026215,leftin
data\processed\test\banana_rotten\leftin_0001487.jpg,banana_rotten,banana_rotten,6,6,True,0.9986386895179749,banana_overripe,0.0007555518532171845,leftin
data\processed\test\banana_rotten\leftin_0001488.jpg,banana_rotten,banana_rotten,6,6,True,0.9767497181892395,banana_ripe,0.019979508593678474,leftin
data\processed\test\banana_rotten\leftin_0001489.jpg,banana_rotten,banana_rotten,6,6,True,0.9988992214202881,banana_overripe,0.0006660016370005906,leftin
data\processed\test\banana_rotten\leftin_0001490.jpg,banana_rotten,banana_rotten,6,6,True,0.9999709129333496,banana_overripe,2.007146758842282e-05,leftin
data\processed\test\banana_rotten\leftin_0001491.jpg,banana_rotten,banana_rotten,6,6,True,0.9980977177619934,papaya_rotten,0.00104868458583951,leftin
data\processed\test\banana_rotten\leftin_0001492.jpg,banana_rotten,banana_rotten,6,6,True,0.9998687505722046,banana_overripe,0.00010570601443760097,leftin
data\processed\test\banana_rotten\leftin_0001493.jpg,banana_rotten,banana_rotten,6,6,True,0.8686634302139282,banana_overripe,0.12270936369895935,leftin
data\processed\test\banana_rotten\leftin_0001494.jpg,banana_rotten,banana_rotten,6,6,True,0.99967360496521,banana_overripe,0.0002781376533675939,leftin
data\processed\test\banana_rotten\leftin_0001495.jpg,banana_rotten,banana_rotten,6,6,True,0.9812300205230713,banana_ripe,0.010550102218985558,leftin
data\processed\test\banana_rotten\leftin_0001496.jpg,banana_rotten,banana_rotten,6,6,True,0.9940949082374573,banana_overripe,0.005692329257726669,leftin
data\processed\test\banana_rotten\leftin_0001497.jpg,banana_rotten,banana_rotten,6,6,True,0.9901540875434875,papaya_ripe,0.002954965690150857,leftin
data\processed\test\banana_rotten\leftin_0001498.jpg,banana_rotten,banana_rotten,6,6,True,0.9993983507156372,banana_overripe,0.0003937045985367149,leftin
data\processed\test\banana_rotten\leftin_0001499.jpg,banana_rotten,banana_rotten,6,6,True,0.9983816146850586,banana_ripe,0.0014017190551385283,leftin
data\processed\test\banana_rotten\leftin_0001500.jpg,banana_rotten,banana_rotten,6,6,True,0.9946413040161133,banana_overripe,0.0041757975704967976,leftin
data\processed\test\banana_rotten\leftin_0001501.jpg,banana_rotten,banana_rotten,6,6,True,0.9769008159637451,banana_overripe,0.02161394990980625,leftin
data\processed\test\banana_rotten\leftin_0001503.jpg,banana_rotten,banana_rotten,6,6,True,0.9966788291931152,banana_overripe,0.003111960832029581,leftin
data\processed\test\banana_rotten\leftin_0001505.jpg,banana_rotten,banana_rotten,6,6,True,0.9998503923416138,banana_overripe,0.00013632005720864981,leftin
data\processed\test\banana_rotten\leftin_0001507.jpg,banana_rotten,banana_rotten,6,6,True,0.9783957004547119,banana_overripe,0.006774350069463253,leftin
data\processed\test\banana_rotten\leftin_0001508.jpg,banana_rotten,banana_rotten,6,6,True,0.9998052716255188,papaya_rotten,0.0001064171374309808,leftin
data\processed\test\banana_rotten\leftin_0001509.jpg,banana_rotten,banana_rotten,6,6,True,0.9927975535392761,banana_overripe,0.003750178264454007,leftin
data\processed\test\banana_rotten\leftin_0001510.jpg,banana_rotten,banana_rotten,6,6,True,0.9641696810722351,banana_overripe,0.032861724495887756,leftin
data\processed\test\banana_rotten\leftin_0001512.jpg,banana_rotten,banana_rotten,6,6,True,0.9809290766716003,banana_overripe,0.017120687291026115,leftin
data\processed\test\banana_rotten\leftin_0001513.jpg,banana_rotten,banana_rotten,6,6,True,0.9993220567703247,banana_overripe,0.0005163672612980008,leftin
data\processed\test\banana_rotten\leftin_0001514.jpg,banana_rotten,banana_rotten,6,6,True,0.9973269701004028,banana_overripe,0.0011542128631845117,leftin
data\processed\test\banana_rotten\leftin_0001515.jpg,banana_rotten,banana_rotten,6,6,True,0.9661083817481995,banana_overripe,0.02924550697207451,leftin
data\processed\test\banana_rotten\leftin_0001516.jpg,banana_rotten,banana_rotten,6,6,True,0.9987062215805054,banana_overripe,0.0008570824284106493,leftin
data\processed\test\banana_rotten\leftin_0001517.jpg,banana_rotten,banana_rotten,6,6,True,0.5412266850471497,banana_overripe,0.45246461033821106,leftin
data\processed\test\banana_rotten\leftin_0001518.jpg,banana_rotten,banana_rotten,6,6,True,0.8385279178619385,mango_rotten,0.08902958780527115,leftin
data\processed\test\banana_rotten\leftin_0001519.jpg,banana_rotten,banana_rotten,6,6,True,0.991853654384613,banana_overripe,0.007536864839494228,leftin
data\processed\test\banana_rotten\leftin_0001520.jpg,banana_rotten,banana_rotten,6,6,True,0.9996059536933899,banana_overripe,0.0002692041452974081,leftin
data\processed\test\banana_rotten\leftin_0001521.jpg,banana_rotten,banana_rotten,6,6,True,0.9988419413566589,banana_ripe,0.0009352081106044352,leftin
data\processed\test\banana_rotten\leftin_0001522.jpg,banana_rotten,banana_rotten,6,6,True,0.9997894167900085,banana_overripe,0.00011361708311596885,leftin
data\processed\test\banana_rotten\leftin_0001523.jpg,banana_rotten,banana_rotten,6,6,True,0.9993577599525452,banana_overripe,0.0003506387583911419,leftin
data\processed\test\banana_rotten\leftin_0001524.jpg,banana_rotten,banana_rotten,6,6,True,0.9996163845062256,banana_ripe,0.00022369778889697045,leftin
data\processed\test\banana_rotten\leftin_0001525.jpg,banana_rotten,banana_rotten,6,6,True,0.923271656036377,banana_ripe,0.02991330809891224,leftin
data\processed\test\banana_rotten\leftin_0001527.jpg,banana_rotten,banana_rotten,6,6,True,0.9985478520393372,banana_overripe,0.0012352517805993557,leftin
data\processed\test\banana_rotten\leftin_0001528.jpg,banana_rotten,banana_rotten,6,6,True,0.9973340034484863,banana_overripe,0.0026324731297791004,leftin
data\processed\test\banana_rotten\leftin_0001530.jpg,banana_rotten,banana_rotten,6,6,True,0.9936379790306091,papaya_rotten,0.0029023278038948774,leftin
data\processed\test\banana_rotten\leftin_0001531.jpg,banana_rotten,banana_rotten,6,6,True,0.9985978007316589,banana_ripe,0.0009505655034445226,leftin
data\processed\test\banana_rotten\leftin_0001533.jpg,banana_rotten,banana_rotten,6,6,True,0.9998266100883484,banana_overripe,0.00014814094174653292,leftin
data\processed\test\banana_rotten\leftin_0001534.jpg,banana_rotten,banana_rotten,6,6,True,0.9948721528053284,banana_overripe,0.004820145200937986,leftin
data\processed\test\banana_rotten\leftin_0001536.jpg,banana_rotten,banana_rotten,6,6,True,0.9984214305877686,banana_overripe,0.0015324457781389356,leftin
data\processed\test\banana_rotten\leftin_0001537.jpg,banana_rotten,banana_rotten,6,6,True,0.9992270469665527,banana_overripe,0.0007263269508257508,leftin
data\processed\test\banana_rotten\leftin_0001538.jpg,banana_rotten,banana_rotten,6,6,True,0.9998258948326111,banana_overripe,0.0001632364437682554,leftin
data\processed\test\banana_rotten\leftin_0001539.jpg,banana_rotten,banana_rotten,6,6,True,0.9849675297737122,papaya_rotten,0.010162201710045338,leftin
data\processed\test\banana_rotten\leftin_0001540.jpg,banana_rotten,banana_rotten,6,6,True,0.9998173117637634,banana_overripe,0.00014029719750396907,leftin
data\processed\test\banana_rotten\leftin_0001541.jpg,banana_rotten,banana_rotten,6,6,True,0.9996405839920044,banana_ripe,0.0002733679721131921,leftin
data\processed\test\banana_rotten\leftin_0001545.jpg,banana_rotten,banana_rotten,6,6,True,0.9994080066680908,banana_overripe,0.0005107848555780947,leftin
data\processed\test\banana_rotten\leftin_0001546.jpg,banana_rotten,banana_rotten,6,6,True,0.99354088306427,banana_overripe,0.006349807605147362,leftin
data\processed\test\banana_rotten\leftin_0001548.jpg,banana_rotten,banana_rotten,6,6,True,0.9871352314949036,banana_ripe,0.012401426210999489,leftin
data\processed\test\banana_rotten\leftin_0001549.jpg,banana_rotten,banana_rotten,6,6,True,0.9998923540115356,banana_overripe,9.491785749560222e-05,leftin
data\processed\test\banana_rotten\leftin_0001550.jpg,banana_rotten,banana_rotten,6,6,True,0.9990732669830322,banana_ripe,0.00044465987593866885,leftin
data\processed\test\banana_rotten\leftin_0001551.jpg,banana_rotten,banana_rotten,6,6,True,0.9996657371520996,banana_ripe,0.00015685398830100894,leftin
data\processed\test\banana_rotten\leftin_0001552.jpg,banana_rotten,banana_rotten,6,6,True,0.9998716115951538,banana_overripe,0.00011409191938582808,leftin
data\processed\test\banana_rotten\leftin_0001553.jpg,banana_rotten,banana_rotten,6,6,True,0.9948341846466064,banana_ripe,0.004324586130678654,leftin
data\processed\test\banana_rotten\leftin_0001554.jpg,banana_rotten,banana_rotten,6,6,True,0.9269269108772278,banana_overripe,0.06291624903678894,leftin
data\processed\test\banana_rotten\leftin_0001555.jpg,banana_rotten,banana_rotten,6,6,True,0.9971086382865906,banana_ripe,0.0013905285159125924,leftin
data\processed\test\banana_rotten\leftin_0001556.jpg,banana_rotten,banana_rotten,6,6,True,0.9999659061431885,banana_overripe,2.4712209778954275e-05,leftin
data\processed\test\banana_rotten\leftin_0001557.jpg,banana_rotten,banana_rotten,6,6,True,0.989554762840271,banana_overripe,0.009668178856372833,leftin
data\processed\test\banana_rotten\leftin_0001558.jpg,banana_rotten,banana_rotten,6,6,True,0.999760091304779,banana_ripe,0.00013956894690636545,leftin
data\processed\test\banana_rotten\leftin_0001559.jpg,banana_rotten,banana_rotten,6,6,True,0.9919885396957397,banana_overripe,0.0040307859890162945,leftin
data\processed\test\banana_rotten\leftin_0001560.jpg,banana_rotten,banana_rotten,6,6,True,0.9839664101600647,banana_overripe,0.015490781515836716,leftin
data\processed\test\banana_rotten\leftin_0001561.jpg,banana_rotten,banana_rotten,6,6,True,0.9999678134918213,banana_ripe,1.1195149454579223e-05,leftin
data\processed\test\banana_rotten\leftin_0001562.jpg,banana_rotten,banana_rotten,6,6,True,0.7322163581848145,banana_overripe,0.21116720139980316,leftin
data\processed\test\banana_rotten\leftin_0001563.jpg,banana_rotten,banana_rotten,6,6,True,0.9984298348426819,banana_overripe,0.0006151740089990199,leftin
data\processed\test\banana_rotten\leftin_0001565.jpg,banana_rotten,banana_rotten,6,6,True,0.9989051818847656,banana_overripe,0.0008692263509146869,leftin
data\processed\test\banana_rotten\leftin_0001566.jpg,banana_rotten,banana_rotten,6,6,True,0.9952918291091919,banana_overripe,0.003593981033191085,leftin
data\processed\test\banana_rotten\leftin_0001567.jpg,banana_rotten,banana_rotten,6,6,True,0.9989429116249084,banana_overripe,0.000989190535619855,leftin
data\processed\test\banana_rotten\leftin_0001568.jpg,banana_rotten,banana_rotten,6,6,True,0.9940024018287659,banana_overripe,0.005941751413047314,leftin
data\processed\test\banana_rotten\leftin_0001569.jpg,banana_rotten,banana_rotten,6,6,True,0.9709503650665283,banana_overripe,0.028678225353360176,leftin
data\processed\test\banana_rotten\leftin_0001570.jpg,banana_rotten,banana_rotten,6,6,True,0.9983342289924622,banana_ripe,0.001088322838768363,leftin
data\processed\test\banana_rotten\leftin_0001572.jpg,banana_rotten,banana_overripe,6,4,False,0.6658663749694824,banana_rotten,0.3279963731765747,leftin
data\processed\test\banana_rotten\leftin_0001573.jpg,banana_rotten,banana_rotten,6,6,True,0.9991254210472107,banana_overripe,0.0003700763627421111,leftin
data\processed\test\banana_rotten\leftin_0001574.jpg,banana_rotten,banana_rotten,6,6,True,0.9992945194244385,banana_overripe,0.0004793396219611168,leftin
data\processed\test\banana_rotten\leftin_0001575.jpg,banana_rotten,banana_rotten,6,6,True,0.9999603033065796,banana_overripe,2.3897364371805452e-05,leftin
data\processed\test\banana_rotten\leftin_0001576.jpg,banana_rotten,banana_rotten,6,6,True,0.998977541923523,papaya_rotten,0.0002853346522897482,leftin
data\processed\test\banana_rotten\leftin_0001579.jpg,banana_rotten,banana_rotten,6,6,True,0.9451895952224731,banana_ripe,0.04185706004500389,leftin
data\processed\test\banana_rotten\leftin_0001580.jpg,banana_rotten,banana_rotten,6,6,True,0.9960887432098389,banana_overripe,0.0037491924595087767,leftin
data\processed\test\banana_rotten\leftin_0001581.jpg,banana_rotten,banana_rotten,6,6,True,0.9628640413284302,papaya_rotten,0.016065914183855057,leftin
data\processed\test\banana_rotten\leftin_0001582.jpg,banana_rotten,banana_rotten,6,6,True,0.9461930394172668,papaya_rotten,0.02608747035264969,leftin
data\processed\test\banana_rotten\leftin_0001583.jpg,banana_rotten,banana_rotten,6,6,True,0.9988090991973877,banana_overripe,0.001165758236311376,leftin
data\processed\test\banana_rotten\leftin_0001584.jpg,banana_rotten,banana_rotten,6,6,True,0.9944542050361633,banana_overripe,0.004357724450528622,leftin
data\processed\test\banana_rotten\leftin_0001585.jpg,banana_rotten,banana_rotten,6,6,True,0.9994940757751465,banana_overripe,0.0004679349949583411,leftin
data\processed\test\banana_rotten\leftin_0001587.jpg,banana_rotten,banana_rotten,6,6,True,0.9723829627037048,papaya_ripe,0.007724229246377945,leftin
data\processed\test\banana_rotten\leftin_0001589.jpg,banana_rotten,banana_rotten,6,6,True,0.997055172920227,banana_overripe,0.0022897913586348295,leftin
data\processed\test\banana_rotten\leftin_0001590.jpg,banana_rotten,banana_rotten,6,6,True,0.9987196922302246,banana_overripe,0.0012426853645592928,leftin
data\processed\test\banana_rotten\leftin_0001591.jpg,banana_rotten,banana_rotten,6,6,True,0.9557992219924927,mango_rotten,0.0321870818734169,leftin
data\processed\test\banana_rotten\leftin_0001592.jpg,banana_rotten,banana_rotten,6,6,True,0.9539163708686829,papaya_rotten,0.042661815881729126,leftin
data\processed\test\banana_rotten\leftin_0001594.jpg,banana_rotten,banana_rotten,6,6,True,0.9996604919433594,banana_ripe,0.0002523684815969318,leftin
data\processed\test\banana_rotten\leftin_0001595.jpg,banana_rotten,banana_rotten,6,6,True,0.9612585306167603,papaya_rotten,0.01248621754348278,leftin
data\processed\test\banana_rotten\leftin_0001596.jpg,banana_rotten,banana_rotten,6,6,True,0.9988433122634888,banana_overripe,0.0006526479264721274,leftin
data\processed\test\banana_rotten\leftin_0001597.jpg,banana_rotten,banana_rotten,6,6,True,0.9128597974777222,banana_overripe,0.06311656534671783,leftin
data\processed\test\banana_rotten\leftin_0001598.jpg,banana_rotten,banana_rotten,6,6,True,0.9979363679885864,banana_ripe,0.0011046980507671833,leftin
data\processed\test\banana_rotten\leftin_0001599.jpg,banana_rotten,banana_rotten,6,6,True,0.9888051748275757,papaya_rotten,0.006251652259379625,leftin
data\processed\test\banana_rotten\leftin_0001600.jpg,banana_rotten,banana_rotten,6,6,True,0.9973461627960205,banana_overripe,0.0021894124802201986,leftin
data\processed\test\banana_rotten\leftin_0001601.jpg,banana_rotten,banana_rotten,6,6,True,0.9820730686187744,banana_overripe,0.016936566680669785,leftin
data\processed\test\banana_rotten\leftin_0001602.jpg,banana_rotten,banana_rotten,6,6,True,0.9441379308700562,banana_overripe,0.0395602248609066,leftin
data\processed\test\banana_rotten\leftin_0001603.jpg,banana_rotten,banana_rotten,6,6,True,0.9314556121826172,banana_overripe,0.05356635898351669,leftin
data\processed\test\banana_rotten\leftin_0001604.jpg,banana_rotten,banana_rotten,6,6,True,0.9995833039283752,banana_ripe,0.0001847076928243041,leftin
data\processed\test\banana_rotten\leftin_0001605.jpg,banana_rotten,banana_rotten,6,6,True,0.9996021389961243,banana_overripe,0.00016285880701616406,leftin
data\processed\test\banana_rotten\leftin_0001607.jpg,banana_rotten,banana_rotten,6,6,True,0.9533073306083679,banana_overripe,0.04272237420082092,leftin
data\processed\test\banana_rotten\leftin_0001608.jpg,banana_rotten,banana_rotten,6,6,True,0.9979650974273682,banana_ripe,0.0015762664843350649,leftin
data\processed\test\banana_rotten\leftin_0001610.jpg,banana_rotten,banana_rotten,6,6,True,0.9986587762832642,banana_ripe,0.0008131547947414219,leftin
data\processed\test\banana_rotten\leftin_0001611.jpg,banana_rotten,banana_rotten,6,6,True,0.9998741149902344,banana_ripe,8.572774095227942e-05,leftin
data\processed\test\banana_rotten\leftin_0001612.jpg,banana_rotten,banana_rotten,6,6,True,0.9973689317703247,banana_overripe,0.0019031496485695243,leftin
data\processed\test\banana_rotten\leftin_0001613.jpg,banana_rotten,banana_rotten,6,6,True,0.9999350309371948,banana_overripe,3.3550593798281625e-05,leftin
data\processed\test\banana_rotten\leftin_0001614.jpg,banana_rotten,banana_rotten,6,6,True,0.9609843492507935,banana_overripe,0.029693495482206345,leftin
data\processed\test\banana_rotten\leftin_0001615.jpg,banana_rotten,banana_rotten,6,6,True,0.9983641505241394,banana_ripe,0.001480966224335134,leftin
data\processed\test\banana_rotten\leftin_0001616.jpg,banana_rotten,banana_rotten,6,6,True,0.9518004655838013,banana_overripe,0.023276856169104576,leftin
data\processed\test\banana_rotten\leftin_0001617.jpg,banana_rotten,banana_rotten,6,6,True,0.9777318835258484,apple_overripe,0.009228863753378391,leftin
data\processed\test\banana_rotten\leftin_0001618.jpg,banana_rotten,banana_rotten,6,6,True,0.9589372873306274,banana_ripe,0.0294480100274086,leftin
data\processed\test\banana_rotten\leftin_0001619.jpg,banana_rotten,banana_rotten,6,6,True,0.999942421913147,banana_ripe,3.272878529969603e-05,leftin
data\processed\test\banana_rotten\leftin_0001620.jpg,banana_rotten,banana_rotten,6,6,True,0.997818112373352,banana_overripe,0.001994496211409569,leftin
data\processed\test\banana_rotten\leftin_0001621.jpg,banana_rotten,banana_rotten,6,6,True,0.999658465385437,banana_ripe,0.00016295576642733067,leftin
data\processed\test\banana_rotten\leftin_0001622.jpg,banana_rotten,banana_rotten,6,6,True,0.9997472167015076,banana_overripe,0.00023243130999617279,leftin
data\processed\test\banana_rotten\leftin_0001624.jpg,banana_rotten,banana_rotten,6,6,True,0.9942149519920349,banana_overripe,0.005148743279278278,leftin
data\processed\test\banana_rotten\leftin_0001625.jpg,banana_rotten,banana_rotten,6,6,True,0.9999579191207886,banana_ripe,3.4769585909089074e-05,leftin
data\processed\test\banana_rotten\leftin_0001626.jpg,banana_rotten,banana_rotten,6,6,True,0.9997206330299377,banana_overripe,0.00023075500212144107,leftin
data\processed\test\banana_rotten\leftin_0001627.jpg,banana_rotten,banana_rotten,6,6,True,0.9992464780807495,banana_overripe,0.00047552725300192833,leftin
data\processed\test\banana_rotten\leftin_0001628.jpg,banana_rotten,banana_rotten,6,6,True,0.9237145185470581,banana_ripe,0.025547171011567116,leftin
data\processed\test\banana_rotten\leftin_0001629.jpg,banana_rotten,banana_rotten,6,6,True,0.9993258714675903,banana_overripe,0.0006228461861610413,leftin
data\processed\test\banana_rotten\leftin_0001630.jpg,banana_rotten,banana_rotten,6,6,True,0.99759441614151,banana_overripe,0.002153939800336957,leftin
data\processed\test\banana_rotten\leftin_0001631.jpg,banana_rotten,banana_rotten,6,6,True,0.8444634675979614,banana_ripe,0.091456837952137,leftin
data\processed\test\banana_rotten\leftin_0001632.jpg,banana_rotten,banana_rotten,6,6,True,0.9998931884765625,apple_rotten,4.2800493247341365e-05,leftin
data\processed\test\banana_rotten\leftin_0001633.jpg,banana_rotten,banana_rotten,6,6,True,0.9996970891952515,banana_overripe,0.00022690644254907966,leftin
data\processed\test\banana_rotten\leftin_0001634.jpg,banana_rotten,banana_rotten,6,6,True,0.9970021843910217,banana_overripe,0.0009505511843599379,leftin
data\processed\test\banana_rotten\leftin_0001635.jpg,banana_rotten,banana_rotten,6,6,True,0.8578413128852844,banana_overripe,0.07584188133478165,leftin
data\processed\test\banana_rotten\leftin_0001636.jpg,banana_rotten,banana_rotten,6,6,True,0.9968209266662598,banana_ripe,0.0019300312269479036,leftin
data\processed\test\banana_rotten\leftin_0001637.jpg,banana_rotten,banana_rotten,6,6,True,0.9996838569641113,banana_overripe,0.00020575382222887129,leftin
data\processed\test\banana_rotten\leftin_0001638.jpg,banana_rotten,banana_rotten,6,6,True,0.9970910549163818,banana_overripe,0.0024622888304293156,leftin
data\processed\test\banana_rotten\leftin_0001639.jpg,banana_rotten,banana_rotten,6,6,True,0.9989487528800964,banana_overripe,0.0010007208911702037,leftin
data\processed\test\banana_rotten\leftin_0001640.jpg,banana_rotten,banana_rotten,6,6,True,0.9943968057632446,banana_overripe,0.005425430368632078,leftin
data\processed\test\banana_rotten\leftin_0001641.jpg,banana_rotten,banana_rotten,6,6,True,0.9850526452064514,banana_overripe,0.009049797430634499,leftin
data\processed\test\banana_rotten\leftin_0001642.jpg,banana_rotten,banana_rotten,6,6,True,0.997204065322876,banana_overripe,0.0015676695620641112,leftin
data\processed\test\banana_rotten\leftin_0001643.jpg,banana_rotten,banana_rotten,6,6,True,0.9492756128311157,papaya_rotten,0.04307063668966293,leftin
data\processed\test\banana_rotten\leftin_0001644.jpg,banana_rotten,banana_rotten,6,6,True,0.9604647755622864,banana_overripe,0.023041842505335808,leftin
data\processed\test\banana_rotten\leftin_0001645.jpg,banana_rotten,banana_rotten,6,6,True,0.999544084072113,banana_ripe,0.0002508976322133094,leftin
data\processed\test\banana_rotten\leftin_0001646.jpg,banana_rotten,banana_rotten,6,6,True,0.9988043308258057,banana_overripe,0.0005156960105523467,leftin
data\processed\test\banana_rotten\leftin_0001647.jpg,banana_rotten,banana_rotten,6,6,True,0.9990443587303162,papaya_rotten,0.0004966487758792937,leftin
data\processed\test\banana_rotten\leftin_0001648.jpg,banana_rotten,banana_rotten,6,6,True,0.9795103669166565,banana_ripe,0.010482432320713997,leftin
data\processed\test\banana_rotten\leftin_0001649.jpg,banana_rotten,banana_rotten,6,6,True,0.9935181736946106,banana_overripe,0.00573868490755558,leftin
data\processed\test\banana_rotten\leftin_0001650.jpg,banana_rotten,banana_rotten,6,6,True,0.9988975524902344,banana_overripe,0.0006260832888074219,leftin
data\processed\test\banana_rotten\leftin_0001651.jpg,banana_rotten,banana_overripe,6,4,False,0.6605690121650696,banana_rotten,0.3367004990577698,leftin
data\processed\test\banana_rotten\leftin_0001652.jpg,banana_rotten,banana_rotten,6,6,True,0.9975357055664062,papaya_rotten,0.0021953508257865906,leftin
data\processed\test\banana_rotten\leftin_0001653.jpg,banana_rotten,banana_rotten,6,6,True,0.99348384141922,banana_overripe,0.005973658058792353,leftin
data\processed\test\banana_rotten\leftin_0001654.jpg,banana_rotten,banana_rotten,6,6,True,0.9199849963188171,banana_overripe,0.059492260217666626,leftin
data\processed\test\banana_rotten\leftin_0001655.jpg,banana_rotten,banana_rotten,6,6,True,0.9880092740058899,banana_overripe,0.011556066572666168,leftin
data\processed\test\banana_rotten\leftin_0001656.jpg,banana_rotten,banana_rotten,6,6,True,0.9897000789642334,apple_rotten,0.0042676436714828014,leftin
data\processed\test\banana_rotten\leftin_0001657.jpg,banana_rotten,banana_rotten,6,6,True,0.997877836227417,papaya_rotten,0.0016752436058595777,leftin
data\processed\test\banana_rotten\leftin_0001658.jpg,banana_rotten,banana_rotten,6,6,True,0.9825847744941711,banana_overripe,0.016371969133615494,leftin
data\processed\test\banana_rotten\leftin_0001659.jpg,banana_rotten,banana_rotten,6,6,True,0.9960936903953552,banana_overripe,0.002176090842112899,leftin
data\processed\test\banana_rotten\leftin_0001660.jpg,banana_rotten,banana_rotten,6,6,True,0.6944733262062073,banana_overripe,0.2903958857059479,leftin
data\processed\test\banana_rotten\leftin_0001664.jpg,banana_rotten,banana_rotten,6,6,True,0.9996892213821411,banana_overripe,8.24348462629132e-05,leftin
data\processed\test\banana_rotten\leftin_0001665.jpg,banana_rotten,banana_rotten,6,6,True,0.9943020343780518,banana_overripe,0.0025416880380362272,leftin
data\processed\test\banana_rotten\leftin_0001666.jpg,banana_rotten,banana_rotten,6,6,True,0.9058992266654968,mango_rotten,0.08371072262525558,leftin
data\processed\test\banana_rotten\leftin_0001667.jpg,banana_rotten,banana_rotten,6,6,True,0.9971598386764526,papaya_rotten,0.002078024437651038,leftin
data\processed\test\banana_rotten\leftin_0001668.jpg,banana_rotten,banana_rotten,6,6,True,0.8214890360832214,pineapple_rotten,0.07467563450336456,leftin
data\processed\test\banana_rotten\leftin_0001669.jpg,banana_rotten,banana_rotten,6,6,True,0.9364908933639526,banana_overripe,0.04201893508434296,leftin
data\processed\test\banana_rotten\leftin_0001671.jpg,banana_rotten,banana_rotten,6,6,True,0.9997168183326721,banana_overripe,0.00021042463777121156,leftin
data\processed\test\banana_rotten\leftin_0001672.jpg,banana_rotten,banana_rotten,6,6,True,0.9993353486061096,banana_ripe,0.000545478833373636,leftin
data\processed\test\banana_rotten\leftin_0001673.jpg,banana_rotten,banana_rotten,6,6,True,0.9934496283531189,banana_overripe,0.004766050726175308,leftin
data\processed\test\banana_rotten\leftin_0001674.jpg,banana_rotten,banana_rotten,6,6,True,0.9994620680809021,banana_overripe,0.00037167887785471976,leftin
data\processed\test\banana_rotten\leftin_0001675.jpg,banana_rotten,banana_rotten,6,6,True,0.9922153353691101,banana_overripe,0.007438623812049627,leftin
data\processed\test\banana_rotten\leftin_0001676.jpg,banana_rotten,banana_rotten,6,6,True,0.9800108671188354,banana_overripe,0.01860901340842247,leftin
data\processed\test\banana_rotten\leftin_0001677.jpg,banana_rotten,banana_rotten,6,6,True,0.9955556988716125,banana_overripe,0.004191939253360033,leftin
data\processed\test\banana_rotten\leftin_0001678.jpg,banana_rotten,banana_rotten,6,6,True,0.9856517314910889,banana_overripe,0.01363901887089014,leftin
data\processed\test\banana_rotten\leftin_0001679.jpg,banana_rotten,banana_rotten,6,6,True,0.9674187302589417,banana_ripe,0.022909939289093018,leftin
data\processed\test\banana_rotten\leftin_0001680.jpg,banana_rotten,banana_rotten,6,6,True,0.9981309771537781,banana_overripe,0.001190297887660563,leftin
data\processed\test\banana_rotten\leftin_0001681.jpg,banana_rotten,banana_rotten,6,6,True,0.9850363731384277,banana_overripe,0.012363763526082039,leftin
data\processed\test\banana_rotten\leftin_0001682.jpg,banana_rotten,banana_rotten,6,6,True,0.999964714050293,banana_overripe,2.645547101565171e-05,leftin
data\processed\test\banana_rotten\leftin_0001684.jpg,banana_rotten,banana_rotten,6,6,True,0.9931920170783997,banana_overripe,0.006640054285526276,leftin
data\processed\test\banana_rotten\leftin_0001685.jpg,banana_rotten,banana_rotten,6,6,True,0.9996922016143799,papaya_rotten,0.00014322630886454135,leftin
data\processed\test\banana_rotten\leftin_0001686.jpg,banana_rotten,banana_rotten,6,6,True,0.9997923970222473,apple_rotten,0.00010913077130680904,leftin
data\processed\test\banana_rotten\leftin_0001688.jpg,banana_rotten,banana_rotten,6,6,True,0.9988616704940796,banana_overripe,0.0010733612580224872,leftin
data\processed\test\banana_rotten\leftin_0001689.jpg,banana_rotten,banana_rotten,6,6,True,0.9985833168029785,banana_ripe,0.0012067536590620875,leftin
data\processed\test\banana_rotten\leftin_0001690.jpg,banana_rotten,banana_rotten,6,6,True,0.996775209903717,banana_ripe,0.0012074669357389212,leftin
data\processed\test\banana_rotten\leftin_0001692.jpg,banana_rotten,banana_rotten,6,6,True,0.9743868112564087,banana_overripe,0.019248969852924347,leftin
data\processed\test\banana_rotten\leftin_0001693.jpg,banana_rotten,banana_rotten,6,6,True,0.9658921360969543,banana_overripe,0.03219595551490784,leftin
data\processed\test\banana_rotten\leftin_0001694.jpg,banana_rotten,banana_rotten,6,6,True,0.9886565208435059,banana_overripe,0.009271470829844475,leftin
data\processed\test\banana_rotten\leftin_0001695.jpg,banana_rotten,banana_rotten,6,6,True,0.9999814033508301,banana_overripe,8.738980795897078e-06,leftin
data\processed\test\banana_unripe\alexcj10-ripenet_0001697.jpg,banana_unripe,banana_unripe,7,7,True,0.6512928009033203,banana_ripe,0.3145959675312042,alexcj10
data\processed\test\banana_unripe\alexcj10-ripenet_0001700.jpg,banana_unripe,banana_ripe,7,5,False,0.6872028112411499,banana_unripe,0.31025150418281555,alexcj10
data\processed\test\banana_unripe\alexcj10-ripenet_0001710.jpg,banana_unripe,banana_unripe,7,7,True,0.404310017824173,papaya_unripe,0.3983573615550995,alexcj10
data\processed\test\banana_unripe\alexcj10-ripenet_0001720.jpg,banana_unripe,banana_unripe,7,7,True,0.8650361895561218,apple_unripe,0.06841131299734116,alexcj10
data\processed\test\banana_unripe\alexcj10-ripenet_0001733.jpg,banana_unripe,banana_unripe,7,7,True,0.8992938995361328,pineapple_unripe,0.051065877079963684,alexcj10
data\processed\test\banana_unripe\alexcj10-ripenet_0001747.jpg,banana_unripe,banana_unripe,7,7,True,0.8894062042236328,papaya_unripe,0.06233609840273857,alexcj10
data\processed\test\banana_unripe\alexcj10-ripenet_0001757.jpg,banana_unripe,banana_unripe,7,7,True,0.9744174480438232,banana_ripe,0.008799316361546516,alexcj10
data\processed\test\banana_unripe\alexcj10-ripenet_0001774.jpg,banana_unripe,banana_unripe,7,7,True,0.9779476523399353,papaya_unripe,0.012228495441377163,alexcj10
data\processed\test\banana_unripe\alexcj10-ripenet_0001778.jpg,banana_unripe,banana_unripe,7,7,True,0.8598068952560425,banana_ripe,0.13596181571483612,alexcj10
data\processed\test\banana_unripe\alexcj10-ripenet_0001786.jpg,banana_unripe,banana_ripe,7,5,False,0.630836546421051,banana_unripe,0.3585267961025238,alexcj10
data\processed\test\banana_unripe\alexcj10-ripenet_0001788.jpg,banana_unripe,banana_unripe,7,7,True,0.6462330222129822,banana_ripe,0.35035941004753113,alexcj10
data\processed\test\banana_unripe\alexcj10-ripenet_0001797.jpg,banana_unripe,banana_unripe,7,7,True,0.7955373525619507,banana_ripe,0.14942270517349243,alexcj10
data\processed\test\banana_unripe\alexcj10-ripenet_0001802.jpg,banana_unripe,banana_unripe,7,7,True,0.2886931598186493,papaya_unripe,0.17731361091136932,alexcj10
data\processed\test\banana_unripe\alexcj10-ripenet_0001845.jpg,banana_unripe,banana_unripe,7,7,True,0.9800065159797668,apple_unripe,0.011448610574007034,alexcj10
data\processed\test\banana_unripe\alexcj10-ripenet_0001847.jpg,banana_unripe,banana_unripe,7,7,True,0.9815353155136108,papaya_unripe,0.007605717983096838,alexcj10
data\processed\test\banana_unripe\alexcj10-ripenet_0001849.jpg,banana_unripe,banana_unripe,7,7,True,0.8618549108505249,pineapple_unripe,0.05063796415925026,alexcj10
data\processed\test\banana_unripe\alexcj10-ripenet_0001851.jpg,banana_unripe,banana_unripe,7,7,True,0.3201911151409149,pineapple_unripe,0.2529725730419159,alexcj10
data\processed\test\banana_unripe\alexcj10-ripenet_0001862.jpg,banana_unripe,banana_unripe,7,7,True,0.42217445373535156,banana_ripe,0.36597320437431335,alexcj10
data\processed\test\banana_unripe\alexcj10-ripenet_0001864.jpg,banana_unripe,banana_unripe,7,7,True,0.7095065712928772,apple_unripe,0.06839082390069962,alexcj10
data\processed\test\banana_unripe\alexcj10-ripenet_0001884.jpg,banana_unripe,banana_unripe,7,7,True,0.8882480263710022,papaya_unripe,0.060708608478307724,alexcj10
data\processed\test\banana_unripe\alexcj10-ripenet_0001888.jpg,banana_unripe,banana_unripe,7,7,True,0.727731466293335,banana_ripe,0.09037963300943375,alexcj10
data\processed\test\banana_unripe\alexcj10-ripenet_0001904.jpg,banana_unripe,banana_unripe,7,7,True,0.5257472395896912,pineapple_ripe,0.25451743602752686,alexcj10
data\processed\test\banana_unripe\alexcj10-ripenet_0001915.jpg,banana_unripe,banana_unripe,7,7,True,0.9651879668235779,banana_ripe,0.02702658250927925,alexcj10
data\processed\test\banana_unripe\alexcj10-ripenet_0001925.jpg,banana_unripe,banana_unripe,7,7,True,0.9111508727073669,tomato_unripe,0.0808541551232338,alexcj10
data\processed\test\banana_unripe\alexcj10-ripenet_0001926.jpg,banana_unripe,banana_unripe,7,7,True,0.7559255361557007,mango_unripe,0.09957527369260788,alexcj10
data\processed\test\banana_unripe\alexcj10-ripenet_0001929.jpg,banana_unripe,banana_unripe,7,7,True,0.9615085124969482,banana_ripe,0.023216627538204193,alexcj10
data\processed\test\banana_unripe\alexcj10-ripenet_0001931.jpg,banana_unripe,papaya_unripe,7,18,False,0.7798978090286255,banana_unripe,0.06065766140818596,alexcj10
data\processed\test\banana_unripe\alexcj10-ripenet_0001953.jpg,banana_unripe,banana_unripe,7,7,True,0.8467674851417542,banana_rotten,0.10264437645673752,alexcj10
data\processed\test\banana_unripe\alexcj10-ripenet_0001957.jpg,banana_unripe,banana_unripe,7,7,True,0.9572617411613464,papaya_unripe,0.02598096802830696,alexcj10
data\processed\test\banana_unripe\alexcj10-ripenet_0001961.jpg,banana_unripe,banana_ripe,7,5,False,0.31238800287246704,pineapple_ripe,0.27709898352622986,alexcj10
data\processed\test\banana_unripe\alexcj10-ripenet_0001962.jpg,banana_unripe,banana_unripe,7,7,True,0.5197060108184814,apple_unripe,0.46334531903266907,alexcj10
data\processed\test\banana_unripe\alexcj10-ripenet_0001975.jpg,banana_unripe,banana_unripe,7,7,True,0.9957069754600525,banana_ripe,0.0039041375275701284,alexcj10
data\processed\test\banana_unripe\alexcj10-ripenet_0001999.jpg,banana_unripe,banana_unripe,7,7,True,0.948600172996521,papaya_unripe,0.025806769728660583,alexcj10
data\processed\test\banana_unripe\alexcj10-ripenet_0002000.jpg,banana_unripe,banana_unripe,7,7,True,0.990066647529602,papaya_unripe,0.0045187585055828094,alexcj10
data\processed\test\banana_unripe\alexcj10-ripenet_0002017.jpg,banana_unripe,banana_unripe,7,7,True,0.9933292865753174,banana_ripe,0.002097155200317502,alexcj10
data\processed\test\banana_unripe\alexcj10-ripenet_0002023.jpg,banana_unripe,banana_unripe,7,7,True,0.4146096110343933,mango_unripe,0.37645116448402405,alexcj10
data\processed\test\banana_unripe\alexcj10-ripenet_0002028.jpg,banana_unripe,banana_unripe,7,7,True,0.790229082107544,papaya_unripe,0.1722090244293213,alexcj10
data\processed\test\banana_unripe\alexcj10-ripenet_0002030.jpg,banana_unripe,banana_unripe,7,7,True,0.9039618968963623,banana_ripe,0.09288553148508072,alexcj10
data\processed\test\banana_unripe\alexcj10-ripenet_0002031.jpg,banana_unripe,banana_unripe,7,7,True,0.6731482148170471,banana_ripe,0.3249697685241699,alexcj10
data\processed\test\banana_unripe\asadullahprl_0001728.jpg,banana_unripe,banana_unripe,7,7,True,0.5400462746620178,banana_ripe,0.2642686069011688,asadullahprl
data\processed\test\banana_unripe\asadullahprl_0001732.jpg,banana_unripe,banana_unripe,7,7,True,0.7044876217842102,banana_ripe,0.28193873167037964,asadullahprl
data\processed\test\banana_unripe\asadullahprl_0001768.jpg,banana_unripe,banana_unripe,7,7,True,0.9945032596588135,mango_unripe,0.003528283443301916,asadullahprl
data\processed\test\banana_unripe\asadullahprl_0001769.jpg,banana_unripe,banana_overripe,7,4,False,0.36241236329078674,mango_rotten,0.2588525712490082,asadullahprl
data\processed\test\banana_unripe\asadullahprl_0001772.jpg,banana_unripe,banana_unripe,7,7,True,0.9795868992805481,banana_ripe,0.019314898177981377,asadullahprl
data\processed\test\banana_unripe\asadullahprl_0001780.jpg,banana_unripe,banana_unripe,7,7,True,0.8867393136024475,banana_ripe,0.0983700305223465,asadullahprl
data\processed\test\banana_unripe\asadullahprl_0001782.jpg,banana_unripe,banana_unripe,7,7,True,0.5688900947570801,orange_unripe,0.29356732964515686,asadullahprl
data\processed\test\banana_unripe\asadullahprl_0001784.jpg,banana_unripe,banana_unripe,7,7,True,0.8861530423164368,mango_unripe,0.03204749524593353,asadullahprl
data\processed\test\banana_unripe\asadullahprl_0001789.jpg,banana_unripe,banana_unripe,7,7,True,0.7656161189079285,banana_ripe,0.22189466655254364,asadullahprl
data\processed\test\banana_unripe\asadullahprl_0001796.jpg,banana_unripe,banana_unripe,7,7,True,0.9972979426383972,banana_ripe,0.0016756342956796288,asadullahprl
data\processed\test\banana_unripe\asadullahprl_0001800.jpg,banana_unripe,banana_unripe,7,7,True,0.9553157091140747,banana_ripe,0.04050784185528755,asadullahprl
data\processed\test\banana_unripe\asadullahprl_0001803.jpg,banana_unripe,banana_unripe,7,7,True,0.5724788904190063,banana_ripe,0.33303892612457275,asadullahprl
data\processed\test\banana_unripe\asadullahprl_0001813.jpg,banana_unripe,banana_overripe,7,4,False,0.3942405581474304,banana_ripe,0.3552056849002838,asadullahprl
data\processed\test\banana_unripe\asadullahprl_0001815.jpg,banana_unripe,banana_unripe,7,7,True,0.9943970441818237,apple_unripe,0.002171359956264496,asadullahprl
data\processed\test\banana_unripe\asadullahprl_0001824.jpg,banana_unripe,banana_unripe,7,7,True,0.6566684246063232,tomato_unripe,0.29291853308677673,asadullahprl
data\processed\test\banana_unripe\asadullahprl_0001830.jpg,banana_unripe,banana_unripe,7,7,True,0.8889561295509338,banana_overripe,0.07631518691778183,asadullahprl
data\processed\test\banana_unripe\asadullahprl_0001839.jpg,banana_unripe,banana_unripe,7,7,True,0.9625014066696167,orange_unripe,0.01389332115650177,asadullahprl
data\processed\test\banana_unripe\asadullahprl_0001841.jpg,banana_unripe,banana_unripe,7,7,True,0.44891899824142456,banana_ripe,0.28576597571372986,asadullahprl
data\processed\test\banana_unripe\asadullahprl_0001850.jpg,banana_unripe,banana_unripe,7,7,True,0.526361882686615,banana_ripe,0.3789525330066681,asadullahprl
data\processed\test\banana_unripe\asadullahprl_0001861.jpg,banana_unripe,banana_unripe,7,7,True,0.7293262481689453,banana_ripe,0.19916653633117676,asadullahprl
data\processed\test\banana_unripe\asadullahprl_0001865.jpg,banana_unripe,banana_unripe,7,7,True,0.56300288438797,banana_overripe,0.3860377073287964,asadullahprl
data\processed\test\banana_unripe\asadullahprl_0001868.jpg,banana_unripe,banana_unripe,7,7,True,0.9720536470413208,banana_ripe,0.02718711644411087,asadullahprl
data\processed\test\banana_unripe\asadullahprl_0001874.jpg,banana_unripe,banana_unripe,7,7,True,0.9950047135353088,banana_ripe,0.0033855231013149023,asadullahprl
data\processed\test\banana_unripe\asadullahprl_0001880.jpg,banana_unripe,banana_unripe,7,7,True,0.9971576929092407,banana_ripe,0.0027791059110313654,asadullahprl
data\processed\test\banana_unripe\asadullahprl_0001902.jpg,banana_unripe,banana_unripe,7,7,True,0.9692040085792542,banana_ripe,0.028371155261993408,asadullahprl
data\processed\test\banana_unripe\asadullahprl_0001909.jpg,banana_unripe,banana_unripe,7,7,True,0.9906789660453796,banana_ripe,0.003620889037847519,asadullahprl
data\processed\test\banana_unripe\asadullahprl_0001917.jpg,banana_unripe,banana_ripe,7,5,False,0.6570692658424377,banana_overripe,0.2272329181432724,asadullahprl
data\processed\test\banana_unripe\asadullahprl_0001921.jpg,banana_unripe,banana_unripe,7,7,True,0.9983420372009277,apple_unripe,0.0005380899528972805,asadullahprl
data\processed\test\banana_unripe\asadullahprl_0001933.jpg,banana_unripe,banana_unripe,7,7,True,0.9528810977935791,orange_unripe,0.018200628459453583,asadullahprl
data\processed\test\banana_unripe\asadullahprl_0001965.jpg,banana_unripe,banana_unripe,7,7,True,0.9900715351104736,papaya_unripe,0.004711851477622986,asadullahprl
data\processed\test\banana_unripe\asadullahprl_0001971.jpg,banana_unripe,banana_unripe,7,7,True,0.8825755715370178,banana_overripe,0.05064115300774574,asadullahprl
data\processed\test\banana_unripe\asadullahprl_0001972.jpg,banana_unripe,banana_unripe,7,7,True,0.8637231588363647,orange_unripe,0.08456951379776001,asadullahprl
data\processed\test\banana_unripe\asadullahprl_0001980.jpg,banana_unripe,banana_overripe,7,4,False,0.43009665608406067,banana_unripe,0.4299822449684143,asadullahprl
data\processed\test\banana_unripe\asadullahprl_0001988.jpg,banana_unripe,banana_ripe,7,5,False,0.5238825082778931,banana_unripe,0.42599207162857056,asadullahprl
data\processed\test\banana_unripe\asadullahprl_0002001.jpg,banana_unripe,banana_unripe,7,7,True,0.6164353489875793,banana_ripe,0.3740534782409668,asadullahprl
data\processed\test\banana_unripe\asadullahprl_0002007.jpg,banana_unripe,banana_ripe,7,5,False,0.7524945735931396,banana_unripe,0.23875080049037933,asadullahprl
data\processed\test\banana_unripe\asadullahprl_0002008.jpg,banana_unripe,banana_unripe,7,7,True,0.5478559136390686,banana_ripe,0.3334094285964966,asadullahprl
data\processed\test\banana_unripe\asadullahprl_0002010.jpg,banana_unripe,banana_overripe,7,4,False,0.6768918633460999,banana_ripe,0.23018930852413177,asadullahprl
data\processed\test\banana_unripe\asadullahprl_0002020.jpg,banana_unripe,banana_unripe,7,7,True,0.9964748024940491,banana_ripe,0.002616673707962036,asadullahprl
data\processed\test\banana_unripe\asadullahprl_0002022.jpg,banana_unripe,banana_unripe,7,7,True,0.719970166683197,banana_ripe,0.2638985812664032,asadullahprl
data\processed\test\banana_unripe\asadullahprl_0002025.jpg,banana_unripe,banana_unripe,7,7,True,0.9461415410041809,banana_ripe,0.05061803013086319,asadullahprl
data\processed\test\banana_unripe\asadullahprl_0002041.jpg,banana_unripe,banana_unripe,7,7,True,0.891014814376831,papaya_unripe,0.04473239555954933,asadullahprl
data\processed\test\banana_unripe\asadullahprl_0002043.jpg,banana_unripe,banana_unripe,7,7,True,0.8191801309585571,banana_overripe,0.06663454324007034,asadullahprl
data\processed\test\banana_unripe\bananaimagebd_0001702.jpg,banana_unripe,banana_unripe,7,7,True,0.9453573822975159,banana_ripe,0.05104846879839897,bananaimagebd
data\processed\test\banana_unripe\bananaimagebd_0001713.jpg,banana_unripe,banana_unripe,7,7,True,0.9753825664520264,banana_ripe,0.01116930041462183,bananaimagebd
data\processed\test\banana_unripe\bananaimagebd_0001725.jpg,banana_unripe,banana_ripe,7,5,False,0.47954413294792175,banana_unripe,0.3405030071735382,bananaimagebd
data\processed\test\banana_unripe\bananaimagebd_0001739.jpg,banana_unripe,banana_unripe,7,7,True,0.6008423566818237,banana_rotten,0.2689932882785797,bananaimagebd
data\processed\test\banana_unripe\bananaimagebd_0001792.jpg,banana_unripe,banana_unripe,7,7,True,0.9725038409233093,banana_ripe,0.009831086732447147,bananaimagebd
data\processed\test\banana_unripe\bananaimagebd_0001794.jpg,banana_unripe,banana_unripe,7,7,True,0.9703090786933899,banana_ripe,0.022430701181292534,bananaimagebd
data\processed\test\banana_unripe\bananaimagebd_0001817.jpg,banana_unripe,banana_unripe,7,7,True,0.9804808497428894,banana_ripe,0.013129008002579212,bananaimagebd
data\processed\test\banana_unripe\bananaimagebd_0001843.jpg,banana_unripe,banana_unripe,7,7,True,0.9446249008178711,banana_ripe,0.053834982216358185,bananaimagebd
data\processed\test\banana_unripe\bananaimagebd_0001855.jpg,banana_unripe,banana_unripe,7,7,True,0.9279883503913879,banana_ripe,0.06440246850252151,bananaimagebd
data\processed\test\banana_unripe\bananaimagebd_0001863.jpg,banana_unripe,banana_unripe,7,7,True,0.9919319748878479,banana_ripe,0.0034832290839403868,bananaimagebd
data\processed\test\banana_unripe\bananaimagebd_0001893.jpg,banana_unripe,banana_unripe,7,7,True,0.8795392513275146,banana_ripe,0.105110764503479,bananaimagebd
data\processed\test\banana_unripe\bananaimagebd_0001894.jpg,banana_unripe,banana_unripe,7,7,True,0.9905171990394592,banana_ripe,0.007574738934636116,bananaimagebd
data\processed\test\banana_unripe\bananaimagebd_0001897.jpg,banana_unripe,banana_unripe,7,7,True,0.8534689545631409,banana_overripe,0.07067979127168655,bananaimagebd
data\processed\test\banana_unripe\bananaimagebd_0001916.jpg,banana_unripe,banana_unripe,7,7,True,0.84238600730896,banana_ripe,0.1085120290517807,bananaimagebd
data\processed\test\banana_unripe\bananaimagebd_0001919.jpg,banana_unripe,banana_unripe,7,7,True,0.8179793357849121,banana_ripe,0.11018791049718857,bananaimagebd
data\processed\test\banana_unripe\bananaimagebd_0001934.jpg,banana_unripe,banana_unripe,7,7,True,0.9910833835601807,banana_ripe,0.0051513612270355225,bananaimagebd
data\processed\test\banana_unripe\bananaimagebd_0001937.jpg,banana_unripe,banana_unripe,7,7,True,0.7034052610397339,banana_ripe,0.1556924730539322,bananaimagebd
data\processed\test\banana_unripe\bananaimagebd_0001942.jpg,banana_unripe,banana_unripe,7,7,True,0.8724434971809387,banana_ripe,0.08481662720441818,bananaimagebd
data\processed\test\banana_unripe\bananaimagebd_0001979.jpg,banana_unripe,banana_unripe,7,7,True,0.9612863063812256,banana_ripe,0.03365218639373779,bananaimagebd
data\processed\test\banana_unripe\bananaimagebd_0001982.jpg,banana_unripe,banana_unripe,7,7,True,0.9593532681465149,banana_ripe,0.03578931465744972,bananaimagebd
data\processed\test\banana_unripe\bananaimagebd_0001989.jpg,banana_unripe,banana_unripe,7,7,True,0.5425599217414856,banana_overripe,0.2923853099346161,bananaimagebd
data\processed\test\banana_unripe\bananaimagebd_0001996.jpg,banana_unripe,banana_ripe,7,5,False,0.7191847562789917,banana_overripe,0.20587389171123505,bananaimagebd
data\processed\test\banana_unripe\bananaimagebd_0002011.jpg,banana_unripe,banana_ripe,7,5,False,0.6774675250053406,banana_unripe,0.2176259309053421,bananaimagebd
data\processed\test\banana_unripe\bananaimagebd_0002026.jpg,banana_unripe,banana_unripe,7,7,True,0.9945571422576904,banana_ripe,0.0028473874554038048,bananaimagebd
data\processed\test\banana_unripe\leftin_0001696.jpg,banana_unripe,banana_unripe,7,7,True,0.9650706052780151,orange_unripe,0.028458602726459503,leftin
data\processed\test\banana_unripe\leftin_0001698.jpg,banana_unripe,banana_unripe,7,7,True,0.9781796932220459,banana_ripe,0.008578372187912464,leftin
data\processed\test\banana_unripe\leftin_0001699.jpg,banana_unripe,banana_unripe,7,7,True,0.7382760643959045,apple_unripe,0.12491264939308167,leftin
data\processed\test\banana_unripe\leftin_0001701.jpg,banana_unripe,apple_unripe,7,3,False,0.5028825998306274,banana_unripe,0.4014638662338257,leftin
data\processed\test\banana_unripe\leftin_0001703.jpg,banana_unripe,banana_unripe,7,7,True,0.9896307587623596,orange_unripe,0.0054782419465482235,leftin
data\processed\test\banana_unripe\leftin_0001704.jpg,banana_unripe,apple_unripe,7,3,False,0.45001018047332764,banana_unripe,0.4405898153781891,leftin
data\processed\test\banana_unripe\leftin_0001705.jpg,banana_unripe,banana_unripe,7,7,True,0.9618955254554749,apple_unripe,0.03032287210226059,leftin
data\processed\test\banana_unripe\leftin_0001706.jpg,banana_unripe,orange_unripe,7,15,False,0.5449306964874268,apple_unripe,0.3064139187335968,leftin
data\processed\test\banana_unripe\leftin_0001707.jpg,banana_unripe,banana_unripe,7,7,True,0.9979097247123718,apple_unripe,0.0014410910662263632,leftin
data\processed\test\banana_unripe\leftin_0001708.jpg,banana_unripe,banana_unripe,7,7,True,0.9487586617469788,banana_ripe,0.05114429071545601,leftin
data\processed\test\banana_unripe\leftin_0001709.jpg,banana_unripe,banana_unripe,7,7,True,0.8016040921211243,orange_unripe,0.130874365568161,leftin
data\processed\test\banana_unripe\leftin_0001711.jpg,banana_unripe,banana_unripe,7,7,True,0.9905389547348022,apple_unripe,0.007074183318763971,leftin
data\processed\test\banana_unripe\leftin_0001712.jpg,banana_unripe,banana_unripe,7,7,True,0.7640501260757446,orange_unripe,0.17041070759296417,leftin
data\processed\test\banana_unripe\leftin_0001714.jpg,banana_unripe,banana_unripe,7,7,True,0.9784458875656128,apple_unripe,0.01710745505988598,leftin
data\processed\test\banana_unripe\leftin_0001715.jpg,banana_unripe,banana_unripe,7,7,True,0.996091902256012,apple_unripe,0.0026185335591435432,leftin
data\processed\test\banana_unripe\leftin_0001716.jpg,banana_unripe,banana_unripe,7,7,True,0.9998695850372314,apple_unripe,7.237758836708963e-05,leftin
data\processed\test\banana_unripe\leftin_0001717.jpg,banana_unripe,banana_unripe,7,7,True,0.47151508927345276,orange_unripe,0.444973349571228,leftin
data\processed\test\banana_unripe\leftin_0001718.jpg,banana_unripe,banana_unripe,7,7,True,0.9849309921264648,banana_ripe,0.012577518820762634,leftin
data\processed\test\banana_unripe\leftin_0001719.jpg,banana_unripe,banana_unripe,7,7,True,0.9776778817176819,orange_unripe,0.008290261030197144,leftin
data\processed\test\banana_unripe\leftin_0001721.jpg,banana_unripe,banana_unripe,7,7,True,0.9990264177322388,banana_ripe,0.0009568069945089519,leftin
data\processed\test\banana_unripe\leftin_0001722.jpg,banana_unripe,banana_unripe,7,7,True,0.9804619550704956,apple_unripe,0.015952570363879204,leftin
data\processed\test\banana_unripe\leftin_0001723.jpg,banana_unripe,banana_unripe,7,7,True,0.9994138479232788,apple_unripe,0.0005291962879709899,leftin
data\processed\test\banana_unripe\leftin_0001724.jpg,banana_unripe,banana_unripe,7,7,True,0.9964564442634583,orange_unripe,0.00243639899417758,leftin
data\processed\test\banana_unripe\leftin_0001726.jpg,banana_unripe,banana_unripe,7,7,True,0.9956276416778564,orange_unripe,0.002938042627647519,leftin
data\processed\test\banana_unripe\leftin_0001727.jpg,banana_unripe,banana_unripe,7,7,True,0.9572798609733582,orange_unripe,0.03311283513903618,leftin
data\processed\test\banana_unripe\leftin_0001729.jpg,banana_unripe,banana_unripe,7,7,True,0.9289253950119019,apple_unripe,0.03454633429646492,leftin
data\processed\test\banana_unripe\leftin_0001730.jpg,banana_unripe,banana_unripe,7,7,True,0.967888593673706,orange_unripe,0.020221857354044914,leftin
data\processed\test\banana_unripe\leftin_0001731.jpg,banana_unripe,banana_unripe,7,7,True,0.6923272013664246,apple_unripe,0.18261845409870148,leftin
data\processed\test\banana_unripe\leftin_0001734.jpg,banana_unripe,banana_unripe,7,7,True,0.7724059224128723,orange_unripe,0.17122973501682281,leftin
data\processed\test\banana_unripe\leftin_0001735.jpg,banana_unripe,banana_unripe,7,7,True,0.8435359001159668,apple_unripe,0.10541936010122299,leftin
data\processed\test\banana_unripe\leftin_0001736.jpg,banana_unripe,banana_unripe,7,7,True,0.9173654317855835,orange_unripe,0.0688687339425087,leftin
data\processed\test\banana_unripe\leftin_0001737.jpg,banana_unripe,banana_unripe,7,7,True,0.47417980432510376,apple_unripe,0.35628536343574524,leftin
data\processed\test\banana_unripe\leftin_0001738.jpg,banana_unripe,banana_unripe,7,7,True,0.975777268409729,banana_ripe,0.02130788564682007,leftin
data\processed\test\banana_unripe\leftin_0001740.jpg,banana_unripe,banana_unripe,7,7,True,0.7831051349639893,apple_unripe,0.19939617812633514,leftin
data\processed\test\banana_unripe\leftin_0001741.jpg,banana_unripe,banana_unripe,7,7,True,0.9993485808372498,apple_unripe,0.00037878373404964805,leftin
data\processed\test\banana_unripe\leftin_0001742.jpg,banana_unripe,banana_unripe,7,7,True,0.927317202091217,orange_unripe,0.039573684334754944,leftin
data\processed\test\banana_unripe\leftin_0001743.jpg,banana_unripe,banana_unripe,7,7,True,0.9399517774581909,banana_overripe,0.029197366908192635,leftin
data\processed\test\banana_unripe\leftin_0001744.jpg,banana_unripe,banana_unripe,7,7,True,0.9930081367492676,banana_ripe,0.005914186593145132,leftin
data\processed\test\banana_unripe\leftin_0001745.jpg,banana_unripe,banana_unripe,7,7,True,0.9957947731018066,banana_ripe,0.0025530371349304914,leftin
data\processed\test\banana_unripe\leftin_0001746.jpg,banana_unripe,banana_unripe,7,7,True,0.9993601441383362,apple_unripe,0.0005732228746637702,leftin
data\processed\test\banana_unripe\leftin_0001748.jpg,banana_unripe,banana_unripe,7,7,True,0.6621999144554138,apple_unripe,0.1887800544500351,leftin
data\processed\test\banana_unripe\leftin_0001749.jpg,banana_unripe,banana_unripe,7,7,True,0.9357467293739319,apple_unripe,0.05201634764671326,leftin
data\processed\test\banana_unripe\leftin_0001750.jpg,banana_unripe,banana_unripe,7,7,True,0.7056884765625,orange_unripe,0.1918528974056244,leftin
data\processed\test\banana_unripe\leftin_0001751.jpg,banana_unripe,banana_unripe,7,7,True,0.988937258720398,orange_unripe,0.008318879641592503,leftin
data\processed\test\banana_unripe\leftin_0001752.jpg,banana_unripe,apple_unripe,7,3,False,0.5347657203674316,banana_unripe,0.38467347621917725,leftin
data\processed\test\banana_unripe\leftin_0001753.jpg,banana_unripe,banana_unripe,7,7,True,0.9578824639320374,apple_unripe,0.03845381736755371,leftin
data\processed\test\banana_unripe\leftin_0001754.jpg,banana_unripe,banana_unripe,7,7,True,0.9515577554702759,banana_ripe,0.03637843206524849,leftin
data\processed\test\banana_unripe\leftin_0001755.jpg,banana_unripe,banana_unripe,7,7,True,0.9948453903198242,apple_unripe,0.004092832561582327,leftin
data\processed\test\banana_unripe\leftin_0001756.jpg,banana_unripe,banana_unripe,7,7,True,0.9981672763824463,banana_overripe,0.0008696634322404861,leftin
data\processed\test\banana_unripe\leftin_0001758.jpg,banana_unripe,banana_unripe,7,7,True,0.9860839247703552,banana_ripe,0.01336473785340786,leftin
data\processed\test\banana_unripe\leftin_0001759.jpg,banana_unripe,banana_unripe,7,7,True,0.964316189289093,banana_ripe,0.023521479219198227,leftin
data\processed\test\banana_unripe\leftin_0001760.jpg,banana_unripe,banana_unripe,7,7,True,0.9186856746673584,orange_unripe,0.04500116407871246,leftin
data\processed\test\banana_unripe\leftin_0001761.jpg,banana_unripe,banana_unripe,7,7,True,0.9497266411781311,orange_unripe,0.029300224035978317,leftin
data\processed\test\banana_unripe\leftin_0001762.jpg,banana_unripe,banana_unripe,7,7,True,0.9999315738677979,apple_unripe,5.757245889981277e-05,leftin
data\processed\test\banana_unripe\leftin_0001763.jpg,banana_unripe,banana_unripe,7,7,True,0.9117425680160522,apple_unripe,0.055984027683734894,leftin
data\processed\test\banana_unripe\leftin_0001764.jpg,banana_unripe,banana_unripe,7,7,True,0.922620952129364,banana_overripe,0.05140923336148262,leftin
data\processed\test\banana_unripe\leftin_0001765.jpg,banana_unripe,banana_unripe,7,7,True,0.989357054233551,apple_unripe,0.008755926974117756,leftin
data\processed\test\banana_unripe\leftin_0001766.jpg,banana_unripe,banana_unripe,7,7,True,0.9412927627563477,apple_unripe,0.055831875652074814,leftin
data\processed\test\banana_unripe\leftin_0001767.jpg,banana_unripe,orange_unripe,7,15,False,0.7998241782188416,banana_unripe,0.15091529488563538,leftin
data\processed\test\banana_unripe\leftin_0001770.jpg,banana_unripe,banana_unripe,7,7,True,0.9742287397384644,orange_unripe,0.02138705924153328,leftin
data\processed\test\banana_unripe\leftin_0001771.jpg,banana_unripe,banana_unripe,7,7,True,0.9256798624992371,apple_unripe,0.04432622343301773,leftin
data\processed\test\banana_unripe\leftin_0001773.jpg,banana_unripe,banana_unripe,7,7,True,0.9700686931610107,banana_ripe,0.029544906690716743,leftin
data\processed\test\banana_unripe\leftin_0001775.jpg,banana_unripe,banana_unripe,7,7,True,0.9990110397338867,apple_unripe,0.0009022037265822291,leftin
data\processed\test\banana_unripe\leftin_0001776.jpg,banana_unripe,banana_unripe,7,7,True,0.9872468709945679,banana_ripe,0.008396168239414692,leftin
data\processed\test\banana_unripe\leftin_0001777.jpg,banana_unripe,banana_unripe,7,7,True,0.9949394464492798,orange_unripe,0.00375525769777596,leftin
data\processed\test\banana_unripe\leftin_0001779.jpg,banana_unripe,banana_unripe,7,7,True,0.6974201202392578,apple_unripe,0.17382743954658508,leftin
data\processed\test\banana_unripe\leftin_0001781.jpg,banana_unripe,banana_unripe,7,7,True,0.9990500807762146,banana_ripe,0.00032744748750701547,leftin
data\processed\test\banana_unripe\leftin_0001783.jpg,banana_unripe,banana_unripe,7,7,True,0.9367443323135376,banana_ripe,0.06054561585187912,leftin
data\processed\test\banana_unripe\leftin_0001785.jpg,banana_unripe,banana_unripe,7,7,True,0.9951516389846802,apple_unripe,0.0040017771534621716,leftin
data\processed\test\banana_unripe\leftin_0001787.jpg,banana_unripe,banana_unripe,7,7,True,0.9982280135154724,orange_unripe,0.0013871119590476155,leftin
data\processed\test\banana_unripe\leftin_0001790.jpg,banana_unripe,banana_unripe,7,7,True,0.9969921112060547,apple_unripe,0.0020804014056921005,leftin
data\processed\test\banana_unripe\leftin_0001791.jpg,banana_unripe,banana_unripe,7,7,True,0.9997091889381409,apple_unripe,0.00014281220501288772,leftin
data\processed\test\banana_unripe\leftin_0001793.jpg,banana_unripe,banana_unripe,7,7,True,0.8926114439964294,apple_unripe,0.06669812649488449,leftin
data\processed\test\banana_unripe\leftin_0001795.jpg,banana_unripe,banana_unripe,7,7,True,0.973471999168396,banana_ripe,0.022173607721924782,leftin
data\processed\test\banana_unripe\leftin_0001798.jpg,banana_unripe,banana_unripe,7,7,True,0.981788694858551,orange_unripe,0.015887102112174034,leftin
data\processed\test\banana_unripe\leftin_0001799.jpg,banana_unripe,banana_unripe,7,7,True,0.9970307350158691,apple_unripe,0.002804405288770795,leftin
data\processed\test\banana_unripe\leftin_0001801.jpg,banana_unripe,banana_unripe,7,7,True,0.9987574815750122,apple_unripe,0.000673595059197396,leftin
data\processed\test\banana_unripe\leftin_0001804.jpg,banana_unripe,banana_unripe,7,7,True,0.9978637099266052,orange_unripe,0.0013863915810361505,leftin
data\processed\test\banana_unripe\leftin_0001805.jpg,banana_unripe,banana_unripe,7,7,True,0.811187207698822,banana_rotten,0.11976452171802521,leftin
data\processed\test\banana_unripe\leftin_0001806.jpg,banana_unripe,banana_unripe,7,7,True,0.9880080223083496,apple_unripe,0.011493288911879063,leftin
data\processed\test\banana_unripe\leftin_0001807.jpg,banana_unripe,banana_unripe,7,7,True,0.9712904095649719,apple_unripe,0.01942172832787037,leftin
data\processed\test\banana_unripe\leftin_0001808.jpg,banana_unripe,banana_unripe,7,7,True,0.904094934463501,orange_unripe,0.07195032387971878,leftin
data\processed\test\banana_unripe\leftin_0001809.jpg,banana_unripe,banana_unripe,7,7,True,0.9199841022491455,orange_unripe,0.06761683523654938,leftin
data\processed\test\banana_unripe\leftin_0001810.jpg,banana_unripe,banana_unripe,7,7,True,0.9991806149482727,apple_unripe,0.00041023181984201074,leftin
data\processed\test\banana_unripe\leftin_0001811.jpg,banana_unripe,banana_unripe,7,7,True,0.8703230023384094,apple_unripe,0.07965067028999329,leftin
data\processed\test\banana_unripe\leftin_0001812.jpg,banana_unripe,banana_unripe,7,7,True,0.9551979899406433,apple_unripe,0.042671266943216324,leftin
data\processed\test\banana_unripe\leftin_0001814.jpg,banana_unripe,banana_unripe,7,7,True,0.9924778938293457,apple_unripe,0.003908999264240265,leftin
data\processed\test\banana_unripe\leftin_0001816.jpg,banana_unripe,banana_unripe,7,7,True,0.9872523546218872,orange_unripe,0.009765212424099445,leftin
data\processed\test\banana_unripe\leftin_0001818.jpg,banana_unripe,banana_unripe,7,7,True,0.9788088202476501,apple_unripe,0.020998544991016388,leftin
data\processed\test\banana_unripe\leftin_0001819.jpg,banana_unripe,banana_unripe,7,7,True,0.9970409274101257,orange_unripe,0.0026534521020948887,leftin
data\processed\test\banana_unripe\leftin_0001820.jpg,banana_unripe,banana_unripe,7,7,True,0.9996227025985718,apple_unripe,0.00026893819449469447,leftin
data\processed\test\banana_unripe\leftin_0001821.jpg,banana_unripe,banana_unripe,7,7,True,0.9959738850593567,banana_ripe,0.002348841167986393,leftin
data\processed\test\banana_unripe\leftin_0001822.jpg,banana_unripe,banana_unripe,7,7,True,0.9979910850524902,apple_unripe,0.0016213636845350266,leftin
data\processed\test\banana_unripe\leftin_0001823.jpg,banana_unripe,banana_unripe,7,7,True,0.4748852252960205,apple_unripe,0.2400621771812439,leftin
data\processed\test\banana_unripe\leftin_0001825.jpg,banana_unripe,banana_unripe,7,7,True,0.7272229194641113,apple_unripe,0.21788336336612701,leftin
data\processed\test\banana_unripe\leftin_0001826.jpg,banana_unripe,banana_unripe,7,7,True,0.9848018288612366,apple_unripe,0.010264459066092968,leftin
data\processed\test\banana_unripe\leftin_0001827.jpg,banana_unripe,banana_unripe,7,7,True,0.9892127513885498,apple_unripe,0.010744788683950901,leftin
data\processed\test\banana_unripe\leftin_0001828.jpg,banana_unripe,banana_unripe,7,7,True,0.9843003153800964,banana_ripe,0.011396841146051884,leftin
data\processed\test\banana_unripe\leftin_0001829.jpg,banana_unripe,banana_unripe,7,7,True,0.9732986688613892,apple_unripe,0.02392270416021347,leftin
data\processed\test\banana_unripe\leftin_0001831.jpg,banana_unripe,banana_unripe,7,7,True,0.9623449444770813,banana_ripe,0.028471071273088455,leftin
data\processed\test\banana_unripe\leftin_0001832.jpg,banana_unripe,banana_unripe,7,7,True,0.9059652090072632,apple_unripe,0.054974883794784546,leftin
data\processed\test\banana_unripe\leftin_0001833.jpg,banana_unripe,banana_unripe,7,7,True,0.9661219716072083,apple_unripe,0.024208277463912964,leftin
data\processed\test\banana_unripe\leftin_0001834.jpg,banana_unripe,banana_unripe,7,7,True,0.7841101288795471,orange_unripe,0.18656980991363525,leftin
data\processed\test\banana_unripe\leftin_0001835.jpg,banana_unripe,banana_unripe,7,7,True,0.9993690848350525,banana_ripe,0.0005094480002298951,leftin
data\processed\test\banana_unripe\leftin_0001836.jpg,banana_unripe,banana_unripe,7,7,True,0.972913384437561,apple_unripe,0.023069968447089195,leftin
data\processed\test\banana_unripe\leftin_0001837.jpg,banana_unripe,banana_unripe,7,7,True,0.8383405804634094,apple_unripe,0.08221310377120972,leftin
data\processed\test\banana_unripe\leftin_0001838.jpg,banana_unripe,banana_unripe,7,7,True,0.977993905544281,orange_unripe,0.011550677940249443,leftin
data\processed\test\banana_unripe\leftin_0001840.jpg,banana_unripe,banana_unripe,7,7,True,0.9610283374786377,banana_overripe,0.022444775328040123,leftin
data\processed\test\banana_unripe\leftin_0001842.jpg,banana_unripe,banana_unripe,7,7,True,0.9884231686592102,apple_unripe,0.010953018441796303,leftin
data\processed\test\banana_unripe\leftin_0001844.jpg,banana_unripe,banana_unripe,7,7,True,0.6926796436309814,orange_unripe,0.19789348542690277,leftin
data\processed\test\banana_unripe\leftin_0001846.jpg,banana_unripe,banana_unripe,7,7,True,0.9785126447677612,banana_ripe,0.01896234229207039,leftin
data\processed\test\banana_unripe\leftin_0001848.jpg,banana_unripe,banana_unripe,7,7,True,0.42125368118286133,orange_unripe,0.33553335070610046,leftin
data\processed\test\banana_unripe\leftin_0001852.jpg,banana_unripe,banana_unripe,7,7,True,0.9689517617225647,banana_ripe,0.03090503066778183,leftin
data\processed\test\banana_unripe\leftin_0001853.jpg,banana_unripe,banana_unripe,7,7,True,0.7543123364448547,orange_unripe,0.12485766410827637,leftin
data\processed\test\banana_unripe\leftin_0001854.jpg,banana_unripe,banana_unripe,7,7,True,0.9739565849304199,apple_unripe,0.0212407223880291,leftin
data\processed\test\banana_unripe\leftin_0001856.jpg,banana_unripe,banana_unripe,7,7,True,0.9994094371795654,apple_unripe,0.0005037740338593721,leftin
data\processed\test\banana_unripe\leftin_0001857.jpg,banana_unripe,banana_unripe,7,7,True,0.9426867961883545,orange_unripe,0.029520172625780106,leftin
data\processed\test\banana_unripe\leftin_0001858.jpg,banana_unripe,banana_unripe,7,7,True,0.9939416646957397,banana_ripe,0.0033431178890168667,leftin
data\processed\test\banana_unripe\leftin_0001859.jpg,banana_unripe,banana_unripe,7,7,True,0.9803054332733154,apple_unripe,0.019000643864274025,leftin
data\processed\test\banana_unripe\leftin_0001860.jpg,banana_unripe,banana_unripe,7,7,True,0.9275218844413757,apple_unripe,0.04991689324378967,leftin
data\processed\test\banana_unripe\leftin_0001866.jpg,banana_unripe,banana_unripe,7,7,True,0.9982885718345642,orange_unripe,0.001408683368936181,leftin
data\processed\test\banana_unripe\leftin_0001867.jpg,banana_unripe,banana_unripe,7,7,True,0.9111610651016235,orange_unripe,0.0643162950873375,leftin
data\processed\test\banana_unripe\leftin_0001869.jpg,banana_unripe,banana_unripe,7,7,True,0.9968632459640503,banana_overripe,0.0019739887211471796,leftin
data\processed\test\banana_unripe\leftin_0001870.jpg,banana_unripe,banana_unripe,7,7,True,0.9976109266281128,banana_ripe,0.001705544418655336,leftin
data\processed\test\banana_unripe\leftin_0001871.jpg,banana_unripe,banana_unripe,7,7,True,0.9389375448226929,banana_ripe,0.04887371137738228,leftin
data\processed\test\banana_unripe\leftin_0001872.jpg,banana_unripe,banana_unripe,7,7,True,0.8679425120353699,orange_unripe,0.07974302023649216,leftin
data\processed\test\banana_unripe\leftin_0001873.jpg,banana_unripe,banana_unripe,7,7,True,0.9693871140480042,apple_unripe,0.017748791724443436,leftin
data\processed\test\banana_unripe\leftin_0001875.jpg,banana_unripe,banana_unripe,7,7,True,0.9988715052604675,apple_unripe,0.0010480463970452547,leftin
data\processed\test\banana_unripe\leftin_0001876.jpg,banana_unripe,orange_unripe,7,15,False,0.6153603196144104,banana_unripe,0.28682541847229004,leftin
data\processed\test\banana_unripe\leftin_0001877.jpg,banana_unripe,banana_unripe,7,7,True,0.9960569143295288,apple_unripe,0.0030299623031169176,leftin
data\processed\test\banana_unripe\leftin_0001878.jpg,banana_unripe,banana_unripe,7,7,True,0.9826552867889404,apple_unripe,0.00852060317993164,leftin
data\processed\test\banana_unripe\leftin_0001879.jpg,banana_unripe,banana_unripe,7,7,True,0.6414003372192383,apple_unripe,0.18174254894256592,leftin
data\processed\test\banana_unripe\leftin_0001881.jpg,banana_unripe,banana_unripe,7,7,True,0.9315791726112366,banana_overripe,0.038362011313438416,leftin
data\processed\test\banana_unripe\leftin_0001882.jpg,banana_unripe,banana_unripe,7,7,True,0.9995957016944885,apple_unripe,0.00019838348089251667,leftin
data\processed\test\banana_unripe\leftin_0001883.jpg,banana_unripe,apple_unripe,7,3,False,0.3730515241622925,banana_unripe,0.35104402899742126,leftin
data\processed\test\banana_unripe\leftin_0001885.jpg,banana_unripe,banana_unripe,7,7,True,0.8719794750213623,apple_unripe,0.045550648123025894,leftin
data\processed\test\banana_unripe\leftin_0001886.jpg,banana_unripe,banana_unripe,7,7,True,0.936286449432373,banana_ripe,0.05423799529671669,leftin
data\processed\test\banana_unripe\leftin_0001887.jpg,banana_unripe,banana_unripe,7,7,True,0.95024573802948,banana_overripe,0.016218801960349083,leftin
data\processed\test\banana_unripe\leftin_0001889.jpg,banana_unripe,banana_unripe,7,7,True,0.9795510768890381,apple_unripe,0.014818253926932812,leftin
data\processed\test\banana_unripe\leftin_0001890.jpg,banana_unripe,banana_unripe,7,7,True,0.9893235564231873,banana_ripe,0.009714704938232899,leftin
data\processed\test\banana_unripe\leftin_0001891.jpg,banana_unripe,banana_unripe,7,7,True,0.7995346784591675,banana_overripe,0.15082183480262756,leftin
data\processed\test\banana_unripe\leftin_0001892.jpg,banana_unripe,banana_unripe,7,7,True,0.9977624416351318,banana_ripe,0.001725818612612784,leftin
data\processed\test\banana_unripe\leftin_0001895.jpg,banana_unripe,banana_unripe,7,7,True,0.9994994401931763,banana_ripe,0.0002772251609712839,leftin
data\processed\test\banana_unripe\leftin_0001896.jpg,banana_unripe,banana_unripe,7,7,True,0.9909441471099854,orange_unripe,0.004251251928508282,leftin
data\processed\test\banana_unripe\leftin_0001898.jpg,banana_unripe,banana_unripe,7,7,True,0.8384864330291748,apple_unripe,0.0911356508731842,leftin
data\processed\test\banana_unripe\leftin_0001899.jpg,banana_unripe,banana_unripe,7,7,True,0.9975487589836121,orange_unripe,0.0014718039892613888,leftin
data\processed\test\banana_unripe\leftin_0001900.jpg,banana_unripe,banana_unripe,7,7,True,0.9931150078773499,orange_unripe,0.0033462580759078264,leftin
data\processed\test\banana_unripe\leftin_0001901.jpg,banana_unripe,banana_unripe,7,7,True,0.9789586067199707,apple_unripe,0.011119495145976543,leftin
data\processed\test\banana_unripe\leftin_0001903.jpg,banana_unripe,banana_unripe,7,7,True,0.9997934699058533,orange_unripe,0.00015943593461997807,leftin
data\processed\test\banana_unripe\leftin_0001905.jpg,banana_unripe,banana_unripe,7,7,True,0.73878413438797,mango_unripe,0.11254588514566422,leftin
data\processed\test\banana_unripe\leftin_0001906.jpg,banana_unripe,banana_unripe,7,7,True,0.6651473045349121,apple_unripe,0.24582935869693756,leftin
data\processed\test\banana_unripe\leftin_0001907.jpg,banana_unripe,banana_unripe,7,7,True,0.9975323677062988,orange_unripe,0.001977331470698118,leftin
data\processed\test\banana_unripe\leftin_0001908.jpg,banana_unripe,banana_unripe,7,7,True,0.9976769089698792,apple_unripe,0.0013582067331299186,leftin
data\processed\test\banana_unripe\leftin_0001910.jpg,banana_unripe,apple_unripe,7,3,False,0.34979140758514404,orange_unripe,0.3319050371646881,leftin
data\processed\test\banana_unripe\leftin_0001911.jpg,banana_unripe,orange_unripe,7,15,False,0.5912646055221558,apple_unripe,0.33311471343040466,leftin
data\processed\test\banana_unripe\leftin_0001912.jpg,banana_unripe,banana_unripe,7,7,True,0.9779860377311707,orange_unripe,0.018038500100374222,leftin
data\processed\test\banana_unripe\leftin_0001913.jpg,banana_unripe,banana_unripe,7,7,True,0.891883909702301,apple_unripe,0.058961182832717896,leftin
data\processed\test\banana_unripe\leftin_0001914.jpg,banana_unripe,banana_unripe,7,7,True,0.9658665657043457,apple_unripe,0.019587665796279907,leftin
data\processed\test\banana_unripe\leftin_0001918.jpg,banana_unripe,banana_unripe,7,7,True,0.9982086420059204,orange_unripe,0.0014386373804882169,leftin
data\processed\test\banana_unripe\leftin_0001920.jpg,banana_unripe,banana_unripe,7,7,True,0.8611083030700684,orange_unripe,0.06885179877281189,leftin
data\processed\test\banana_unripe\leftin_0001922.jpg,banana_unripe,banana_unripe,7,7,True,0.9933224320411682,orange_unripe,0.0039223600178956985,leftin
data\processed\test\banana_unripe\leftin_0001923.jpg,banana_unripe,banana_unripe,7,7,True,0.9986000657081604,apple_unripe,0.0013343769824132323,leftin
data\processed\test\banana_unripe\leftin_0001924.jpg,banana_unripe,banana_unripe,7,7,True,0.9971432089805603,apple_unripe,0.002502833027392626,leftin
data\processed\test\banana_unripe\leftin_0001927.jpg,banana_unripe,banana_unripe,7,7,True,0.9907962083816528,orange_unripe,0.0069506787694990635,leftin
data\processed\test\banana_unripe\leftin_0001928.jpg,banana_unripe,orange_unripe,7,15,False,0.44418472051620483,banana_unripe,0.39884525537490845,leftin
data\processed\test\banana_unripe\leftin_0001930.jpg,banana_unripe,banana_unripe,7,7,True,0.9973090887069702,apple_unripe,0.0021834331564605236,leftin
data\processed\test\banana_unripe\leftin_0001932.jpg,banana_unripe,banana_unripe,7,7,True,0.938630998134613,orange_unripe,0.05644682049751282,leftin
data\processed\test\banana_unripe\leftin_0001935.jpg,banana_unripe,banana_unripe,7,7,True,0.8512117266654968,banana_overripe,0.0440034493803978,leftin
data\processed\test\banana_unripe\leftin_0001936.jpg,banana_unripe,orange_unripe,7,15,False,0.46211931109428406,banana_unripe,0.3768554627895355,leftin
data\processed\test\banana_unripe\leftin_0001938.jpg,banana_unripe,banana_unripe,7,7,True,0.8751218318939209,orange_unripe,0.10864514112472534,leftin
data\processed\test\banana_unripe\leftin_0001939.jpg,banana_unripe,banana_unripe,7,7,True,0.9960014224052429,apple_unripe,0.001773448078893125,leftin
data\processed\test\banana_unripe\leftin_0001940.jpg,banana_unripe,banana_unripe,7,7,True,0.7213779091835022,apple_unripe,0.17696774005889893,leftin
data\processed\test\banana_unripe\leftin_0001941.jpg,banana_unripe,banana_unripe,7,7,True,0.9211595058441162,orange_unripe,0.043362800031900406,leftin
data\processed\test\banana_unripe\leftin_0001943.jpg,banana_unripe,banana_unripe,7,7,True,0.9519989490509033,apple_unripe,0.04216906055808067,leftin
data\processed\test\banana_unripe\leftin_0001944.jpg,banana_unripe,banana_unripe,7,7,True,0.9095350503921509,apple_unripe,0.05285074934363365,leftin
data\processed\test\banana_unripe\leftin_0001945.jpg,banana_unripe,apple_unripe,7,3,False,0.36585578322410583,banana_unripe,0.3430958390235901,leftin
data\processed\test\banana_unripe\leftin_0001946.jpg,banana_unripe,banana_unripe,7,7,True,0.9892892837524414,banana_ripe,0.005792395211756229,leftin
data\processed\test\banana_unripe\leftin_0001947.jpg,banana_unripe,banana_unripe,7,7,True,0.8969288468360901,orange_unripe,0.05129672586917877,leftin
data\processed\test\banana_unripe\leftin_0001948.jpg,banana_unripe,banana_unripe,7,7,True,0.9922877550125122,apple_unripe,0.007503053173422813,leftin
data\processed\test\banana_unripe\leftin_0001949.jpg,banana_unripe,banana_unripe,7,7,True,0.9979867935180664,orange_unripe,0.0011666851351037621,leftin
data\processed\test\banana_unripe\leftin_0001950.jpg,banana_unripe,orange_unripe,7,15,False,0.5034394860267639,banana_unripe,0.4169631600379944,leftin
data\processed\test\banana_unripe\leftin_0001951.jpg,banana_unripe,banana_unripe,7,7,True,0.9838521480560303,banana_overripe,0.0050281742587685585,leftin
data\processed\test\banana_unripe\leftin_0001952.jpg,banana_unripe,banana_unripe,7,7,True,0.8434197306632996,apple_unripe,0.1265748143196106,leftin
data\processed\test\banana_unripe\leftin_0001954.jpg,banana_unripe,banana_unripe,7,7,True,0.9071335792541504,banana_ripe,0.08222299814224243,leftin
data\processed\test\banana_unripe\leftin_0001955.jpg,banana_unripe,orange_unripe,7,15,False,0.8824515342712402,banana_unripe,0.10355909913778305,leftin
data\processed\test\banana_unripe\leftin_0001956.jpg,banana_unripe,banana_unripe,7,7,True,0.9966813921928406,apple_unripe,0.001939787296578288,leftin
data\processed\test\banana_unripe\leftin_0001958.jpg,banana_unripe,banana_unripe,7,7,True,0.9983893632888794,banana_ripe,0.001049160142429173,leftin
data\processed\test\banana_unripe\leftin_0001959.jpg,banana_unripe,banana_unripe,7,7,True,0.9893885254859924,apple_unripe,0.007516852580010891,leftin
data\processed\test\banana_unripe\leftin_0001960.jpg,banana_unripe,banana_unripe,7,7,True,0.7620185613632202,orange_unripe,0.2083503007888794,leftin
data\processed\test\banana_unripe\leftin_0001963.jpg,banana_unripe,banana_unripe,7,7,True,0.7968854308128357,orange_unripe,0.162979394197464,leftin
data\processed\test\banana_unripe\leftin_0001964.jpg,banana_unripe,banana_unripe,7,7,True,0.9369670748710632,apple_unripe,0.029365161433815956,leftin
data\processed\test\banana_unripe\leftin_0001966.jpg,banana_unripe,banana_unripe,7,7,True,0.9958190321922302,orange_unripe,0.0031443226616829634,leftin
data\processed\test\banana_unripe\leftin_0001967.jpg,banana_unripe,banana_unripe,7,7,True,0.9983717799186707,apple_unripe,0.0012639835476875305,leftin
data\processed\test\banana_unripe\leftin_0001968.jpg,banana_unripe,banana_unripe,7,7,True,0.9191045165061951,apple_unripe,0.0417645089328289,leftin
data\processed\test\banana_unripe\leftin_0001969.jpg,banana_unripe,banana_unripe,7,7,True,0.9656975269317627,apple_unripe,0.01973262056708336,leftin
data\processed\test\banana_unripe\leftin_0001970.jpg,banana_unripe,banana_unripe,7,7,True,0.9983904361724854,banana_ripe,0.0011845158878713846,leftin
data\processed\test\banana_unripe\leftin_0001973.jpg,banana_unripe,banana_unripe,7,7,True,0.9926143884658813,apple_unripe,0.0034227168653160334,leftin
data\processed\test\banana_unripe\leftin_0001974.jpg,banana_unripe,banana_unripe,7,7,True,0.9863746166229248,orange_unripe,0.008821842260658741,leftin
data\processed\test\banana_unripe\leftin_0001976.jpg,banana_unripe,banana_unripe,7,7,True,0.9973708391189575,apple_unripe,0.0020543867722153664,leftin
data\processed\test\banana_unripe\leftin_0001977.jpg,banana_unripe,banana_unripe,7,7,True,0.9857274889945984,apple_unripe,0.014191835187375546,leftin
data\processed\test\banana_unripe\leftin_0001978.jpg,banana_unripe,banana_unripe,7,7,True,0.996275782585144,apple_unripe,0.0014926637522876263,leftin
data\processed\test\banana_unripe\leftin_0001981.jpg,banana_unripe,orange_unripe,7,15,False,0.7076789736747742,banana_unripe,0.2738843560218811,leftin
data\processed\test\banana_unripe\leftin_0001983.jpg,banana_unripe,banana_unripe,7,7,True,0.7424603700637817,orange_unripe,0.2279863804578781,leftin
data\processed\test\banana_unripe\leftin_0001984.jpg,banana_unripe,banana_unripe,7,7,True,0.9963435530662537,orange_unripe,0.0025125599931925535,leftin
data\processed\test\banana_unripe\leftin_0001985.jpg,banana_unripe,banana_unripe,7,7,True,0.9958606362342834,banana_ripe,0.0029582895804196596,leftin
data\processed\test\banana_unripe\leftin_0001986.jpg,banana_unripe,banana_unripe,7,7,True,0.9901044964790344,banana_ripe,0.009653524495661259,leftin
data\processed\test\banana_unripe\leftin_0001987.jpg,banana_unripe,banana_unripe,7,7,True,0.6284929513931274,orange_unripe,0.31679317355155945,leftin
data\processed\test\banana_unripe\leftin_0001990.jpg,banana_unripe,banana_unripe,7,7,True,0.9840455055236816,apple_unripe,0.011076631024479866,leftin
data\processed\test\banana_unripe\leftin_0001991.jpg,banana_unripe,banana_unripe,7,7,True,0.9984502792358398,apple_unripe,0.0014208435313776135,leftin
data\processed\test\banana_unripe\leftin_0001992.jpg,banana_unripe,banana_unripe,7,7,True,0.9971912503242493,apple_unripe,0.0020564578007906675,leftin
data\processed\test\banana_unripe\leftin_0001993.jpg,banana_unripe,banana_unripe,7,7,True,0.9460667967796326,orange_unripe,0.0454372838139534,leftin
data\processed\test\banana_unripe\leftin_0001994.jpg,banana_unripe,banana_unripe,7,7,True,0.6843785047531128,banana_ripe,0.18884161114692688,leftin
data\processed\test\banana_unripe\leftin_0001995.jpg,banana_unripe,banana_unripe,7,7,True,0.9781438708305359,banana_ripe,0.014597739093005657,leftin
data\processed\test\banana_unripe\leftin_0001997.jpg,banana_unripe,banana_unripe,7,7,True,0.855964183807373,orange_unripe,0.13350635766983032,leftin
data\processed\test\banana_unripe\leftin_0001998.jpg,banana_unripe,banana_unripe,7,7,True,0.9689669013023376,apple_unripe,0.028032049536705017,leftin
data\processed\test\banana_unripe\leftin_0002002.jpg,banana_unripe,banana_unripe,7,7,True,0.9925601482391357,orange_unripe,0.004182346165180206,leftin
data\processed\test\banana_unripe\leftin_0002003.jpg,banana_unripe,banana_unripe,7,7,True,0.9783440828323364,orange_unripe,0.015067055821418762,leftin
data\processed\test\banana_unripe\leftin_0002004.jpg,banana_unripe,banana_unripe,7,7,True,0.9873840808868408,apple_unripe,0.006105917505919933,leftin
data\processed\test\banana_unripe\leftin_0002005.jpg,banana_unripe,banana_unripe,7,7,True,0.9687906503677368,apple_unripe,0.026160862296819687,leftin
data\processed\test\banana_unripe\leftin_0002006.jpg,banana_unripe,banana_unripe,7,7,True,0.982955813407898,apple_unripe,0.017013896256685257,leftin
data\processed\test\banana_unripe\leftin_0002009.jpg,banana_unripe,banana_unripe,7,7,True,0.8186442852020264,apple_unripe,0.177254319190979,leftin
data\processed\test\banana_unripe\leftin_0002012.jpg,banana_unripe,mango_overripe,7,8,False,0.3092992901802063,banana_unripe,0.3066530227661133,leftin
data\processed\test\banana_unripe\leftin_0002013.jpg,banana_unripe,banana_unripe,7,7,True,0.9634087681770325,orange_unripe,0.02324247919023037,leftin
data\processed\test\banana_unripe\leftin_0002014.jpg,banana_unripe,banana_unripe,7,7,True,0.969965934753418,orange_unripe,0.02244892530143261,leftin
data\processed\test\banana_unripe\leftin_0002015.jpg,banana_unripe,banana_unripe,7,7,True,0.999752938747406,banana_ripe,0.00017685005150269717,leftin
data\processed\test\banana_unripe\leftin_0002016.jpg,banana_unripe,banana_unripe,7,7,True,0.6784150004386902,apple_unripe,0.20004624128341675,leftin
data\processed\test\banana_unripe\leftin_0002018.jpg,banana_unripe,banana_unripe,7,7,True,0.9994543194770813,orange_unripe,0.00018326446297578514,leftin
data\processed\test\banana_unripe\leftin_0002019.jpg,banana_unripe,banana_unripe,7,7,True,0.8821671009063721,apple_unripe,0.06452973186969757,leftin
data\processed\test\banana_unripe\leftin_0002021.jpg,banana_unripe,banana_unripe,7,7,True,0.9867736101150513,apple_unripe,0.007061732932925224,leftin
data\processed\test\banana_unripe\leftin_0002024.jpg,banana_unripe,banana_unripe,7,7,True,0.9971816539764404,banana_ripe,0.0024638548493385315,leftin
data\processed\test\banana_unripe\leftin_0002027.jpg,banana_unripe,banana_unripe,7,7,True,0.9175249934196472,apple_unripe,0.07672616839408875,leftin
data\processed\test\banana_unripe\leftin_0002029.jpg,banana_unripe,banana_unripe,7,7,True,0.9870086312294006,banana_ripe,0.012850982137024403,leftin
data\processed\test\banana_unripe\leftin_0002032.jpg,banana_unripe,banana_unripe,7,7,True,0.9934280514717102,apple_unripe,0.003346323501318693,leftin
data\processed\test\banana_unripe\leftin_0002033.jpg,banana_unripe,banana_unripe,7,7,True,0.9734901189804077,banana_ripe,0.022033410146832466,leftin
data\processed\test\banana_unripe\leftin_0002034.jpg,banana_unripe,banana_unripe,7,7,True,0.997359573841095,orange_unripe,0.0016627715667709708,leftin
data\processed\test\banana_unripe\leftin_0002035.jpg,banana_unripe,banana_unripe,7,7,True,0.6327155828475952,apple_unripe,0.22473107278347015,leftin
data\processed\test\banana_unripe\leftin_0002036.jpg,banana_unripe,banana_unripe,7,7,True,0.5138368010520935,orange_unripe,0.41536203026771545,leftin
data\processed\test\banana_unripe\leftin_0002037.jpg,banana_unripe,banana_unripe,7,7,True,0.713775634765625,apple_unripe,0.17289197444915771,leftin
data\processed\test\banana_unripe\leftin_0002038.jpg,banana_unripe,banana_unripe,7,7,True,0.9279288649559021,apple_unripe,0.03287017345428467,leftin
data\processed\test\banana_unripe\leftin_0002039.jpg,banana_unripe,banana_unripe,7,7,True,0.9996078610420227,apple_unripe,0.00031328393379226327,leftin
data\processed\test\banana_unripe\leftin_0002040.jpg,banana_unripe,banana_unripe,7,7,True,0.8481232523918152,orange_unripe,0.14972363412380219,leftin
data\processed\test\banana_unripe\leftin_0002042.jpg,banana_unripe,banana_unripe,7,7,True,0.9908416271209717,orange_unripe,0.0059113288298249245,leftin
data\processed\test\banana_unripe\leftin_0002044.jpg,banana_unripe,banana_unripe,7,7,True,0.9583294987678528,apple_unripe,0.035428907722234726,leftin
data\processed\test\banana_unripe\leftin_0002045.jpg,banana_unripe,banana_unripe,7,7,True,0.9510201215744019,apple_unripe,0.03306519240140915,leftin
data\processed\test\banana_unripe\leftin_0002046.jpg,banana_unripe,banana_unripe,7,7,True,0.812228798866272,apple_unripe,0.17011071741580963,leftin
data\processed\test\banana_unripe\leftin_0002047.jpg,banana_unripe,banana_unripe,7,7,True,0.9912856221199036,apple_unripe,0.006479831412434578,leftin
data\processed\test\banana_unripe\leftin_0002048.jpg,banana_unripe,banana_unripe,7,7,True,0.8645455837249756,mango_overripe,0.05317734181880951,leftin
data\processed\test\mango_overripe\asadullahprl_0002049.jpg,mango_overripe,mango_overripe,8,8,True,0.4426223039627075,banana_rotten,0.2114502191543579,asadullahprl
data\processed\test\mango_overripe\asadullahprl_0002050.jpg,mango_overripe,mango_overripe,8,8,True,0.9286962747573853,mango_ripe,0.06780262291431427,asadullahprl
data\processed\test\mango_overripe\asadullahprl_0002051.jpg,mango_overripe,mango_overripe,8,8,True,0.9969700574874878,mango_ripe,0.0027414285577833652,asadullahprl
data\processed\test\mango_overripe\asadullahprl_0002052.jpg,mango_overripe,mango_overripe,8,8,True,0.9595636129379272,mango_ripe,0.038005031645298004,asadullahprl
data\processed\test\mango_overripe\asadullahprl_0002053.jpg,mango_overripe,mango_overripe,8,8,True,0.8485347032546997,banana_overripe,0.07157300412654877,asadullahprl
data\processed\test\mango_overripe\asadullahprl_0002054.jpg,mango_overripe,mango_overripe,8,8,True,0.525221586227417,orange_overripe,0.2978012263774872,asadullahprl
data\processed\test\mango_overripe\asadullahprl_0002055.jpg,mango_overripe,mango_overripe,8,8,True,0.9961477518081665,apple_overripe,0.0027186765801161528,asadullahprl
data\processed\test\mango_overripe\asadullahprl_0002056.jpg,mango_overripe,mango_overripe,8,8,True,0.5169698596000671,apple_unripe,0.14519695937633514,asadullahprl
data\processed\test\mango_overripe\asadullahprl_0002057.jpg,mango_overripe,mango_overripe,8,8,True,0.9873785376548767,apple_overripe,0.005942598916590214,asadullahprl
data\processed\test\mango_overripe\asadullahprl_0002058.jpg,mango_overripe,mango_overripe,8,8,True,0.9911080598831177,mango_ripe,0.008532136678695679,asadullahprl
data\processed\test\mango_overripe\asadullahprl_0002059.jpg,mango_overripe,orange_overripe,8,12,False,0.9309105277061462,mango_overripe,0.05397772416472435,asadullahprl
data\processed\test\mango_overripe\asadullahprl_0002060.jpg,mango_overripe,mango_ripe,8,9,False,0.6699495911598206,orange_overripe,0.219028502702713,asadullahprl
data\processed\test\mango_overripe\asadullahprl_0002061.jpg,mango_overripe,mango_overripe,8,8,True,0.8063646554946899,apple_overripe,0.09873881191015244,asadullahprl
data\processed\test\mango_overripe\asadullahprl_0002062.jpg,mango_overripe,mango_overripe,8,8,True,0.9529442191123962,apple_unripe,0.02334909327328205,asadullahprl
data\processed\test\mango_overripe\asadullahprl_0002063.jpg,mango_overripe,mango_overripe,8,8,True,0.8822336196899414,orange_overripe,0.04909186065196991,asadullahprl
data\processed\test\mango_overripe\asadullahprl_0002064.jpg,mango_overripe,mango_overripe,8,8,True,0.8642863035202026,orange_overripe,0.11465722322463989,asadullahprl
data\processed\test\mango_ripe\alexcj10-ripenet_0002066.jpg,mango_ripe,papaya_rotten,9,17,False,0.3751351237297058,papaya_ripe,0.34012091159820557,alexcj10
data\processed\test\mango_ripe\alexcj10-ripenet_0002067.jpg,mango_ripe,mango_ripe,9,9,True,0.6291714906692505,orange_ripe,0.09070362895727158,alexcj10
data\processed\test\mango_ripe\alexcj10-ripenet_0002070.jpg,mango_ripe,mango_ripe,9,9,True,0.9438319206237793,mango_unripe,0.03292661905288696,alexcj10
data\processed\test\mango_ripe\alexcj10-ripenet_0002072.jpg,mango_ripe,mango_ripe,9,9,True,0.5926494598388672,orange_rotten,0.12189989537000656,alexcj10
data\processed\test\mango_ripe\alexcj10-ripenet_0002073.jpg,mango_ripe,mango_ripe,9,9,True,0.5835457444190979,mango_unripe,0.2871004641056061,alexcj10
data\processed\test\mango_ripe\alexcj10-ripenet_0002075.jpg,mango_ripe,papaya_unripe,9,18,False,0.26132428646087646,papaya_ripe,0.22281984984874725,alexcj10
data\processed\test\mango_ripe\alexcj10-ripenet_0002076.jpg,mango_ripe,mango_ripe,9,9,True,0.46448373794555664,mango_unripe,0.305444598197937,alexcj10
data\processed\test\mango_ripe\alexcj10-ripenet_0002077.jpg,mango_ripe,mango_ripe,9,9,True,0.5677354335784912,mango_rotten,0.32193586230278015,alexcj10
data\processed\test\mango_ripe\alexcj10-ripenet_0002078.jpg,mango_ripe,mango_ripe,9,9,True,0.9376996755599976,mango_unripe,0.029203956946730614,alexcj10
data\processed\test\mango_ripe\alexcj10-ripenet_0002082.jpg,mango_ripe,mango_ripe,9,9,True,0.9388898611068726,mango_unripe,0.05786525458097458,alexcj10
data\processed\test\mango_ripe\alexcj10-ripenet_0002085.jpg,mango_ripe,mango_ripe,9,9,True,0.7697177529335022,mango_unripe,0.06799627840518951,alexcj10
data\processed\test\mango_ripe\alexcj10-ripenet_0002086.jpg,mango_ripe,pineapple_ripe,9,19,False,0.4256710410118103,mango_unripe,0.14442430436611176,alexcj10
data\processed\test\mango_ripe\alexcj10-ripenet_0002087.jpg,mango_ripe,mango_ripe,9,9,True,0.6296218633651733,mango_unripe,0.16727636754512787,alexcj10
data\processed\test\mango_ripe\alexcj10-ripenet_0002088.jpg,mango_ripe,mango_unripe,9,11,False,0.7054527997970581,mango_rotten,0.15078431367874146,alexcj10
data\processed\test\mango_ripe\alexcj10-ripenet_0002090.jpg,mango_ripe,mango_unripe,9,11,False,0.38890179991722107,papaya_unripe,0.30900171399116516,alexcj10
data\processed\test\mango_ripe\alexcj10-ripenet_0002092.jpg,mango_ripe,mango_ripe,9,9,True,0.4889622926712036,orange_unripe,0.20398153364658356,alexcj10
data\processed\test\mango_ripe\alexcj10-ripenet_0002096.jpg,mango_ripe,mango_ripe,9,9,True,0.738523006439209,mango_unripe,0.11161182075738907,alexcj10
data\processed\test\mango_ripe\alexcj10-ripenet_0002100.jpg,mango_ripe,mango_unripe,9,11,False,0.6742774844169617,mango_ripe,0.1382002830505371,alexcj10
data\processed\test\mango_ripe\alexcj10-ripenet_0002101.jpg,mango_ripe,mango_ripe,9,9,True,0.5800333619117737,mango_rotten,0.23592780530452728,alexcj10
data\processed\test\mango_ripe\alexcj10-ripenet_0002103.jpg,mango_ripe,mango_ripe,9,9,True,0.6431971192359924,mango_rotten,0.19564272463321686,alexcj10
data\processed\test\mango_ripe\alexcj10-ripenet_0002105.jpg,mango_ripe,mango_ripe,9,9,True,0.9744599461555481,papaya_ripe,0.012051531113684177,alexcj10
data\processed\test\mango_ripe\alexcj10-ripenet_0002106.jpg,mango_ripe,mango_ripe,9,9,True,0.8413097858428955,mango_unripe,0.0559338815510273,alexcj10
data\processed\test\mango_ripe\alexcj10-ripenet_0002109.jpg,mango_ripe,mango_unripe,9,11,False,0.9541606307029724,apple_unripe,0.011509882286190987,alexcj10
data\processed\test\mango_ripe\alexcj10-ripenet_0002110.jpg,mango_ripe,mango_unripe,9,11,False,0.5798486471176147,mango_rotten,0.19575318694114685,alexcj10
data\processed\test\mango_ripe\alexcj10-ripenet_0002113.jpg,mango_ripe,mango_ripe,9,9,True,0.5649991631507874,mango_unripe,0.31722375750541687,alexcj10
data\processed\test\mango_ripe\alexcj10-ripenet_0002114.jpg,mango_ripe,mango_ripe,9,9,True,0.8153672218322754,mango_unripe,0.1341477483510971,alexcj10
data\processed\test\mango_ripe\alexcj10-ripenet_0002115.jpg,mango_ripe,mango_ripe,9,9,True,0.7571396827697754,orange_ripe,0.15839643776416779,alexcj10
data\processed\test\mango_ripe\alexcj10-ripenet_0002116.jpg,mango_ripe,mango_ripe,9,9,True,0.3851713240146637,mango_rotten,0.22465409338474274,alexcj10
data\processed\test\mango_ripe\alexcj10-ripenet_0002117.jpg,mango_ripe,mango_ripe,9,9,True,0.3721906542778015,mango_unripe,0.24112768471240997,alexcj10
data\processed\test\mango_ripe\alexcj10-ripenet_0002118.jpg,mango_ripe,mango_ripe,9,9,True,0.7960073351860046,orange_unripe,0.10667248070240021,alexcj10
data\processed\test\mango_ripe\alexcj10-ripenet_0002119.jpg,mango_ripe,mango_ripe,9,9,True,0.9893191456794739,mango_unripe,0.004115551710128784,alexcj10
data\processed\test\mango_ripe\alexcj10-ripenet_0002120.jpg,mango_ripe,mango_ripe,9,9,True,0.9249972701072693,mango_unripe,0.044174857437610626,alexcj10
data\processed\test\mango_ripe\alexcj10-ripenet_0002121.jpg,mango_ripe,mango_ripe,9,9,True,0.5494159460067749,orange_ripe,0.09423185139894485,alexcj10
data\processed\test\mango_ripe\alexcj10-ripenet_0002122.jpg,mango_ripe,mango_ripe,9,9,True,0.8671636581420898,orange_ripe,0.07405512034893036,alexcj10
data\processed\test\mango_ripe\alexcj10-ripenet_0002123.jpg,mango_ripe,mango_unripe,9,11,False,0.6685802340507507,papaya_unripe,0.152224600315094,alexcj10
data\processed\test\mango_ripe\alexcj10-ripenet_0002124.jpg,mango_ripe,mango_ripe,9,9,True,0.896306037902832,papaya_ripe,0.025657927617430687,alexcj10
data\processed\test\mango_ripe\alexcj10-ripenet_0002126.jpg,mango_ripe,mango_ripe,9,9,True,0.881585419178009,mango_unripe,0.03619229048490524,alexcj10
data\processed\test\mango_ripe\alexcj10-ripenet_0002127.jpg,mango_ripe,mango_ripe,9,9,True,0.9096774458885193,banana_ripe,0.029426049441099167,alexcj10
data\processed\test\mango_ripe\alexcj10-ripenet_0002128.jpg,mango_ripe,mango_ripe,9,9,True,0.6101671457290649,mango_unripe,0.1876993626356125,alexcj10
data\processed\test\mango_ripe\alexcj10-ripenet_0002130.jpg,mango_ripe,apple_unripe,9,3,False,0.2124721258878708,pineapple_ripe,0.1608095020055771,alexcj10
data\processed\test\mango_ripe\alexcj10-ripenet_0002131.jpg,mango_ripe,mango_ripe,9,9,True,0.3723314106464386,tomato_ripe,0.1163812056183815,alexcj10
data\processed\test\mango_ripe\alexcj10-ripenet_0002132.jpg,mango_ripe,orange_overripe,9,12,False,0.363720566034317,mango_ripe,0.19664186239242554,alexcj10
data\processed\test\mango_ripe\alexcj10-ripenet_0002133.jpg,mango_ripe,pineapple_ripe,9,19,False,0.42108234763145447,mango_ripe,0.36419644951820374,alexcj10
data\processed\test\mango_ripe\alexcj10-ripenet_0002135.jpg,mango_ripe,orange_ripe,9,13,False,0.488165020942688,mango_ripe,0.2251662164926529,alexcj10
data\processed\test\mango_ripe\alexcj10-ripenet_0002136.jpg,mango_ripe,apple_ripe,9,1,False,0.2654638886451721,mango_ripe,0.2136535346508026,alexcj10
data\processed\test\mango_ripe\alexcj10-ripenet_0002137.jpg,mango_ripe,mango_ripe,9,9,True,0.9525658488273621,mango_unripe,0.030542291700839996,alexcj10
data\processed\test\mango_ripe\alexcj10-ripenet_0002138.jpg,mango_ripe,mango_ripe,9,9,True,0.44239914417266846,orange_ripe,0.3386632800102234,alexcj10
data\processed\test\mango_ripe\alexcj10-ripenet_0002139.jpg,mango_ripe,mango_ripe,9,9,True,0.7566078305244446,papaya_ripe,0.1485489010810852,alexcj10
data\processed\test\mango_ripe\alexcj10-ripenet_0002140.jpg,mango_ripe,mango_ripe,9,9,True,0.9855586290359497,mango_unripe,0.010513802990317345,alexcj10
data\processed\test\mango_ripe\alexcj10-ripenet_0002141.jpg,mango_ripe,mango_ripe,9,9,True,0.8067245483398438,orange_ripe,0.07559894770383835,alexcj10
data\processed\test\mango_ripe\alexcj10-ripenet_0002144.jpg,mango_ripe,mango_ripe,9,9,True,0.9363864660263062,papaya_ripe,0.01898152008652687,alexcj10
data\processed\test\mango_ripe\alexcj10-ripenet_0002145.jpg,mango_ripe,mango_ripe,9,9,True,0.6760200262069702,papaya_ripe,0.14796963334083557,alexcj10
data\processed\test\mango_ripe\alexcj10-ripenet_0002148.jpg,mango_ripe,pineapple_ripe,9,19,False,0.7194018363952637,mango_ripe,0.2063228338956833,alexcj10
data\processed\test\mango_ripe\alexcj10-ripenet_0002150.jpg,mango_ripe,mango_ripe,9,9,True,0.8129135966300964,mango_unripe,0.1300876885652542,alexcj10
data\processed\test\mango_ripe\alexcj10-ripenet_0002152.jpg,mango_ripe,mango_rotten,9,10,False,0.21700294315814972,orange_rotten,0.1603427678346634,alexcj10
data\processed\test\mango_ripe\alexcj10-ripenet_0002155.jpg,mango_ripe,mango_ripe,9,9,True,0.8110661506652832,mango_unripe,0.08813601732254028,alexcj10
data\processed\test\mango_ripe\alexcj10-ripenet_0002157.jpg,mango_ripe,mango_rotten,9,10,False,0.37088751792907715,papaya_ripe,0.21779640018939972,alexcj10
data\processed\test\mango_ripe\alexcj10-ripenet_0002158.jpg,mango_ripe,mango_rotten,9,10,False,0.36455366015434265,mango_unripe,0.280975341796875,alexcj10
data\processed\test\mango_ripe\alexcj10-ripenet_0002159.jpg,mango_ripe,mango_ripe,9,9,True,0.6260079741477966,mango_rotten,0.13139723241329193,alexcj10
data\processed\test\mango_ripe\alexcj10-ripenet_0002163.jpg,mango_ripe,mango_ripe,9,9,True,0.8192955255508423,papaya_ripe,0.06583854556083679,alexcj10
data\processed\test\mango_ripe\alexcj10-ripenet_0002164.jpg,mango_ripe,mango_ripe,9,9,True,0.8274540305137634,orange_ripe,0.12420424818992615,alexcj10
data\processed\test\mango_ripe\asadullahprl_0002065.jpg,mango_ripe,papaya_unripe,9,18,False,0.19646978378295898,mango_unripe,0.19393350183963776,asadullahprl
data\processed\test\mango_ripe\asadullahprl_0002068.jpg,mango_ripe,mango_ripe,9,9,True,0.8303492069244385,mango_unripe,0.036370597779750824,asadullahprl
data\processed\test\mango_ripe\asadullahprl_0002069.jpg,mango_ripe,mango_ripe,9,9,True,0.9597050547599792,mango_overripe,0.021284816786646843,asadullahprl
data\processed\test\mango_ripe\asadullahprl_0002071.jpg,mango_ripe,mango_ripe,9,9,True,0.4858960807323456,orange_overripe,0.32527464628219604,asadullahprl
data\processed\test\mango_ripe\asadullahprl_0002074.jpg,mango_ripe,mango_ripe,9,9,True,0.9059982895851135,apple_ripe,0.022110695019364357,asadullahprl
data\processed\test\mango_ripe\asadullahprl_0002079.jpg,mango_ripe,mango_ripe,9,9,True,0.9907008409500122,orange_overripe,0.004699771758168936,asadullahprl
data\processed\test\mango_ripe\asadullahprl_0002080.jpg,mango_ripe,orange_overripe,9,12,False,0.6803163290023804,mango_ripe,0.2880227863788605,asadullahprl
data\processed\test\mango_ripe\asadullahprl_0002081.jpg,mango_ripe,mango_unripe,9,11,False,0.7241950631141663,mango_ripe,0.12684962153434753,asadullahprl
data\processed\test\mango_ripe\asadullahprl_0002083.jpg,mango_ripe,mango_ripe,9,9,True,0.9068900942802429,orange_unripe,0.03809734433889389,asadullahprl
data\processed\test\mango_ripe\asadullahprl_0002084.jpg,mango_ripe,mango_ripe,9,9,True,0.8982775211334229,mango_unripe,0.04966654255986214,asadullahprl
data\processed\test\mango_ripe\asadullahprl_0002089.jpg,mango_ripe,mango_ripe,9,9,True,0.7761779427528381,mango_unripe,0.21727629005908966,asadullahprl
data\processed\test\mango_ripe\asadullahprl_0002091.jpg,mango_ripe,mango_overripe,9,8,False,0.6296792030334473,mango_ripe,0.36830461025238037,asadullahprl
data\processed\test\mango_ripe\asadullahprl_0002093.jpg,mango_ripe,mango_ripe,9,9,True,0.9733898043632507,orange_overripe,0.01583532616496086,asadullahprl
data\processed\test\mango_ripe\asadullahprl_0002094.jpg,mango_ripe,mango_unripe,9,11,False,0.47237536311149597,mango_ripe,0.392915815114975,asadullahprl
data\processed\test\mango_ripe\asadullahprl_0002095.jpg,mango_ripe,mango_ripe,9,9,True,0.5823273062705994,papaya_unripe,0.2244310975074768,asadullahprl
data\processed\test\mango_ripe\asadullahprl_0002097.jpg,mango_ripe,mango_ripe,9,9,True,0.9556558132171631,mango_unripe,0.030737221240997314,asadullahprl
data\processed\test\mango_ripe\asadullahprl_0002098.jpg,mango_ripe,mango_ripe,9,9,True,0.9471673965454102,mango_overripe,0.026266537606716156,asadullahprl
data\processed\test\mango_ripe\asadullahprl_0002099.jpg,mango_ripe,mango_ripe,9,9,True,0.8511133193969727,orange_unripe,0.08690280467271805,asadullahprl
data\processed\test\mango_ripe\asadullahprl_0002102.jpg,mango_ripe,mango_ripe,9,9,True,0.9986217021942139,orange_overripe,0.00046790146734565496,asadullahprl
data\processed\test\mango_ripe\asadullahprl_0002104.jpg,mango_ripe,mango_ripe,9,9,True,0.9960833787918091,orange_overripe,0.0013900960329920053,asadullahprl
data\processed\test\mango_ripe\asadullahprl_0002107.jpg,mango_ripe,mango_ripe,9,9,True,0.7828769087791443,mango_unripe,0.12051250040531158,asadullahprl
data\processed\test\mango_ripe\asadullahprl_0002108.jpg,mango_ripe,mango_unripe,9,11,False,0.3755931258201599,mango_ripe,0.29415997862815857,asadullahprl
data\processed\test\mango_ripe\asadullahprl_0002111.jpg,mango_ripe,mango_ripe,9,9,True,0.7978506684303284,mango_unripe,0.10685506463050842,asadullahprl
data\processed\test\mango_ripe\asadullahprl_0002112.jpg,mango_ripe,mango_ripe,9,9,True,0.4586474597454071,apple_unripe,0.34586888551712036,asadullahprl
data\processed\test\mango_ripe\asadullahprl_0002125.jpg,mango_ripe,mango_ripe,9,9,True,0.7933987379074097,mango_overripe,0.06491730362176895,asadullahprl
data\processed\test\mango_ripe\asadullahprl_0002129.jpg,mango_ripe,mango_ripe,9,9,True,0.8939303159713745,mango_overripe,0.06574121117591858,asadullahprl
data\processed\test\mango_ripe\asadullahprl_0002134.jpg,mango_ripe,mango_ripe,9,9,True,0.7589117884635925,mango_overripe,0.23410356044769287,asadullahprl
data\processed\test\mango_ripe\asadullahprl_0002142.jpg,mango_ripe,mango_ripe,9,9,True,0.8549112677574158,mango_overripe,0.14403147995471954,asadullahprl
data\processed\test\mango_ripe\asadullahprl_0002143.jpg,mango_ripe,orange_overripe,9,12,False,0.5970410108566284,mango_ripe,0.175554096698761,asadullahprl
data\processed\test\mango_ripe\asadullahprl_0002146.jpg,mango_ripe,mango_ripe,9,9,True,0.6798282861709595,mango_unripe,0.2984623908996582,asadullahprl
data\processed\test\mango_ripe\asadullahprl_0002147.jpg,mango_ripe,mango_ripe,9,9,True,0.8591873049736023,mango_overripe,0.139128640294075,asadullahprl
data\processed\test\mango_ripe\asadullahprl_0002149.jpg,mango_ripe,mango_ripe,9,9,True,0.9801621437072754,orange_ripe,0.009211749769747257,asadullahprl
data\processed\test\mango_ripe\asadullahprl_0002151.jpg,mango_ripe,mango_ripe,9,9,True,0.9466378688812256,mango_unripe,0.023481260985136032,asadullahprl
data\processed\test\mango_ripe\asadullahprl_0002153.jpg,mango_ripe,mango_ripe,9,9,True,0.3490154445171356,orange_ripe,0.1867244839668274,asadullahprl
data\processed\test\mango_ripe\asadullahprl_0002154.jpg,mango_ripe,mango_ripe,9,9,True,0.4885134994983673,mango_unripe,0.3414287865161896,asadullahprl
data\processed\test\mango_ripe\asadullahprl_0002156.jpg,mango_ripe,mango_ripe,9,9,True,0.889945924282074,mango_unripe,0.0663960725069046,asadullahprl
data\processed\test\mango_ripe\asadullahprl_0002160.jpg,mango_ripe,mango_ripe,9,9,True,0.9791179895401001,orange_overripe,0.006910962983965874,asadullahprl
data\processed\test\mango_ripe\asadullahprl_0002161.jpg,mango_ripe,mango_ripe,9,9,True,0.9266477823257446,mango_overripe,0.04571061581373215,asadullahprl
data\processed\test\mango_ripe\asadullahprl_0002162.jpg,mango_ripe,orange_ripe,9,13,False,0.43674978613853455,orange_rotten,0.3002352714538574,asadullahprl
data\processed\test\mango_rotten\alexcj10-ripenet_0002165.jpg,mango_rotten,papaya_rotten,10,17,False,0.6501580476760864,papaya_ripe,0.19126151502132416,alexcj10
data\processed\test\mango_rotten\alexcj10-ripenet_0002166.jpg,mango_rotten,mango_rotten,10,10,True,0.8310797214508057,papaya_rotten,0.1264970302581787,alexcj10
data\processed\test\mango_rotten\alexcj10-ripenet_0002167.jpg,mango_rotten,mango_rotten,10,10,True,0.7117668390274048,apple_rotten,0.2129116803407669,alexcj10
data\processed\test\mango_rotten\alexcj10-ripenet_0002168.jpg,mango_rotten,mango_rotten,10,10,True,0.8592543601989746,papaya_rotten,0.10208160430192947,alexcj10
data\processed\test\mango_rotten\alexcj10-ripenet_0002169.jpg,mango_rotten,mango_ripe,10,9,False,0.7986423969268799,mango_unripe,0.0677066296339035,alexcj10
data\processed\test\mango_rotten\alexcj10-ripenet_0002170.jpg,mango_rotten,mango_rotten,10,10,True,0.5199262499809265,mango_overripe,0.22335094213485718,alexcj10
data\processed\test\mango_rotten\alexcj10-ripenet_0002171.jpg,mango_rotten,papaya_rotten,10,17,False,0.30631816387176514,mango_rotten,0.27960532903671265,alexcj10
data\processed\test\mango_rotten\alexcj10-ripenet_0002172.jpg,mango_rotten,mango_rotten,10,10,True,0.966509997844696,mango_ripe,0.008041509427130222,alexcj10
data\processed\test\mango_rotten\alexcj10-ripenet_0002173.jpg,mango_rotten,mango_rotten,10,10,True,0.3179626166820526,banana_rotten,0.2527672350406647,alexcj10
data\processed\test\mango_rotten\alexcj10-ripenet_0002174.jpg,mango_rotten,mango_rotten,10,10,True,0.8497665524482727,apple_rotten,0.12363006919622421,alexcj10
data\processed\test\mango_rotten\alexcj10-ripenet_0002175.jpg,mango_rotten,mango_rotten,10,10,True,0.9896019101142883,papaya_rotten,0.008144148625433445,alexcj10
data\processed\test\mango_rotten\alexcj10-ripenet_0002176.jpg,mango_rotten,mango_ripe,10,9,False,0.4211239516735077,mango_rotten,0.25001615285873413,alexcj10
data\processed\test\mango_rotten\alexcj10-ripenet_0002177.jpg,mango_rotten,mango_rotten,10,10,True,0.9147805571556091,papaya_rotten,0.03793381527066231,alexcj10
data\processed\test\mango_rotten\alexcj10-ripenet_0002178.jpg,mango_rotten,orange_rotten,10,14,False,0.9762258529663086,orange_overripe,0.013192876242101192,alexcj10
data\processed\test\mango_rotten\alexcj10-ripenet_0002179.jpg,mango_rotten,mango_rotten,10,10,True,0.9367635250091553,papaya_rotten,0.03816235065460205,alexcj10
data\processed\test\mango_rotten\alexcj10-ripenet_0002180.jpg,mango_rotten,papaya_rotten,10,17,False,0.31760871410369873,apple_rotten,0.28287726640701294,alexcj10
data\processed\test\mango_rotten\alexcj10-ripenet_0002181.jpg,mango_rotten,mango_rotten,10,10,True,0.9520975947380066,mango_unripe,0.020752161741256714,alexcj10
data\processed\test\mango_rotten\alexcj10-ripenet_0002182.jpg,mango_rotten,banana_rotten,10,6,False,0.17670461535453796,mango_rotten,0.17170999944210052,alexcj10
data\processed\test\mango_rotten\alexcj10-ripenet_0002183.jpg,mango_rotten,mango_rotten,10,10,True,0.9906229376792908,papaya_rotten,0.004242586903274059,alexcj10
data\processed\test\mango_rotten\alexcj10-ripenet_0002184.jpg,mango_rotten,mango_unripe,10,11,False,0.377449631690979,mango_ripe,0.34300464391708374,alexcj10
data\processed\test\mango_rotten\alexcj10-ripenet_0002185.jpg,mango_rotten,mango_rotten,10,10,True,0.8397030830383301,papaya_rotten,0.07391612231731415,alexcj10
data\processed\test\mango_rotten\alexcj10-ripenet_0002186.jpg,mango_rotten,tomato_ripe,10,23,False,0.549957275390625,mango_ripe,0.2158498913049698,alexcj10
data\processed\test\mango_rotten\alexcj10-ripenet_0002187.jpg,mango_rotten,mango_rotten,10,10,True,0.9743645191192627,papaya_rotten,0.01817130669951439,alexcj10
data\processed\test\mango_rotten\alexcj10-ripenet_0002188.jpg,mango_rotten,mango_overripe,10,8,False,0.5674519538879395,mango_rotten,0.393094003200531,alexcj10
data\processed\test\mango_rotten\alexcj10-ripenet_0002189.jpg,mango_rotten,mango_rotten,10,10,True,0.8114786148071289,apple_rotten,0.09585566818714142,alexcj10
data\processed\test\mango_rotten\alexcj10-ripenet_0002190.jpg,mango_rotten,mango_rotten,10,10,True,0.6565900444984436,papaya_rotten,0.10385306924581528,alexcj10
data\processed\test\mango_rotten\alexcj10-ripenet_0002191.jpg,mango_rotten,orange_rotten,10,14,False,0.52132648229599,mango_rotten,0.21269649267196655,alexcj10
data\processed\test\mango_rotten\alexcj10-ripenet_0002192.jpg,mango_rotten,mango_rotten,10,10,True,0.8904190063476562,apple_rotten,0.05043962225317955,alexcj10
data\processed\test\mango_rotten\alexcj10-ripenet_0002193.jpg,mango_rotten,papaya_rotten,10,17,False,0.5496188402175903,mango_rotten,0.3966639041900635,alexcj10
data\processed\test\mango_rotten\alexcj10-ripenet_0002194.jpg,mango_rotten,mango_rotten,10,10,True,0.9663956761360168,orange_rotten,0.010814635083079338,alexcj10
data\processed\test\mango_unripe\alexcj10-ripenet_0002197.jpg,mango_unripe,mango_unripe,11,11,True,0.7973118424415588,mango_ripe,0.13810330629348755,alexcj10
data\processed\test\mango_unripe\alexcj10-ripenet_0002202.jpg,mango_unripe,papaya_unripe,11,18,False,0.3378497362136841,papaya_rotten,0.18933719396591187,alexcj10
data\processed\test\mango_unripe\alexcj10-ripenet_0002204.jpg,mango_unripe,papaya_unripe,11,18,False,0.3799365162849426,papaya_ripe,0.31765517592430115,alexcj10
data\processed\test\mango_unripe\alexcj10-ripenet_0002207.jpg,mango_unripe,orange_unripe,11,15,False,0.36824139952659607,mango_unripe,0.3440510034561157,alexcj10
data\processed\test\mango_unripe\alexcj10-ripenet_0002208.jpg,mango_unripe,mango_ripe,11,9,False,0.5108623504638672,mango_unripe,0.25263017416000366,alexcj10
data\processed\test\mango_unripe\alexcj10-ripenet_0002210.jpg,mango_unripe,papaya_unripe,11,18,False,0.3252860903739929,mango_unripe,0.24189642071723938,alexcj10
data\processed\test\mango_unripe\alexcj10-ripenet_0002214.jpg,mango_unripe,mango_ripe,11,9,False,0.6808781623840332,mango_rotten,0.15362770855426788,alexcj10
data\processed\test\mango_unripe\alexcj10-ripenet_0002226.jpg,mango_unripe,mango_ripe,11,9,False,0.9694283604621887,mango_unripe,0.02989266812801361,alexcj10
data\processed\test\mango_unripe\alexcj10-ripenet_0002227.jpg,mango_unripe,mango_unripe,11,11,True,0.7923117876052856,papaya_unripe,0.20296655595302582,alexcj10
data\processed\test\mango_unripe\alexcj10-ripenet_0002228.jpg,mango_unripe,mango_ripe,11,9,False,0.7532560229301453,mango_unripe,0.17901520431041718,alexcj10
data\processed\test\mango_unripe\alexcj10-ripenet_0002232.jpg,mango_unripe,mango_unripe,11,11,True,0.8012496829032898,papaya_unripe,0.13635358214378357,alexcj10
data\processed\test\mango_unripe\alexcj10-ripenet_0002233.jpg,mango_unripe,mango_unripe,11,11,True,0.9758275747299194,apple_unripe,0.016031263396143913,alexcj10
data\processed\test\mango_unripe\alexcj10-ripenet_0002234.jpg,mango_unripe,pineapple_ripe,11,19,False,0.37148410081863403,pineapple_unripe,0.21712127327919006,alexcj10
data\processed\test\mango_unripe\alexcj10-ripenet_0002238.jpg,mango_unripe,mango_unripe,11,11,True,0.9295891523361206,papaya_unripe,0.04738753288984299,alexcj10
data\processed\test\mango_unripe\alexcj10-ripenet_0002240.jpg,mango_unripe,mango_unripe,11,11,True,0.22770315408706665,mango_ripe,0.2009996473789215,alexcj10
data\processed\test\mango_unripe\alexcj10-ripenet_0002243.jpg,mango_unripe,mango_unripe,11,11,True,0.8184921145439148,apple_unripe,0.08531028032302856,alexcj10
data\processed\test\mango_unripe\alexcj10-ripenet_0002244.jpg,mango_unripe,mango_unripe,11,11,True,0.768180787563324,mango_ripe,0.17663878202438354,alexcj10
data\processed\test\mango_unripe\alexcj10-ripenet_0002247.jpg,mango_unripe,mango_unripe,11,11,True,0.7970882058143616,orange_unripe,0.11899986118078232,alexcj10
data\processed\test\mango_unripe\alexcj10-ripenet_0002257.jpg,mango_unripe,mango_unripe,11,11,True,0.7060863971710205,apple_unripe,0.1936778873205185,alexcj10
data\processed\test\mango_unripe\alexcj10-ripenet_0002258.jpg,mango_unripe,mango_unripe,11,11,True,0.7580137848854065,apple_unripe,0.19007255136966705,alexcj10
data\processed\test\mango_unripe\alexcj10-ripenet_0002259.jpg,mango_unripe,orange_unripe,11,15,False,0.4801768958568573,orange_ripe,0.1726628541946411,alexcj10
data\processed\test\mango_unripe\alexcj10-ripenet_0002262.jpg,mango_unripe,mango_unripe,11,11,True,0.8619588613510132,mango_ripe,0.09821522980928421,alexcj10
data\processed\test\mango_unripe\alexcj10-ripenet_0002266.jpg,mango_unripe,apple_unripe,11,3,False,0.6538460850715637,mango_unripe,0.21618758141994476,alexcj10
data\processed\test\mango_unripe\alexcj10-ripenet_0002268.jpg,mango_unripe,mango_rotten,11,10,False,0.2827380299568176,mango_unripe,0.20663081109523773,alexcj10
data\processed\test\mango_unripe\alexcj10-ripenet_0002269.jpg,mango_unripe,mango_unripe,11,11,True,0.9165918231010437,orange_unripe,0.051399052143096924,alexcj10
data\processed\test\mango_unripe\alexcj10-ripenet_0002270.jpg,mango_unripe,mango_unripe,11,11,True,0.8692824840545654,orange_unripe,0.06214798614382744,alexcj10
data\processed\test\mango_unripe\alexcj10-ripenet_0002271.jpg,mango_unripe,mango_unripe,11,11,True,0.8646220564842224,apple_unripe,0.09943615645170212,alexcj10
data\processed\test\mango_unripe\alexcj10-ripenet_0002273.jpg,mango_unripe,mango_unripe,11,11,True,0.8467628955841064,orange_unripe,0.055043622851371765,alexcj10
data\processed\test\mango_unripe\alexcj10-ripenet_0002274.jpg,mango_unripe,mango_unripe,11,11,True,0.8738442063331604,papaya_unripe,0.07325910031795502,alexcj10
data\processed\test\mango_unripe\alexcj10-ripenet_0002275.jpg,mango_unripe,mango_unripe,11,11,True,0.8468966484069824,papaya_unripe,0.14395655691623688,alexcj10
data\processed\test\mango_unripe\alexcj10-ripenet_0002276.jpg,mango_unripe,mango_unripe,11,11,True,0.9514145851135254,mango_ripe,0.025856517255306244,alexcj10
data\processed\test\mango_unripe\alexcj10-ripenet_0002277.jpg,mango_unripe,mango_unripe,11,11,True,0.3920082747936249,apple_unripe,0.2673361003398895,alexcj10
data\processed\test\mango_unripe\alexcj10-ripenet_0002278.jpg,mango_unripe,mango_unripe,11,11,True,0.8560073971748352,papaya_unripe,0.0834612250328064,alexcj10
data\processed\test\mango_unripe\alexcj10-ripenet_0002279.jpg,mango_unripe,mango_unripe,11,11,True,0.4067634344100952,apple_ripe,0.2595332860946655,alexcj10
data\processed\test\mango_unripe\alexcj10-ripenet_0002290.jpg,mango_unripe,mango_unripe,11,11,True,0.9541159868240356,apple_unripe,0.017909150570631027,alexcj10
data\processed\test\mango_unripe\alexcj10-ripenet_0002291.jpg,mango_unripe,mango_unripe,11,11,True,0.9744735956192017,mango_rotten,0.016158539801836014,alexcj10
data\processed\test\mango_unripe\alexcj10-ripenet_0002293.jpg,mango_unripe,pineapple_unripe,11,21,False,0.4874296188354492,orange_unripe,0.11328663676977158,alexcj10
data\processed\test\mango_unripe\alexcj10-ripenet_0002298.jpg,mango_unripe,papaya_unripe,11,18,False,0.35139143466949463,papaya_ripe,0.2697925567626953,alexcj10
data\processed\test\mango_unripe\alexcj10-ripenet_0002300.jpg,mango_unripe,apple_unripe,11,3,False,0.3346896767616272,apple_ripe,0.2951068878173828,alexcj10
data\processed\test\mango_unripe\alexcj10-ripenet_0002301.jpg,mango_unripe,mango_unripe,11,11,True,0.5617982745170593,orange_unripe,0.3083784580230713,alexcj10
data\processed\test\mango_unripe\alexcj10-ripenet_0002303.jpg,mango_unripe,mango_unripe,11,11,True,0.9542860984802246,papaya_unripe,0.020762380212545395,alexcj10
data\processed\test\mango_unripe\asadullahprl_0002195.jpg,mango_unripe,mango_unripe,11,11,True,0.9985483288764954,mango_ripe,0.0005181917222216725,asadullahprl
data\processed\test\mango_unripe\asadullahprl_0002196.jpg,mango_unripe,mango_unripe,11,11,True,0.7347540259361267,mango_ripe,0.26038894057273865,asadullahprl
data\processed\test\mango_unripe\asadullahprl_0002198.jpg,mango_unripe,mango_unripe,11,11,True,0.9990652203559875,mango_ripe,0.0004035756574012339,asadullahprl
data\processed\test\mango_unripe\asadullahprl_0002199.jpg,mango_unripe,mango_unripe,11,11,True,0.9962261915206909,papaya_unripe,0.0009268949506804347,asadullahprl
data\processed\test\mango_unripe\asadullahprl_0002200.jpg,mango_unripe,mango_unripe,11,11,True,0.9536228179931641,mango_ripe,0.04166082292795181,asadullahprl
data\processed\test\mango_unripe\asadullahprl_0002201.jpg,mango_unripe,mango_unripe,11,11,True,0.9963525533676147,mango_ripe,0.0010315625695511699,asadullahprl
data\processed\test\mango_unripe\asadullahprl_0002203.jpg,mango_unripe,mango_unripe,11,11,True,0.9947496056556702,mango_ripe,0.0022794539108872414,asadullahprl
data\processed\test\mango_unripe\asadullahprl_0002205.jpg,mango_unripe,mango_unripe,11,11,True,0.9927033185958862,mango_ripe,0.0042386832647025585,asadullahprl
data\processed\test\mango_unripe\asadullahprl_0002206.jpg,mango_unripe,mango_unripe,11,11,True,0.9986322522163391,papaya_unripe,0.0010097000049427152,asadullahprl
data\processed\test\mango_unripe\asadullahprl_0002209.jpg,mango_unripe,apple_ripe,11,1,False,0.49101418256759644,mango_ripe,0.1890069991350174,asadullahprl
data\processed\test\mango_unripe\asadullahprl_0002211.jpg,mango_unripe,mango_unripe,11,11,True,0.5613232254981995,mango_ripe,0.30456531047821045,asadullahprl
data\processed\test\mango_unripe\asadullahprl_0002212.jpg,mango_unripe,mango_unripe,11,11,True,0.9913877844810486,orange_unripe,0.002567322924733162,asadullahprl
data\processed\test\mango_unripe\asadullahprl_0002213.jpg,mango_unripe,mango_unripe,11,11,True,0.9940185546875,mango_ripe,0.0053025162778794765,asadullahprl
data\processed\test\mango_unripe\asadullahprl_0002215.jpg,mango_unripe,mango_unripe,11,11,True,0.987758457660675,mango_ripe,0.010423489846289158,asadullahprl
data\processed\test\mango_unripe\asadullahprl_0002216.jpg,mango_unripe,mango_unripe,11,11,True,0.6506108045578003,apple_unripe,0.272398978471756,asadullahprl
data\processed\test\mango_unripe\asadullahprl_0002217.jpg,mango_unripe,mango_unripe,11,11,True,0.9041170477867126,apple_unripe,0.037357017397880554,asadullahprl
data\processed\test\mango_unripe\asadullahprl_0002218.jpg,mango_unripe,mango_ripe,11,9,False,0.8067314028739929,mango_unripe,0.13214552402496338,asadullahprl
data\processed\test\mango_unripe\asadullahprl_0002219.jpg,mango_unripe,mango_unripe,11,11,True,0.9947339296340942,mango_ripe,0.0029443460516631603,asadullahprl
data\processed\test\mango_unripe\asadullahprl_0002220.jpg,mango_unripe,mango_unripe,11,11,True,0.8693114519119263,mango_ripe,0.12191380560398102,asadullahprl
data\processed\test\mango_unripe\asadullahprl_0002221.jpg,mango_unripe,mango_unripe,11,11,True,0.49306294322013855,mango_ripe,0.2563853859901428,asadullahprl
data\processed\test\mango_unripe\asadullahprl_0002222.jpg,mango_unripe,mango_unripe,11,11,True,0.9944007992744446,mango_ripe,0.0035574384965002537,asadullahprl
data\processed\test\mango_unripe\asadullahprl_0002223.jpg,mango_unripe,mango_unripe,11,11,True,0.996485710144043,mango_ripe,0.0016368112992495298,asadullahprl
data\processed\test\mango_unripe\asadullahprl_0002224.jpg,mango_unripe,mango_unripe,11,11,True,0.9590074419975281,mango_ripe,0.029181573539972305,asadullahprl
data\processed\test\mango_unripe\asadullahprl_0002225.jpg,mango_unripe,mango_unripe,11,11,True,0.9891039133071899,mango_ripe,0.007738890592008829,asadullahprl
data\processed\test\mango_unripe\asadullahprl_0002229.jpg,mango_unripe,mango_unripe,11,11,True,0.9986868500709534,mango_ripe,0.00045881225378252566,asadullahprl
data\processed\test\mango_unripe\asadullahprl_0002230.jpg,mango_unripe,mango_unripe,11,11,True,0.4998122453689575,apple_unripe,0.23688027262687683,asadullahprl
data\processed\test\mango_unripe\asadullahprl_0002231.jpg,mango_unripe,mango_unripe,11,11,True,0.9968205690383911,mango_ripe,0.001231098547577858,asadullahprl
data\processed\test\mango_unripe\asadullahprl_0002235.jpg,mango_unripe,mango_unripe,11,11,True,0.9915831685066223,mango_ripe,0.005854325834661722,asadullahprl
data\processed\test\mango_unripe\asadullahprl_0002236.jpg,mango_unripe,mango_unripe,11,11,True,0.972093939781189,apple_ripe,0.01147846132516861,asadullahprl
data\processed\test\mango_unripe\asadullahprl_0002237.jpg,mango_unripe,mango_unripe,11,11,True,0.8371675610542297,tomato_unripe,0.11642900854349136,asadullahprl
data\processed\test\mango_unripe\asadullahprl_0002239.jpg,mango_unripe,mango_unripe,11,11,True,0.9982824325561523,mango_ripe,0.0012508740182965994,asadullahprl
data\processed\test\mango_unripe\asadullahprl_0002241.jpg,mango_unripe,mango_unripe,11,11,True,0.9957279562950134,orange_unripe,0.0015073481481522322,asadullahprl
data\processed\test\mango_unripe\asadullahprl_0002242.jpg,mango_unripe,mango_unripe,11,11,True,0.995248019695282,mango_ripe,0.003992805257439613,asadullahprl
data\processed\test\mango_unripe\asadullahprl_0002245.jpg,mango_unripe,mango_unripe,11,11,True,0.9764902591705322,apple_ripe,0.007365752477198839,asadullahprl
data\processed\test\mango_unripe\asadullahprl_0002246.jpg,mango_unripe,mango_unripe,11,11,True,0.9630061388015747,mango_ripe,0.024317501112818718,asadullahprl
data\processed\test\mango_unripe\asadullahprl_0002248.jpg,mango_unripe,mango_unripe,11,11,True,0.9336227774620056,papaya_unripe,0.021871857345104218,asadullahprl
data\processed\test\mango_unripe\asadullahprl_0002249.jpg,mango_unripe,mango_unripe,11,11,True,0.9550795555114746,mango_ripe,0.01983892358839512,asadullahprl
data\processed\test\mango_unripe\asadullahprl_0002250.jpg,mango_unripe,mango_unripe,11,11,True,0.7454231977462769,orange_unripe,0.12058749049901962,asadullahprl
data\processed\test\mango_unripe\asadullahprl_0002251.jpg,mango_unripe,mango_unripe,11,11,True,0.996532678604126,mango_ripe,0.0022066093515604734,asadullahprl
data\processed\test\mango_unripe\asadullahprl_0002252.jpg,mango_unripe,mango_unripe,11,11,True,0.9971750974655151,mango_ripe,0.0016838453011587262,asadullahprl
data\processed\test\mango_unripe\asadullahprl_0002253.jpg,mango_unripe,mango_unripe,11,11,True,0.4413851201534271,mango_ripe,0.40344107151031494,asadullahprl
data\processed\test\mango_unripe\asadullahprl_0002254.jpg,mango_unripe,mango_unripe,11,11,True,0.47609472274780273,orange_unripe,0.26545923948287964,asadullahprl
data\processed\test\mango_unripe\asadullahprl_0002255.jpg,mango_unripe,mango_unripe,11,11,True,0.9974997639656067,papaya_unripe,0.0006059521692804992,asadullahprl
data\processed\test\mango_unripe\asadullahprl_0002256.jpg,mango_unripe,papaya_unripe,11,18,False,0.4503423571586609,mango_unripe,0.3736521899700165,asadullahprl
data\processed\test\mango_unripe\asadullahprl_0002260.jpg,mango_unripe,mango_unripe,11,11,True,0.9887497425079346,mango_ripe,0.003933642525225878,asadullahprl
data\processed\test\mango_unripe\asadullahprl_0002261.jpg,mango_unripe,mango_unripe,11,11,True,0.991305410861969,mango_ripe,0.006640169303864241,asadullahprl
data\processed\test\mango_unripe\asadullahprl_0002263.jpg,mango_unripe,mango_unripe,11,11,True,0.9894094467163086,mango_ripe,0.008902464993298054,asadullahprl
data\processed\test\mango_unripe\asadullahprl_0002264.jpg,mango_unripe,mango_unripe,11,11,True,0.9399812817573547,mango_ripe,0.05362207815051079,asadullahprl
data\processed\test\mango_unripe\asadullahprl_0002265.jpg,mango_unripe,mango_unripe,11,11,True,0.9949513673782349,apple_ripe,0.002043694956228137,asadullahprl
data\processed\test\mango_unripe\asadullahprl_0002267.jpg,mango_unripe,mango_unripe,11,11,True,0.9825413823127747,mango_ripe,0.01136014237999916,asadullahprl
data\processed\test\mango_unripe\asadullahprl_0002272.jpg,mango_unripe,apple_ripe,11,1,False,0.5319604873657227,mango_unripe,0.1584136188030243,asadullahprl
data\processed\test\mango_unripe\asadullahprl_0002280.jpg,mango_unripe,papaya_unripe,11,18,False,0.6694720983505249,mango_unripe,0.28457140922546387,asadullahprl
data\processed\test\mango_unripe\asadullahprl_0002281.jpg,mango_unripe,mango_unripe,11,11,True,0.990836501121521,orange_unripe,0.0044606649316847324,asadullahprl
data\processed\test\mango_unripe\asadullahprl_0002282.jpg,mango_unripe,apple_unripe,11,3,False,0.2929580509662628,banana_unripe,0.24211080372333527,asadullahprl
data\processed\test\mango_unripe\asadullahprl_0002283.jpg,mango_unripe,mango_unripe,11,11,True,0.9798989295959473,mango_ripe,0.007417676039040089,asadullahprl
data\processed\test\mango_unripe\asadullahprl_0002284.jpg,mango_unripe,mango_ripe,11,9,False,0.5155184268951416,mango_unripe,0.41740256547927856,asadullahprl
data\processed\test\mango_unripe\asadullahprl_0002285.jpg,mango_unripe,mango_unripe,11,11,True,0.9958414435386658,orange_unripe,0.002391570946201682,asadullahprl
data\processed\test\mango_unripe\asadullahprl_0002286.jpg,mango_unripe,mango_unripe,11,11,True,0.9828450679779053,mango_ripe,0.010268991813063622,asadullahprl
data\processed\test\mango_unripe\asadullahprl_0002287.jpg,mango_unripe,mango_unripe,11,11,True,0.7354574203491211,mango_overripe,0.18952655792236328,asadullahprl
data\processed\test\mango_unripe\asadullahprl_0002288.jpg,mango_unripe,mango_unripe,11,11,True,0.9976685643196106,orange_unripe,0.0014630175428465009,asadullahprl
data\processed\test\mango_unripe\asadullahprl_0002289.jpg,mango_unripe,mango_unripe,11,11,True,0.967261791229248,mango_ripe,0.02944808453321457,asadullahprl
data\processed\test\mango_unripe\asadullahprl_0002292.jpg,mango_unripe,mango_unripe,11,11,True,0.9909520149230957,mango_ripe,0.00791473500430584,asadullahprl
data\processed\test\mango_unripe\asadullahprl_0002294.jpg,mango_unripe,mango_unripe,11,11,True,0.9673412442207336,mango_ripe,0.031136438250541687,asadullahprl
data\processed\test\mango_unripe\asadullahprl_0002295.jpg,mango_unripe,mango_unripe,11,11,True,0.9969933032989502,mango_ripe,0.0009209865820594132,asadullahprl
data\processed\test\mango_unripe\asadullahprl_0002296.jpg,mango_unripe,mango_unripe,11,11,True,0.9961293935775757,mango_ripe,0.0011658533476293087,asadullahprl
data\processed\test\mango_unripe\asadullahprl_0002297.jpg,mango_unripe,mango_unripe,11,11,True,0.9313966631889343,mango_ripe,0.06359471380710602,asadullahprl
data\processed\test\mango_unripe\asadullahprl_0002299.jpg,mango_unripe,mango_unripe,11,11,True,0.8528308272361755,papaya_unripe,0.072566457092762,asadullahprl
data\processed\test\mango_unripe\asadullahprl_0002302.jpg,mango_unripe,mango_unripe,11,11,True,0.9993380904197693,mango_ripe,0.00021704891696572304,asadullahprl
data\processed\test\mango_unripe\asadullahprl_0002304.jpg,mango_unripe,mango_unripe,11,11,True,0.5714371204376221,orange_unripe,0.21975398063659668,asadullahprl
data\processed\test\orange_overripe\asadullahprl_0002305.jpg,orange_overripe,orange_overripe,12,12,True,0.5417983531951904,mango_ripe,0.2444310188293457,asadullahprl
data\processed\test\orange_overripe\asadullahprl_0002306.jpg,orange_overripe,orange_overripe,12,12,True,0.9072652459144592,mango_overripe,0.05901918560266495,asadullahprl
data\processed\test\orange_overripe\asadullahprl_0002307.jpg,orange_overripe,orange_overripe,12,12,True,0.9794085621833801,orange_rotten,0.01640891470015049,asadullahprl
data\processed\test\orange_overripe\asadullahprl_0002308.jpg,orange_overripe,orange_overripe,12,12,True,0.9420971274375916,orange_rotten,0.049113884568214417,asadullahprl
data\processed\test\orange_overripe\asadullahprl_0002309.jpg,orange_overripe,orange_unripe,12,15,False,0.4728781580924988,orange_overripe,0.3153609335422516,asadullahprl
data\processed\test\orange_overripe\asadullahprl_0002310.jpg,orange_overripe,orange_overripe,12,12,True,0.9044331312179565,orange_rotten,0.09271728992462158,asadullahprl
data\processed\test\orange_overripe\asadullahprl_0002311.jpg,orange_overripe,orange_rotten,12,14,False,0.8248962759971619,orange_overripe,0.09361537545919418,asadullahprl
data\processed\test\orange_overripe\asadullahprl_0002312.jpg,orange_overripe,orange_overripe,12,12,True,0.7400391101837158,orange_rotten,0.16102799773216248,asadullahprl
data\processed\test\orange_overripe\asadullahprl_0002313.jpg,orange_overripe,orange_overripe,12,12,True,0.3047470152378082,orange_unripe,0.14255128800868988,asadullahprl
data\processed\test\orange_overripe\asadullahprl_0002314.jpg,orange_overripe,orange_overripe,12,12,True,0.9920676946640015,orange_rotten,0.0067685008980333805,asadullahprl
data\processed\test\orange_overripe\asadullahprl_0002315.jpg,orange_overripe,orange_rotten,12,14,False,0.5588838458061218,mango_rotten,0.3778718113899231,asadullahprl
data\processed\test\orange_ripe\alexcj10-ripenet_0002318.jpg,orange_ripe,orange_ripe,13,13,True,0.38045886158943176,orange_rotten,0.29952502250671387,alexcj10
data\processed\test\orange_ripe\alexcj10-ripenet_0002320.jpg,orange_ripe,pineapple_ripe,13,19,False,0.388963907957077,papaya_ripe,0.28074216842651367,alexcj10
data\processed\test\orange_ripe\alexcj10-ripenet_0002330.jpg,orange_ripe,orange_unripe,13,15,False,0.5464157462120056,orange_ripe,0.4175114035606384,alexcj10
data\processed\test\orange_ripe\alexcj10-ripenet_0002331.jpg,orange_ripe,orange_rotten,13,14,False,0.7647036910057068,orange_ripe,0.12134888023138046,alexcj10
data\processed\test\orange_ripe\alexcj10-ripenet_0002340.jpg,orange_ripe,orange_ripe,13,13,True,0.8648699522018433,orange_unripe,0.13052578270435333,alexcj10
data\processed\test\orange_ripe\alexcj10-ripenet_0002341.jpg,orange_ripe,pineapple_ripe,13,19,False,0.27361631393432617,mango_ripe,0.16496190428733826,alexcj10
data\processed\test\orange_ripe\alexcj10-ripenet_0002350.jpg,orange_ripe,orange_unripe,13,15,False,0.5583145618438721,orange_ripe,0.43100500106811523,alexcj10
data\processed\test\orange_ripe\alexcj10-ripenet_0002354.jpg,orange_ripe,orange_ripe,13,13,True,0.643893837928772,orange_unripe,0.30841612815856934,alexcj10
data\processed\test\orange_ripe\alexcj10-ripenet_0002359.jpg,orange_ripe,orange_ripe,13,13,True,0.5323330163955688,orange_unripe,0.26774072647094727,alexcj10
data\processed\test\orange_ripe\alexcj10-ripenet_0002363.jpg,orange_ripe,orange_ripe,13,13,True,0.8490690588951111,orange_unripe,0.1460254192352295,alexcj10
data\processed\test\orange_ripe\alexcj10-ripenet_0002364.jpg,orange_ripe,orange_ripe,13,13,True,0.7271254062652588,orange_unripe,0.22451657056808472,alexcj10
data\processed\test\orange_ripe\alexcj10-ripenet_0002365.jpg,orange_ripe,orange_ripe,13,13,True,0.6852721571922302,orange_unripe,0.3104270100593567,alexcj10
data\processed\test\orange_ripe\alexcj10-ripenet_0002372.jpg,orange_ripe,orange_ripe,13,13,True,0.4443460702896118,orange_unripe,0.21052055060863495,alexcj10
data\processed\test\orange_ripe\alexcj10-ripenet_0002377.jpg,orange_ripe,orange_ripe,13,13,True,0.7229177951812744,mango_ripe,0.12685607373714447,alexcj10
data\processed\test\orange_ripe\alexcj10-ripenet_0002379.jpg,orange_ripe,orange_ripe,13,13,True,0.8004339933395386,orange_unripe,0.18893061578273773,alexcj10
data\processed\test\orange_ripe\alexcj10-ripenet_0002384.jpg,orange_ripe,orange_ripe,13,13,True,0.6927948594093323,orange_unripe,0.30178704857826233,alexcj10
data\processed\test\orange_ripe\alexcj10-ripenet_0002395.jpg,orange_ripe,orange_unripe,13,15,False,0.272752970457077,pineapple_unripe,0.2053384929895401,alexcj10
data\processed\test\orange_ripe\alexcj10-ripenet_0002398.jpg,orange_ripe,orange_ripe,13,13,True,0.76404869556427,orange_unripe,0.14710603654384613,alexcj10
data\processed\test\orange_ripe\alexcj10-ripenet_0002404.jpg,orange_ripe,orange_ripe,13,13,True,0.5848849415779114,orange_unripe,0.2738301455974579,alexcj10
data\processed\test\orange_ripe\alexcj10-ripenet_0002407.jpg,orange_ripe,orange_unripe,13,15,False,0.6821638941764832,orange_ripe,0.3016011416912079,alexcj10
data\processed\test\orange_ripe\alexcj10-ripenet_0002409.jpg,orange_ripe,orange_ripe,13,13,True,0.6272326707839966,orange_rotten,0.15390102565288544,alexcj10
data\processed\test\orange_ripe\alexcj10-ripenet_0002417.jpg,orange_ripe,orange_ripe,13,13,True,0.8778021335601807,orange_unripe,0.07031158357858658,alexcj10
data\processed\test\orange_ripe\alexcj10-ripenet_0002418.jpg,orange_ripe,orange_ripe,13,13,True,0.7241340279579163,orange_unripe,0.2615397572517395,alexcj10
data\processed\test\orange_ripe\alexcj10-ripenet_0002435.jpg,orange_ripe,orange_ripe,13,13,True,0.8700886368751526,orange_unripe,0.11584928631782532,alexcj10
data\processed\test\orange_ripe\alexcj10-ripenet_0002436.jpg,orange_ripe,orange_ripe,13,13,True,0.8672388792037964,orange_unripe,0.08697878569364548,alexcj10
data\processed\test\orange_ripe\alexcj10-ripenet_0002440.jpg,orange_ripe,orange_ripe,13,13,True,0.6319668889045715,orange_unripe,0.36603596806526184,alexcj10
data\processed\test\orange_ripe\alexcj10-ripenet_0002443.jpg,orange_ripe,papaya_ripe,13,16,False,0.41706645488739014,orange_ripe,0.19657115638256073,alexcj10
data\processed\test\orange_ripe\alexcj10-ripenet_0002448.jpg,orange_ripe,orange_ripe,13,13,True,0.6600489616394043,mango_ripe,0.09811761975288391,alexcj10
data\processed\test\orange_ripe\alexcj10-ripenet_0002454.jpg,orange_ripe,orange_ripe,13,13,True,0.80387282371521,orange_unripe,0.195440411567688,alexcj10
data\processed\test\orange_ripe\alexcj10-ripenet_0002455.jpg,orange_ripe,orange_ripe,13,13,True,0.8159980773925781,orange_unripe,0.10926080495119095,alexcj10
data\processed\test\orange_ripe\alexcj10-ripenet_0002456.jpg,orange_ripe,orange_unripe,13,15,False,0.5159482359886169,orange_ripe,0.43458303809165955,alexcj10
data\processed\test\orange_ripe\alexcj10-ripenet_0002462.jpg,orange_ripe,orange_ripe,13,13,True,0.585314929485321,orange_unripe,0.29232051968574524,alexcj10
data\processed\test\orange_ripe\alexcj10-ripenet_0002464.jpg,orange_ripe,orange_unripe,13,15,False,0.3787413537502289,papaya_ripe,0.19337940216064453,alexcj10
data\processed\test\orange_ripe\alexcj10-ripenet_0002481.jpg,orange_ripe,orange_ripe,13,13,True,0.8534733057022095,orange_unripe,0.11234176158905029,alexcj10
data\processed\test\orange_ripe\alexcj10-ripenet_0002483.jpg,orange_ripe,orange_unripe,13,15,False,0.6119549870491028,orange_ripe,0.32638296484947205,alexcj10
data\processed\test\orange_ripe\alexcj10-ripenet_0002485.jpg,orange_ripe,orange_ripe,13,13,True,0.682762622833252,orange_unripe,0.25117579102516174,alexcj10
data\processed\test\orange_ripe\alexcj10-ripenet_0002487.jpg,orange_ripe,papaya_ripe,13,16,False,0.4427509307861328,papaya_unripe,0.2729782462120056,alexcj10
data\processed\test\orange_ripe\alexcj10-ripenet_0002490.jpg,orange_ripe,orange_ripe,13,13,True,0.6802630424499512,orange_unripe,0.2930082082748413,alexcj10
data\processed\test\orange_ripe\alexcj10-ripenet_0002494.jpg,orange_ripe,orange_ripe,13,13,True,0.6396096348762512,orange_unripe,0.2708362638950348,alexcj10
data\processed\test\orange_ripe\alexcj10-ripenet_0002498.jpg,orange_ripe,orange_unripe,13,15,False,0.526727020740509,orange_ripe,0.389580637216568,alexcj10
data\processed\test\orange_ripe\alexcj10-ripenet_0002507.jpg,orange_ripe,orange_rotten,13,14,False,0.4584965407848358,orange_ripe,0.2601538598537445,alexcj10
data\processed\test\orange_ripe\alexcj10-ripenet_0002520.jpg,orange_ripe,pineapple_ripe,13,19,False,0.5567994713783264,orange_unripe,0.12647922337055206,alexcj10
data\processed\test\orange_ripe\alexcj10-ripenet_0002521.jpg,orange_ripe,tomato_ripe,13,23,False,0.2923945486545563,apple_ripe,0.23284627497196198,alexcj10
data\processed\test\orange_ripe\alexcj10-ripenet_0002527.jpg,orange_ripe,orange_unripe,13,15,False,0.6802570819854736,orange_ripe,0.3000549376010895,alexcj10
data\processed\test\orange_ripe\alexcj10-ripenet_0002532.jpg,orange_ripe,orange_ripe,13,13,True,0.5991379022598267,orange_rotten,0.3192194700241089,alexcj10
data\processed\test\orange_ripe\alexcj10-ripenet_0002536.jpg,orange_ripe,orange_ripe,13,13,True,0.5463848114013672,mango_ripe,0.15006960928440094,alexcj10
data\processed\test\orange_ripe\alexcj10-ripenet_0002543.jpg,orange_ripe,orange_ripe,13,13,True,0.7089214324951172,orange_rotten,0.12355242669582367,alexcj10
data\processed\test\orange_ripe\alexcj10-ripenet_0002545.jpg,orange_ripe,orange_ripe,13,13,True,0.525850236415863,orange_unripe,0.35436487197875977,alexcj10
data\processed\test\orange_ripe\alexcj10-ripenet_0002551.jpg,orange_ripe,orange_ripe,13,13,True,0.6645711660385132,orange_unripe,0.30491217970848083,alexcj10
data\processed\test\orange_ripe\alexcj10-ripenet_0002552.jpg,orange_ripe,orange_unripe,13,15,False,0.546086847782135,orange_ripe,0.21771372854709625,alexcj10
data\processed\test\orange_ripe\alexcj10-ripenet_0002553.jpg,orange_ripe,orange_unripe,13,15,False,0.5550382137298584,orange_ripe,0.44132715463638306,alexcj10
data\processed\test\orange_ripe\alexcj10-ripenet_0002562.jpg,orange_ripe,orange_ripe,13,13,True,0.6510804891586304,orange_unripe,0.3372335731983185,alexcj10
data\processed\test\orange_ripe\asadullahprl_0002408.jpg,orange_ripe,orange_ripe,13,13,True,0.5591623783111572,orange_overripe,0.35074129700660706,asadullahprl
data\processed\test\orange_ripe\asadullahprl_0002431.jpg,orange_ripe,orange_ripe,13,13,True,0.4412907660007477,orange_unripe,0.39169546961784363,asadullahprl
data\processed\test\orange_ripe\asadullahprl_0002441.jpg,orange_ripe,orange_overripe,13,12,False,0.8051690459251404,orange_rotten,0.0669669359922409,asadullahprl
data\processed\test\orange_ripe\asadullahprl_0002459.jpg,orange_ripe,orange_ripe,13,13,True,0.6664994955062866,orange_unripe,0.155440554022789,asadullahprl
data\processed\test\orange_ripe\asadullahprl_0002480.jpg,orange_ripe,orange_ripe,13,13,True,0.52301424741745,orange_overripe,0.20195655524730682,asadullahprl
data\processed\test\orange_ripe\asadullahprl_0002482.jpg,orange_ripe,orange_ripe,13,13,True,0.9435519576072693,orange_unripe,0.042081743478775024,asadullahprl
data\processed\test\orange_ripe\asadullahprl_0002488.jpg,orange_ripe,orange_overripe,13,12,False,0.5018449425697327,mango_ripe,0.3933497965335846,asadullahprl
data\processed\test\orange_ripe\asadullahprl_0002544.jpg,orange_ripe,orange_overripe,13,12,False,0.9024438261985779,orange_unripe,0.04085586592555046,asadullahprl
data\processed\test\orange_ripe\asadullahprl_0002548.jpg,orange_ripe,orange_overripe,13,12,False,0.44588375091552734,orange_ripe,0.29554328322410583,asadullahprl
data\processed\test\orange_ripe\asadullahprl_0002559.jpg,orange_ripe,orange_ripe,13,13,True,0.5285873413085938,orange_overripe,0.4197663366794586,asadullahprl
data\processed\test\orange_ripe\leftin_0002316.jpg,orange_ripe,orange_ripe,13,13,True,0.9988656044006348,orange_rotten,0.0010652028722688556,leftin
data\processed\test\orange_ripe\leftin_0002317.jpg,orange_ripe,orange_ripe,13,13,True,0.9975765347480774,orange_rotten,0.0019333857344463468,leftin
data\processed\test\orange_ripe\leftin_0002319.jpg,orange_ripe,orange_ripe,13,13,True,0.9878689646720886,orange_rotten,0.010361623018980026,leftin
data\processed\test\orange_ripe\leftin_0002321.jpg,orange_ripe,orange_ripe,13,13,True,0.8412543535232544,orange_rotten,0.09312298148870468,leftin
data\processed\test\orange_ripe\leftin_0002322.jpg,orange_ripe,orange_ripe,13,13,True,0.9928072690963745,orange_rotten,0.005838305689394474,leftin
data\processed\test\orange_ripe\leftin_0002323.jpg,orange_ripe,orange_ripe,13,13,True,0.874825656414032,orange_rotten,0.0548010990023613,leftin
data\processed\test\orange_ripe\leftin_0002324.jpg,orange_ripe,orange_ripe,13,13,True,0.9860279560089111,orange_unripe,0.009579744189977646,leftin
data\processed\test\orange_ripe\leftin_0002325.jpg,orange_ripe,orange_ripe,13,13,True,0.9663537740707397,orange_rotten,0.027416836470365524,leftin
data\processed\test\orange_ripe\leftin_0002326.jpg,orange_ripe,orange_ripe,13,13,True,0.9793251156806946,orange_rotten,0.017840193584561348,leftin
data\processed\test\orange_ripe\leftin_0002327.jpg,orange_ripe,orange_ripe,13,13,True,0.6810684204101562,orange_rotten,0.27885064482688904,leftin
data\processed\test\orange_ripe\leftin_0002328.jpg,orange_ripe,orange_ripe,13,13,True,0.9890220165252686,papaya_unripe,0.003535457421094179,leftin
data\processed\test\orange_ripe\leftin_0002329.jpg,orange_ripe,orange_ripe,13,13,True,0.9537450075149536,orange_rotten,0.046063896268606186,leftin
data\processed\test\orange_ripe\leftin_0002332.jpg,orange_ripe,orange_ripe,13,13,True,0.9948038458824158,orange_rotten,0.0030118869617581367,leftin
data\processed\test\orange_ripe\leftin_0002333.jpg,orange_ripe,orange_ripe,13,13,True,0.9715933799743652,orange_rotten,0.025429164990782738,leftin
data\processed\test\orange_ripe\leftin_0002334.jpg,orange_ripe,orange_ripe,13,13,True,0.9973235726356506,orange_unripe,0.0014478685334324837,leftin
data\processed\test\orange_ripe\leftin_0002335.jpg,orange_ripe,orange_ripe,13,13,True,0.9922048449516296,orange_rotten,0.006993487011641264,leftin
data\processed\test\orange_ripe\leftin_0002336.jpg,orange_ripe,orange_ripe,13,13,True,0.9224336743354797,orange_rotten,0.07675588876008987,leftin
data\processed\test\orange_ripe\leftin_0002337.jpg,orange_ripe,orange_ripe,13,13,True,0.9949022531509399,orange_rotten,0.004921017214655876,leftin
data\processed\test\orange_ripe\leftin_0002338.jpg,orange_ripe,orange_ripe,13,13,True,0.9985861778259277,orange_rotten,0.0013772492529824376,leftin
data\processed\test\orange_ripe\leftin_0002339.jpg,orange_ripe,orange_ripe,13,13,True,0.9935373663902283,orange_rotten,0.005494934972375631,leftin
data\processed\test\orange_ripe\leftin_0002342.jpg,orange_ripe,orange_ripe,13,13,True,0.9977387189865112,orange_rotten,0.0018114977283403277,leftin
data\processed\test\orange_ripe\leftin_0002343.jpg,orange_ripe,orange_ripe,13,13,True,0.9988320469856262,orange_rotten,0.0007527379784733057,leftin
data\processed\test\orange_ripe\leftin_0002344.jpg,orange_ripe,orange_ripe,13,13,True,0.7818484306335449,orange_rotten,0.20810800790786743,leftin
data\processed\test\orange_ripe\leftin_0002345.jpg,orange_ripe,orange_ripe,13,13,True,0.9976356029510498,orange_unripe,0.0011658997973427176,leftin
data\processed\test\orange_ripe\leftin_0002346.jpg,orange_ripe,orange_ripe,13,13,True,0.9791848659515381,orange_unripe,0.01417333260178566,leftin
data\processed\test\orange_ripe\leftin_0002347.jpg,orange_ripe,orange_ripe,13,13,True,0.8955065011978149,orange_rotten,0.0798802450299263,leftin
data\processed\test\orange_ripe\leftin_0002348.jpg,orange_ripe,orange_ripe,13,13,True,0.9984869956970215,orange_rotten,0.0009350728360004723,leftin
data\processed\test\orange_ripe\leftin_0002349.jpg,orange_ripe,orange_ripe,13,13,True,0.987970769405365,orange_unripe,0.007894721813499928,leftin
data\processed\test\orange_ripe\leftin_0002351.jpg,orange_ripe,orange_ripe,13,13,True,0.9977781176567078,orange_unripe,0.0012707458809018135,leftin
data\processed\test\orange_ripe\leftin_0002352.jpg,orange_ripe,orange_ripe,13,13,True,0.9675442576408386,orange_rotten,0.020760636776685715,leftin
data\processed\test\orange_ripe\leftin_0002353.jpg,orange_ripe,orange_ripe,13,13,True,0.9872754216194153,orange_rotten,0.00916863139718771,leftin
data\processed\test\orange_ripe\leftin_0002355.jpg,orange_ripe,orange_ripe,13,13,True,0.9921190738677979,orange_unripe,0.00430535152554512,leftin
data\processed\test\orange_ripe\leftin_0002356.jpg,orange_ripe,orange_ripe,13,13,True,0.997323751449585,apple_ripe,0.0016237491508945823,leftin
data\processed\test\orange_ripe\leftin_0002357.jpg,orange_ripe,orange_ripe,13,13,True,0.9853543043136597,orange_rotten,0.013333062641322613,leftin
data\processed\test\orange_ripe\leftin_0002358.jpg,orange_ripe,orange_ripe,13,13,True,0.9756399393081665,orange_rotten,0.023221122100949287,leftin
data\processed\test\orange_ripe\leftin_0002360.jpg,orange_ripe,orange_ripe,13,13,True,0.9959294199943542,orange_rotten,0.003969083074480295,leftin
data\processed\test\orange_ripe\leftin_0002361.jpg,orange_ripe,orange_ripe,13,13,True,0.9961034059524536,orange_rotten,0.0032981911208480597,leftin
data\processed\test\orange_ripe\leftin_0002362.jpg,orange_ripe,orange_rotten,13,14,False,0.5718545913696289,orange_ripe,0.4082135558128357,leftin
data\processed\test\orange_ripe\leftin_0002366.jpg,orange_ripe,orange_ripe,13,13,True,0.9921249747276306,orange_rotten,0.006035340949892998,leftin
data\processed\test\orange_ripe\leftin_0002367.jpg,orange_ripe,orange_ripe,13,13,True,0.9983793497085571,orange_rotten,0.0016011351253837347,leftin
data\processed\test\orange_ripe\leftin_0002368.jpg,orange_ripe,orange_ripe,13,13,True,0.9955617189407349,orange_unripe,0.0013807326322421432,leftin
data\processed\test\orange_ripe\leftin_0002369.jpg,orange_ripe,orange_ripe,13,13,True,0.9942246079444885,orange_unripe,0.004742179997265339,leftin
data\processed\test\orange_ripe\leftin_0002370.jpg,orange_ripe,orange_ripe,13,13,True,0.9873833060264587,orange_rotten,0.007546018343418837,leftin
data\processed\test\orange_ripe\leftin_0002371.jpg,orange_ripe,orange_ripe,13,13,True,0.9990066885948181,orange_rotten,0.0005401968955993652,leftin
data\processed\test\orange_ripe\leftin_0002373.jpg,orange_ripe,orange_ripe,13,13,True,0.9801265597343445,orange_rotten,0.01874125376343727,leftin
data\processed\test\orange_ripe\leftin_0002374.jpg,orange_ripe,orange_ripe,13,13,True,0.9983837604522705,orange_rotten,0.0013009560061618686,leftin
data\processed\test\orange_ripe\leftin_0002375.jpg,orange_ripe,orange_ripe,13,13,True,0.943682849407196,apple_ripe,0.048335254192352295,leftin
data\processed\test\orange_ripe\leftin_0002376.jpg,orange_ripe,orange_ripe,13,13,True,0.9974974989891052,orange_rotten,0.0019458318129181862,leftin
data\processed\test\orange_ripe\leftin_0002378.jpg,orange_ripe,orange_ripe,13,13,True,0.9933863282203674,orange_rotten,0.0041107055731117725,leftin
data\processed\test\orange_ripe\leftin_0002380.jpg,orange_ripe,orange_ripe,13,13,True,0.965678870677948,orange_rotten,0.03189076855778694,leftin
data\processed\test\orange_ripe\leftin_0002381.jpg,orange_ripe,orange_ripe,13,13,True,0.9990671277046204,orange_rotten,0.0008510370971634984,leftin
data\processed\test\orange_ripe\leftin_0002382.jpg,orange_ripe,orange_ripe,13,13,True,0.8346108198165894,mango_ripe,0.06453070044517517,leftin
data\processed\test\orange_ripe\leftin_0002383.jpg,orange_ripe,orange_ripe,13,13,True,0.9146046042442322,orange_rotten,0.08194448053836823,leftin
data\processed\test\orange_ripe\leftin_0002385.jpg,orange_ripe,orange_ripe,13,13,True,0.9448813199996948,orange_unripe,0.02808535099029541,leftin
data\processed\test\orange_ripe\leftin_0002386.jpg,orange_ripe,orange_ripe,13,13,True,0.9866672158241272,orange_rotten,0.004131348337978125,leftin
data\processed\test\orange_ripe\leftin_0002387.jpg,orange_ripe,orange_ripe,13,13,True,0.9718644618988037,apple_ripe,0.012361814267933369,leftin
data\processed\test\orange_ripe\leftin_0002388.jpg,orange_ripe,orange_ripe,13,13,True,0.9653239250183105,orange_unripe,0.0219167061150074,leftin
data\processed\test\orange_ripe\leftin_0002389.jpg,orange_ripe,orange_ripe,13,13,True,0.9446492195129395,orange_rotten,0.051880866289138794,leftin
data\processed\test\orange_ripe\leftin_0002390.jpg,orange_ripe,orange_ripe,13,13,True,0.9953553676605225,orange_rotten,0.004144692327827215,leftin
data\processed\test\orange_ripe\leftin_0002391.jpg,orange_ripe,orange_ripe,13,13,True,0.9932536482810974,orange_unripe,0.0028027412481606007,leftin
data\processed\test\orange_ripe\leftin_0002392.jpg,orange_ripe,orange_ripe,13,13,True,0.9728543758392334,orange_rotten,0.01645077019929886,leftin
data\processed\test\orange_ripe\leftin_0002393.jpg,orange_ripe,orange_ripe,13,13,True,0.9962104558944702,orange_rotten,0.0025612215977162123,leftin
data\processed\test\orange_ripe\leftin_0002394.jpg,orange_ripe,orange_ripe,13,13,True,0.9966409206390381,orange_unripe,0.0027679118793457747,leftin
data\processed\test\orange_ripe\leftin_0002396.jpg,orange_ripe,orange_ripe,13,13,True,0.9956806898117065,orange_rotten,0.0037688228767365217,leftin
data\processed\test\orange_ripe\leftin_0002397.jpg,orange_ripe,orange_ripe,13,13,True,0.9897612929344177,orange_unripe,0.004763772711157799,leftin
data\processed\test\orange_ripe\leftin_0002399.jpg,orange_ripe,orange_ripe,13,13,True,0.9906687140464783,orange_rotten,0.008102254942059517,leftin
data\processed\test\orange_ripe\leftin_0002400.jpg,orange_ripe,orange_ripe,13,13,True,0.9843348860740662,mango_ripe,0.008930109441280365,leftin
data\processed\test\orange_ripe\leftin_0002401.jpg,orange_ripe,orange_ripe,13,13,True,0.9993869066238403,orange_rotten,0.00047858088510110974,leftin
data\processed\test\orange_ripe\leftin_0002402.jpg,orange_ripe,orange_ripe,13,13,True,0.8671231269836426,orange_rotten,0.11309872567653656,leftin
data\processed\test\orange_ripe\leftin_0002403.jpg,orange_ripe,orange_ripe,13,13,True,0.49055516719818115,orange_rotten,0.4567129611968994,leftin
data\processed\test\orange_ripe\leftin_0002405.jpg,orange_ripe,orange_ripe,13,13,True,0.9537231922149658,orange_rotten,0.028169184923171997,leftin
data\processed\test\orange_ripe\leftin_0002406.jpg,orange_ripe,orange_ripe,13,13,True,0.8590001463890076,orange_rotten,0.12821505963802338,leftin
data\processed\test\orange_ripe\leftin_0002410.jpg,orange_ripe,orange_ripe,13,13,True,0.972095787525177,orange_rotten,0.023389052599668503,leftin
data\processed\test\orange_ripe\leftin_0002411.jpg,orange_ripe,orange_ripe,13,13,True,0.9714593887329102,apple_ripe,0.009476514533162117,leftin
data\processed\test\orange_ripe\leftin_0002412.jpg,orange_ripe,orange_ripe,13,13,True,0.998367965221405,orange_rotten,0.0013633128255605698,leftin
data\processed\test\orange_ripe\leftin_0002413.jpg,orange_ripe,orange_ripe,13,13,True,0.997420072555542,orange_unripe,0.001996017759665847,leftin
data\processed\test\orange_ripe\leftin_0002414.jpg,orange_ripe,orange_ripe,13,13,True,0.9990481734275818,orange_rotten,0.00076069007627666,leftin
data\processed\test\orange_ripe\leftin_0002415.jpg,orange_ripe,orange_ripe,13,13,True,0.9936898946762085,orange_rotten,0.006216511130332947,leftin
data\processed\test\orange_ripe\leftin_0002416.jpg,orange_ripe,orange_ripe,13,13,True,0.977473795413971,orange_rotten,0.01925569772720337,leftin
data\processed\test\orange_ripe\leftin_0002419.jpg,orange_ripe,orange_ripe,13,13,True,0.9534201622009277,orange_overripe,0.023787271231412888,leftin
data\processed\test\orange_ripe\leftin_0002420.jpg,orange_ripe,orange_ripe,13,13,True,0.9966666102409363,orange_rotten,0.0027374960482120514,leftin
data\processed\test\orange_ripe\leftin_0002421.jpg,orange_ripe,orange_ripe,13,13,True,0.9429041147232056,orange_rotten,0.032106805592775345,leftin
data\processed\test\orange_ripe\leftin_0002422.jpg,orange_ripe,orange_ripe,13,13,True,0.9949004054069519,orange_rotten,0.0048996214754879475,leftin
data\processed\test\orange_ripe\leftin_0002423.jpg,orange_ripe,orange_ripe,13,13,True,0.8345094323158264,mango_unripe,0.0760960578918457,leftin
data\processed\test\orange_ripe\leftin_0002424.jpg,orange_ripe,orange_ripe,13,13,True,0.993668258190155,orange_rotten,0.004919389262795448,leftin
data\processed\test\orange_ripe\leftin_0002425.jpg,orange_ripe,orange_ripe,13,13,True,0.6995829343795776,mango_ripe,0.18736699223518372,leftin
data\processed\test\orange_ripe\leftin_0002426.jpg,orange_ripe,orange_ripe,13,13,True,0.9970493316650391,orange_rotten,0.002307931426912546,leftin
data\processed\test\orange_ripe\leftin_0002427.jpg,orange_ripe,orange_ripe,13,13,True,0.976241409778595,orange_rotten,0.017457639798521996,leftin
data\processed\test\orange_ripe\leftin_0002428.jpg,orange_ripe,orange_ripe,13,13,True,0.9982184767723083,orange_unripe,0.001063843141309917,leftin
data\processed\test\orange_ripe\leftin_0002429.jpg,orange_ripe,orange_ripe,13,13,True,0.9767614603042603,orange_unripe,0.0216754712164402,leftin
data\processed\test\orange_ripe\leftin_0002430.jpg,orange_ripe,orange_ripe,13,13,True,0.9926490187644958,orange_rotten,0.006271254736930132,leftin
data\processed\test\orange_ripe\leftin_0002432.jpg,orange_ripe,orange_ripe,13,13,True,0.9807252287864685,orange_unripe,0.015491288155317307,leftin
data\processed\test\orange_ripe\leftin_0002433.jpg,orange_ripe,orange_ripe,13,13,True,0.9911892414093018,orange_unripe,0.007075998932123184,leftin
data\processed\test\orange_ripe\leftin_0002434.jpg,orange_ripe,orange_ripe,13,13,True,0.688092827796936,orange_rotten,0.21981629729270935,leftin
data\processed\test\orange_ripe\leftin_0002437.jpg,orange_ripe,orange_ripe,13,13,True,0.764018177986145,orange_rotten,0.23458454012870789,leftin
data\processed\test\orange_ripe\leftin_0002438.jpg,orange_ripe,orange_ripe,13,13,True,0.9927496910095215,orange_rotten,0.006729006767272949,leftin
data\processed\test\orange_ripe\leftin_0002439.jpg,orange_ripe,orange_ripe,13,13,True,0.9966088533401489,orange_rotten,0.0022647075820714235,leftin
data\processed\test\orange_ripe\leftin_0002442.jpg,orange_ripe,orange_ripe,13,13,True,0.954908013343811,orange_rotten,0.02566070482134819,leftin
data\processed\test\orange_ripe\leftin_0002444.jpg,orange_ripe,orange_ripe,13,13,True,0.982161283493042,orange_unripe,0.01290796883404255,leftin
data\processed\test\orange_ripe\leftin_0002445.jpg,orange_ripe,orange_ripe,13,13,True,0.9915183186531067,orange_rotten,0.007394066546112299,leftin
data\processed\test\orange_ripe\leftin_0002446.jpg,orange_ripe,orange_ripe,13,13,True,0.9984322190284729,orange_rotten,0.001005329191684723,leftin
data\processed\test\orange_ripe\leftin_0002447.jpg,orange_ripe,orange_ripe,13,13,True,0.9962390661239624,orange_rotten,0.0037231133319437504,leftin
data\processed\test\orange_ripe\leftin_0002449.jpg,orange_ripe,orange_ripe,13,13,True,0.9778929352760315,orange_rotten,0.021093476563692093,leftin
data\processed\test\orange_ripe\leftin_0002450.jpg,orange_ripe,orange_ripe,13,13,True,0.9912041425704956,orange_rotten,0.004331429023295641,leftin
data\processed\test\orange_ripe\leftin_0002451.jpg,orange_ripe,orange_ripe,13,13,True,0.9845965504646301,orange_rotten,0.015062348917126656,leftin
data\processed\test\orange_ripe\leftin_0002452.jpg,orange_ripe,orange_ripe,13,13,True,0.9331828355789185,orange_rotten,0.06592917442321777,leftin
data\processed\test\orange_ripe\leftin_0002453.jpg,orange_ripe,orange_ripe,13,13,True,0.9981496334075928,orange_rotten,0.001690046046860516,leftin
data\processed\test\orange_ripe\leftin_0002457.jpg,orange_ripe,orange_ripe,13,13,True,0.8244917392730713,orange_rotten,0.16707512736320496,leftin
data\processed\test\orange_ripe\leftin_0002458.jpg,orange_ripe,orange_ripe,13,13,True,0.9046069979667664,mango_ripe,0.06824474036693573,leftin
data\processed\test\orange_ripe\leftin_0002460.jpg,orange_ripe,orange_ripe,13,13,True,0.9411951899528503,orange_rotten,0.058146215975284576,leftin
data\processed\test\orange_ripe\leftin_0002461.jpg,orange_ripe,orange_ripe,13,13,True,0.9623788595199585,orange_rotten,0.034276481717824936,leftin
data\processed\test\orange_ripe\leftin_0002463.jpg,orange_ripe,orange_ripe,13,13,True,0.9976921081542969,orange_unripe,0.001276282244361937,leftin
data\processed\test\orange_ripe\leftin_0002465.jpg,orange_ripe,orange_ripe,13,13,True,0.9963273406028748,orange_rotten,0.003464022185653448,leftin
data\processed\test\orange_ripe\leftin_0002466.jpg,orange_ripe,orange_ripe,13,13,True,0.6234572529792786,tomato_overripe,0.2638491094112396,leftin
data\processed\test\orange_ripe\leftin_0002467.jpg,orange_ripe,orange_ripe,13,13,True,0.7427276968955994,orange_rotten,0.2547025978565216,leftin
data\processed\test\orange_ripe\leftin_0002468.jpg,orange_ripe,orange_ripe,13,13,True,0.9919901490211487,orange_rotten,0.007993633858859539,leftin
data\processed\test\orange_ripe\leftin_0002469.jpg,orange_ripe,orange_ripe,13,13,True,0.99678635597229,orange_unripe,0.001547264982946217,leftin
data\processed\test\orange_ripe\leftin_0002470.jpg,orange_ripe,orange_ripe,13,13,True,0.9975946545600891,orange_rotten,0.0018646472599357367,leftin
data\processed\test\orange_ripe\leftin_0002471.jpg,orange_ripe,orange_ripe,13,13,True,0.99903404712677,orange_rotten,0.0006895825499668717,leftin
data\processed\test\orange_ripe\leftin_0002472.jpg,orange_ripe,orange_ripe,13,13,True,0.9989978671073914,orange_rotten,0.0009281649254262447,leftin
data\processed\test\orange_ripe\leftin_0002473.jpg,orange_ripe,orange_ripe,13,13,True,0.9977394342422485,orange_unripe,0.0017190597718581557,leftin
data\processed\test\orange_ripe\leftin_0002474.jpg,orange_ripe,orange_ripe,13,13,True,0.9732905030250549,orange_rotten,0.016564644873142242,leftin
data\processed\test\orange_ripe\leftin_0002475.jpg,orange_ripe,orange_ripe,13,13,True,0.9180815815925598,orange_rotten,0.08052933216094971,leftin
data\processed\test\orange_ripe\leftin_0002476.jpg,orange_ripe,orange_ripe,13,13,True,0.9966970682144165,orange_unripe,0.0027980797458440065,leftin
data\processed\test\orange_ripe\leftin_0002477.jpg,orange_ripe,orange_ripe,13,13,True,0.8273597359657288,orange_rotten,0.15168848633766174,leftin
data\processed\test\orange_ripe\leftin_0002478.jpg,orange_ripe,orange_ripe,13,13,True,0.9902524948120117,orange_rotten,0.008971085771918297,leftin
data\processed\test\orange_ripe\leftin_0002479.jpg,orange_ripe,orange_ripe,13,13,True,0.9977486729621887,orange_rotten,0.0018310726154595613,leftin
data\processed\test\orange_ripe\leftin_0002484.jpg,orange_ripe,orange_ripe,13,13,True,0.9151003956794739,orange_overripe,0.06846754252910614,leftin
data\processed\test\orange_ripe\leftin_0002486.jpg,orange_ripe,orange_ripe,13,13,True,0.9956129789352417,orange_rotten,0.003888013307005167,leftin
data\processed\test\orange_ripe\leftin_0002489.jpg,orange_ripe,orange_ripe,13,13,True,0.9932814836502075,orange_rotten,0.0051256343722343445,leftin
data\processed\test\orange_ripe\leftin_0002491.jpg,orange_ripe,orange_ripe,13,13,True,0.9017297625541687,orange_rotten,0.049570560455322266,leftin
data\processed\test\orange_ripe\leftin_0002492.jpg,orange_ripe,orange_ripe,13,13,True,0.9726199507713318,orange_rotten,0.02581026963889599,leftin
data\processed\test\orange_ripe\leftin_0002493.jpg,orange_ripe,orange_ripe,13,13,True,0.9959468245506287,orange_rotten,0.00370633858256042,leftin
data\processed\test\orange_ripe\leftin_0002495.jpg,orange_ripe,orange_ripe,13,13,True,0.9786296486854553,apple_ripe,0.01737869717180729,leftin
data\processed\test\orange_ripe\leftin_0002496.jpg,orange_ripe,orange_ripe,13,13,True,0.8501681089401245,orange_rotten,0.1462087333202362,leftin
data\processed\test\orange_ripe\leftin_0002497.jpg,orange_ripe,orange_ripe,13,13,True,0.531816303730011,orange_rotten,0.42893466353416443,leftin
data\processed\test\orange_ripe\leftin_0002499.jpg,orange_ripe,orange_ripe,13,13,True,0.9771878123283386,orange_unripe,0.014534597285091877,leftin
data\processed\test\orange_ripe\leftin_0002500.jpg,orange_ripe,orange_ripe,13,13,True,0.9770580530166626,orange_rotten,0.014144294895231724,leftin
data\processed\test\orange_ripe\leftin_0002501.jpg,orange_ripe,orange_ripe,13,13,True,0.7028260231018066,apple_ripe,0.10424739122390747,leftin
data\processed\test\orange_ripe\leftin_0002502.jpg,orange_ripe,orange_ripe,13,13,True,0.9741761088371277,orange_unripe,0.019350793212652206,leftin
data\processed\test\orange_ripe\leftin_0002503.jpg,orange_ripe,orange_ripe,13,13,True,0.9925496578216553,orange_rotten,0.007186208385974169,leftin
data\processed\test\orange_ripe\leftin_0002504.jpg,orange_ripe,orange_ripe,13,13,True,0.999762237071991,mango_ripe,9.193390724249184e-05,leftin
data\processed\test\orange_ripe\leftin_0002505.jpg,orange_ripe,orange_ripe,13,13,True,0.9939992427825928,orange_rotten,0.0023334301076829433,leftin
data\processed\test\orange_ripe\leftin_0002506.jpg,orange_ripe,orange_ripe,13,13,True,0.9966422319412231,orange_rotten,0.002874317578971386,leftin
data\processed\test\orange_ripe\leftin_0002508.jpg,orange_ripe,orange_ripe,13,13,True,0.9862781167030334,apple_ripe,0.005442128982394934,leftin
data\processed\test\orange_ripe\leftin_0002509.jpg,orange_ripe,orange_ripe,13,13,True,0.9897221922874451,orange_rotten,0.005542566999793053,leftin
data\processed\test\orange_ripe\leftin_0002510.jpg,orange_ripe,orange_ripe,13,13,True,0.9689791202545166,orange_rotten,0.028492771089076996,leftin
data\processed\test\orange_ripe\leftin_0002511.jpg,orange_ripe,orange_ripe,13,13,True,0.8275611400604248,orange_rotten,0.17128431797027588,leftin
data\processed\test\orange_ripe\leftin_0002512.jpg,orange_ripe,orange_ripe,13,13,True,0.9963628649711609,orange_rotten,0.003626168705523014,leftin
data\processed\test\orange_ripe\leftin_0002513.jpg,orange_ripe,orange_ripe,13,13,True,0.9974550604820251,apple_ripe,0.0016806813655421138,leftin
data\processed\test\orange_ripe\leftin_0002514.jpg,orange_ripe,orange_ripe,13,13,True,0.9942521452903748,orange_rotten,0.004022462759166956,leftin
data\processed\test\orange_ripe\leftin_0002515.jpg,orange_ripe,orange_ripe,13,13,True,0.9987699389457703,orange_rotten,0.0007657312671653926,leftin
data\processed\test\orange_ripe\leftin_0002516.jpg,orange_ripe,orange_ripe,13,13,True,0.9950855374336243,orange_rotten,0.0033149197697639465,leftin
data\processed\test\orange_ripe\leftin_0002517.jpg,orange_ripe,orange_ripe,13,13,True,0.6246736645698547,apple_ripe,0.2078118771314621,leftin
data\processed\test\orange_ripe\leftin_0002518.jpg,orange_ripe,orange_ripe,13,13,True,0.9893553853034973,orange_rotten,0.01030633132904768,leftin
data\processed\test\orange_ripe\leftin_0002519.jpg,orange_ripe,orange_ripe,13,13,True,0.995232880115509,orange_rotten,0.004696488846093416,leftin
data\processed\test\orange_ripe\leftin_0002522.jpg,orange_ripe,orange_ripe,13,13,True,0.9505147337913513,mango_ripe,0.04183727502822876,leftin
data\processed\test\orange_ripe\leftin_0002523.jpg,orange_ripe,orange_ripe,13,13,True,0.9895059466362,orange_rotten,0.010158160701394081,leftin
data\processed\test\orange_ripe\leftin_0002524.jpg,orange_ripe,orange_ripe,13,13,True,0.9493318796157837,orange_rotten,0.047415126115083694,leftin
data\processed\test\orange_ripe\leftin_0002525.jpg,orange_ripe,orange_ripe,13,13,True,0.9176961183547974,orange_unripe,0.04305107891559601,leftin
data\processed\test\orange_ripe\leftin_0002526.jpg,orange_ripe,orange_ripe,13,13,True,0.9504223465919495,orange_rotten,0.0494428426027298,leftin
data\processed\test\orange_ripe\leftin_0002528.jpg,orange_ripe,orange_ripe,13,13,True,0.8167112469673157,orange_rotten,0.17599783837795258,leftin
data\processed\test\orange_ripe\leftin_0002529.jpg,orange_ripe,orange_ripe,13,13,True,0.7606725692749023,orange_rotten,0.18158426880836487,leftin
data\processed\test\orange_ripe\leftin_0002530.jpg,orange_ripe,orange_ripe,13,13,True,0.9975095987319946,orange_rotten,0.0023845722898840904,leftin
data\processed\test\orange_ripe\leftin_0002531.jpg,orange_ripe,orange_ripe,13,13,True,0.7637436389923096,orange_rotten,0.16524027287960052,leftin
data\processed\test\orange_ripe\leftin_0002533.jpg,orange_ripe,orange_ripe,13,13,True,0.9952129125595093,orange_unripe,0.0020019831135869026,leftin
data\processed\test\orange_ripe\leftin_0002534.jpg,orange_ripe,orange_ripe,13,13,True,0.9920251369476318,orange_unripe,0.006588662043213844,leftin
data\processed\test\orange_ripe\leftin_0002535.jpg,orange_ripe,orange_ripe,13,13,True,0.9977192282676697,orange_rotten,0.0015514841070398688,leftin
data\processed\test\orange_ripe\leftin_0002537.jpg,orange_ripe,orange_ripe,13,13,True,0.9806617498397827,orange_rotten,0.009079408831894398,leftin
data\processed\test\orange_ripe\leftin_0002538.jpg,orange_ripe,orange_ripe,13,13,True,0.9738566279411316,orange_rotten,0.02360389195382595,leftin
data\processed\test\orange_ripe\leftin_0002539.jpg,orange_ripe,orange_ripe,13,13,True,0.9931918978691101,orange_unripe,0.004952850751578808,leftin
data\processed\test\orange_ripe\leftin_0002540.jpg,orange_ripe,orange_ripe,13,13,True,0.7859012484550476,orange_rotten,0.18501439690589905,leftin
data\processed\test\orange_ripe\leftin_0002541.jpg,orange_ripe,orange_ripe,13,13,True,0.9958407282829285,orange_rotten,0.0021549323573708534,leftin
data\processed\test\orange_ripe\leftin_0002542.jpg,orange_ripe,orange_ripe,13,13,True,0.9737110137939453,mango_ripe,0.015748152509331703,leftin
data\processed\test\orange_ripe\leftin_0002546.jpg,orange_ripe,orange_ripe,13,13,True,0.9942666888237,orange_rotten,0.005030513741075993,leftin
data\processed\test\orange_ripe\leftin_0002547.jpg,orange_ripe,orange_ripe,13,13,True,0.9521505236625671,orange_rotten,0.04729852452874184,leftin
data\processed\test\orange_ripe\leftin_0002549.jpg,orange_ripe,orange_ripe,13,13,True,0.9946802258491516,orange_rotten,0.001843621488660574,leftin
data\processed\test\orange_ripe\leftin_0002550.jpg,orange_ripe,orange_ripe,13,13,True,0.9998302459716797,orange_unripe,7.515282050007954e-05,leftin
data\processed\test\orange_ripe\leftin_0002554.jpg,orange_ripe,orange_ripe,13,13,True,0.9921787977218628,orange_unripe,0.00502812722697854,leftin
data\processed\test\orange_ripe\leftin_0002555.jpg,orange_ripe,orange_ripe,13,13,True,0.9113908410072327,orange_rotten,0.0738695040345192,leftin
data\processed\test\orange_ripe\leftin_0002556.jpg,orange_ripe,orange_ripe,13,13,True,0.977562665939331,orange_unripe,0.013788525015115738,leftin
data\processed\test\orange_ripe\leftin_0002557.jpg,orange_ripe,orange_ripe,13,13,True,0.9833258390426636,orange_rotten,0.01576199382543564,leftin
data\processed\test\orange_ripe\leftin_0002558.jpg,orange_ripe,mango_ripe,13,9,False,0.4397989809513092,orange_ripe,0.3918672800064087,leftin
data\processed\test\orange_ripe\leftin_0002560.jpg,orange_ripe,orange_ripe,13,13,True,0.9147621989250183,orange_rotten,0.08506970852613449,leftin
data\processed\test\orange_ripe\leftin_0002561.jpg,orange_ripe,orange_ripe,13,13,True,0.9958415627479553,orange_rotten,0.003637107089161873,leftin
data\processed\test\orange_rotten\alexcj10-ripenet_0002567.jpg,orange_rotten,orange_rotten,14,14,True,0.7978922724723816,mango_unripe,0.051540400832891464,alexcj10
data\processed\test\orange_rotten\alexcj10-ripenet_0002568.jpg,orange_rotten,orange_overripe,14,12,False,0.7360256910324097,orange_rotten,0.24945217370986938,alexcj10
data\processed\test\orange_rotten\alexcj10-ripenet_0002577.jpg,orange_rotten,papaya_rotten,14,17,False,0.24894216656684875,mango_rotten,0.17678885161876678,alexcj10
data\processed\test\orange_rotten\alexcj10-ripenet_0002584.jpg,orange_rotten,orange_overripe,14,12,False,0.7155562043190002,orange_rotten,0.2721288502216339,alexcj10
data\processed\test\orange_rotten\alexcj10-ripenet_0002585.jpg,orange_rotten,orange_rotten,14,14,True,0.31357342004776,orange_ripe,0.2592039108276367,alexcj10
data\processed\test\orange_rotten\alexcj10-ripenet_0002593.jpg,orange_rotten,orange_ripe,14,13,False,0.44549185037612915,orange_rotten,0.44425132870674133,alexcj10
data\processed\test\orange_rotten\alexcj10-ripenet_0002595.jpg,orange_rotten,orange_ripe,14,13,False,0.4901031255722046,orange_rotten,0.30381834506988525,alexcj10
data\processed\test\orange_rotten\alexcj10-ripenet_0002599.jpg,orange_rotten,orange_overripe,14,12,False,0.6112861037254333,orange_rotten,0.2455938160419464,alexcj10
data\processed\test\orange_rotten\alexcj10-ripenet_0002605.jpg,orange_rotten,orange_rotten,14,14,True,0.6012833714485168,orange_overripe,0.3695824444293976,alexcj10
data\processed\test\orange_rotten\alexcj10-ripenet_0002607.jpg,orange_rotten,papaya_rotten,14,17,False,0.8556657433509827,papaya_ripe,0.07138662040233612,alexcj10
data\processed\test\orange_rotten\alexcj10-ripenet_0002610.jpg,orange_rotten,orange_ripe,14,13,False,0.7341346144676208,orange_unripe,0.2114456743001938,alexcj10
data\processed\test\orange_rotten\alexcj10-ripenet_0002613.jpg,orange_rotten,orange_rotten,14,14,True,0.8498533368110657,mango_rotten,0.09682359546422958,alexcj10
data\processed\test\orange_rotten\alexcj10-ripenet_0002614.jpg,orange_rotten,orange_rotten,14,14,True,0.4917369782924652,orange_overripe,0.35781434178352356,alexcj10
data\processed\test\orange_rotten\alexcj10-ripenet_0002615.jpg,orange_rotten,orange_overripe,14,12,False,0.40041467547416687,orange_rotten,0.3911497890949249,alexcj10
data\processed\test\orange_rotten\alexcj10-ripenet_0002618.jpg,orange_rotten,papaya_rotten,14,17,False,0.4016137421131134,mango_rotten,0.3153654932975769,alexcj10
data\processed\test\orange_rotten\alexcj10-ripenet_0002621.jpg,orange_rotten,orange_overripe,14,12,False,0.8755767941474915,orange_rotten,0.1100468635559082,alexcj10
data\processed\test\orange_rotten\alexcj10-ripenet_0002627.jpg,orange_rotten,orange_ripe,14,13,False,0.6648697257041931,orange_rotten,0.24325041472911835,alexcj10
data\processed\test\orange_rotten\alexcj10-ripenet_0002639.jpg,orange_rotten,orange_overripe,14,12,False,0.5315192937850952,orange_ripe,0.22599618136882782,alexcj10
data\processed\test\orange_rotten\alexcj10-ripenet_0002643.jpg,orange_rotten,orange_rotten,14,14,True,0.909371554851532,orange_overripe,0.08463777601718903,alexcj10
data\processed\test\orange_rotten\alexcj10-ripenet_0002650.jpg,orange_rotten,papaya_rotten,14,17,False,0.19779115915298462,orange_rotten,0.14819569885730743,alexcj10
data\processed\test\orange_rotten\alexcj10-ripenet_0002653.jpg,orange_rotten,orange_rotten,14,14,True,0.39020150899887085,orange_ripe,0.281230092048645,alexcj10
data\processed\test\orange_rotten\alexcj10-ripenet_0002658.jpg,orange_rotten,orange_rotten,14,14,True,0.9718513488769531,papaya_rotten,0.022415537387132645,alexcj10
data\processed\test\orange_rotten\alexcj10-ripenet_0002687.jpg,orange_rotten,orange_ripe,14,13,False,0.5070747137069702,orange_rotten,0.21981678903102875,alexcj10
data\processed\test\orange_rotten\alexcj10-ripenet_0002711.jpg,orange_rotten,orange_rotten,14,14,True,0.9494507312774658,mango_rotten,0.032920680940151215,alexcj10
data\processed\test\orange_rotten\alexcj10-ripenet_0002712.jpg,orange_rotten,orange_rotten,14,14,True,0.37070032954216003,orange_ripe,0.3484572768211365,alexcj10
data\processed\test\orange_rotten\alexcj10-ripenet_0002715.jpg,orange_rotten,orange_ripe,14,13,False,0.3702574372291565,papaya_ripe,0.17927908897399902,alexcj10
data\processed\test\orange_rotten\alexcj10-ripenet_0002717.jpg,orange_rotten,mango_rotten,14,10,False,0.6511774659156799,orange_rotten,0.2958645224571228,alexcj10
data\processed\test\orange_rotten\alexcj10-ripenet_0002721.jpg,orange_rotten,orange_overripe,14,12,False,0.3558288514614105,orange_ripe,0.25001901388168335,alexcj10
data\processed\test\orange_rotten\alexcj10-ripenet_0002724.jpg,orange_rotten,orange_rotten,14,14,True,0.29796361923217773,orange_ripe,0.23227417469024658,alexcj10
data\processed\test\orange_rotten\alexcj10-ripenet_0002726.jpg,orange_rotten,orange_overripe,14,12,False,0.4245561957359314,orange_rotten,0.31843581795692444,alexcj10
data\processed\test\orange_rotten\alexcj10-ripenet_0002728.jpg,orange_rotten,orange_overripe,14,12,False,0.7154350280761719,orange_rotten,0.1889294683933258,alexcj10
data\processed\test\orange_rotten\alexcj10-ripenet_0002740.jpg,orange_rotten,mango_rotten,14,10,False,0.7060843110084534,orange_rotten,0.2551531493663788,alexcj10
data\processed\test\orange_rotten\alexcj10-ripenet_0002750.jpg,orange_rotten,orange_rotten,14,14,True,0.9670805931091309,orange_overripe,0.014029199257493019,alexcj10
data\processed\test\orange_rotten\alexcj10-ripenet_0002755.jpg,orange_rotten,orange_ripe,14,13,False,0.46940115094184875,orange_rotten,0.3393278121948242,alexcj10
data\processed\test\orange_rotten\alexcj10-ripenet_0002756.jpg,orange_rotten,orange_ripe,14,13,False,0.7371102571487427,orange_unripe,0.2115578055381775,alexcj10
data\processed\test\orange_rotten\alexcj10-ripenet_0002762.jpg,orange_rotten,orange_ripe,14,13,False,0.4340137839317322,orange_rotten,0.29062896966934204,alexcj10
data\processed\test\orange_rotten\alexcj10-ripenet_0002763.jpg,orange_rotten,papaya_ripe,14,16,False,0.5875943303108215,orange_unripe,0.1506679356098175,alexcj10
data\processed\test\orange_rotten\alexcj10-ripenet_0002764.jpg,orange_rotten,orange_rotten,14,14,True,0.9829163551330566,mango_rotten,0.012270739302039146,alexcj10
data\processed\test\orange_rotten\alexcj10-ripenet_0002765.jpg,orange_rotten,orange_overripe,14,12,False,0.5966090559959412,orange_rotten,0.36114662885665894,alexcj10
data\processed\test\orange_rotten\alexcj10-ripenet_0002769.jpg,orange_rotten,orange_rotten,14,14,True,0.645875096321106,orange_overripe,0.30365973711013794,alexcj10
data\processed\test\orange_rotten\alexcj10-ripenet_0002772.jpg,orange_rotten,orange_rotten,14,14,True,0.8871390223503113,mango_rotten,0.06208309158682823,alexcj10
data\processed\test\orange_rotten\alexcj10-ripenet_0002775.jpg,orange_rotten,orange_ripe,14,13,False,0.5808408260345459,orange_overripe,0.2551875412464142,alexcj10
data\processed\test\orange_rotten\alexcj10-ripenet_0002778.jpg,orange_rotten,orange_ripe,14,13,False,0.4299258887767792,orange_unripe,0.23135320842266083,alexcj10
data\processed\test\orange_rotten\alexcj10-ripenet_0002779.jpg,orange_rotten,orange_overripe,14,12,False,0.6195711493492126,orange_rotten,0.37745600938796997,alexcj10
data\processed\test\orange_rotten\alexcj10-ripenet_0002785.jpg,orange_rotten,orange_unripe,14,15,False,0.4484042227268219,orange_ripe,0.33119630813598633,alexcj10
data\processed\test\orange_rotten\alexcj10-ripenet_0002791.jpg,orange_rotten,orange_rotten,14,14,True,0.8857126832008362,mango_rotten,0.06628960371017456,alexcj10
data\processed\test\orange_rotten\alexcj10-ripenet_0002793.jpg,orange_rotten,orange_rotten,14,14,True,0.9321286678314209,orange_overripe,0.06160614266991615,alexcj10
data\processed\test\orange_rotten\alexcj10-ripenet_0002795.jpg,orange_rotten,orange_overripe,14,12,False,0.5690104961395264,orange_rotten,0.38953185081481934,alexcj10
data\processed\test\orange_rotten\alexcj10-ripenet_0002801.jpg,orange_rotten,papaya_rotten,14,17,False,0.557216227054596,papaya_ripe,0.25271689891815186,alexcj10
data\processed\test\orange_rotten\alexcj10-ripenet_0002802.jpg,orange_rotten,mango_rotten,14,10,False,0.2839006185531616,orange_overripe,0.16732309758663177,alexcj10
data\processed\test\orange_rotten\alexcj10-ripenet_0002806.jpg,orange_rotten,orange_rotten,14,14,True,0.4763846695423126,orange_overripe,0.3213863670825958,alexcj10
data\processed\test\orange_rotten\alexcj10-ripenet_0002807.jpg,orange_rotten,orange_overripe,14,12,False,0.8720346689224243,orange_rotten,0.12418360263109207,alexcj10
data\processed\test\orange_rotten\alexcj10-ripenet_0002808.jpg,orange_rotten,orange_rotten,14,14,True,0.5377228260040283,orange_overripe,0.41433438658714294,alexcj10
data\processed\test\orange_rotten\alexcj10-ripenet_0002812.jpg,orange_rotten,orange_rotten,14,14,True,0.8368907570838928,orange_overripe,0.12481682747602463,alexcj10
data\processed\test\orange_rotten\leftin_0002563.jpg,orange_rotten,orange_rotten,14,14,True,0.9709722399711609,orange_ripe,0.025985125452280045,leftin
data\processed\test\orange_rotten\leftin_0002564.jpg,orange_rotten,orange_rotten,14,14,True,0.9859200716018677,orange_overripe,0.011902188882231712,leftin
data\processed\test\orange_rotten\leftin_0002565.jpg,orange_rotten,orange_rotten,14,14,True,0.9973081350326538,papaya_rotten,0.0006849035853520036,leftin
data\processed\test\orange_rotten\leftin_0002566.jpg,orange_rotten,orange_rotten,14,14,True,0.9852530360221863,orange_ripe,0.008159334771335125,leftin
data\processed\test\orange_rotten\leftin_0002569.jpg,orange_rotten,orange_rotten,14,14,True,0.992763340473175,orange_overripe,0.0037857848219573498,leftin
data\processed\test\orange_rotten\leftin_0002570.jpg,orange_rotten,orange_rotten,14,14,True,0.9992281198501587,papaya_rotten,0.00022355395776685327,leftin
data\processed\test\orange_rotten\leftin_0002571.jpg,orange_rotten,orange_rotten,14,14,True,0.9695608019828796,papaya_rotten,0.02342652715742588,leftin
data\processed\test\orange_rotten\leftin_0002572.jpg,orange_rotten,orange_rotten,14,14,True,0.7823177576065063,orange_ripe,0.21570532023906708,leftin
data\processed\test\orange_rotten\leftin_0002573.jpg,orange_rotten,apple_overripe,14,0,False,0.46865835785865784,orange_rotten,0.2246900200843811,leftin
data\processed\test\orange_rotten\leftin_0002574.jpg,orange_rotten,orange_rotten,14,14,True,0.9970327615737915,apple_rotten,0.002125700004398823,leftin
data\processed\test\orange_rotten\leftin_0002575.jpg,orange_rotten,orange_overripe,14,12,False,0.6538682579994202,orange_rotten,0.3117258548736572,leftin
data\processed\test\orange_rotten\leftin_0002576.jpg,orange_rotten,orange_rotten,14,14,True,0.960196316242218,orange_ripe,0.035653579980134964,leftin
data\processed\test\orange_rotten\leftin_0002578.jpg,orange_rotten,orange_rotten,14,14,True,0.6322383880615234,orange_overripe,0.3570331633090973,leftin
data\processed\test\orange_rotten\leftin_0002579.jpg,orange_rotten,orange_rotten,14,14,True,0.9465062022209167,apple_rotten,0.04053468257188797,leftin
data\processed\test\orange_rotten\leftin_0002580.jpg,orange_rotten,orange_rotten,14,14,True,0.9975245594978333,mango_rotten,0.0011676286812871695,leftin
data\processed\test\orange_rotten\leftin_0002581.jpg,orange_rotten,orange_rotten,14,14,True,0.9372598528862,orange_overripe,0.04017861932516098,leftin
data\processed\test\orange_rotten\leftin_0002582.jpg,orange_rotten,orange_rotten,14,14,True,0.9939267039299011,papaya_rotten,0.003587809158489108,leftin
data\processed\test\orange_rotten\leftin_0002583.jpg,orange_rotten,orange_rotten,14,14,True,0.93854159116745,orange_overripe,0.06075960770249367,leftin
data\processed\test\orange_rotten\leftin_0002586.jpg,orange_rotten,orange_rotten,14,14,True,0.9832744002342224,mango_rotten,0.007154097314924002,leftin
data\processed\test\orange_rotten\leftin_0002587.jpg,orange_rotten,orange_rotten,14,14,True,0.9827903509140015,papaya_rotten,0.013668309897184372,leftin
data\processed\test\orange_rotten\leftin_0002588.jpg,orange_rotten,orange_rotten,14,14,True,0.973000705242157,apple_rotten,0.013574802316725254,leftin
data\processed\test\orange_rotten\leftin_0002589.jpg,orange_rotten,orange_rotten,14,14,True,0.9710727334022522,orange_overripe,0.015348687767982483,leftin
data\processed\test\orange_rotten\leftin_0002590.jpg,orange_rotten,orange_rotten,14,14,True,0.9380363821983337,orange_overripe,0.060843389481306076,leftin
data\processed\test\orange_rotten\leftin_0002591.jpg,orange_rotten,orange_rotten,14,14,True,0.762001097202301,orange_overripe,0.23359845578670502,leftin
data\processed\test\orange_rotten\leftin_0002592.jpg,orange_rotten,orange_rotten,14,14,True,0.98395836353302,papaya_rotten,0.007420849520713091,leftin
data\processed\test\orange_rotten\leftin_0002594.jpg,orange_rotten,orange_rotten,14,14,True,0.820027768611908,mango_overripe,0.03157283365726471,leftin
data\processed\test\orange_rotten\leftin_0002596.jpg,orange_rotten,orange_rotten,14,14,True,0.9428415894508362,apple_rotten,0.04175727069377899,leftin
data\processed\test\orange_rotten\leftin_0002597.jpg,orange_rotten,orange_rotten,14,14,True,0.9784203171730042,mango_rotten,0.01171454694122076,leftin
data\processed\test\orange_rotten\leftin_0002598.jpg,orange_rotten,orange_rotten,14,14,True,0.9773225784301758,orange_ripe,0.013980432413518429,leftin
data\processed\test\orange_rotten\leftin_0002600.jpg,orange_rotten,orange_rotten,14,14,True,0.9750568270683289,mango_rotten,0.010654800571501255,leftin
data\processed\test\orange_rotten\leftin_0002601.jpg,orange_rotten,orange_rotten,14,14,True,0.9941160678863525,orange_overripe,0.003891688771545887,leftin
data\processed\test\orange_rotten\leftin_0002602.jpg,orange_rotten,orange_rotten,14,14,True,0.9025335311889648,orange_ripe,0.09321417659521103,leftin
data\processed\test\orange_rotten\leftin_0002603.jpg,orange_rotten,orange_rotten,14,14,True,0.9898390769958496,orange_overripe,0.006479276344180107,leftin
data\processed\test\orange_rotten\leftin_0002604.jpg,orange_rotten,orange_rotten,14,14,True,0.9830765724182129,papaya_rotten,0.00804861355572939,leftin
data\processed\test\orange_rotten\leftin_0002606.jpg,orange_rotten,orange_rotten,14,14,True,0.7644076943397522,apple_rotten,0.2063491940498352,leftin
data\processed\test\orange_rotten\leftin_0002608.jpg,orange_rotten,orange_rotten,14,14,True,0.851294219493866,apple_rotten,0.07046729326248169,leftin
data\processed\test\orange_rotten\leftin_0002609.jpg,orange_rotten,orange_rotten,14,14,True,0.9553984999656677,apple_rotten,0.019597027450799942,leftin
data\processed\test\orange_rotten\leftin_0002611.jpg,orange_rotten,orange_rotten,14,14,True,0.9887877106666565,orange_overripe,0.00668944139033556,leftin
data\processed\test\orange_rotten\leftin_0002612.jpg,orange_rotten,orange_rotten,14,14,True,0.6952365040779114,apple_rotten,0.3031063675880432,leftin
data\processed\test\orange_rotten\leftin_0002616.jpg,orange_rotten,orange_rotten,14,14,True,0.8203073143959045,orange_ripe,0.14705273509025574,leftin
data\processed\test\orange_rotten\leftin_0002617.jpg,orange_rotten,orange_rotten,14,14,True,0.9611011147499084,apple_rotten,0.03159574046730995,leftin
data\processed\test\orange_rotten\leftin_0002619.jpg,orange_rotten,orange_overripe,14,12,False,0.9483430981636047,orange_rotten,0.03791192173957825,leftin
data\processed\test\orange_rotten\leftin_0002620.jpg,orange_rotten,orange_rotten,14,14,True,0.859542965888977,apple_rotten,0.1322755068540573,leftin
data\processed\test\orange_rotten\leftin_0002622.jpg,orange_rotten,orange_rotten,14,14,True,0.9740436673164368,mango_unripe,0.008261856622993946,leftin
data\processed\test\orange_rotten\leftin_0002623.jpg,orange_rotten,orange_overripe,14,12,False,0.7370272278785706,orange_rotten,0.23296040296554565,leftin
data\processed\test\orange_rotten\leftin_0002624.jpg,orange_rotten,orange_rotten,14,14,True,0.668185293674469,orange_overripe,0.1937440037727356,leftin
data\processed\test\orange_rotten\leftin_0002625.jpg,orange_rotten,orange_rotten,14,14,True,0.8819701671600342,apple_rotten,0.10139210522174835,leftin
data\processed\test\orange_rotten\leftin_0002626.jpg,orange_rotten,orange_rotten,14,14,True,0.9907498955726624,apple_rotten,0.004778814967721701,leftin
data\processed\test\orange_rotten\leftin_0002628.jpg,orange_rotten,orange_rotten,14,14,True,0.9866162538528442,apple_rotten,0.005625318270176649,leftin
data\processed\test\orange_rotten\leftin_0002629.jpg,orange_rotten,orange_rotten,14,14,True,0.593996524810791,orange_ripe,0.3905787765979767,leftin
data\processed\test\orange_rotten\leftin_0002630.jpg,orange_rotten,orange_rotten,14,14,True,0.9459069967269897,mango_rotten,0.02041512168943882,leftin
data\processed\test\orange_rotten\leftin_0002631.jpg,orange_rotten,orange_rotten,14,14,True,0.8535628318786621,orange_ripe,0.14460192620754242,leftin
data\processed\test\orange_rotten\leftin_0002632.jpg,orange_rotten,orange_ripe,14,13,False,0.563632071018219,orange_rotten,0.32072195410728455,leftin
data\processed\test\orange_rotten\leftin_0002633.jpg,orange_rotten,orange_rotten,14,14,True,0.960336446762085,orange_overripe,0.03893041983246803,leftin
data\processed\test\orange_rotten\leftin_0002634.jpg,orange_rotten,orange_rotten,14,14,True,0.9686508178710938,apple_rotten,0.01567770726978779,leftin
data\processed\test\orange_rotten\leftin_0002635.jpg,orange_rotten,orange_rotten,14,14,True,0.9706594944000244,papaya_rotten,0.013797463849186897,leftin
data\processed\test\orange_rotten\leftin_0002636.jpg,orange_rotten,orange_rotten,14,14,True,0.7428816556930542,orange_overripe,0.1131770983338356,leftin
data\processed\test\orange_rotten\leftin_0002637.jpg,orange_rotten,orange_rotten,14,14,True,0.9901943802833557,orange_overripe,0.008780046366155148,leftin
data\processed\test\orange_rotten\leftin_0002638.jpg,orange_rotten,orange_rotten,14,14,True,0.9900693297386169,mango_rotten,0.007880161516368389,leftin
data\processed\test\orange_rotten\leftin_0002640.jpg,orange_rotten,orange_rotten,14,14,True,0.9986640214920044,orange_overripe,0.0009555941796861589,leftin
data\processed\test\orange_rotten\leftin_0002641.jpg,orange_rotten,orange_rotten,14,14,True,0.9979900121688843,mango_rotten,0.0008221094030886889,leftin
data\processed\test\orange_rotten\leftin_0002642.jpg,orange_rotten,orange_rotten,14,14,True,0.7499386072158813,orange_overripe,0.19510072469711304,leftin
data\processed\test\orange_rotten\leftin_0002644.jpg,orange_rotten,orange_rotten,14,14,True,0.8977718949317932,orange_overripe,0.10049170255661011,leftin
data\processed\test\orange_rotten\leftin_0002645.jpg,orange_rotten,orange_rotten,14,14,True,0.9323333501815796,orange_ripe,0.029149876907467842,leftin
data\processed\test\orange_rotten\leftin_0002646.jpg,orange_rotten,orange_rotten,14,14,True,0.9891270995140076,apple_rotten,0.008786535821855068,leftin
data\processed\test\orange_rotten\leftin_0002647.jpg,orange_rotten,orange_rotten,14,14,True,0.9025905728340149,mango_rotten,0.039889879524707794,leftin
data\processed\test\orange_rotten\leftin_0002648.jpg,orange_rotten,orange_rotten,14,14,True,0.9982916712760925,orange_overripe,0.00130015320610255,leftin
data\processed\test\orange_rotten\leftin_0002649.jpg,orange_rotten,orange_rotten,14,14,True,0.9167582988739014,orange_overripe,0.07867471128702164,leftin
data\processed\test\orange_rotten\leftin_0002651.jpg,orange_rotten,orange_rotten,14,14,True,0.9620802998542786,apple_rotten,0.016779441386461258,leftin
data\processed\test\orange_rotten\leftin_0002652.jpg,orange_rotten,orange_rotten,14,14,True,0.9528378248214722,orange_ripe,0.0354548804461956,leftin
data\processed\test\orange_rotten\leftin_0002654.jpg,orange_rotten,orange_rotten,14,14,True,0.9972143769264221,mango_rotten,0.002021187450736761,leftin
data\processed\test\orange_rotten\leftin_0002655.jpg,orange_rotten,orange_rotten,14,14,True,0.9198428392410278,orange_overripe,0.07793702185153961,leftin
data\processed\test\orange_rotten\leftin_0002656.jpg,orange_rotten,orange_rotten,14,14,True,0.9931851029396057,orange_overripe,0.0028660919051617384,leftin
data\processed\test\orange_rotten\leftin_0002657.jpg,orange_rotten,orange_rotten,14,14,True,0.995653510093689,mango_rotten,0.0025147295091301203,leftin
data\processed\test\orange_rotten\leftin_0002659.jpg,orange_rotten,orange_rotten,14,14,True,0.9873285293579102,orange_ripe,0.01180990319699049,leftin
data\processed\test\orange_rotten\leftin_0002660.jpg,orange_rotten,orange_rotten,14,14,True,0.9609301686286926,orange_overripe,0.031291764229536057,leftin
data\processed\test\orange_rotten\leftin_0002661.jpg,orange_rotten,orange_rotten,14,14,True,0.9639175534248352,orange_overripe,0.026926089078187943,leftin
data\processed\test\orange_rotten\leftin_0002662.jpg,orange_rotten,orange_rotten,14,14,True,0.999183714389801,apple_rotten,0.0003272433823440224,leftin
data\processed\test\orange_rotten\leftin_0002663.jpg,orange_rotten,orange_rotten,14,14,True,0.9710548520088196,orange_overripe,0.02796049602329731,leftin
data\processed\test\orange_rotten\leftin_0002664.jpg,orange_rotten,orange_rotten,14,14,True,0.961309552192688,apple_rotten,0.021752644330263138,leftin
data\processed\test\orange_rotten\leftin_0002665.jpg,orange_rotten,orange_rotten,14,14,True,0.8331840634346008,orange_ripe,0.12680959701538086,leftin
data\processed\test\orange_rotten\leftin_0002666.jpg,orange_rotten,orange_rotten,14,14,True,0.992660403251648,apple_rotten,0.004515370354056358,leftin
data\processed\test\orange_rotten\leftin_0002667.jpg,orange_rotten,orange_rotten,14,14,True,0.705734372138977,orange_ripe,0.291863352060318,leftin
data\processed\test\orange_rotten\leftin_0002668.jpg,orange_rotten,orange_rotten,14,14,True,0.9991719722747803,apple_rotten,0.00021953883697278798,leftin
data\processed\test\orange_rotten\leftin_0002669.jpg,orange_rotten,orange_rotten,14,14,True,0.9956938028335571,apple_rotten,0.001610215869732201,leftin
data\processed\test\orange_rotten\leftin_0002670.jpg,orange_rotten,orange_rotten,14,14,True,0.9988874793052673,mango_rotten,0.0004438447067514062,leftin
data\processed\test\orange_rotten\leftin_0002671.jpg,orange_rotten,orange_rotten,14,14,True,0.9807002544403076,mango_rotten,0.005763056688010693,leftin
data\processed\test\orange_rotten\leftin_0002672.jpg,orange_rotten,orange_rotten,14,14,True,0.6915768384933472,apple_rotten,0.3045350909233093,leftin
data\processed\test\orange_rotten\leftin_0002673.jpg,orange_rotten,orange_rotten,14,14,True,0.9997228980064392,orange_overripe,0.00013137073256075382,leftin
data\processed\test\orange_rotten\leftin_0002674.jpg,orange_rotten,orange_overripe,14,12,False,0.5233645439147949,orange_rotten,0.46361202001571655,leftin
data\processed\test\orange_rotten\leftin_0002675.jpg,orange_rotten,orange_rotten,14,14,True,0.6094290614128113,orange_overripe,0.18787825107574463,leftin
data\processed\test\orange_rotten\leftin_0002676.jpg,orange_rotten,orange_rotten,14,14,True,0.9343706965446472,apple_rotten,0.04204386845231056,leftin
data\processed\test\orange_rotten\leftin_0002677.jpg,orange_rotten,orange_rotten,14,14,True,0.9919507503509521,orange_overripe,0.003884623758494854,leftin
data\processed\test\orange_rotten\leftin_0002678.jpg,orange_rotten,orange_rotten,14,14,True,0.9445279836654663,orange_ripe,0.05432726815342903,leftin
data\processed\test\orange_rotten\leftin_0002679.jpg,orange_rotten,orange_rotten,14,14,True,0.9969315528869629,orange_ripe,0.002437399234622717,leftin
data\processed\test\orange_rotten\leftin_0002680.jpg,orange_rotten,orange_rotten,14,14,True,0.9919216632843018,orange_ripe,0.004270060453563929,leftin
data\processed\test\orange_rotten\leftin_0002681.jpg,orange_rotten,orange_rotten,14,14,True,0.9513577222824097,orange_overripe,0.028957154601812363,leftin
data\processed\test\orange_rotten\leftin_0002682.jpg,orange_rotten,orange_rotten,14,14,True,0.999566376209259,orange_overripe,0.00027949654031544924,leftin
data\processed\test\orange_rotten\leftin_0002683.jpg,orange_rotten,orange_rotten,14,14,True,0.9977676868438721,orange_overripe,0.0008526447345502675,leftin
data\processed\test\orange_rotten\leftin_0002684.jpg,orange_rotten,orange_rotten,14,14,True,0.9990409016609192,orange_overripe,0.0004259666311554611,leftin
data\processed\test\orange_rotten\leftin_0002685.jpg,orange_rotten,orange_rotten,14,14,True,0.7293129563331604,orange_overripe,0.11643505096435547,leftin
data\processed\test\orange_rotten\leftin_0002686.jpg,orange_rotten,orange_rotten,14,14,True,0.46737727522850037,orange_overripe,0.24217909574508667,leftin
data\processed\test\orange_rotten\leftin_0002688.jpg,orange_rotten,orange_rotten,14,14,True,0.9716782569885254,orange_ripe,0.015574230812489986,leftin
data\processed\test\orange_rotten\leftin_0002689.jpg,orange_rotten,orange_rotten,14,14,True,0.9844540953636169,orange_overripe,0.014598926529288292,leftin
data\processed\test\orange_rotten\leftin_0002690.jpg,orange_rotten,orange_rotten,14,14,True,0.992603600025177,orange_ripe,0.004237051121890545,leftin
data\processed\test\orange_rotten\leftin_0002691.jpg,orange_rotten,orange_rotten,14,14,True,0.7958306074142456,orange_overripe,0.1443633884191513,leftin
data\processed\test\orange_rotten\leftin_0002692.jpg,orange_rotten,orange_rotten,14,14,True,0.9532836079597473,orange_overripe,0.04102356731891632,leftin
data\processed\test\orange_rotten\leftin_0002693.jpg,orange_rotten,orange_rotten,14,14,True,0.9909147024154663,apple_rotten,0.0038476786576211452,leftin
data\processed\test\orange_rotten\leftin_0002694.jpg,orange_rotten,orange_rotten,14,14,True,0.9926618337631226,orange_ripe,0.006853942759335041,leftin
data\processed\test\orange_rotten\leftin_0002695.jpg,orange_rotten,orange_rotten,14,14,True,0.9623526930809021,mango_rotten,0.03249363228678703,leftin
data\processed\test\orange_rotten\leftin_0002696.jpg,orange_rotten,orange_rotten,14,14,True,0.998176097869873,mango_rotten,0.0007569583249278367,leftin
data\processed\test\orange_rotten\leftin_0002697.jpg,orange_rotten,orange_rotten,14,14,True,0.9807267785072327,orange_ripe,0.01913834922015667,leftin
data\processed\test\orange_rotten\leftin_0002698.jpg,orange_rotten,orange_rotten,14,14,True,0.9998577833175659,orange_overripe,6.889079668326303e-05,leftin
data\processed\test\orange_rotten\leftin_0002699.jpg,orange_rotten,orange_rotten,14,14,True,0.9939171671867371,orange_ripe,0.004283002577722073,leftin
data\processed\test\orange_rotten\leftin_0002700.jpg,orange_rotten,orange_rotten,14,14,True,0.9938241243362427,mango_rotten,0.004364863969385624,leftin
data\processed\test\orange_rotten\leftin_0002701.jpg,orange_rotten,orange_rotten,14,14,True,0.9949591159820557,apple_rotten,0.0037273161578923464,leftin
data\processed\test\orange_rotten\leftin_0002702.jpg,orange_rotten,orange_rotten,14,14,True,0.4701648950576782,orange_overripe,0.39130398631095886,leftin
data\processed\test\orange_rotten\leftin_0002703.jpg,orange_rotten,orange_rotten,14,14,True,0.9139748215675354,orange_ripe,0.08213203400373459,leftin
data\processed\test\orange_rotten\leftin_0002704.jpg,orange_rotten,orange_rotten,14,14,True,0.9727397561073303,orange_overripe,0.024510914459824562,leftin
data\processed\test\orange_rotten\leftin_0002705.jpg,orange_rotten,orange_rotten,14,14,True,0.9771319031715393,orange_ripe,0.018659086897969246,leftin
data\processed\test\orange_rotten\leftin_0002706.jpg,orange_rotten,orange_rotten,14,14,True,0.6410762667655945,orange_overripe,0.31043586134910583,leftin
data\processed\test\orange_rotten\leftin_0002707.jpg,orange_rotten,orange_rotten,14,14,True,0.5984879732131958,apple_rotten,0.3881252706050873,leftin
data\processed\test\orange_rotten\leftin_0002708.jpg,orange_rotten,orange_rotten,14,14,True,0.8391652703285217,apple_rotten,0.10017035901546478,leftin
data\processed\test\orange_rotten\leftin_0002709.jpg,orange_rotten,orange_rotten,14,14,True,0.983343243598938,apple_rotten,0.014883105643093586,leftin
data\processed\test\orange_rotten\leftin_0002710.jpg,orange_rotten,orange_rotten,14,14,True,0.9491243958473206,orange_overripe,0.05040634050965309,leftin
data\processed\test\orange_rotten\leftin_0002713.jpg,orange_rotten,orange_rotten,14,14,True,0.7600686550140381,mango_rotten,0.06219618394970894,leftin
data\processed\test\orange_rotten\leftin_0002714.jpg,orange_rotten,orange_rotten,14,14,True,0.9450162649154663,orange_overripe,0.05197025462985039,leftin
data\processed\test\orange_rotten\leftin_0002716.jpg,orange_rotten,orange_rotten,14,14,True,0.9974310994148254,mango_rotten,0.0008071709307841957,leftin
data\processed\test\orange_rotten\leftin_0002718.jpg,orange_rotten,orange_rotten,14,14,True,0.8119189739227295,orange_overripe,0.1841508150100708,leftin
data\processed\test\orange_rotten\leftin_0002719.jpg,orange_rotten,orange_rotten,14,14,True,0.9976754784584045,mango_rotten,0.0018961996538564563,leftin
data\processed\test\orange_rotten\leftin_0002720.jpg,orange_rotten,orange_rotten,14,14,True,0.9969995617866516,papaya_rotten,0.0022750324569642544,leftin
data\processed\test\orange_rotten\leftin_0002722.jpg,orange_rotten,orange_rotten,14,14,True,0.9016711115837097,orange_ripe,0.06832994520664215,leftin
data\processed\test\orange_rotten\leftin_0002723.jpg,orange_rotten,orange_rotten,14,14,True,0.9671320915222168,orange_overripe,0.02608962170779705,leftin
data\processed\test\orange_rotten\leftin_0002725.jpg,orange_rotten,orange_rotten,14,14,True,0.9982985854148865,mango_rotten,0.0012224079109728336,leftin
data\processed\test\orange_rotten\leftin_0002727.jpg,orange_rotten,orange_rotten,14,14,True,0.8627346754074097,orange_overripe,0.1349410116672516,leftin
data\processed\test\orange_rotten\leftin_0002729.jpg,orange_rotten,orange_rotten,14,14,True,0.9710559844970703,orange_overripe,0.02451241761445999,leftin
data\processed\test\orange_rotten\leftin_0002730.jpg,orange_rotten,orange_rotten,14,14,True,0.5726942420005798,apple_rotten,0.37088847160339355,leftin
data\processed\test\orange_rotten\leftin_0002731.jpg,orange_rotten,orange_rotten,14,14,True,0.9988654851913452,orange_overripe,0.0005811042501591146,leftin
data\processed\test\orange_rotten\leftin_0002732.jpg,orange_rotten,orange_rotten,14,14,True,0.9951167106628418,papaya_rotten,0.0020483850967139006,leftin
data\processed\test\orange_rotten\leftin_0002733.jpg,orange_rotten,orange_rotten,14,14,True,0.9332253932952881,mango_overripe,0.028782177716493607,leftin
data\processed\test\orange_rotten\leftin_0002734.jpg,orange_rotten,orange_ripe,14,13,False,0.9578251838684082,orange_rotten,0.04178912937641144,leftin
data\processed\test\orange_rotten\leftin_0002735.jpg,orange_rotten,orange_rotten,14,14,True,0.8136271238327026,orange_overripe,0.1695399284362793,leftin
data\processed\test\orange_rotten\leftin_0002736.jpg,orange_rotten,orange_overripe,14,12,False,0.552393913269043,orange_rotten,0.433986634016037,leftin
data\processed\test\orange_rotten\leftin_0002737.jpg,orange_rotten,orange_rotten,14,14,True,0.9980977177619934,orange_overripe,0.0011201484594494104,leftin
data\processed\test\orange_rotten\leftin_0002738.jpg,orange_rotten,orange_rotten,14,14,True,0.9881420731544495,mango_rotten,0.006616121623665094,leftin
data\processed\test\orange_rotten\leftin_0002739.jpg,orange_rotten,orange_rotten,14,14,True,0.5736608505249023,orange_overripe,0.38339459896087646,leftin
data\processed\test\orange_rotten\leftin_0002741.jpg,orange_rotten,orange_rotten,14,14,True,0.9861217141151428,orange_ripe,0.009314160794019699,leftin
data\processed\test\orange_rotten\leftin_0002742.jpg,orange_rotten,orange_rotten,14,14,True,0.9821151494979858,orange_ripe,0.014755243435502052,leftin
data\processed\test\orange_rotten\leftin_0002743.jpg,orange_rotten,orange_overripe,14,12,False,0.8659216165542603,orange_rotten,0.13277913630008698,leftin
data\processed\test\orange_rotten\leftin_0002744.jpg,orange_rotten,orange_overripe,14,12,False,0.6814876198768616,orange_rotten,0.2892809510231018,leftin
data\processed\test\orange_rotten\leftin_0002745.jpg,orange_rotten,orange_rotten,14,14,True,0.9959100484848022,orange_ripe,0.0021231677383184433,leftin
data\processed\test\orange_rotten\leftin_0002746.jpg,orange_rotten,orange_rotten,14,14,True,0.9988687634468079,mango_rotten,0.0006079996819607913,leftin
data\processed\test\orange_rotten\leftin_0002747.jpg,orange_rotten,orange_rotten,14,14,True,0.9575707316398621,apple_rotten,0.03902763873338699,leftin
data\processed\test\orange_rotten\leftin_0002748.jpg,orange_rotten,orange_rotten,14,14,True,0.8566359877586365,orange_ripe,0.09222524613142014,leftin
data\processed\test\orange_rotten\leftin_0002749.jpg,orange_rotten,orange_rotten,14,14,True,0.9395959973335266,orange_overripe,0.03562581166625023,leftin
data\processed\test\orange_rotten\leftin_0002751.jpg,orange_rotten,orange_rotten,14,14,True,0.9687793254852295,mango_rotten,0.022125814110040665,leftin
data\processed\test\orange_rotten\leftin_0002752.jpg,orange_rotten,orange_rotten,14,14,True,0.9989908337593079,mango_rotten,0.0003242439706809819,leftin
data\processed\test\orange_rotten\leftin_0002753.jpg,orange_rotten,orange_rotten,14,14,True,0.7880170941352844,orange_overripe,0.12803703546524048,leftin
data\processed\test\orange_rotten\leftin_0002754.jpg,orange_rotten,orange_rotten,14,14,True,0.9935697317123413,orange_ripe,0.0048474702052772045,leftin
data\processed\test\orange_rotten\leftin_0002757.jpg,orange_rotten,orange_rotten,14,14,True,0.9364429116249084,apple_rotten,0.047593384981155396,leftin
data\processed\test\orange_rotten\leftin_0002758.jpg,orange_rotten,orange_rotten,14,14,True,0.8053671717643738,orange_overripe,0.1749761998653412,leftin
data\processed\test\orange_rotten\leftin_0002759.jpg,orange_rotten,orange_rotten,14,14,True,0.7763164639472961,orange_overripe,0.16674920916557312,leftin
data\processed\test\orange_rotten\leftin_0002760.jpg,orange_rotten,orange_rotten,14,14,True,0.9962942004203796,orange_ripe,0.0034290410112589598,leftin
data\processed\test\orange_rotten\leftin_0002761.jpg,orange_rotten,orange_rotten,14,14,True,0.9957393407821655,mango_rotten,0.002315647667273879,leftin
data\processed\test\orange_rotten\leftin_0002766.jpg,orange_rotten,orange_rotten,14,14,True,0.9251304864883423,apple_rotten,0.06313833594322205,leftin
data\processed\test\orange_rotten\leftin_0002767.jpg,orange_rotten,orange_rotten,14,14,True,0.9256998896598816,orange_ripe,0.07127264142036438,leftin
data\processed\test\orange_rotten\leftin_0002768.jpg,orange_rotten,orange_rotten,14,14,True,0.999580442905426,orange_ripe,0.0003487903159111738,leftin
data\processed\test\orange_rotten\leftin_0002770.jpg,orange_rotten,orange_rotten,14,14,True,0.9947432279586792,orange_overripe,0.002015890320762992,leftin
data\processed\test\orange_rotten\leftin_0002771.jpg,orange_rotten,orange_rotten,14,14,True,0.9972255825996399,orange_overripe,0.0018590159015730023,leftin
data\processed\test\orange_rotten\leftin_0002773.jpg,orange_rotten,orange_rotten,14,14,True,0.9984095692634583,orange_ripe,0.0009080973686650395,leftin
data\processed\test\orange_rotten\leftin_0002774.jpg,orange_rotten,orange_rotten,14,14,True,0.9970740079879761,papaya_rotten,0.001385240931995213,leftin
data\processed\test\orange_rotten\leftin_0002776.jpg,orange_rotten,orange_rotten,14,14,True,0.9759707450866699,apple_rotten,0.021401355043053627,leftin
data\processed\test\orange_rotten\leftin_0002777.jpg,orange_rotten,orange_rotten,14,14,True,0.9985533356666565,orange_overripe,0.0006917630089446902,leftin
data\processed\test\orange_rotten\leftin_0002780.jpg,orange_rotten,orange_rotten,14,14,True,0.8810528516769409,mango_overripe,0.04136687517166138,leftin
data\processed\test\orange_rotten\leftin_0002781.jpg,orange_rotten,orange_rotten,14,14,True,0.8471284508705139,orange_overripe,0.13863447308540344,leftin
data\processed\test\orange_rotten\leftin_0002782.jpg,orange_rotten,orange_rotten,14,14,True,0.9664870500564575,papaya_rotten,0.012297051027417183,leftin
data\processed\test\orange_rotten\leftin_0002783.jpg,orange_rotten,orange_overripe,14,12,False,0.4665490686893463,orange_rotten,0.3921206593513489,leftin
data\processed\test\orange_rotten\leftin_0002784.jpg,orange_rotten,orange_rotten,14,14,True,0.9960224628448486,orange_overripe,0.001447451882995665,leftin
data\processed\test\orange_rotten\leftin_0002786.jpg,orange_rotten,orange_overripe,14,12,False,0.6225569844245911,orange_rotten,0.3620004951953888,leftin
data\processed\test\orange_rotten\leftin_0002787.jpg,orange_rotten,orange_rotten,14,14,True,0.999703586101532,orange_overripe,0.00019791696104221046,leftin
data\processed\test\orange_rotten\leftin_0002788.jpg,orange_rotten,orange_rotten,14,14,True,0.6213195323944092,apple_rotten,0.3762657940387726,leftin
data\processed\test\orange_rotten\leftin_0002789.jpg,orange_rotten,orange_rotten,14,14,True,0.9264324903488159,orange_ripe,0.07252415269613266,leftin
data\processed\test\orange_rotten\leftin_0002790.jpg,orange_rotten,orange_rotten,14,14,True,0.9183015823364258,orange_overripe,0.07908656448125839,leftin
data\processed\test\orange_rotten\leftin_0002792.jpg,orange_rotten,orange_rotten,14,14,True,0.7581014633178711,orange_overripe,0.14903321862220764,leftin
data\processed\test\orange_rotten\leftin_0002794.jpg,orange_rotten,orange_rotten,14,14,True,0.9949038028717041,orange_ripe,0.0033498310949653387,leftin
data\processed\test\orange_rotten\leftin_0002796.jpg,orange_rotten,orange_rotten,14,14,True,0.9820094108581543,apple_rotten,0.016628447920084,leftin
data\processed\test\orange_rotten\leftin_0002797.jpg,orange_rotten,orange_rotten,14,14,True,0.9991711378097534,mango_rotten,0.0004127856809645891,leftin
data\processed\test\orange_rotten\leftin_0002798.jpg,orange_rotten,orange_rotten,14,14,True,0.9480648636817932,apple_rotten,0.04924820736050606,leftin
data\processed\test\orange_rotten\leftin_0002799.jpg,orange_rotten,orange_rotten,14,14,True,0.999656081199646,apple_rotten,0.00014363368973135948,leftin
data\processed\test\orange_rotten\leftin_0002800.jpg,orange_rotten,orange_rotten,14,14,True,0.9904987215995789,orange_overripe,0.007843347266316414,leftin
data\processed\test\orange_rotten\leftin_0002803.jpg,orange_rotten,orange_rotten,14,14,True,0.9878615140914917,orange_ripe,0.009160068817436695,leftin
data\processed\test\orange_rotten\leftin_0002804.jpg,orange_rotten,orange_rotten,14,14,True,0.9615585803985596,orange_overripe,0.026176879182457924,leftin
data\processed\test\orange_rotten\leftin_0002805.jpg,orange_rotten,orange_rotten,14,14,True,0.9020431637763977,orange_ripe,0.09577935934066772,leftin
data\processed\test\orange_rotten\leftin_0002809.jpg,orange_rotten,orange_rotten,14,14,True,0.919823169708252,orange_ripe,0.03599121794104576,leftin
data\processed\test\orange_rotten\leftin_0002810.jpg,orange_rotten,orange_rotten,14,14,True,0.8624399304389954,orange_overripe,0.13101524114608765,leftin
data\processed\test\orange_rotten\leftin_0002811.jpg,orange_rotten,orange_rotten,14,14,True,0.9990907907485962,mango_rotten,0.00034801370929926634,leftin
data\processed\test\orange_unripe\alexcj10-ripenet_0002815.jpg,orange_unripe,orange_ripe,15,13,False,0.4413035213947296,orange_unripe,0.34838443994522095,alexcj10
data\processed\test\orange_unripe\alexcj10-ripenet_0002821.jpg,orange_unripe,orange_unripe,15,15,True,0.5330554246902466,mango_unripe,0.20840546488761902,alexcj10
data\processed\test\orange_unripe\alexcj10-ripenet_0002829.jpg,orange_unripe,orange_rotten,15,14,False,0.6594847440719604,mango_rotten,0.10734552890062332,alexcj10
data\processed\test\orange_unripe\alexcj10-ripenet_0002832.jpg,orange_unripe,orange_unripe,15,15,True,0.9254302382469177,apple_unripe,0.036260370165109634,alexcj10
data\processed\test\orange_unripe\alexcj10-ripenet_0002833.jpg,orange_unripe,orange_unripe,15,15,True,0.5565910339355469,orange_ripe,0.4415477514266968,alexcj10
data\processed\test\orange_unripe\alexcj10-ripenet_0002839.jpg,orange_unripe,mango_unripe,15,11,False,0.5619809031486511,orange_unripe,0.32779672741889954,alexcj10
data\processed\test\orange_unripe\alexcj10-ripenet_0002848.jpg,orange_unripe,orange_ripe,15,13,False,0.7199944257736206,orange_unripe,0.132639080286026,alexcj10
data\processed\test\orange_unripe\alexcj10-ripenet_0002855.jpg,orange_unripe,orange_unripe,15,15,True,0.9498652815818787,apple_unripe,0.03648141771554947,alexcj10
data\processed\test\orange_unripe\alexcj10-ripenet_0002856.jpg,orange_unripe,orange_unripe,15,15,True,0.9666559100151062,apple_unripe,0.019591979682445526,alexcj10
data\processed\test\orange_unripe\alexcj10-ripenet_0002858.jpg,orange_unripe,orange_ripe,15,13,False,0.7134015560150146,orange_unripe,0.24130506813526154,alexcj10
data\processed\test\orange_unripe\alexcj10-ripenet_0002861.jpg,orange_unripe,orange_ripe,15,13,False,0.9379387497901917,orange_unripe,0.032321419566869736,alexcj10
data\processed\test\orange_unripe\alexcj10-ripenet_0002863.jpg,orange_unripe,orange_unripe,15,15,True,0.6938292980194092,mango_unripe,0.14493459463119507,alexcj10
data\processed\test\orange_unripe\alexcj10-ripenet_0002865.jpg,orange_unripe,mango_unripe,15,11,False,0.5001978874206543,papaya_unripe,0.2765052616596222,alexcj10
data\processed\test\orange_unripe\alexcj10-ripenet_0002879.jpg,orange_unripe,mango_ripe,15,9,False,0.2404235303401947,papaya_ripe,0.16492807865142822,alexcj10
data\processed\test\orange_unripe\alexcj10-ripenet_0002887.jpg,orange_unripe,orange_ripe,15,13,False,0.8172047734260559,orange_unripe,0.08046412467956543,alexcj10
data\processed\test\orange_unripe\alexcj10-ripenet_0002891.jpg,orange_unripe,mango_unripe,15,11,False,0.6006093621253967,orange_unripe,0.24808497726917267,alexcj10
data\processed\test\orange_unripe\alexcj10-ripenet_0002892.jpg,orange_unripe,orange_ripe,15,13,False,0.5222086310386658,orange_unripe,0.42470961809158325,alexcj10
data\processed\test\orange_unripe\alexcj10-ripenet_0002896.jpg,orange_unripe,orange_unripe,15,15,True,0.6774967312812805,mango_unripe,0.18419484794139862,alexcj10
data\processed\test\orange_unripe\alexcj10-ripenet_0002898.jpg,orange_unripe,orange_unripe,15,15,True,0.5894912481307983,mango_unripe,0.3405977785587311,alexcj10
data\processed\test\orange_unripe\alexcj10-ripenet_0002908.jpg,orange_unripe,orange_unripe,15,15,True,0.4863911271095276,orange_ripe,0.4181976914405823,alexcj10
data\processed\test\orange_unripe\alexcj10-ripenet_0002914.jpg,orange_unripe,orange_ripe,15,13,False,0.8574592471122742,orange_unripe,0.13933947682380676,alexcj10
data\processed\test\orange_unripe\alexcj10-ripenet_0002918.jpg,orange_unripe,orange_ripe,15,13,False,0.3007626235485077,mango_ripe,0.2369495928287506,alexcj10
data\processed\test\orange_unripe\alexcj10-ripenet_0002922.jpg,orange_unripe,orange_ripe,15,13,False,0.545357346534729,orange_unripe,0.4116775393486023,alexcj10
data\processed\test\orange_unripe\alexcj10-ripenet_0002924.jpg,orange_unripe,orange_unripe,15,15,True,0.7499852776527405,mango_unripe,0.18467412889003754,alexcj10
data\processed\test\orange_unripe\alexcj10-ripenet_0002925.jpg,orange_unripe,orange_unripe,15,15,True,0.7015343904495239,orange_ripe,0.2740073502063751,alexcj10
data\processed\test\orange_unripe\alexcj10-ripenet_0002932.jpg,orange_unripe,orange_ripe,15,13,False,0.6937015652656555,orange_unripe,0.30284979939460754,alexcj10
data\processed\test\orange_unripe\alexcj10-ripenet_0002947.jpg,orange_unripe,orange_unripe,15,15,True,0.7894224524497986,apple_unripe,0.1399170607328415,alexcj10
data\processed\test\orange_unripe\alexcj10-ripenet_0002955.jpg,orange_unripe,pineapple_ripe,15,19,False,0.5674763321876526,pineapple_rotten,0.33765557408332825,alexcj10
data\processed\test\orange_unripe\alexcj10-ripenet_0002957.jpg,orange_unripe,orange_unripe,15,15,True,0.9341834783554077,mango_unripe,0.0518706776201725,alexcj10
data\processed\test\orange_unripe\alexcj10-ripenet_0002958.jpg,orange_unripe,mango_ripe,15,9,False,0.3829856514930725,orange_unripe,0.32844147086143494,alexcj10
data\processed\test\orange_unripe\alexcj10-ripenet_0002960.jpg,orange_unripe,mango_unripe,15,11,False,0.5201866030693054,papaya_unripe,0.18993538618087769,alexcj10
data\processed\test\orange_unripe\alexcj10-ripenet_0002961.jpg,orange_unripe,papaya_unripe,15,18,False,0.5844160318374634,pineapple_unripe,0.09434986114501953,alexcj10
data\processed\test\orange_unripe\alexcj10-ripenet_0002962.jpg,orange_unripe,papaya_unripe,15,18,False,0.31967678666114807,orange_unripe,0.31929001212120056,alexcj10
data\processed\test\orange_unripe\alexcj10-ripenet_0002971.jpg,orange_unripe,mango_unripe,15,11,False,0.38742905855178833,orange_unripe,0.2386431246995926,alexcj10
data\processed\test\orange_unripe\alexcj10-ripenet_0002988.jpg,orange_unripe,mango_unripe,15,11,False,0.8827549815177917,papaya_unripe,0.07991039752960205,alexcj10
data\processed\test\orange_unripe\alexcj10-ripenet_0002993.jpg,orange_unripe,orange_ripe,15,13,False,0.6041930913925171,orange_unripe,0.3875618577003479,alexcj10
data\processed\test\orange_unripe\alexcj10-ripenet_0002994.jpg,orange_unripe,orange_ripe,15,13,False,0.8230147957801819,orange_unripe,0.17095696926116943,alexcj10
data\processed\test\orange_unripe\alexcj10-ripenet_0003001.jpg,orange_unripe,orange_unripe,15,15,True,0.9170065522193909,apple_unripe,0.04254878684878349,alexcj10
data\processed\test\orange_unripe\alexcj10-ripenet_0003003.jpg,orange_unripe,orange_unripe,15,15,True,0.973308265209198,apple_unripe,0.016181066632270813,alexcj10
data\processed\test\orange_unripe\alexcj10-ripenet_0003006.jpg,orange_unripe,orange_unripe,15,15,True,0.8997005224227905,apple_unripe,0.05014387518167496,alexcj10
data\processed\test\orange_unripe\alexcj10-ripenet_0003008.jpg,orange_unripe,mango_unripe,15,11,False,0.6002035737037659,orange_unripe,0.1873096078634262,alexcj10
data\processed\test\orange_unripe\asadullahprl_0002813.jpg,orange_unripe,orange_unripe,15,15,True,0.9200562238693237,apple_unripe,0.040438517928123474,asadullahprl
data\processed\test\orange_unripe\asadullahprl_0002850.jpg,orange_unripe,orange_unripe,15,15,True,0.5103858113288879,mango_unripe,0.34774795174598694,asadullahprl
data\processed\test\orange_unripe\asadullahprl_0002876.jpg,orange_unripe,orange_unripe,15,15,True,0.6546639800071716,apple_unripe,0.0920722484588623,asadullahprl
data\processed\test\orange_unripe\asadullahprl_0002877.jpg,orange_unripe,orange_unripe,15,15,True,0.6960190534591675,mango_unripe,0.17417795956134796,asadullahprl
data\processed\test\orange_unripe\asadullahprl_0002890.jpg,orange_unripe,orange_unripe,15,15,True,0.6589590311050415,apple_unripe,0.1877530962228775,asadullahprl
data\processed\test\orange_unripe\asadullahprl_0002902.jpg,orange_unripe,apple_unripe,15,3,False,0.5275458693504333,orange_unripe,0.3273177742958069,asadullahprl
data\processed\test\orange_unripe\asadullahprl_0002909.jpg,orange_unripe,orange_unripe,15,15,True,0.7127284407615662,orange_ripe,0.10774672031402588,asadullahprl
data\processed\test\orange_unripe\asadullahprl_0002911.jpg,orange_unripe,orange_unripe,15,15,True,0.43952634930610657,apple_unripe,0.2920680642127991,asadullahprl
data\processed\test\orange_unripe\asadullahprl_0002913.jpg,orange_unripe,orange_unripe,15,15,True,0.7030177116394043,tomato_unripe,0.290080726146698,asadullahprl
data\processed\test\orange_unripe\asadullahprl_0002938.jpg,orange_unripe,orange_unripe,15,15,True,0.9683464169502258,mango_unripe,0.015613815747201443,asadullahprl
data\processed\test\orange_unripe\asadullahprl_0002943.jpg,orange_unripe,mango_unripe,15,11,False,0.2769862711429596,orange_rotten,0.20004762709140778,asadullahprl
data\processed\test\orange_unripe\asadullahprl_0002944.jpg,orange_unripe,orange_unripe,15,15,True,0.9092695116996765,apple_unripe,0.08009286224842072,asadullahprl
data\processed\test\orange_unripe\asadullahprl_0002956.jpg,orange_unripe,orange_unripe,15,15,True,0.976628839969635,mango_unripe,0.010903328657150269,asadullahprl
data\processed\test\orange_unripe\asadullahprl_0002964.jpg,orange_unripe,orange_unripe,15,15,True,0.9938127994537354,orange_ripe,0.005590788554400206,asadullahprl
data\processed\test\orange_unripe\asadullahprl_0002968.jpg,orange_unripe,orange_unripe,15,15,True,0.389972984790802,mango_unripe,0.3252638280391693,asadullahprl
data\processed\test\orange_unripe\asadullahprl_0002978.jpg,orange_unripe,orange_unripe,15,15,True,0.6281673908233643,tomato_unripe,0.25745388865470886,asadullahprl
data\processed\test\orange_unripe\asadullahprl_0002980.jpg,orange_unripe,orange_unripe,15,15,True,0.6044358015060425,mango_unripe,0.3137657642364502,asadullahprl
data\processed\test\orange_unripe\asadullahprl_0002996.jpg,orange_unripe,orange_unripe,15,15,True,0.7553833723068237,apple_unripe,0.21279914677143097,asadullahprl
data\processed\test\orange_unripe\asadullahprl_0003010.jpg,orange_unripe,apple_unripe,15,3,False,0.7107244729995728,orange_unripe,0.19548410177230835,asadullahprl
data\processed\test\orange_unripe\leftin_0002814.jpg,orange_unripe,orange_unripe,15,15,True,0.9581782221794128,apple_unripe,0.04176715016365051,leftin
data\processed\test\orange_unripe\leftin_0002816.jpg,orange_unripe,orange_unripe,15,15,True,0.9418677687644958,apple_unripe,0.054176945239305496,leftin
data\processed\test\orange_unripe\leftin_0002817.jpg,orange_unripe,orange_unripe,15,15,True,0.872996985912323,orange_overripe,0.04971151426434517,leftin
data\processed\test\orange_unripe\leftin_0002818.jpg,orange_unripe,orange_unripe,15,15,True,0.9659733176231384,apple_unripe,0.03367673605680466,leftin
data\processed\test\orange_unripe\leftin_0002819.jpg,orange_unripe,orange_unripe,15,15,True,0.7961170077323914,apple_unripe,0.16578535735607147,leftin
data\processed\test\orange_unripe\leftin_0002820.jpg,orange_unripe,banana_unripe,15,7,False,0.5239258408546448,orange_unripe,0.40532657504081726,leftin
data\processed\test\orange_unripe\leftin_0002822.jpg,orange_unripe,orange_unripe,15,15,True,0.9923887848854065,apple_unripe,0.005518309772014618,leftin
data\processed\test\orange_unripe\leftin_0002823.jpg,orange_unripe,apple_unripe,15,3,False,0.5541961789131165,banana_unripe,0.34568163752555847,leftin
data\processed\test\orange_unripe\leftin_0002824.jpg,orange_unripe,orange_unripe,15,15,True,0.9678469300270081,apple_unripe,0.02514365315437317,leftin
data\processed\test\orange_unripe\leftin_0002825.jpg,orange_unripe,orange_unripe,15,15,True,0.9869389533996582,apple_unripe,0.012810589745640755,leftin
data\processed\test\orange_unripe\leftin_0002826.jpg,orange_unripe,apple_unripe,15,3,False,0.6219655871391296,orange_unripe,0.37794917821884155,leftin
data\processed\test\orange_unripe\leftin_0002827.jpg,orange_unripe,orange_unripe,15,15,True,0.8890112638473511,apple_unripe,0.11061354726552963,leftin
data\processed\test\orange_unripe\leftin_0002828.jpg,orange_unripe,orange_unripe,15,15,True,0.9996261596679688,orange_ripe,0.0002744941448327154,leftin
data\processed\test\orange_unripe\leftin_0002830.jpg,orange_unripe,apple_unripe,15,3,False,0.5944116711616516,orange_unripe,0.3424723148345947,leftin
data\processed\test\orange_unripe\leftin_0002831.jpg,orange_unripe,orange_unripe,15,15,True,0.5619139075279236,banana_unripe,0.13959471881389618,leftin
data\processed\test\orange_unripe\leftin_0002834.jpg,orange_unripe,orange_unripe,15,15,True,0.864324688911438,apple_unripe,0.13439273834228516,leftin
data\processed\test\orange_unripe\leftin_0002835.jpg,orange_unripe,mango_ripe,15,9,False,0.30739614367485046,orange_ripe,0.20390473306179047,leftin
data\processed\test\orange_unripe\leftin_0002836.jpg,orange_unripe,orange_unripe,15,15,True,0.7825146317481995,apple_unripe,0.1982213258743286,leftin
data\processed\test\orange_unripe\leftin_0002837.jpg,orange_unripe,orange_unripe,15,15,True,0.6601143479347229,apple_unripe,0.17038856446743011,leftin
data\processed\test\orange_unripe\leftin_0002838.jpg,orange_unripe,apple_unripe,15,3,False,0.6022883057594299,orange_unripe,0.3744853734970093,leftin
data\processed\test\orange_unripe\leftin_0002840.jpg,orange_unripe,orange_unripe,15,15,True,0.8776125907897949,apple_unripe,0.09843315184116364,leftin
data\processed\test\orange_unripe\leftin_0002841.jpg,orange_unripe,orange_unripe,15,15,True,0.785934329032898,apple_unripe,0.11439208686351776,leftin
data\processed\test\orange_unripe\leftin_0002842.jpg,orange_unripe,orange_unripe,15,15,True,0.6008698344230652,apple_unripe,0.3876796066761017,leftin
data\processed\test\orange_unripe\leftin_0002843.jpg,orange_unripe,apple_unripe,15,3,False,0.5140087008476257,orange_unripe,0.4436163306236267,leftin
data\processed\test\orange_unripe\leftin_0002844.jpg,orange_unripe,pineapple_unripe,15,21,False,0.31873732805252075,orange_unripe,0.29572156071662903,leftin
data\processed\test\orange_unripe\leftin_0002845.jpg,orange_unripe,orange_unripe,15,15,True,0.9719963073730469,apple_unripe,0.027964433655142784,leftin
data\processed\test\orange_unripe\leftin_0002846.jpg,orange_unripe,orange_unripe,15,15,True,0.9647702574729919,apple_unripe,0.018678851425647736,leftin
data\processed\test\orange_unripe\leftin_0002847.jpg,orange_unripe,orange_unripe,15,15,True,0.745808482170105,apple_unripe,0.2127722054719925,leftin
data\processed\test\orange_unripe\leftin_0002849.jpg,orange_unripe,orange_unripe,15,15,True,0.8889257907867432,apple_unripe,0.09696629643440247,leftin
data\processed\test\orange_unripe\leftin_0002851.jpg,orange_unripe,orange_unripe,15,15,True,0.8261443972587585,apple_unripe,0.16930121183395386,leftin
data\processed\test\orange_unripe\leftin_0002852.jpg,orange_unripe,orange_unripe,15,15,True,0.9460877180099487,apple_unripe,0.04467194899916649,leftin
data\processed\test\orange_unripe\leftin_0002853.jpg,orange_unripe,orange_unripe,15,15,True,0.9507885575294495,apple_unripe,0.04732458293437958,leftin
data\processed\test\orange_unripe\leftin_0002854.jpg,orange_unripe,orange_unripe,15,15,True,0.8449715375900269,apple_unripe,0.10421525686979294,leftin
data\processed\test\orange_unripe\leftin_0002857.jpg,orange_unripe,orange_unripe,15,15,True,0.8712564706802368,apple_unripe,0.11923863738775253,leftin
data\processed\test\orange_unripe\leftin_0002859.jpg,orange_unripe,orange_unripe,15,15,True,0.9567855596542358,banana_unripe,0.022115975618362427,leftin
data\processed\test\orange_unripe\leftin_0002860.jpg,orange_unripe,orange_unripe,15,15,True,0.82486492395401,apple_unripe,0.17350678145885468,leftin
data\processed\test\orange_unripe\leftin_0002862.jpg,orange_unripe,orange_overripe,15,12,False,0.6486130952835083,orange_unripe,0.30208882689476013,leftin
data\processed\test\orange_unripe\leftin_0002864.jpg,orange_unripe,orange_unripe,15,15,True,0.8951456546783447,banana_unripe,0.05725572630763054,leftin
data\processed\test\orange_unripe\leftin_0002866.jpg,orange_unripe,orange_unripe,15,15,True,0.9769552946090698,apple_unripe,0.015769008547067642,leftin
data\processed\test\orange_unripe\leftin_0002867.jpg,orange_unripe,apple_unripe,15,3,False,0.7230159044265747,orange_unripe,0.22176791727542877,leftin
data\processed\test\orange_unripe\leftin_0002868.jpg,orange_unripe,orange_unripe,15,15,True,0.9231823086738586,apple_unripe,0.07573798298835754,leftin
data\processed\test\orange_unripe\leftin_0002869.jpg,orange_unripe,orange_unripe,15,15,True,0.9463995099067688,apple_unripe,0.036715228110551834,leftin
data\processed\test\orange_unripe\leftin_0002870.jpg,orange_unripe,orange_unripe,15,15,True,0.8816666603088379,apple_unripe,0.10778947174549103,leftin
data\processed\test\orange_unripe\leftin_0002871.jpg,orange_unripe,orange_unripe,15,15,True,0.9512199759483337,apple_unripe,0.03029423952102661,leftin
data\processed\test\orange_unripe\leftin_0002872.jpg,orange_unripe,orange_unripe,15,15,True,0.9283809661865234,apple_unripe,0.07094071805477142,leftin
data\processed\test\orange_unripe\leftin_0002873.jpg,orange_unripe,orange_unripe,15,15,True,0.6514574885368347,apple_unripe,0.3032265901565552,leftin
data\processed\test\orange_unripe\leftin_0002874.jpg,orange_unripe,orange_unripe,15,15,True,0.9286718368530273,apple_unripe,0.03914772719144821,leftin
data\processed\test\orange_unripe\leftin_0002875.jpg,orange_unripe,orange_unripe,15,15,True,0.917509913444519,apple_unripe,0.07713870704174042,leftin
data\processed\test\orange_unripe\leftin_0002878.jpg,orange_unripe,orange_unripe,15,15,True,0.9576598405838013,apple_unripe,0.040164582431316376,leftin
data\processed\test\orange_unripe\leftin_0002880.jpg,orange_unripe,orange_unripe,15,15,True,0.9963766932487488,apple_unripe,0.0032899249345064163,leftin
data\processed\test\orange_unripe\leftin_0002881.jpg,orange_unripe,orange_unripe,15,15,True,0.8861885666847229,apple_unripe,0.08381570875644684,leftin
data\processed\test\orange_unripe\leftin_0002882.jpg,orange_unripe,orange_unripe,15,15,True,0.9348488450050354,apple_unripe,0.04258893057703972,leftin
data\processed\test\orange_unripe\leftin_0002883.jpg,orange_unripe,orange_unripe,15,15,True,0.9497063755989075,apple_unripe,0.04290048032999039,leftin
data\processed\test\orange_unripe\leftin_0002884.jpg,orange_unripe,orange_unripe,15,15,True,0.8162184953689575,apple_unripe,0.16307063400745392,leftin
data\processed\test\orange_unripe\leftin_0002885.jpg,orange_unripe,orange_unripe,15,15,True,0.8916488885879517,apple_unripe,0.10808982700109482,leftin
data\processed\test\orange_unripe\leftin_0002886.jpg,orange_unripe,orange_unripe,15,15,True,0.9987181425094604,apple_unripe,0.0012501900782808661,leftin
data\processed\test\orange_unripe\leftin_0002888.jpg,orange_unripe,orange_unripe,15,15,True,0.6660845875740051,apple_unripe,0.2958510220050812,leftin
data\processed\test\orange_unripe\leftin_0002889.jpg,orange_unripe,orange_unripe,15,15,True,0.7065531611442566,apple_unripe,0.27385812997817993,leftin
data\processed\test\orange_unripe\leftin_0002893.jpg,orange_unripe,orange_unripe,15,15,True,0.9712392687797546,apple_unripe,0.018848732113838196,leftin
data\processed\test\orange_unripe\leftin_0002894.jpg,orange_unripe,orange_unripe,15,15,True,0.9126657843589783,apple_unripe,0.08704192191362381,leftin
data\processed\test\orange_unripe\leftin_0002895.jpg,orange_unripe,orange_unripe,15,15,True,0.9711329936981201,apple_unripe,0.026678143069148064,leftin
data\processed\test\orange_unripe\leftin_0002897.jpg,orange_unripe,orange_unripe,15,15,True,0.7799352407455444,apple_unripe,0.2159968465566635,leftin
data\processed\test\orange_unripe\leftin_0002899.jpg,orange_unripe,orange_unripe,15,15,True,0.8989251852035522,apple_unripe,0.0939561277627945,leftin
data\processed\test\orange_unripe\leftin_0002900.jpg,orange_unripe,apple_unripe,15,3,False,0.6211320161819458,orange_unripe,0.37426164746284485,leftin
data\processed\test\orange_unripe\leftin_0002901.jpg,orange_unripe,orange_unripe,15,15,True,0.8160524368286133,apple_unripe,0.18166591227054596,leftin
data\processed\test\orange_unripe\leftin_0002903.jpg,orange_unripe,orange_unripe,15,15,True,0.7708483934402466,apple_unripe,0.1345549374818802,leftin
data\processed\test\orange_unripe\leftin_0002904.jpg,orange_unripe,orange_unripe,15,15,True,0.5560138821601868,apple_unripe,0.44284987449645996,leftin
data\processed\test\orange_unripe\leftin_0002905.jpg,orange_unripe,orange_unripe,15,15,True,0.9940253496170044,apple_unripe,0.005883291829377413,leftin
data\processed\test\orange_unripe\leftin_0002906.jpg,orange_unripe,orange_unripe,15,15,True,0.9886667728424072,apple_unripe,0.009330402128398418,leftin
data\processed\test\orange_unripe\leftin_0002907.jpg,orange_unripe,orange_unripe,15,15,True,0.7264339923858643,apple_unripe,0.14831142127513885,leftin
data\processed\test\orange_unripe\leftin_0002910.jpg,orange_unripe,orange_unripe,15,15,True,0.8895200490951538,apple_unripe,0.1064968854188919,leftin
data\processed\test\orange_unripe\leftin_0002912.jpg,orange_unripe,orange_unripe,15,15,True,0.8895571231842041,apple_unripe,0.1042964905500412,leftin
data\processed\test\orange_unripe\leftin_0002915.jpg,orange_unripe,orange_unripe,15,15,True,0.7614127397537231,banana_unripe,0.14217866957187653,leftin
data\processed\test\orange_unripe\leftin_0002916.jpg,orange_unripe,orange_unripe,15,15,True,0.9215372800827026,apple_unripe,0.07549044489860535,leftin
data\processed\test\orange_unripe\leftin_0002917.jpg,orange_unripe,mango_ripe,15,9,False,0.5956769585609436,orange_unripe,0.16223107278347015,leftin
data\processed\test\orange_unripe\leftin_0002919.jpg,orange_unripe,orange_unripe,15,15,True,0.9896127581596375,orange_ripe,0.005260747857391834,leftin
data\processed\test\orange_unripe\leftin_0002920.jpg,orange_unripe,orange_unripe,15,15,True,0.9370702505111694,apple_unripe,0.054401952773332596,leftin
data\processed\test\orange_unripe\leftin_0002921.jpg,orange_unripe,orange_unripe,15,15,True,0.9951756000518799,orange_overripe,0.002185458317399025,leftin
data\processed\test\orange_unripe\leftin_0002923.jpg,orange_unripe,orange_unripe,15,15,True,0.8861070275306702,apple_unripe,0.11154474318027496,leftin
data\processed\test\orange_unripe\leftin_0002926.jpg,orange_unripe,orange_unripe,15,15,True,0.8902241587638855,apple_unripe,0.09321218729019165,leftin
data\processed\test\orange_unripe\leftin_0002927.jpg,orange_unripe,orange_unripe,15,15,True,0.9652963876724243,apple_unripe,0.02737487480044365,leftin
data\processed\test\orange_unripe\leftin_0002928.jpg,orange_unripe,orange_unripe,15,15,True,0.9219562411308289,apple_unripe,0.07417958229780197,leftin
data\processed\test\orange_unripe\leftin_0002929.jpg,orange_unripe,orange_unripe,15,15,True,0.9790031313896179,apple_unripe,0.013415464200079441,leftin
data\processed\test\orange_unripe\leftin_0002930.jpg,orange_unripe,orange_unripe,15,15,True,0.9467977285385132,apple_unripe,0.051392149180173874,leftin
data\processed\test\orange_unripe\leftin_0002931.jpg,orange_unripe,orange_unripe,15,15,True,0.8621953129768372,apple_unripe,0.13419972360134125,leftin
data\processed\test\orange_unripe\leftin_0002933.jpg,orange_unripe,orange_unripe,15,15,True,0.9925661087036133,apple_unripe,0.007364432793110609,leftin
data\processed\test\orange_unripe\leftin_0002934.jpg,orange_unripe,orange_unripe,15,15,True,0.9706662893295288,apple_unripe,0.028731614351272583,leftin
data\processed\test\orange_unripe\leftin_0002935.jpg,orange_unripe,mango_ripe,15,9,False,0.712374210357666,orange_unripe,0.10928639024496078,leftin
data\processed\test\orange_unripe\leftin_0002936.jpg,orange_unripe,orange_unripe,15,15,True,0.8769523501396179,apple_unripe,0.09711291640996933,leftin
data\processed\test\orange_unripe\leftin_0002937.jpg,orange_unripe,orange_unripe,15,15,True,0.928755521774292,apple_unripe,0.058792632073163986,leftin
data\processed\test\orange_unripe\leftin_0002939.jpg,orange_unripe,orange_unripe,15,15,True,0.9714632034301758,apple_unripe,0.028496945276856422,leftin
data\processed\test\orange_unripe\leftin_0002940.jpg,orange_unripe,orange_unripe,15,15,True,0.44657406210899353,mango_ripe,0.3014656603336334,leftin
data\processed\test\orange_unripe\leftin_0002941.jpg,orange_unripe,orange_unripe,15,15,True,0.9226923584938049,apple_unripe,0.06867940723896027,leftin
data\processed\test\orange_unripe\leftin_0002942.jpg,orange_unripe,orange_unripe,15,15,True,0.9982917904853821,apple_unripe,0.001673559658229351,leftin
data\processed\test\orange_unripe\leftin_0002945.jpg,orange_unripe,orange_unripe,15,15,True,0.9902783036231995,apple_unripe,0.00951661728322506,leftin
data\processed\test\orange_unripe\leftin_0002946.jpg,orange_unripe,orange_unripe,15,15,True,0.9926365613937378,apple_unripe,0.0036626188084483147,leftin
data\processed\test\orange_unripe\leftin_0002948.jpg,orange_unripe,orange_unripe,15,15,True,0.9452281594276428,apple_unripe,0.048712700605392456,leftin
data\processed\test\orange_unripe\leftin_0002949.jpg,orange_unripe,orange_unripe,15,15,True,0.43127870559692383,mango_ripe,0.2273915857076645,leftin
data\processed\test\orange_unripe\leftin_0002950.jpg,orange_unripe,orange_unripe,15,15,True,0.7348597645759583,apple_unripe,0.1728113442659378,leftin
data\processed\test\orange_unripe\leftin_0002951.jpg,orange_unripe,orange_unripe,15,15,True,0.9739509224891663,apple_unripe,0.02591591700911522,leftin
data\processed\test\orange_unripe\leftin_0002952.jpg,orange_unripe,orange_unripe,15,15,True,0.9817279577255249,pineapple_unripe,0.005924250930547714,leftin
data\processed\test\orange_unripe\leftin_0002953.jpg,orange_unripe,orange_unripe,15,15,True,0.8904959559440613,apple_unripe,0.10601897537708282,leftin
data\processed\test\orange_unripe\leftin_0002954.jpg,orange_unripe,orange_unripe,15,15,True,0.9971244931221008,apple_unripe,0.002871227916330099,leftin
data\processed\test\orange_unripe\leftin_0002959.jpg,orange_unripe,orange_unripe,15,15,True,0.9611674547195435,apple_unripe,0.030447112396359444,leftin
data\processed\test\orange_unripe\leftin_0002963.jpg,orange_unripe,orange_unripe,15,15,True,0.9847670197486877,orange_ripe,0.014747421257197857,leftin
data\processed\test\orange_unripe\leftin_0002965.jpg,orange_unripe,orange_unripe,15,15,True,0.9605787992477417,apple_unripe,0.03781861811876297,leftin
data\processed\test\orange_unripe\leftin_0002966.jpg,orange_unripe,orange_unripe,15,15,True,0.9699686765670776,apple_unripe,0.024616271257400513,leftin
data\processed\test\orange_unripe\leftin_0002967.jpg,orange_unripe,orange_unripe,15,15,True,0.8956717252731323,apple_unripe,0.09803267568349838,leftin
data\processed\test\orange_unripe\leftin_0002969.jpg,orange_unripe,orange_unripe,15,15,True,0.9047327637672424,apple_unripe,0.09119974076747894,leftin
data\processed\test\orange_unripe\leftin_0002970.jpg,orange_unripe,orange_unripe,15,15,True,0.8444640636444092,apple_unripe,0.12209893763065338,leftin
data\processed\test\orange_unripe\leftin_0002972.jpg,orange_unripe,orange_unripe,15,15,True,0.5222859978675842,apple_unripe,0.4738421142101288,leftin
data\processed\test\orange_unripe\leftin_0002973.jpg,orange_unripe,orange_unripe,15,15,True,0.7866882085800171,apple_unripe,0.2081938534975052,leftin
data\processed\test\orange_unripe\leftin_0002974.jpg,orange_unripe,orange_unripe,15,15,True,0.44643765687942505,apple_unripe,0.3441174328327179,leftin
data\processed\test\orange_unripe\leftin_0002975.jpg,orange_unripe,orange_unripe,15,15,True,0.9033569693565369,apple_unripe,0.08857885003089905,leftin
data\processed\test\orange_unripe\leftin_0002976.jpg,orange_unripe,orange_unripe,15,15,True,0.9993168115615845,apple_unripe,0.00034243331174366176,leftin
data\processed\test\orange_unripe\leftin_0002977.jpg,orange_unripe,orange_unripe,15,15,True,0.7557762861251831,apple_unripe,0.24139812588691711,leftin
data\processed\test\orange_unripe\leftin_0002979.jpg,orange_unripe,orange_unripe,15,15,True,0.7149521112442017,apple_unripe,0.2821822762489319,leftin
data\processed\test\orange_unripe\leftin_0002981.jpg,orange_unripe,orange_unripe,15,15,True,0.48969438672065735,apple_unripe,0.33380240201950073,leftin
data\processed\test\orange_unripe\leftin_0002982.jpg,orange_unripe,orange_overripe,15,12,False,0.37425053119659424,orange_unripe,0.3327758312225342,leftin
data\processed\test\orange_unripe\leftin_0002983.jpg,orange_unripe,orange_unripe,15,15,True,0.8668559789657593,banana_unripe,0.06741758435964584,leftin
data\processed\test\orange_unripe\leftin_0002984.jpg,orange_unripe,orange_unripe,15,15,True,0.955053448677063,apple_unripe,0.04491015896201134,leftin
data\processed\test\orange_unripe\leftin_0002985.jpg,orange_unripe,orange_unripe,15,15,True,0.8628897070884705,banana_unripe,0.1058286651968956,leftin
data\processed\test\orange_unripe\leftin_0002986.jpg,orange_unripe,orange_unripe,15,15,True,0.9136925935745239,orange_ripe,0.0744524672627449,leftin
data\processed\test\orange_unripe\leftin_0002987.jpg,orange_unripe,orange_unripe,15,15,True,0.9909902811050415,apple_unripe,0.003882398596033454,leftin
data\processed\test\orange_unripe\leftin_0002989.jpg,orange_unripe,orange_unripe,15,15,True,0.9838292002677917,orange_ripe,0.01093614287674427,leftin
data\processed\test\orange_unripe\leftin_0002990.jpg,orange_unripe,orange_unripe,15,15,True,0.5433206558227539,apple_unripe,0.4463176727294922,leftin
data\processed\test\orange_unripe\leftin_0002991.jpg,orange_unripe,orange_unripe,15,15,True,0.7910101413726807,apple_unripe,0.1950179934501648,leftin
data\processed\test\orange_unripe\leftin_0002992.jpg,orange_unripe,orange_unripe,15,15,True,0.8145809173583984,apple_unripe,0.15088427066802979,leftin
data\processed\test\orange_unripe\leftin_0002995.jpg,orange_unripe,orange_unripe,15,15,True,0.9739670753479004,orange_ripe,0.025495726615190506,leftin
data\processed\test\orange_unripe\leftin_0002997.jpg,orange_unripe,orange_unripe,15,15,True,0.9925140738487244,apple_unripe,0.00544697092846036,leftin
data\processed\test\orange_unripe\leftin_0002998.jpg,orange_unripe,orange_unripe,15,15,True,0.7714381814002991,apple_unripe,0.2166868895292282,leftin
data\processed\test\orange_unripe\leftin_0002999.jpg,orange_unripe,orange_unripe,15,15,True,0.9855709075927734,apple_unripe,0.010762186720967293,leftin
data\processed\test\orange_unripe\leftin_0003000.jpg,orange_unripe,orange_unripe,15,15,True,0.9819053411483765,apple_unripe,0.011976785957813263,leftin
data\processed\test\orange_unripe\leftin_0003002.jpg,orange_unripe,orange_unripe,15,15,True,0.9740508794784546,apple_unripe,0.025729920715093613,leftin
data\processed\test\orange_unripe\leftin_0003004.jpg,orange_unripe,orange_unripe,15,15,True,0.8445738554000854,apple_unripe,0.14864994585514069,leftin
data\processed\test\orange_unripe\leftin_0003005.jpg,orange_unripe,orange_unripe,15,15,True,0.9852278232574463,orange_ripe,0.005636204499751329,leftin
data\processed\test\orange_unripe\leftin_0003007.jpg,orange_unripe,orange_unripe,15,15,True,0.9326633214950562,apple_unripe,0.06731428951025009,leftin
data\processed\test\orange_unripe\leftin_0003009.jpg,orange_unripe,orange_unripe,15,15,True,0.9644584655761719,apple_unripe,0.014127405360341072,leftin
data\processed\test\orange_unripe\leftin_0003011.jpg,orange_unripe,orange_unripe,15,15,True,0.9184004068374634,apple_unripe,0.0785624086856842,leftin
data\processed\test\orange_unripe\leftin_0003012.jpg,orange_unripe,orange_unripe,15,15,True,0.9954718351364136,apple_unripe,0.004489780869334936,leftin
data\processed\test\orange_unripe\leftin_0003013.jpg,orange_unripe,orange_unripe,15,15,True,0.93683260679245,apple_unripe,0.061506982892751694,leftin
data\processed\test\orange_unripe\leftin_0003014.jpg,orange_unripe,orange_unripe,15,15,True,0.7508185505867004,apple_unripe,0.24075758457183838,leftin
data\processed\test\orange_unripe\leftin_0003015.jpg,orange_unripe,orange_unripe,15,15,True,0.7444101572036743,apple_unripe,0.2076829969882965,leftin
data\processed\test\orange_unripe\leftin_0003016.jpg,orange_unripe,orange_unripe,15,15,True,0.8324300050735474,apple_unripe,0.16012787818908691,leftin
data\processed\test\orange_unripe\leftin_0003017.jpg,orange_unripe,orange_unripe,15,15,True,0.9921980500221252,orange_overripe,0.0026599622797220945,leftin
data\processed\test\orange_unripe\leftin_0003018.jpg,orange_unripe,orange_unripe,15,15,True,0.903005838394165,apple_unripe,0.09384562075138092,leftin
data\processed\test\orange_unripe\leftin_0003019.jpg,orange_unripe,orange_unripe,15,15,True,0.959799587726593,apple_unripe,0.028693396598100662,leftin
data\processed\test\orange_unripe\leftin_0003020.jpg,orange_unripe,orange_unripe,15,15,True,0.6431287527084351,banana_unripe,0.214482381939888,leftin
data\processed\test\papaya_ripe\alexcj10-ripenet_0003021.jpg,papaya_ripe,orange_ripe,16,13,False,0.2999640107154846,orange_overripe,0.26446467638015747,alexcj10
data\processed\test\papaya_ripe\alexcj10-ripenet_0003022.jpg,papaya_ripe,papaya_ripe,16,16,True,0.5993151664733887,papaya_unripe,0.2889077663421631,alexcj10
data\processed\test\papaya_ripe\alexcj10-ripenet_0003023.jpg,papaya_ripe,mango_unripe,16,11,False,0.2932940721511841,mango_rotten,0.24666447937488556,alexcj10
data\processed\test\papaya_ripe\alexcj10-ripenet_0003024.jpg,papaya_ripe,papaya_ripe,16,16,True,0.861208975315094,papaya_rotten,0.07609879225492477,alexcj10
data\processed\test\papaya_ripe\alexcj10-ripenet_0003025.jpg,papaya_ripe,papaya_unripe,16,18,False,0.43601375818252563,papaya_ripe,0.3746415078639984,alexcj10
data\processed\test\papaya_ripe\alexcj10-ripenet_0003026.jpg,papaya_ripe,papaya_ripe,16,16,True,0.7514050006866455,papaya_rotten,0.14194585382938385,alexcj10
data\processed\test\papaya_ripe\alexcj10-ripenet_0003027.jpg,papaya_ripe,papaya_ripe,16,16,True,0.5978564620018005,papaya_unripe,0.34668177366256714,alexcj10
data\processed\test\papaya_ripe\alexcj10-ripenet_0003028.jpg,papaya_ripe,mango_rotten,16,10,False,0.7837280631065369,papaya_rotten,0.054735999554395676,alexcj10
data\processed\test\papaya_ripe\alexcj10-ripenet_0003029.jpg,papaya_ripe,papaya_ripe,16,16,True,0.5124378204345703,papaya_unripe,0.2730996906757355,alexcj10
data\processed\test\papaya_ripe\alexcj10-ripenet_0003030.jpg,papaya_ripe,papaya_ripe,16,16,True,0.7674856781959534,papaya_rotten,0.1159161850810051,alexcj10
data\processed\test\papaya_ripe\alexcj10-ripenet_0003031.jpg,papaya_ripe,mango_ripe,16,9,False,0.7437129616737366,mango_overripe,0.06501926481723785,alexcj10
data\processed\test\papaya_ripe\alexcj10-ripenet_0003032.jpg,papaya_ripe,papaya_ripe,16,16,True,0.614806056022644,papaya_unripe,0.2847428321838379,alexcj10
data\processed\test\papaya_ripe\alexcj10-ripenet_0003033.jpg,papaya_ripe,papaya_ripe,16,16,True,0.8202845454216003,papaya_unripe,0.10520967096090317,alexcj10
data\processed\test\papaya_ripe\alexcj10-ripenet_0003034.jpg,papaya_ripe,papaya_ripe,16,16,True,0.7920902371406555,papaya_rotten,0.11828573048114777,alexcj10
data\processed\test\papaya_ripe\alexcj10-ripenet_0003035.jpg,papaya_ripe,papaya_ripe,16,16,True,0.8069810271263123,papaya_unripe,0.0807022899389267,alexcj10
data\processed\test\papaya_ripe\alexcj10-ripenet_0003036.jpg,papaya_ripe,papaya_ripe,16,16,True,0.6477774381637573,papaya_unripe,0.2786303162574768,alexcj10
data\processed\test\papaya_ripe\alexcj10-ripenet_0003037.jpg,papaya_ripe,papaya_unripe,16,18,False,0.6399699449539185,papaya_ripe,0.31605616211891174,alexcj10
data\processed\test\papaya_ripe\alexcj10-ripenet_0003038.jpg,papaya_ripe,papaya_unripe,16,18,False,0.5773012042045593,papaya_ripe,0.32978010177612305,alexcj10
data\processed\test\papaya_ripe\alexcj10-ripenet_0003039.jpg,papaya_ripe,papaya_ripe,16,16,True,0.7051734328269958,mango_ripe,0.09600771963596344,alexcj10
data\processed\test\papaya_ripe\alexcj10-ripenet_0003040.jpg,papaya_ripe,papaya_ripe,16,16,True,0.4019889831542969,mango_ripe,0.23866362869739532,alexcj10
data\processed\test\papaya_ripe\alexcj10-ripenet_0003041.jpg,papaya_ripe,papaya_rotten,16,17,False,0.636060893535614,papaya_ripe,0.27142924070358276,alexcj10
data\processed\test\papaya_ripe\alexcj10-ripenet_0003042.jpg,papaya_ripe,papaya_ripe,16,16,True,0.7332676649093628,papaya_unripe,0.1743113249540329,alexcj10
data\processed\test\papaya_ripe\alexcj10-ripenet_0003043.jpg,papaya_ripe,papaya_unripe,16,18,False,0.7749117016792297,papaya_ripe,0.14449737966060638,alexcj10
data\processed\test\papaya_ripe\alexcj10-ripenet_0003044.jpg,papaya_ripe,papaya_ripe,16,16,True,0.49726682901382446,orange_ripe,0.10890259593725204,alexcj10
data\processed\test\papaya_ripe\alexcj10-ripenet_0003045.jpg,papaya_ripe,papaya_rotten,16,17,False,0.5293192267417908,papaya_ripe,0.3563466966152191,alexcj10
data\processed\test\papaya_ripe\alexcj10-ripenet_0003046.jpg,papaya_ripe,papaya_ripe,16,16,True,0.40295353531837463,mango_rotten,0.3322436511516571,alexcj10
data\processed\test\papaya_ripe\alexcj10-ripenet_0003047.jpg,papaya_ripe,papaya_ripe,16,16,True,0.7590223550796509,papaya_unripe,0.19534920156002045,alexcj10
data\processed\test\papaya_ripe\alexcj10-ripenet_0003048.jpg,papaya_ripe,papaya_ripe,16,16,True,0.3535537123680115,papaya_rotten,0.30679962038993835,alexcj10
data\processed\test\papaya_ripe\alexcj10-ripenet_0003049.jpg,papaya_ripe,papaya_ripe,16,16,True,0.6057734489440918,papaya_unripe,0.27140313386917114,alexcj10
data\processed\test\papaya_ripe\alexcj10-ripenet_0003050.jpg,papaya_ripe,papaya_ripe,16,16,True,0.5539483428001404,papaya_rotten,0.37707358598709106,alexcj10
data\processed\test\papaya_ripe\alexcj10-ripenet_0003051.jpg,papaya_ripe,papaya_ripe,16,16,True,0.6577613949775696,papaya_unripe,0.202077716588974,alexcj10
data\processed\test\papaya_ripe\alexcj10-ripenet_0003052.jpg,papaya_ripe,papaya_ripe,16,16,True,0.6087353825569153,papaya_unripe,0.24053968489170074,alexcj10
data\processed\test\papaya_ripe\alexcj10-ripenet_0003053.jpg,papaya_ripe,papaya_unripe,16,18,False,0.581386923789978,papaya_ripe,0.3738144040107727,alexcj10
data\processed\test\papaya_ripe\alexcj10-ripenet_0003054.jpg,papaya_ripe,papaya_ripe,16,16,True,0.7561529278755188,papaya_rotten,0.133676677942276,alexcj10
data\processed\test\papaya_ripe\alexcj10-ripenet_0003055.jpg,papaya_ripe,papaya_ripe,16,16,True,0.7655524015426636,papaya_unripe,0.19866248965263367,alexcj10
data\processed\test\papaya_ripe\alexcj10-ripenet_0003056.jpg,papaya_ripe,papaya_ripe,16,16,True,0.9184513092041016,papaya_rotten,0.04374367743730545,alexcj10
data\processed\test\papaya_ripe\alexcj10-ripenet_0003057.jpg,papaya_ripe,papaya_ripe,16,16,True,0.7100017070770264,papaya_unripe,0.19349856674671173,alexcj10
data\processed\test\papaya_ripe\alexcj10-ripenet_0003058.jpg,papaya_ripe,papaya_rotten,16,17,False,0.5161193013191223,papaya_ripe,0.25022459030151367,alexcj10
data\processed\test\papaya_ripe\alexcj10-ripenet_0003059.jpg,papaya_ripe,papaya_ripe,16,16,True,0.7283391952514648,papaya_unripe,0.15258558094501495,alexcj10
data\processed\test\papaya_ripe\alexcj10-ripenet_0003060.jpg,papaya_ripe,papaya_ripe,16,16,True,0.7996636629104614,papaya_rotten,0.14420558512210846,alexcj10
data\processed\test\papaya_ripe\alexcj10-ripenet_0003061.jpg,papaya_ripe,papaya_ripe,16,16,True,0.5919998288154602,papaya_unripe,0.26834726333618164,alexcj10
data\processed\test\papaya_ripe\alexcj10-ripenet_0003062.jpg,papaya_ripe,mango_ripe,16,9,False,0.5607569813728333,orange_ripe,0.1186477318406105,alexcj10
data\processed\test\papaya_ripe\alexcj10-ripenet_0003063.jpg,papaya_ripe,papaya_ripe,16,16,True,0.7438356876373291,papaya_unripe,0.21555335819721222,alexcj10
data\processed\test\papaya_ripe\alexcj10-ripenet_0003064.jpg,papaya_ripe,papaya_ripe,16,16,True,0.7295406460762024,papaya_unripe,0.1974199116230011,alexcj10
data\processed\test\papaya_ripe\alexcj10-ripenet_0003065.jpg,papaya_ripe,papaya_ripe,16,16,True,0.5374663472175598,papaya_unripe,0.11451296508312225,alexcj10
data\processed\test\papaya_ripe\alexcj10-ripenet_0003066.jpg,papaya_ripe,papaya_ripe,16,16,True,0.8875696659088135,mango_ripe,0.04810962453484535,alexcj10
data\processed\test\papaya_ripe\alexcj10-ripenet_0003067.jpg,papaya_ripe,papaya_ripe,16,16,True,0.8476539254188538,papaya_unripe,0.1135074570775032,alexcj10
data\processed\test\papaya_ripe\alexcj10-ripenet_0003068.jpg,papaya_ripe,mango_rotten,16,10,False,0.4984667897224426,orange_rotten,0.27746665477752686,alexcj10
data\processed\test\papaya_ripe\alexcj10-ripenet_0003069.jpg,papaya_ripe,papaya_ripe,16,16,True,0.945665180683136,papaya_rotten,0.028110291808843613,alexcj10
data\processed\test\papaya_ripe\alexcj10-ripenet_0003070.jpg,papaya_ripe,papaya_ripe,16,16,True,0.4625309407711029,papaya_rotten,0.2827591598033905,alexcj10
data\processed\test\papaya_rotten\alexcj10-ripenet_0003071.jpg,papaya_rotten,papaya_rotten,17,17,True,0.7108010649681091,orange_rotten,0.08116272836923599,alexcj10
data\processed\test\papaya_rotten\alexcj10-ripenet_0003072.jpg,papaya_rotten,mango_unripe,17,11,False,0.6373082399368286,papaya_unripe,0.15469004213809967,alexcj10
data\processed\test\papaya_rotten\alexcj10-ripenet_0003073.jpg,papaya_rotten,papaya_rotten,17,17,True,0.8847101330757141,orange_rotten,0.08131810277700424,alexcj10
data\processed\test\papaya_rotten\alexcj10-ripenet_0003074.jpg,papaya_rotten,mango_rotten,17,10,False,0.44229722023010254,papaya_rotten,0.4023948609828949,alexcj10
data\processed\test\papaya_rotten\alexcj10-ripenet_0003075.jpg,papaya_rotten,papaya_unripe,17,18,False,0.7747480273246765,papaya_rotten,0.10855656862258911,alexcj10
data\processed\test\papaya_rotten\alexcj10-ripenet_0003076.jpg,papaya_rotten,papaya_ripe,17,16,False,0.5297610759735107,papaya_rotten,0.21890637278556824,alexcj10
data\processed\test\papaya_rotten\alexcj10-ripenet_0003077.jpg,papaya_rotten,mango_rotten,17,10,False,0.8119643926620483,papaya_rotten,0.16149753332138062,alexcj10
data\processed\test\papaya_rotten\alexcj10-ripenet_0003078.jpg,papaya_rotten,papaya_rotten,17,17,True,0.8840855956077576,mango_rotten,0.10585655272006989,alexcj10
data\processed\test\papaya_rotten\alexcj10-ripenet_0003079.jpg,papaya_rotten,papaya_unripe,17,18,False,0.5148252248764038,papaya_ripe,0.38739433884620667,alexcj10
data\processed\test\papaya_rotten\alexcj10-ripenet_0003080.jpg,papaya_rotten,papaya_rotten,17,17,True,0.9114452004432678,mango_rotten,0.03095732070505619,alexcj10
data\processed\test\papaya_rotten\alexcj10-ripenet_0003081.jpg,papaya_rotten,papaya_rotten,17,17,True,0.7625312805175781,apple_rotten,0.0818052589893341,alexcj10
data\processed\test\papaya_rotten\alexcj10-ripenet_0003082.jpg,papaya_rotten,papaya_rotten,17,17,True,0.5204466581344604,mango_rotten,0.3120051920413971,alexcj10
data\processed\test\papaya_rotten\alexcj10-ripenet_0003083.jpg,papaya_rotten,papaya_ripe,17,16,False,0.4489697217941284,papaya_rotten,0.43798568844795227,alexcj10
data\processed\test\papaya_rotten\alexcj10-ripenet_0003084.jpg,papaya_rotten,papaya_rotten,17,17,True,0.9485223889350891,mango_rotten,0.04113026708364487,alexcj10
data\processed\test\papaya_rotten\alexcj10-ripenet_0003085.jpg,papaya_rotten,papaya_rotten,17,17,True,0.6142498254776001,papaya_ripe,0.33433419466018677,alexcj10
data\processed\test\papaya_rotten\alexcj10-ripenet_0003086.jpg,papaya_rotten,papaya_ripe,17,16,False,0.7030684947967529,papaya_rotten,0.21931365132331848,alexcj10
data\processed\test\papaya_rotten\alexcj10-ripenet_0003087.jpg,papaya_rotten,papaya_ripe,17,16,False,0.6961166262626648,papaya_unripe,0.16108572483062744,alexcj10
data\processed\test\papaya_rotten\alexcj10-ripenet_0003088.jpg,papaya_rotten,papaya_ripe,17,16,False,0.6663382053375244,papaya_rotten,0.29344379901885986,alexcj10
data\processed\test\papaya_rotten\alexcj10-ripenet_0003089.jpg,papaya_rotten,papaya_rotten,17,17,True,0.9720944166183472,orange_rotten,0.008798928000032902,alexcj10
data\processed\test\papaya_rotten\alexcj10-ripenet_0003090.jpg,papaya_rotten,papaya_rotten,17,17,True,0.9586836099624634,mango_rotten,0.024615880101919174,alexcj10
data\processed\test\papaya_rotten\alexcj10-ripenet_0003091.jpg,papaya_rotten,papaya_unripe,17,18,False,0.5346969962120056,papaya_ripe,0.4065619111061096,alexcj10
data\processed\test\papaya_rotten\alexcj10-ripenet_0003092.jpg,papaya_rotten,mango_unripe,17,11,False,0.40861162543296814,mango_ripe,0.4041964113712311,alexcj10
data\processed\test\papaya_rotten\alexcj10-ripenet_0003093.jpg,papaya_rotten,mango_rotten,17,10,False,0.3584345579147339,papaya_ripe,0.27254000306129456,alexcj10
data\processed\test\papaya_rotten\alexcj10-ripenet_0003094.jpg,papaya_rotten,papaya_unripe,17,18,False,0.5911399722099304,papaya_ripe,0.3603522777557373,alexcj10
data\processed\test\papaya_rotten\alexcj10-ripenet_0003095.jpg,papaya_rotten,papaya_rotten,17,17,True,0.9534697532653809,mango_rotten,0.044955406337976456,alexcj10
data\processed\test\papaya_rotten\alexcj10-ripenet_0003096.jpg,papaya_rotten,papaya_rotten,17,17,True,0.8682149648666382,mango_rotten,0.12580281496047974,alexcj10
data\processed\test\papaya_rotten\alexcj10-ripenet_0003097.jpg,papaya_rotten,papaya_rotten,17,17,True,0.8094465136528015,papaya_unripe,0.12136377394199371,alexcj10
data\processed\test\papaya_rotten\alexcj10-ripenet_0003098.jpg,papaya_rotten,orange_rotten,17,14,False,0.5423098802566528,mango_rotten,0.243914395570755,alexcj10
data\processed\test\papaya_rotten\alexcj10-ripenet_0003099.jpg,papaya_rotten,papaya_ripe,17,16,False,0.258120059967041,apple_overripe,0.1854977160692215,alexcj10
data\processed\test\papaya_rotten\alexcj10-ripenet_0003100.jpg,papaya_rotten,papaya_rotten,17,17,True,0.7505040764808655,banana_rotten,0.16155974566936493,alexcj10
data\processed\test\papaya_rotten\alexcj10-ripenet_0003101.jpg,papaya_rotten,papaya_ripe,17,16,False,0.4692629873752594,papaya_rotten,0.32223641872406006,alexcj10
data\processed\test\papaya_rotten\alexcj10-ripenet_0003102.jpg,papaya_rotten,papaya_unripe,17,18,False,0.523267924785614,papaya_ripe,0.23748470842838287,alexcj10
data\processed\test\papaya_rotten\alexcj10-ripenet_0003103.jpg,papaya_rotten,papaya_ripe,17,16,False,0.8043628931045532,papaya_rotten,0.142044335603714,alexcj10
data\processed\test\papaya_rotten\alexcj10-ripenet_0003104.jpg,papaya_rotten,papaya_rotten,17,17,True,0.9620550274848938,mango_rotten,0.023717155680060387,alexcj10
data\processed\test\papaya_rotten\alexcj10-ripenet_0003105.jpg,papaya_rotten,papaya_rotten,17,17,True,0.8920643329620361,mango_rotten,0.049720440059900284,alexcj10
data\processed\test\papaya_rotten\alexcj10-ripenet_0003106.jpg,papaya_rotten,papaya_rotten,17,17,True,0.5944182276725769,papaya_unripe,0.2714993357658386,alexcj10
data\processed\test\papaya_rotten\alexcj10-ripenet_0003107.jpg,papaya_rotten,papaya_rotten,17,17,True,0.7562211751937866,papaya_ripe,0.15573860704898834,alexcj10
data\processed\test\papaya_rotten\alexcj10-ripenet_0003108.jpg,papaya_rotten,papaya_rotten,17,17,True,0.8328878283500671,papaya_ripe,0.10836970061063766,alexcj10
data\processed\test\papaya_rotten\alexcj10-ripenet_0003109.jpg,papaya_rotten,papaya_rotten,17,17,True,0.5105366110801697,mango_rotten,0.48233720660209656,alexcj10
data\processed\test\papaya_rotten\alexcj10-ripenet_0003110.jpg,papaya_rotten,papaya_ripe,17,16,False,0.8117287158966064,papaya_rotten,0.13933305442333221,alexcj10
data\processed\test\papaya_rotten\alexcj10-ripenet_0003111.jpg,papaya_rotten,papaya_rotten,17,17,True,0.8536545634269714,mango_rotten,0.08951129764318466,alexcj10
data\processed\test\papaya_unripe\alexcj10-ripenet_0003112.jpg,papaya_unripe,papaya_ripe,18,16,False,0.7990497350692749,papaya_unripe,0.13108348846435547,alexcj10
data\processed\test\papaya_unripe\alexcj10-ripenet_0003113.jpg,papaya_unripe,papaya_unripe,18,18,True,0.9696570634841919,papaya_ripe,0.014683900400996208,alexcj10
data\processed\test\papaya_unripe\alexcj10-ripenet_0003114.jpg,papaya_unripe,papaya_ripe,18,16,False,0.3709670901298523,papaya_unripe,0.35372236371040344,alexcj10
data\processed\test\papaya_unripe\alexcj10-ripenet_0003115.jpg,papaya_unripe,papaya_unripe,18,18,True,0.5383827686309814,papaya_ripe,0.2602941691875458,alexcj10
data\processed\test\papaya_unripe\alexcj10-ripenet_0003116.jpg,papaya_unripe,apple_ripe,18,1,False,0.19894663989543915,tomato_overripe,0.15768000483512878,alexcj10
data\processed\test\papaya_unripe\alexcj10-ripenet_0003117.jpg,papaya_unripe,papaya_unripe,18,18,True,0.8246265649795532,papaya_rotten,0.1059279590845108,alexcj10
data\processed\test\papaya_unripe\alexcj10-ripenet_0003118.jpg,papaya_unripe,papaya_unripe,18,18,True,0.47917208075523376,papaya_ripe,0.4743821620941162,alexcj10
data\processed\test\papaya_unripe\alexcj10-ripenet_0003119.jpg,papaya_unripe,papaya_unripe,18,18,True,0.45905551314353943,papaya_ripe,0.43630844354629517,alexcj10
data\processed\test\papaya_unripe\alexcj10-ripenet_0003120.jpg,papaya_unripe,mango_ripe,18,9,False,0.7787162661552429,papaya_unripe,0.07120603322982788,alexcj10
data\processed\test\papaya_unripe\alexcj10-ripenet_0003121.jpg,papaya_unripe,papaya_unripe,18,18,True,0.9579543471336365,papaya_ripe,0.017213931307196617,alexcj10
data\processed\test\papaya_unripe\alexcj10-ripenet_0003122.jpg,papaya_unripe,papaya_ripe,18,16,False,0.6673105955123901,papaya_rotten,0.2111397385597229,alexcj10
data\processed\test\papaya_unripe\alexcj10-ripenet_0003123.jpg,papaya_unripe,papaya_unripe,18,18,True,0.9553869366645813,papaya_rotten,0.03429826721549034,alexcj10
data\processed\test\papaya_unripe\alexcj10-ripenet_0003124.jpg,papaya_unripe,papaya_ripe,18,16,False,0.540563702583313,papaya_unripe,0.4043315052986145,alexcj10
data\processed\test\papaya_unripe\alexcj10-ripenet_0003125.jpg,papaya_unripe,mango_unripe,18,11,False,0.4001157581806183,pineapple_ripe,0.15261933207511902,alexcj10
data\processed\test\papaya_unripe\alexcj10-ripenet_0003126.jpg,papaya_unripe,papaya_unripe,18,18,True,0.9823814034461975,mango_unripe,0.01097467727959156,alexcj10
data\processed\test\papaya_unripe\alexcj10-ripenet_0003127.jpg,papaya_unripe,papaya_unripe,18,18,True,0.9656009674072266,mango_unripe,0.013774687424302101,alexcj10
data\processed\test\papaya_unripe\alexcj10-ripenet_0003128.jpg,papaya_unripe,papaya_unripe,18,18,True,0.873396635055542,papaya_rotten,0.0413396917283535,alexcj10
data\processed\test\papaya_unripe\alexcj10-ripenet_0003129.jpg,papaya_unripe,papaya_ripe,18,16,False,0.48111894726753235,papaya_unripe,0.3508225083351135,alexcj10
data\processed\test\papaya_unripe\alexcj10-ripenet_0003130.jpg,papaya_unripe,papaya_unripe,18,18,True,0.5575118064880371,papaya_ripe,0.34891176223754883,alexcj10
data\processed\test\papaya_unripe\alexcj10-ripenet_0003131.jpg,papaya_unripe,papaya_ripe,18,16,False,0.7268224358558655,papaya_unripe,0.19950862228870392,alexcj10
data\processed\test\papaya_unripe\alexcj10-ripenet_0003132.jpg,papaya_unripe,papaya_unripe,18,18,True,0.9553101658821106,mango_unripe,0.030371537432074547,alexcj10
data\processed\test\papaya_unripe\alexcj10-ripenet_0003133.jpg,papaya_unripe,papaya_unripe,18,18,True,0.6220370531082153,mango_unripe,0.26911836862564087,alexcj10
data\processed\test\papaya_unripe\alexcj10-ripenet_0003134.jpg,papaya_unripe,papaya_unripe,18,18,True,0.9937871694564819,papaya_rotten,0.0026525957509875298,alexcj10
data\processed\test\papaya_unripe\alexcj10-ripenet_0003135.jpg,papaya_unripe,papaya_unripe,18,18,True,0.9619077444076538,mango_unripe,0.02007250487804413,alexcj10
data\processed\test\papaya_unripe\alexcj10-ripenet_0003136.jpg,papaya_unripe,papaya_unripe,18,18,True,0.9943037629127502,papaya_rotten,0.00296612037345767,alexcj10
data\processed\test\papaya_unripe\alexcj10-ripenet_0003137.jpg,papaya_unripe,papaya_unripe,18,18,True,0.7991516590118408,papaya_ripe,0.10950098186731339,alexcj10
data\processed\test\papaya_unripe\alexcj10-ripenet_0003138.jpg,papaya_unripe,papaya_unripe,18,18,True,0.973717212677002,papaya_rotten,0.013325144536793232,alexcj10
data\processed\test\papaya_unripe\alexcj10-ripenet_0003139.jpg,papaya_unripe,mango_unripe,18,11,False,0.6771005988121033,papaya_unripe,0.24720756709575653,alexcj10
data\processed\test\papaya_unripe\alexcj10-ripenet_0003140.jpg,papaya_unripe,papaya_unripe,18,18,True,0.9647062420845032,mango_unripe,0.023346129804849625,alexcj10
data\processed\test\papaya_unripe\alexcj10-ripenet_0003141.jpg,papaya_unripe,banana_unripe,18,7,False,0.4008757770061493,banana_ripe,0.22802063822746277,alexcj10
data\processed\test\papaya_unripe\alexcj10-ripenet_0003142.jpg,papaya_unripe,papaya_unripe,18,18,True,0.9034546613693237,papaya_ripe,0.08093800395727158,alexcj10
data\processed\test\papaya_unripe\alexcj10-ripenet_0003143.jpg,papaya_unripe,papaya_ripe,18,16,False,0.37728986144065857,papaya_rotten,0.2450811266899109,alexcj10
data\processed\test\papaya_unripe\alexcj10-ripenet_0003144.jpg,papaya_unripe,papaya_unripe,18,18,True,0.9946808218955994,papaya_rotten,0.0027209168765693903,alexcj10
data\processed\test\papaya_unripe\alexcj10-ripenet_0003145.jpg,papaya_unripe,papaya_ripe,18,16,False,0.5306928157806396,papaya_unripe,0.37534746527671814,alexcj10
data\processed\test\papaya_unripe\alexcj10-ripenet_0003146.jpg,papaya_unripe,papaya_ripe,18,16,False,0.6976767778396606,papaya_unripe,0.13424387574195862,alexcj10
data\processed\test\papaya_unripe\alexcj10-ripenet_0003147.jpg,papaya_unripe,papaya_unripe,18,18,True,0.9863515496253967,papaya_rotten,0.00948396697640419,alexcj10
data\processed\test\papaya_unripe\alexcj10-ripenet_0003148.jpg,papaya_unripe,papaya_ripe,18,16,False,0.7450609803199768,papaya_unripe,0.20824936032295227,alexcj10
data\processed\test\papaya_unripe\alexcj10-ripenet_0003149.jpg,papaya_unripe,papaya_ripe,18,16,False,0.8486399054527283,papaya_unripe,0.08973315358161926,alexcj10
data\processed\test\papaya_unripe\alexcj10-ripenet_0003150.jpg,papaya_unripe,papaya_unripe,18,18,True,0.9654446840286255,papaya_rotten,0.024433093145489693,alexcj10
data\processed\test\papaya_unripe\alexcj10-ripenet_0003151.jpg,papaya_unripe,papaya_unripe,18,18,True,0.8447890877723694,papaya_ripe,0.0691419318318367,alexcj10
data\processed\test\papaya_unripe\alexcj10-ripenet_0003152.jpg,papaya_unripe,papaya_ripe,18,16,False,0.371328204870224,papaya_unripe,0.2872191071510315,alexcj10
data\processed\test\papaya_unripe\alexcj10-ripenet_0003153.jpg,papaya_unripe,papaya_unripe,18,18,True,0.9964438080787659,papaya_rotten,0.001674735569395125,alexcj10
data\processed\test\papaya_unripe\alexcj10-ripenet_0003154.jpg,papaya_unripe,papaya_unripe,18,18,True,0.8857519626617432,papaya_ripe,0.044934120029211044,alexcj10
data\processed\test\papaya_unripe\alexcj10-ripenet_0003155.jpg,papaya_unripe,papaya_unripe,18,18,True,0.8341004252433777,papaya_rotten,0.07655321061611176,alexcj10
data\processed\test\papaya_unripe\alexcj10-ripenet_0003156.jpg,papaya_unripe,papaya_unripe,18,18,True,0.9890857338905334,papaya_rotten,0.006283702328801155,alexcj10
data\processed\test\papaya_unripe\alexcj10-ripenet_0003157.jpg,papaya_unripe,papaya_ripe,18,16,False,0.6700894236564636,papaya_unripe,0.3154814839363098,alexcj10
data\processed\test\papaya_unripe\alexcj10-ripenet_0003158.jpg,papaya_unripe,papaya_unripe,18,18,True,0.9775206446647644,mango_unripe,0.011824694462120533,alexcj10
data\processed\test\papaya_unripe\alexcj10-ripenet_0003159.jpg,papaya_unripe,papaya_unripe,18,18,True,0.9345251321792603,papaya_rotten,0.03402244672179222,alexcj10
data\processed\test\papaya_unripe\alexcj10-ripenet_0003160.jpg,papaya_unripe,papaya_unripe,18,18,True,0.9713578820228577,papaya_ripe,0.015347560867667198,alexcj10
data\processed\test\papaya_unripe\alexcj10-ripenet_0003161.jpg,papaya_unripe,papaya_ripe,18,16,False,0.40705159306526184,papaya_rotten,0.38970646262168884,alexcj10
data\processed\test\pineapple_ripe\alexcj10-ripenet_0003162.jpg,pineapple_ripe,pineapple_rotten,19,20,False,0.5896607637405396,pineapple_unripe,0.2911469042301178,alexcj10
data\processed\test\pineapple_ripe\alexcj10-ripenet_0003163.jpg,pineapple_ripe,pineapple_unripe,19,21,False,0.43307793140411377,pineapple_ripe,0.4301699697971344,alexcj10
data\processed\test\pineapple_ripe\alexcj10-ripenet_0003164.jpg,pineapple_ripe,pineapple_unripe,19,21,False,0.62867271900177,pineapple_ripe,0.33749687671661377,alexcj10
data\processed\test\pineapple_ripe\alexcj10-ripenet_0003165.jpg,pineapple_ripe,pineapple_ripe,19,19,True,0.45791685581207275,pineapple_unripe,0.325052946805954,alexcj10
data\processed\test\pineapple_ripe\alexcj10-ripenet_0003166.jpg,pineapple_ripe,pineapple_unripe,19,21,False,0.8071696758270264,pineapple_ripe,0.17651210725307465,alexcj10
data\processed\test\pineapple_ripe\alexcj10-ripenet_0003167.jpg,pineapple_ripe,pineapple_ripe,19,19,True,0.40306615829467773,papaya_ripe,0.1901433914899826,alexcj10
data\processed\test\pineapple_ripe\alexcj10-ripenet_0003168.jpg,pineapple_ripe,pineapple_rotten,19,20,False,0.7130735516548157,pineapple_ripe,0.1482143998146057,alexcj10
data\processed\test\pineapple_ripe\alexcj10-ripenet_0003169.jpg,pineapple_ripe,pineapple_ripe,19,19,True,0.8088448643684387,pineapple_unripe,0.10094639658927917,alexcj10
data\processed\test\pineapple_ripe\alexcj10-ripenet_0003170.jpg,pineapple_ripe,pineapple_unripe,19,21,False,0.6023505926132202,pineapple_ripe,0.3798057734966278,alexcj10
data\processed\test\pineapple_ripe\alexcj10-ripenet_0003171.jpg,pineapple_ripe,pineapple_rotten,19,20,False,0.5661782026290894,pineapple_ripe,0.4052369296550751,alexcj10
data\processed\test\pineapple_ripe\alexcj10-ripenet_0003172.jpg,pineapple_ripe,pineapple_ripe,19,19,True,0.5883671045303345,pineapple_unripe,0.2039114087820053,alexcj10
data\processed\test\pineapple_ripe\alexcj10-ripenet_0003173.jpg,pineapple_ripe,pineapple_rotten,19,20,False,0.5482133626937866,pineapple_ripe,0.34373214840888977,alexcj10
data\processed\test\pineapple_ripe\alexcj10-ripenet_0003174.jpg,pineapple_ripe,pineapple_ripe,19,19,True,0.5143688321113586,pineapple_unripe,0.43319278955459595,alexcj10
data\processed\test\pineapple_ripe\alexcj10-ripenet_0003175.jpg,pineapple_ripe,pineapple_ripe,19,19,True,0.6101250052452087,pineapple_unripe,0.3588602840900421,alexcj10
data\processed\test\pineapple_ripe\alexcj10-ripenet_0003176.jpg,pineapple_ripe,pineapple_ripe,19,19,True,0.4967133402824402,pineapple_unripe,0.40978559851646423,alexcj10
data\processed\test\pineapple_ripe\alexcj10-ripenet_0003177.jpg,pineapple_ripe,pineapple_rotten,19,20,False,0.47601231932640076,pineapple_ripe,0.25805023312568665,alexcj10
data\processed\test\pineapple_ripe\alexcj10-ripenet_0003178.jpg,pineapple_ripe,pineapple_ripe,19,19,True,0.5095287561416626,pineapple_unripe,0.24407842755317688,alexcj10
data\processed\test\pineapple_ripe\alexcj10-ripenet_0003179.jpg,pineapple_ripe,pineapple_ripe,19,19,True,0.710432767868042,pineapple_unripe,0.19680912792682648,alexcj10
data\processed\test\pineapple_ripe\alexcj10-ripenet_0003180.jpg,pineapple_ripe,pineapple_ripe,19,19,True,0.6150997281074524,pineapple_rotten,0.19343164563179016,alexcj10
data\processed\test\pineapple_ripe\alexcj10-ripenet_0003181.jpg,pineapple_ripe,pineapple_ripe,19,19,True,0.669159471988678,pineapple_unripe,0.3143935799598694,alexcj10
data\processed\test\pineapple_ripe\alexcj10-ripenet_0003182.jpg,pineapple_ripe,pineapple_ripe,19,19,True,0.5022588968276978,pineapple_unripe,0.32320672273635864,alexcj10
data\processed\test\pineapple_ripe\alexcj10-ripenet_0003183.jpg,pineapple_ripe,pineapple_ripe,19,19,True,0.46922072768211365,pineapple_unripe,0.38322073221206665,alexcj10
data\processed\test\pineapple_ripe\alexcj10-ripenet_0003184.jpg,pineapple_ripe,pineapple_unripe,19,21,False,0.5066339373588562,pineapple_ripe,0.32953768968582153,alexcj10
data\processed\test\pineapple_ripe\alexcj10-ripenet_0003185.jpg,pineapple_ripe,papaya_ripe,19,16,False,0.7193982601165771,pineapple_ripe,0.1199854388833046,alexcj10
data\processed\test\pineapple_ripe\alexcj10-ripenet_0003186.jpg,pineapple_ripe,pineapple_ripe,19,19,True,0.46008461713790894,pineapple_unripe,0.4307618737220764,alexcj10
data\processed\test\pineapple_ripe\alexcj10-ripenet_0003187.jpg,pineapple_ripe,pineapple_unripe,19,21,False,0.5400617718696594,pineapple_ripe,0.43015387654304504,alexcj10
data\processed\test\pineapple_ripe\alexcj10-ripenet_0003188.jpg,pineapple_ripe,pineapple_ripe,19,19,True,0.46035119891166687,pineapple_unripe,0.3402770757675171,alexcj10
data\processed\test\pineapple_ripe\alexcj10-ripenet_0003189.jpg,pineapple_ripe,pineapple_unripe,19,21,False,0.45015403628349304,pineapple_ripe,0.44358986616134644,alexcj10
data\processed\test\pineapple_ripe\alexcj10-ripenet_0003190.jpg,pineapple_ripe,pineapple_ripe,19,19,True,0.4903756380081177,pineapple_unripe,0.4259122908115387,alexcj10
data\processed\test\pineapple_ripe\alexcj10-ripenet_0003191.jpg,pineapple_ripe,pineapple_unripe,19,21,False,0.321621835231781,pineapple_rotten,0.32130125164985657,alexcj10
data\processed\test\pineapple_ripe\alexcj10-ripenet_0003192.jpg,pineapple_ripe,mango_unripe,19,11,False,0.30014851689338684,pineapple_ripe,0.26313331723213196,alexcj10
data\processed\test\pineapple_ripe\alexcj10-ripenet_0003193.jpg,pineapple_ripe,pineapple_ripe,19,19,True,0.496151328086853,pineapple_rotten,0.2940526306629181,alexcj10
data\processed\test\pineapple_ripe\alexcj10-ripenet_0003194.jpg,pineapple_ripe,pineapple_unripe,19,21,False,0.5581929683685303,pineapple_ripe,0.2841321527957916,alexcj10
data\processed\test\pineapple_ripe\alexcj10-ripenet_0003195.jpg,pineapple_ripe,pineapple_unripe,19,21,False,0.4780288636684418,pineapple_ripe,0.31140851974487305,alexcj10
data\processed\test\pineapple_ripe\alexcj10-ripenet_0003196.jpg,pineapple_ripe,pineapple_ripe,19,19,True,0.5387834906578064,pineapple_rotten,0.3765272796154022,alexcj10
data\processed\test\pineapple_ripe\alexcj10-ripenet_0003197.jpg,pineapple_ripe,pineapple_unripe,19,21,False,0.602419376373291,pineapple_ripe,0.3539266586303711,alexcj10
data\processed\test\pineapple_ripe\alexcj10-ripenet_0003198.jpg,pineapple_ripe,pineapple_ripe,19,19,True,0.7218002676963806,pineapple_unripe,0.14158008992671967,alexcj10
data\processed\test\pineapple_ripe\alexcj10-ripenet_0003199.jpg,pineapple_ripe,pineapple_ripe,19,19,True,0.52970290184021,pineapple_rotten,0.38539066910743713,alexcj10
data\processed\test\pineapple_ripe\alexcj10-ripenet_0003200.jpg,pineapple_ripe,pineapple_ripe,19,19,True,0.6669342517852783,pineapple_rotten,0.28791770339012146,alexcj10
data\processed\test\pineapple_ripe\alexcj10-ripenet_0003201.jpg,pineapple_ripe,pineapple_ripe,19,19,True,0.40228158235549927,pineapple_rotten,0.3419376313686371,alexcj10
data\processed\test\pineapple_ripe\alexcj10-ripenet_0003202.jpg,pineapple_ripe,pineapple_unripe,19,21,False,0.7623286247253418,pineapple_ripe,0.14355580508708954,alexcj10
data\processed\test\pineapple_ripe\alexcj10-ripenet_0003203.jpg,pineapple_ripe,pineapple_ripe,19,19,True,0.7586681842803955,pineapple_rotten,0.20239584147930145,alexcj10
data\processed\test\pineapple_ripe\alexcj10-ripenet_0003204.jpg,pineapple_ripe,pineapple_ripe,19,19,True,0.7119030356407166,pineapple_unripe,0.14141879975795746,alexcj10
data\processed\test\pineapple_ripe\alexcj10-ripenet_0003205.jpg,pineapple_ripe,pineapple_ripe,19,19,True,0.6080010533332825,pineapple_unripe,0.13995617628097534,alexcj10
data\processed\test\pineapple_ripe\alexcj10-ripenet_0003206.jpg,pineapple_ripe,pineapple_ripe,19,19,True,0.5401963591575623,pineapple_unripe,0.38367095589637756,alexcj10
data\processed\test\pineapple_ripe\alexcj10-ripenet_0003207.jpg,pineapple_ripe,pineapple_ripe,19,19,True,0.4252716302871704,pineapple_rotten,0.14528623223304749,alexcj10
data\processed\test\pineapple_ripe\alexcj10-ripenet_0003208.jpg,pineapple_ripe,pineapple_unripe,19,21,False,0.5346660614013672,pineapple_ripe,0.44443249702453613,alexcj10
data\processed\test\pineapple_rotten\alexcj10-ripenet_0003209.jpg,pineapple_rotten,pineapple_rotten,20,20,True,0.8669578433036804,pineapple_ripe,0.079424649477005,alexcj10
data\processed\test\pineapple_rotten\alexcj10-ripenet_0003210.jpg,pineapple_rotten,pineapple_unripe,20,21,False,0.6744439005851746,pineapple_ripe,0.21797846257686615,alexcj10
data\processed\test\pineapple_rotten\alexcj10-ripenet_0003211.jpg,pineapple_rotten,pineapple_rotten,20,20,True,0.8812693953514099,pineapple_ripe,0.049619920551776886,alexcj10
data\processed\test\pineapple_rotten\alexcj10-ripenet_0003212.jpg,pineapple_rotten,pineapple_rotten,20,20,True,0.9283635020256042,pineapple_ripe,0.051203109323978424,alexcj10
data\processed\test\pineapple_rotten\alexcj10-ripenet_0003213.jpg,pineapple_rotten,pineapple_rotten,20,20,True,0.9931204319000244,pineapple_ripe,0.0059293778613209724,alexcj10
data\processed\test\pineapple_rotten\alexcj10-ripenet_0003214.jpg,pineapple_rotten,pineapple_rotten,20,20,True,0.49493324756622314,pineapple_ripe,0.3348342776298523,alexcj10
data\processed\test\pineapple_rotten\alexcj10-ripenet_0003215.jpg,pineapple_rotten,pineapple_rotten,20,20,True,0.4725302755832672,pineapple_unripe,0.18178415298461914,alexcj10
data\processed\test\pineapple_rotten\alexcj10-ripenet_0003216.jpg,pineapple_rotten,pineapple_rotten,20,20,True,0.4328385293483734,pineapple_ripe,0.407081663608551,alexcj10
data\processed\test\pineapple_rotten\alexcj10-ripenet_0003217.jpg,pineapple_rotten,pineapple_ripe,20,19,False,0.6302974820137024,pineapple_unripe,0.25915008783340454,alexcj10
data\processed\test\pineapple_rotten\alexcj10-ripenet_0003218.jpg,pineapple_rotten,pineapple_ripe,20,19,False,0.6970535516738892,pineapple_unripe,0.24053898453712463,alexcj10
data\processed\test\pineapple_rotten\alexcj10-ripenet_0003219.jpg,pineapple_rotten,pineapple_ripe,20,19,False,0.484174519777298,pineapple_rotten,0.46011096239089966,alexcj10
data\processed\test\pineapple_rotten\alexcj10-ripenet_0003220.jpg,pineapple_rotten,pineapple_rotten,20,20,True,0.48197564482688904,pineapple_unripe,0.32079172134399414,alexcj10
data\processed\test\pineapple_rotten\alexcj10-ripenet_0003221.jpg,pineapple_rotten,pineapple_ripe,20,19,False,0.466174453496933,mango_ripe,0.18833614885807037,alexcj10
data\processed\test\pineapple_rotten\alexcj10-ripenet_0003222.jpg,pineapple_rotten,pineapple_rotten,20,20,True,0.8324992656707764,pineapple_ripe,0.10691653192043304,alexcj10
data\processed\test\pineapple_rotten\alexcj10-ripenet_0003223.jpg,pineapple_rotten,pineapple_rotten,20,20,True,0.4202226996421814,pineapple_unripe,0.34621721506118774,alexcj10
data\processed\test\pineapple_rotten\alexcj10-ripenet_0003224.jpg,pineapple_rotten,pineapple_rotten,20,20,True,0.44258254766464233,pineapple_ripe,0.3772803843021393,alexcj10
data\processed\test\pineapple_rotten\alexcj10-ripenet_0003225.jpg,pineapple_rotten,pineapple_ripe,20,19,False,0.5948292016983032,pineapple_rotten,0.2080412209033966,alexcj10
data\processed\test\pineapple_rotten\alexcj10-ripenet_0003226.jpg,pineapple_rotten,pineapple_rotten,20,20,True,0.6443806886672974,pineapple_ripe,0.23795756697654724,alexcj10
data\processed\test\pineapple_rotten\alexcj10-ripenet_0003227.jpg,pineapple_rotten,pineapple_rotten,20,20,True,0.880806565284729,papaya_rotten,0.07503248751163483,alexcj10
data\processed\test\pineapple_rotten\alexcj10-ripenet_0003228.jpg,pineapple_rotten,pineapple_rotten,20,20,True,0.8799917101860046,pineapple_ripe,0.06852522492408752,alexcj10
data\processed\test\pineapple_rotten\alexcj10-ripenet_0003229.jpg,pineapple_rotten,pineapple_rotten,20,20,True,0.8301385641098022,pineapple_ripe,0.11505317687988281,alexcj10
data\processed\test\pineapple_rotten\alexcj10-ripenet_0003230.jpg,pineapple_rotten,pineapple_rotten,20,20,True,0.6244978308677673,pineapple_ripe,0.2864343225955963,alexcj10
data\processed\test\pineapple_rotten\alexcj10-ripenet_0003231.jpg,pineapple_rotten,pineapple_rotten,20,20,True,0.5546048283576965,pineapple_unripe,0.24044355750083923,alexcj10
data\processed\test\pineapple_rotten\alexcj10-ripenet_0003232.jpg,pineapple_rotten,pineapple_rotten,20,20,True,0.7206437587738037,pineapple_ripe,0.12391763180494308,alexcj10
data\processed\test\pineapple_rotten\alexcj10-ripenet_0003233.jpg,pineapple_rotten,pineapple_rotten,20,20,True,0.9187770485877991,pineapple_ripe,0.05297715216875076,alexcj10
data\processed\test\pineapple_rotten\alexcj10-ripenet_0003234.jpg,pineapple_rotten,pineapple_ripe,20,19,False,0.36389073729515076,pineapple_rotten,0.35509276390075684,alexcj10
data\processed\test\pineapple_rotten\alexcj10-ripenet_0003235.jpg,pineapple_rotten,pineapple_ripe,20,19,False,0.36505937576293945,pineapple_rotten,0.28132760524749756,alexcj10
data\processed\test\pineapple_rotten\alexcj10-ripenet_0003236.jpg,pineapple_rotten,pineapple_rotten,20,20,True,0.8084524869918823,pineapple_ripe,0.12540780007839203,alexcj10
data\processed\test\pineapple_rotten\alexcj10-ripenet_0003237.jpg,pineapple_rotten,pineapple_ripe,20,19,False,0.7088775038719177,pineapple_rotten,0.17746418714523315,alexcj10
data\processed\test\pineapple_rotten\alexcj10-ripenet_0003238.jpg,pineapple_rotten,pineapple_rotten,20,20,True,0.7422595620155334,pineapple_ripe,0.09503456205129623,alexcj10
data\processed\test\pineapple_rotten\alexcj10-ripenet_0003239.jpg,pineapple_rotten,pineapple_ripe,20,19,False,0.5539056658744812,pineapple_rotten,0.2160748988389969,alexcj10
data\processed\test\pineapple_rotten\alexcj10-ripenet_0003240.jpg,pineapple_rotten,pineapple_rotten,20,20,True,0.4925200939178467,pineapple_unripe,0.130398690700531,alexcj10
data\processed\test\pineapple_rotten\alexcj10-ripenet_0003241.jpg,pineapple_rotten,pineapple_rotten,20,20,True,0.9720572233200073,pineapple_ripe,0.016746697947382927,alexcj10
data\processed\test\pineapple_rotten\alexcj10-ripenet_0003242.jpg,pineapple_rotten,pineapple_rotten,20,20,True,0.8032506704330444,pineapple_ripe,0.12094784528017044,alexcj10
data\processed\test\pineapple_rotten\alexcj10-ripenet_0003243.jpg,pineapple_rotten,pineapple_ripe,20,19,False,0.3806397020816803,pineapple_unripe,0.33435797691345215,alexcj10
data\processed\test\pineapple_rotten\alexcj10-ripenet_0003244.jpg,pineapple_rotten,pineapple_unripe,20,21,False,0.5764824748039246,pineapple_ripe,0.36361831426620483,alexcj10
data\processed\test\pineapple_rotten\alexcj10-ripenet_0003245.jpg,pineapple_rotten,pineapple_rotten,20,20,True,0.44919106364250183,pineapple_ripe,0.37887558341026306,alexcj10
data\processed\test\pineapple_rotten\alexcj10-ripenet_0003246.jpg,pineapple_rotten,pineapple_rotten,20,20,True,0.7705062031745911,pineapple_unripe,0.11547321081161499,alexcj10
data\processed\test\pineapple_rotten\alexcj10-ripenet_0003247.jpg,pineapple_rotten,pineapple_rotten,20,20,True,0.8586398959159851,pineapple_unripe,0.058050159364938736,alexcj10
data\processed\test\pineapple_rotten\alexcj10-ripenet_0003248.jpg,pineapple_rotten,pineapple_rotten,20,20,True,0.9376110434532166,apple_rotten,0.023544037714600563,alexcj10
data\processed\test\pineapple_rotten\alexcj10-ripenet_0003249.jpg,pineapple_rotten,pineapple_unripe,20,21,False,0.48029324412345886,papaya_unripe,0.16671952605247498,alexcj10
data\processed\test\pineapple_rotten\alexcj10-ripenet_0003250.jpg,pineapple_rotten,pineapple_unripe,20,21,False,0.4327930510044098,pineapple_ripe,0.3263886570930481,alexcj10
data\processed\test\pineapple_rotten\alexcj10-ripenet_0003251.jpg,pineapple_rotten,pineapple_rotten,20,20,True,0.7436574101448059,pineapple_unripe,0.14459209144115448,alexcj10
data\processed\test\pineapple_unripe\alexcj10-ripenet_0003252.jpg,pineapple_unripe,pineapple_unripe,21,21,True,0.7782987356185913,pineapple_ripe,0.182520791888237,alexcj10
data\processed\test\pineapple_unripe\alexcj10-ripenet_0003253.jpg,pineapple_unripe,pineapple_unripe,21,21,True,0.8735793828964233,pineapple_ripe,0.06486865878105164,alexcj10
data\processed\test\pineapple_unripe\alexcj10-ripenet_0003254.jpg,pineapple_unripe,pineapple_rotten,21,20,False,0.4310966432094574,pineapple_unripe,0.28817829489707947,alexcj10
data\processed\test\pineapple_unripe\alexcj10-ripenet_0003255.jpg,pineapple_unripe,pineapple_unripe,21,21,True,0.5273404717445374,pineapple_ripe,0.38232818245887756,alexcj10
data\processed\test\pineapple_unripe\alexcj10-ripenet_0003256.jpg,pineapple_unripe,pineapple_unripe,21,21,True,0.9746766090393066,pineapple_ripe,0.022587113082408905,alexcj10
data\processed\test\pineapple_unripe\alexcj10-ripenet_0003257.jpg,pineapple_unripe,pineapple_unripe,21,21,True,0.6402847170829773,pineapple_ripe,0.23105743527412415,alexcj10
data\processed\test\pineapple_unripe\alexcj10-ripenet_0003258.jpg,pineapple_unripe,pineapple_unripe,21,21,True,0.984203577041626,pineapple_ripe,0.014897022396326065,alexcj10
data\processed\test\pineapple_unripe\alexcj10-ripenet_0003259.jpg,pineapple_unripe,pineapple_unripe,21,21,True,0.9712648987770081,pineapple_ripe,0.026207949966192245,alexcj10
data\processed\test\pineapple_unripe\alexcj10-ripenet_0003260.jpg,pineapple_unripe,pineapple_unripe,21,21,True,0.4881814420223236,pineapple_ripe,0.4295736849308014,alexcj10
data\processed\test\pineapple_unripe\alexcj10-ripenet_0003261.jpg,pineapple_unripe,pineapple_unripe,21,21,True,0.8383591175079346,pineapple_ripe,0.1185930073261261,alexcj10
data\processed\test\pineapple_unripe\alexcj10-ripenet_0003262.jpg,pineapple_unripe,pineapple_unripe,21,21,True,0.8637916445732117,pineapple_ripe,0.1307634860277176,alexcj10
data\processed\test\pineapple_unripe\alexcj10-ripenet_0003263.jpg,pineapple_unripe,pineapple_unripe,21,21,True,0.6893106698989868,pineapple_rotten,0.19696711003780365,alexcj10
data\processed\test\pineapple_unripe\alexcj10-ripenet_0003264.jpg,pineapple_unripe,pineapple_unripe,21,21,True,0.9792419672012329,pineapple_ripe,0.017683079466223717,alexcj10
data\processed\test\pineapple_unripe\alexcj10-ripenet_0003265.jpg,pineapple_unripe,pineapple_ripe,21,19,False,0.4731529951095581,pineapple_unripe,0.3787339925765991,alexcj10
data\processed\test\pineapple_unripe\alexcj10-ripenet_0003266.jpg,pineapple_unripe,pineapple_unripe,21,21,True,0.890346109867096,pineapple_ripe,0.08580517768859863,alexcj10
data\processed\test\pineapple_unripe\alexcj10-ripenet_0003267.jpg,pineapple_unripe,mango_unripe,21,11,False,0.4321899116039276,apple_unripe,0.1849619448184967,alexcj10
data\processed\test\pineapple_unripe\alexcj10-ripenet_0003268.jpg,pineapple_unripe,pineapple_unripe,21,21,True,0.6510608196258545,pineapple_ripe,0.2732280492782593,alexcj10
data\processed\test\pineapple_unripe\alexcj10-ripenet_0003269.jpg,pineapple_unripe,pineapple_unripe,21,21,True,0.5980014801025391,pineapple_ripe,0.3513619303703308,alexcj10
data\processed\test\pineapple_unripe\alexcj10-ripenet_0003270.jpg,pineapple_unripe,pineapple_unripe,21,21,True,0.9243203997612,pineapple_ripe,0.05333355441689491,alexcj10
data\processed\test\pineapple_unripe\alexcj10-ripenet_0003271.jpg,pineapple_unripe,pineapple_ripe,21,19,False,0.6931939125061035,pineapple_unripe,0.2509499788284302,alexcj10
data\processed\test\pineapple_unripe\alexcj10-ripenet_0003272.jpg,pineapple_unripe,pineapple_ripe,21,19,False,0.4816429615020752,pineapple_unripe,0.4219311475753784,alexcj10
data\processed\test\pineapple_unripe\alexcj10-ripenet_0003273.jpg,pineapple_unripe,pineapple_rotten,21,20,False,0.5360498428344727,pineapple_ripe,0.3173207938671112,alexcj10
data\processed\test\pineapple_unripe\alexcj10-ripenet_0003274.jpg,pineapple_unripe,pineapple_rotten,21,20,False,0.4598812758922577,pineapple_unripe,0.3215964138507843,alexcj10
data\processed\test\pineapple_unripe\alexcj10-ripenet_0003275.jpg,pineapple_unripe,pineapple_unripe,21,21,True,0.8589761257171631,pineapple_ripe,0.10127869248390198,alexcj10
data\processed\test\pineapple_unripe\alexcj10-ripenet_0003276.jpg,pineapple_unripe,pineapple_ripe,21,19,False,0.5117763876914978,pineapple_unripe,0.41166985034942627,alexcj10
data\processed\test\pineapple_unripe\alexcj10-ripenet_0003277.jpg,pineapple_unripe,pineapple_unripe,21,21,True,0.9261764287948608,pineapple_ripe,0.06621496379375458,alexcj10
data\processed\test\pineapple_unripe\alexcj10-ripenet_0003278.jpg,pineapple_unripe,pineapple_unripe,21,21,True,0.43512678146362305,pineapple_ripe,0.3345485031604767,alexcj10
data\processed\test\pineapple_unripe\alexcj10-ripenet_0003279.jpg,pineapple_unripe,pineapple_ripe,21,19,False,0.41644829511642456,pineapple_rotten,0.37701180577278137,alexcj10
data\processed\test\pineapple_unripe\alexcj10-ripenet_0003280.jpg,pineapple_unripe,pineapple_unripe,21,21,True,0.9309630990028381,pineapple_ripe,0.05820950120687485,alexcj10
data\processed\test\pineapple_unripe\alexcj10-ripenet_0003281.jpg,pineapple_unripe,pineapple_unripe,21,21,True,0.5656512975692749,pineapple_ripe,0.37558484077453613,alexcj10
data\processed\test\pineapple_unripe\alexcj10-ripenet_0003282.jpg,pineapple_unripe,pineapple_unripe,21,21,True,0.5354007482528687,pineapple_ripe,0.4450218081474304,alexcj10
data\processed\test\pineapple_unripe\alexcj10-ripenet_0003283.jpg,pineapple_unripe,pineapple_unripe,21,21,True,0.5895479321479797,pineapple_ripe,0.2390051633119583,alexcj10
data\processed\test\pineapple_unripe\alexcj10-ripenet_0003284.jpg,pineapple_unripe,pineapple_unripe,21,21,True,0.6026723384857178,pineapple_ripe,0.24669580161571503,alexcj10
data\processed\test\pineapple_unripe\alexcj10-ripenet_0003285.jpg,pineapple_unripe,pineapple_ripe,21,19,False,0.498764306306839,pineapple_unripe,0.27103912830352783,alexcj10
data\processed\test\pineapple_unripe\alexcj10-ripenet_0003286.jpg,pineapple_unripe,pineapple_unripe,21,21,True,0.9261823892593384,pineapple_ripe,0.05628760904073715,alexcj10
data\processed\test\pineapple_unripe\alexcj10-ripenet_0003287.jpg,pineapple_unripe,pineapple_unripe,21,21,True,0.7390006184577942,pineapple_ripe,0.2247186303138733,alexcj10
data\processed\test\pineapple_unripe\alexcj10-ripenet_0003288.jpg,pineapple_unripe,pineapple_unripe,21,21,True,0.5254645943641663,pineapple_ripe,0.44380325078964233,alexcj10
data\processed\test\pineapple_unripe\alexcj10-ripenet_0003289.jpg,pineapple_unripe,papaya_ripe,21,16,False,0.32632243633270264,mango_ripe,0.17581488192081451,alexcj10
data\processed\test\pineapple_unripe\alexcj10-ripenet_0003290.jpg,pineapple_unripe,pineapple_unripe,21,21,True,0.9885119199752808,pineapple_ripe,0.009058581665158272,alexcj10
data\processed\test\pineapple_unripe\alexcj10-ripenet_0003291.jpg,pineapple_unripe,pineapple_unripe,21,21,True,0.8355330228805542,pineapple_rotten,0.09882187843322754,alexcj10
data\processed\test\pineapple_unripe\alexcj10-ripenet_0003292.jpg,pineapple_unripe,pineapple_ripe,21,19,False,0.4958443343639374,pineapple_unripe,0.3973062038421631,alexcj10
data\processed\test\pineapple_unripe\alexcj10-ripenet_0003293.jpg,pineapple_unripe,pineapple_unripe,21,21,True,0.9299405813217163,pineapple_ripe,0.055929943919181824,alexcj10
data\processed\test\pineapple_unripe\alexcj10-ripenet_0003294.jpg,pineapple_unripe,pineapple_unripe,21,21,True,0.5123429298400879,pineapple_ripe,0.37453579902648926,alexcj10
data\processed\test\pineapple_unripe\alexcj10-ripenet_0003295.jpg,pineapple_unripe,pineapple_rotten,21,20,False,0.4955148696899414,pineapple_unripe,0.38098934292793274,alexcj10
data\processed\test\pineapple_unripe\alexcj10-ripenet_0003296.jpg,pineapple_unripe,pineapple_ripe,21,19,False,0.6010846495628357,pineapple_unripe,0.34217411279678345,alexcj10
data\processed\test\pineapple_unripe\alexcj10-ripenet_0003297.jpg,pineapple_unripe,pineapple_unripe,21,21,True,0.6455662846565247,pineapple_ripe,0.3027019798755646,alexcj10
data\processed\test\pineapple_unripe\alexcj10-ripenet_0003298.jpg,pineapple_unripe,pineapple_unripe,21,21,True,0.6523622870445251,pineapple_ripe,0.25029516220092773,alexcj10
data\processed\test\pineapple_unripe\alexcj10-ripenet_0003299.jpg,pineapple_unripe,pineapple_unripe,21,21,True,0.9349374771118164,pineapple_ripe,0.042586613446474075,alexcj10
data\processed\test\pineapple_unripe\alexcj10-ripenet_0003300.jpg,pineapple_unripe,pineapple_ripe,21,19,False,0.41550949215888977,pineapple_unripe,0.39180946350097656,alexcj10
data\processed\test\tomato_overripe\asadullahprl_0003301.jpg,tomato_overripe,tomato_overripe,22,22,True,0.91539067029953,apple_overripe,0.06917009502649307,asadullahprl
data\processed\test\tomato_overripe\asadullahprl_0003302.jpg,tomato_overripe,tomato_overripe,22,22,True,0.9693713188171387,apple_overripe,0.02943868190050125,asadullahprl
data\processed\test\tomato_overripe\asadullahprl_0003303.jpg,tomato_overripe,apple_ripe,22,1,False,0.6007538437843323,apple_unripe,0.18011200428009033,asadullahprl
data\processed\test\tomato_overripe\asadullahprl_0003304.jpg,tomato_overripe,orange_overripe,22,12,False,0.48899731040000916,tomato_overripe,0.4697886109352112,asadullahprl
data\processed\test\tomato_overripe\asadullahprl_0003305.jpg,tomato_overripe,tomato_overripe,22,22,True,0.9811768531799316,apple_overripe,0.017500178888440132,asadullahprl
data\processed\test\tomato_overripe\asadullahprl_0003306.jpg,tomato_overripe,tomato_overripe,22,22,True,0.5061210989952087,apple_unripe,0.2660764455795288,asadullahprl
data\processed\test\tomato_overripe\asadullahprl_0003307.jpg,tomato_overripe,tomato_overripe,22,22,True,0.6289139986038208,apple_overripe,0.15527331829071045,asadullahprl
data\processed\test\tomato_overripe\asadullahprl_0003308.jpg,tomato_overripe,tomato_overripe,22,22,True,0.9656608700752258,apple_overripe,0.025960173457860947,asadullahprl
data\processed\test\tomato_ripe\asadullahprl_0003309.jpg,tomato_ripe,tomato_ripe,23,23,True,0.9983463287353516,tomato_unripe,0.0013533785240724683,asadullahprl
data\processed\test\tomato_ripe\asadullahprl_0003310.jpg,tomato_ripe,tomato_ripe,23,23,True,0.9960528612136841,tomato_overripe,0.0026957672089338303,asadullahprl
data\processed\test\tomato_ripe\asadullahprl_0003311.jpg,tomato_ripe,tomato_ripe,23,23,True,0.9963104128837585,tomato_unripe,0.003222029423341155,asadullahprl
data\processed\test\tomato_ripe\asadullahprl_0003312.jpg,tomato_ripe,tomato_ripe,23,23,True,0.975711464881897,tomato_unripe,0.015955524519085884,asadullahprl
data\processed\test\tomato_ripe\asadullahprl_0003313.jpg,tomato_ripe,tomato_ripe,23,23,True,0.9989491105079651,tomato_unripe,0.0005920764524489641,asadullahprl
data\processed\test\tomato_ripe\asadullahprl_0003314.jpg,tomato_ripe,tomato_ripe,23,23,True,0.9563947319984436,tomato_unripe,0.035534776747226715,asadullahprl
data\processed\test\tomato_ripe\asadullahprl_0003315.jpg,tomato_ripe,tomato_unripe,23,24,False,0.876460075378418,tomato_ripe,0.11420107632875443,asadullahprl
data\processed\test\tomato_ripe\asadullahprl_0003316.jpg,tomato_ripe,tomato_ripe,23,23,True,0.999822199344635,tomato_unripe,0.00014173591625876725,asadullahprl
data\processed\test\tomato_ripe\asadullahprl_0003317.jpg,tomato_ripe,tomato_ripe,23,23,True,0.9894176125526428,tomato_unripe,0.00920640118420124,asadullahprl
data\processed\test\tomato_ripe\asadullahprl_0003318.jpg,tomato_ripe,tomato_ripe,23,23,True,0.9993305206298828,tomato_overripe,0.0004446710809133947,asadullahprl
data\processed\test\tomato_ripe\asadullahprl_0003319.jpg,tomato_ripe,tomato_ripe,23,23,True,0.8375535607337952,tomato_overripe,0.13482394814491272,asadullahprl
data\processed\test\tomato_ripe\asadullahprl_0003320.jpg,tomato_ripe,tomato_ripe,23,23,True,0.998856782913208,tomato_overripe,0.0006391237839125097,asadullahprl
data\processed\test\tomato_ripe\asadullahprl_0003321.jpg,tomato_ripe,tomato_ripe,23,23,True,0.9996501207351685,tomato_unripe,0.00030329683795571327,asadullahprl
data\processed\test\tomato_ripe\asadullahprl_0003322.jpg,tomato_ripe,tomato_ripe,23,23,True,0.999823272228241,tomato_unripe,0.0001078418135875836,asadullahprl
data\processed\test\tomato_ripe\asadullahprl_0003323.jpg,tomato_ripe,tomato_ripe,23,23,True,0.9992074370384216,tomato_overripe,0.00037872479879297316,asadullahprl
data\processed\test\tomato_ripe\asadullahprl_0003324.jpg,tomato_ripe,tomato_ripe,23,23,True,0.9985112547874451,tomato_overripe,0.0008788054692558944,asadullahprl
data\processed\test\tomato_ripe\asadullahprl_0003325.jpg,tomato_ripe,tomato_ripe,23,23,True,0.9470227360725403,tomato_unripe,0.052889563143253326,asadullahprl
data\processed\test\tomato_ripe\asadullahprl_0003326.jpg,tomato_ripe,tomato_ripe,23,23,True,0.9892287254333496,tomato_overripe,0.01057392917573452,asadullahprl
data\processed\test\tomato_ripe\asadullahprl_0003327.jpg,tomato_ripe,tomato_ripe,23,23,True,0.9998576641082764,tomato_unripe,9.12589457584545e-05,asadullahprl
data\processed\test\tomato_ripe\asadullahprl_0003328.jpg,tomato_ripe,tomato_ripe,23,23,True,0.9813783168792725,tomato_overripe,0.01849931664764881,asadullahprl
data\processed\test\tomato_ripe\asadullahprl_0003329.jpg,tomato_ripe,tomato_ripe,23,23,True,0.9931110143661499,tomato_unripe,0.006203537806868553,asadullahprl
data\processed\test\tomato_ripe\asadullahprl_0003330.jpg,tomato_ripe,tomato_ripe,23,23,True,0.9747341871261597,tomato_unripe,0.02461828850209713,asadullahprl
data\processed\test\tomato_ripe\asadullahprl_0003331.jpg,tomato_ripe,tomato_ripe,23,23,True,0.995319664478302,tomato_unripe,0.004430682864040136,asadullahprl
data\processed\test\tomato_ripe\asadullahprl_0003332.jpg,tomato_ripe,tomato_ripe,23,23,True,0.9993502497673035,tomato_unripe,0.00040104618528857827,asadullahprl
data\processed\test\tomato_ripe\asadullahprl_0003333.jpg,tomato_ripe,tomato_overripe,23,22,False,0.5870016813278198,tomato_ripe,0.10838913917541504,asadullahprl
data\processed\test\tomato_ripe\asadullahprl_0003334.jpg,tomato_ripe,tomato_ripe,23,23,True,0.9996367692947388,tomato_overripe,0.00020101794507354498,asadullahprl
data\processed\test\tomato_unripe\asadullahprl_0003335.jpg,tomato_unripe,papaya_rotten,24,17,False,0.13869738578796387,pineapple_rotten,0.12394972890615463,asadullahprl
data\processed\test\tomato_unripe\asadullahprl_0003336.jpg,tomato_unripe,tomato_unripe,24,24,True,0.9999905824661255,apple_unripe,5.089681962999748e-06,asadullahprl
data\processed\test\tomato_unripe\asadullahprl_0003337.jpg,tomato_unripe,tomato_unripe,24,24,True,0.9998216032981873,tomato_ripe,0.00016590549785178155,asadullahprl
data\processed\test\tomato_unripe\asadullahprl_0003338.jpg,tomato_unripe,tomato_unripe,24,24,True,0.774936854839325,orange_unripe,0.07360969483852386,asadullahprl
data\processed\test\tomato_unripe\asadullahprl_0003339.jpg,tomato_unripe,tomato_unripe,24,24,True,0.9962072372436523,tomato_ripe,0.002403647406026721,asadullahprl
data\processed\test\tomato_unripe\asadullahprl_0003340.jpg,tomato_unripe,tomato_unripe,24,24,True,0.9998881816864014,tomato_ripe,0.00010145845590159297,asadullahprl
data\processed\test\tomato_unripe\asadullahprl_0003341.jpg,tomato_unripe,tomato_unripe,24,24,True,0.9991949200630188,orange_unripe,0.00026823615189641714,asadullahprl
data\processed\test\tomato_unripe\asadullahprl_0003342.jpg,tomato_unripe,tomato_unripe,24,24,True,0.7040658593177795,banana_unripe,0.05377009138464928,asadullahprl
data\processed\test\tomato_unripe\asadullahprl_0003343.jpg,tomato_unripe,tomato_unripe,24,24,True,0.999976396560669,tomato_ripe,2.2922442440176383e-05,asadullahprl
data\processed\test\tomato_unripe\asadullahprl_0003344.jpg,tomato_unripe,orange_unripe,24,15,False,0.4421076476573944,orange_ripe,0.24550682306289673,asadullahprl
data\processed\test\tomato_unripe\asadullahprl_0003345.jpg,tomato_unripe,tomato_unripe,24,24,True,0.9999997615814209,tomato_ripe,1.8131022727629897e-07,asadullahprl
data\processed\test\tomato_unripe\asadullahprl_0003346.jpg,tomato_unripe,tomato_unripe,24,24,True,0.7839429378509521,apple_unripe,0.14674443006515503,asadullahprl
data\processed\test\tomato_unripe\asadullahprl_0003347.jpg,tomato_unripe,tomato_unripe,24,24,True,0.9959412813186646,mango_unripe,0.0010500341886654496,asadullahprl
data\processed\test\tomato_unripe\asadullahprl_0003348.jpg,tomato_unripe,tomato_unripe,24,24,True,0.7804877161979675,tomato_ripe,0.21245689690113068,asadullahprl
data\processed\test\tomato_unripe\asadullahprl_0003349.jpg,tomato_unripe,tomato_unripe,24,24,True,0.9999949932098389,tomato_ripe,3.4928989407490008e-06,asadullahprl
data\processed\test\tomato_unripe\asadullahprl_0003350.jpg,tomato_unripe,tomato_unripe,24,24,True,0.9959295392036438,orange_unripe,0.0016512523870915174,asadullahprl
data\processed\test\tomato_unripe\asadullahprl_0003351.jpg,tomato_unripe,tomato_unripe,24,24,True,0.9999390840530396,tomato_ripe,2.7736890842788853e-05,asadullahprl
data\processed\test\tomato_unripe\asadullahprl_0003352.jpg,tomato_unripe,tomato_unripe,24,24,True,0.8326966166496277,apple_unripe,0.13067424297332764,asadullahprl
data\processed\test\tomato_unripe\asadullahprl_0003353.jpg,tomato_unripe,tomato_unripe,24,24,True,0.9979254007339478,orange_unripe,0.001574337133206427,asadullahprl
data\processed\test\tomato_unripe\asadullahprl_0003354.jpg,tomato_unripe,tomato_unripe,24,24,True,0.8059083223342896,orange_unripe,0.19150270521640778,asadullahprl
data\processed\test\tomato_unripe\asadullahprl_0003355.jpg,tomato_unripe,tomato_unripe,24,24,True,0.9823628067970276,tomato_ripe,0.01740511693060398,asadullahprl
data\processed\test\tomato_unripe\asadullahprl_0003356.jpg,tomato_unripe,tomato_unripe,24,24,True,0.9986366629600525,tomato_ripe,0.0013306624023243785,asadullahprl
data\processed\test\tomato_unripe\asadullahprl_0003357.jpg,tomato_unripe,tomato_unripe,24,24,True,0.9998188614845276,apple_unripe,9.73849164438434e-05,asadullahprl
data\processed\test\tomato_unripe\asadullahprl_0003358.jpg,tomato_unripe,tomato_ripe,24,23,False,0.7616176605224609,tomato_unripe,0.23810975253582,asadullahprl
data\processed\test\tomato_unripe\asadullahprl_0003359.jpg,tomato_unripe,tomato_unripe,24,24,True,0.953058123588562,tomato_ripe,0.044799670577049255,asadullahprl
data\processed\test\tomato_unripe\asadullahprl_0003360.jpg,tomato_unripe,tomato_unripe,24,24,True,0.8902538418769836,tomato_ripe,0.09157493710517883,asadullahprl
data\processed\test\tomato_unripe\asadullahprl_0003361.jpg,tomato_unripe,tomato_unripe,24,24,True,0.9949592351913452,apple_unripe,0.0025486613158136606,asadullahprl
data\processed\test\tomato_unripe\asadullahprl_0003362.jpg,tomato_unripe,tomato_unripe,24,24,True,0.9992222785949707,apple_unripe,0.00020983812282793224,asadullahprl
